loan_id,customer_id,loan_type,origination_date,loan_amount,outstanding_balance,interest_rate,term_months,loan_status,days_past_due,is_npl,branch_originated
ACB-LN0000001,ACB-C005041,Auto Loan,2019-12-02,33973.89,20837.68,0.0883,240.0,Paid Off,0,0,ACB-BR043
ACB-LN0000002,ACB-C006377,Mortgage,2019-09-11,592120.26,109140.9,0.0507,84.0,Current,0,0,ACB-BR070
ACB-LN0000003,ACB-C005150,Home Equity Loan,2023-03-17,98546.22,61813.9,0.14,48.0,Current,0,0,ACB-BR066
ACB-LN0000004,ACB-C002741,Mortgage,2022-06-21,362202.99,194652.56,0.095,84.0,Current,0,0,ACB-BR052
ACB-LN0000005,ACB-C011209,Mortgage,2024-08-23,289774.85,196991.06,0.0615,24.0,Current,0,0,ACB-BR047
ACB-LN0000006,ACB-C000394,Mortgage,2024-04-16,366948.91,222464.63,0.095,48.0,Current,0,0,ACB-BR020
ACB-LN0000007,ACB-C003191,Student Loan,2021-04-12,43587.41,21951.92,0.0806,240.0,Current,0,0,ACB-BR049
ACB-LN0000008,ACB-C005658,Mortgage,2024-01-10,136249.54,56213.44,0.0792,120.0,90+ DPD,132,1,ACB-BR031
ACB-LN0000009,ACB-C013345,Home Equity Loan,2019-01-18,41364.98,7206.7,0.0984,12.0,Default,332,1,ACB-BR044
ACB-LN0000010,ACB-C010751,Student Loan,2021-05-28,14244.46,7322.43,0.0892,240.0,Current,0,0,ACB-BR049
ACB-LN0000011,ACB-C000061,Mortgage,2023-08-12,378165.86,299491.74,0.0752,180.0,Current,0,0,ACB-BR049
ACB-LN0000012,ACB-C006749,Auto Loan,2019-08-26,30805.87,3041.23,,12.0,Current,0,0,ACB-BR007
ACB-LN0000013,ACB-C009744,Mortgage,2022-10-30,288499.35,106147.89,0.0928,12.0,90+ DPD,117,1,ACB-BR002
ACB-LN0000014,ACB-C014802,Mortgage,2024-09-26,326927.23,305454.84,0.0881,180.0,Current,0,0,ACB-BR078
ACB-LN0000015,ACB-C011069,Auto Loan,2022-12-17,43973.38,34098.42,0.08,240.0,Current,0,0,ACB-BR054
ACB-LN0000016,ACB-C005771,Small Business Loan,2020-10-17,182709.31,155919.33,0.1138,24.0,Current,0,0,ACB-BR039
ACB-LN0000017,ACB-C011149,Mortgage,2021-06-06,250356.85,15836.77,0.051,60.0,Current,0,0,ACB-BR076
ACB-LN0000018,ACB-C012039,Auto Loan,2020-06-27,41236.79,19001.86,0.1255,48.0,Current,0,0,ACB-BR014
ACB-LN0000019,ACB-C006608,Auto Loan,2021-06-27,38336.03,5096.44,0.0515,360.0,Current,0,0,ACB-BR051
ACB-LN0000020,ACB-C009648,Personal Loan,2020-04-18,30220.41,8136.4,0.1231,12.0,Current,0,0,ACB-BR039
ACB-LN0000021,ACB-C000372,Mortgage,2020-04-06,189571.93,15622.8,0.0538,48.0,Paid Off,0,0,ACB-BR079
ACB-LN0000022,ACB-C014483,Personal Loan,2021-10-11,26056.2,17096.51,0.0965,120.0,Current,0,0,ACB-BR040
ACB-LN0000023,ACB-C013682,Mortgage,2022-05-14,271244.44,176128.65,0.073,48.0,Current,0,0,ACB-BR039
ACB-LN0000024,ACB-C006004,Personal Loan,2021-04-04,27455.72,13379.56,0.0883,120.0,Current,0,0,ACB-BR003
ACB-LN0000025,ACB-C013505,Mortgage,2025-07-13,616993.29,357041.9,0.0587,240.0,Current,0,0,ACB-BR080
ACB-LN0000026,ACB-C012726,Home Equity Loan,2022-11-23,54233.35,30265.79,0.0933,12.0,30-59 DPD,37,0,ACB-BR070
ACB-LN0000027,ACB-C004705,Home Equity Loan,2019-01-27,74640.28,53715.17,0.0897,180.0,Current,0,0,ACB-BR041
ACB-LN0000028,ACB-C004053,Student Loan,2023-05-19,48044.34,44017.85,0.0768,180.0,Current,0,0,ACB-BR079
ACB-LN0000029,ACB-C004435,Personal Loan,2019-04-06,25858.1,16048.72,0.1232,36.0,Current,0,0,ACB-BR045
ACB-LN0000030,ACB-C013647,Personal Loan,2021-08-25,12701.38,8053.97,0.1034,12.0,30-59 DPD,35,0,ACB-BR021
ACB-LN0000031,ACB-C012878,Personal Loan,2025-07-30,29568.71,23159.97,0.1264,180.0,Current,0,0,ACB-BR068
ACB-LN0000032,ACB-C010584,Personal Loan,2022-01-23,21582.97,17530.85,0.193,12.0,Current,0,0,ACB-BR033
ACB-LN0000033,ACB-C011293,Personal Loan,2026-01-01,11338.45,6450.28,0.24,360.0,Current,0,0,ACB-BR044
ACB-LN0000034,ACB-C006537,Mortgage,2019-07-29,456739.59,262690.33,0.0549,48.0,30-59 DPD,37,0,ACB-BR080
ACB-LN0000035,ACB-C003788,Mortgage,2020-08-05,614026.1,578179.23,0.0594,84.0,30-59 DPD,45,0,ACB-BR036
ACB-LN0000036,ACB-C012722,Home Equity Loan,2025-01-21,95926.86,50437.28,0.105,120.0,30-59 DPD,56,0,ACB-BR065
ACB-LN0000037,ACB-C010937,Mortgage,2019-10-08,543993.55,75311.16,0.0405,60.0,Current,0,0,ACB-BR010
ACB-LN0000038,ACB-C001770,Personal Loan,2023-03-10,20087.92,16153.54,0.1642,84.0,Current,0,0,ACB-BR064
ACB-LN0000039,ACB-C001349,Auto Loan,2021-06-11,47216.6,43001.47,0.1269,48.0,60-89 DPD,74,0,ACB-BR051
ACB-LN0000040,ACB-C014625,Personal Loan,2024-10-17,2593.16,1714.65,0.1681,180.0,Current,0,0,ACB-BR022
ACB-LN0000041,ACB-C001945,Mortgage,2020-12-09,265112.65,220684.91,0.066,36.0,Current,0,0,ACB-BR026
ACB-LN0000042,ACB-C003308,Mortgage,2024-03-28,178412.62,32933.63,0.0669,48.0,Current,0,0,ACB-BR055
ACB-LN0000043,ACB-C011024,Mortgage,2020-07-13,425998.45,42924.15,0.0345,120.0,Current,0,0,ACB-BR011
ACB-LN0000044,ACB-C011577,Personal Loan,2021-04-04,2006.26,1452.33,0.0969,12.0,Paid Off,0,0,ACB-BR049
ACB-LN0000045,ACB-C009868,Personal Loan,2023-07-10,4317.2,2197.42,0.24,180.0,Current,0,0,ACB-BR023
ACB-LN0000046,ACB-C004411,Mortgage,2019-06-12,251863.97,31345.72,0.0599,12.0,Current,0,0,ACB-BR072
ACB-LN0000047,ACB-C010573,Auto Loan,2020-01-02,38078.68,27246.85,0.0594,84.0,Current,0,0,ACB-BR079
ACB-LN0000048,ACB-C009543,Student Loan,2023-10-28,79044.2,16372.22,0.1038,60.0,Current,0,0,ACB-BR027
ACB-LN0000049,ACB-C004124,Home Equity Loan,2023-12-10,103901.62,45645.32,0.081,360.0,Paid Off,0,0,ACB-BR047
ACB-LN0000050,ACB-C011581,Auto Loan,2024-02-26,33769.13,18434.55,0.16,24.0,Current,0,0,ACB-BR067
ACB-LN0000051,ACB-C002399,Mortgage,2020-03-22,615759.74,177128.29,0.0396,36.0,Written Off,0,1,ACB-BR020
ACB-LN0000052,ACB-C011396,Personal Loan,2024-05-06,11454.93,8489.84,0.1444,360.0,Paid Off,0,0,ACB-BR013
ACB-LN0000053,ACB-C013251,Auto Loan,2021-08-17,26668.72,16788.69,0.0752,24.0,Written Off,0,1,ACB-BR012
ACB-LN0000054,ACB-C006205,Mortgage,2020-10-09,296774.61,221883.85,0.072,120.0,30-59 DPD,47,0,ACB-BR017
ACB-LN0000055,ACB-C003203,Home Equity Loan,2021-12-29,94751.71,69699.05,0.0757,180.0,Current,0,0,ACB-BR037
ACB-LN0000056,ACB-C007392,Auto Loan,2021-01-25,44529.87,2494.74,0.1367,36.0,Current,0,0,ACB-BR076
ACB-LN0000057,ACB-C005135,Student Loan,2024-01-27,29193.71,10195.74,0.11,120.0,Current,0,0,ACB-BR019
ACB-LN0000058,ACB-C003093,Personal Loan,2020-08-25,6506.48,3291.76,0.2125,180.0,Default,350,1,ACB-BR051
ACB-LN0000059,ACB-C008627,Auto Loan,2022-05-15,52913.06,8590.59,0.0545,48.0,Current,0,0,ACB-BR036
ACB-LN0000060,ACB-C007924,Auto Loan,2023-06-06,30565.18,17643.97,0.1123,240.0,Current,0,0,ACB-BR045
ACB-LN0000061,ACB-C005307,Auto Loan,2019-11-21,27687.03,18983.58,0.1026,48.0,30-59 DPD,44,0,ACB-BR007
ACB-LN0000062,ACB-C012549,Mortgage,2024-04-03,463523.91,410251.19,0.0874,84.0,Current,0,0,ACB-BR056
ACB-LN0000063,ACB-C006491,Mortgage,2023-08-16,284812.35,27565.27,0.0494,240.0,60-89 DPD,68,0,ACB-BR068
ACB-LN0000064,ACB-C011245,Home Equity Loan,2023-09-28,19701.34,3928.38,0.1296,180.0,Paid Off,0,0,ACB-BR012
ACB-LN0000065,ACB-C005306,Mortgage,2025-08-18,121983.54,100697.97,0.0581,12.0,Current,0,0,ACB-BR060
ACB-LN0000066,ACB-C000504,Personal Loan,2023-07-19,19984.09,12087.92,0.1347,240.0,Current,0,0,ACB-BR034
ACB-LN0000067,ACB-C011359,Student Loan,2019-08-19,67368.95,29142.33,0.0745,120.0,Current,0,0,ACB-BR026
ACB-LN0000068,ACB-C014216,Auto Loan,2024-05-24,37485.12,13308.29,0.0994,48.0,Current,0,0,ACB-BR060
ACB-LN0000069,ACB-C010769,Auto Loan,2024-07-27,39258.53,36224.33,0.1225,120.0,Current,0,0,ACB-BR073
ACB-LN0000070,ACB-C010791,Mortgage,2024-07-06,506602.2,170065.62,0.085,60.0,90+ DPD,139,1,ACB-BR066
ACB-LN0000071,ACB-C011490,Home Equity Loan,2025-02-26,71095.08,60591.66,0.1261,36.0,Current,0,0,ACB-BR021
ACB-LN0000072,ACB-C010769,Mortgage,2021-11-30,414790.91,146447.28,0.0673,360.0,Current,0,0,ACB-BR010
ACB-LN0000073,ACB-C009152,Personal Loan,2021-03-17,11025.58,9829.66,0.1545,360.0,Current,0,0,ACB-BR009
ACB-LN0000074,ACB-C002064,Auto Loan,2023-04-19,26262.31,17804.34,0.0991,180.0,Current,0,0,ACB-BR033
ACB-LN0000075,ACB-C008891,Mortgage,2019-07-03,608077.23,71351.89,0.0405,,Current,0,0,ACB-BR062
ACB-LN0000076,ACB-C012071,Mortgage,2019-11-08,212284.11,138533.85,0.0662,84.0,30-59 DPD,52,0,ACB-BR025
ACB-LN0000077,ACB-C000334,Personal Loan,2022-12-23,12146.97,7512.27,0.24,36.0,Current,0,0,ACB-BR051
ACB-LN0000078,ACB-C003896,Student Loan,2024-03-08,53907.25,10336.64,0.106,180.0,60-89 DPD,85,0,ACB-BR028
ACB-LN0000079,ACB-C014462,Personal Loan,2022-06-07,22982.99,18590.68,0.1901,,Current,0,0,ACB-BR025
ACB-LN0000080,ACB-C005697,Personal Loan,2024-10-03,14652.43,7292.97,0.1911,360.0,Current,0,0,ACB-BR030
ACB-LN0000081,ACB-C011287,Student Loan,2021-08-19,18231.7,3917.79,0.0826,180.0,Current,0,0,ACB-BR058
ACB-LN0000082,ACB-C000697,Home Equity Loan,2019-05-04,93508.04,27917.65,0.1049,36.0,Paid Off,0,0,ACB-BR047
ACB-LN0000083,ACB-C014077,Auto Loan,2020-02-11,36668.24,4568.18,0.0894,120.0,Current,0,0,ACB-BR012
ACB-LN0000084,ACB-C012802,Mortgage,2020-01-23,592748.32,343655.45,0.0443,60.0,Current,0,0,ACB-BR020
ACB-LN0000085,ACB-C006699,Personal Loan,2020-12-04,30522.73,6947.28,0.1285,240.0,Current,0,0,ACB-BR031
ACB-LN0000086,ACB-C008219,Small Business Loan,2019-06-29,242428.11,34158.27,0.1434,12.0,Current,0,0,ACB-BR064
ACB-LN0000087,ACB-C007603,Mortgage,2021-12-25,444237.82,294896.98,0.0365,48.0,Current,0,0,ACB-BR073
ACB-LN0000088,ACB-C012504,Mortgage,2019-11-29,552517.85,170331.0,0.066,60.0,Current,0,0,ACB-BR069
ACB-LN0000089,ACB-C001785,Personal Loan,2024-07-05,26475.1,10882.22,0.2056,48.0,Current,0,0,ACB-BR018
ACB-LN0000090,ACB-C000967,Personal Loan,2025-05-23,18996.7,15909.48,0.24,36.0,Current,0,0,ACB-BR020
ACB-LN0000091,ACB-C000959,Student Loan,2024-06-28,49687.93,23876.34,0.11,360.0,30-59 DPD,47,0,ACB-BR059
ACB-LN0000092,ACB-C003839,Home Equity Loan,2020-12-21,116795.65,38732.76,0.0724,36.0,Paid Off,0,0,ACB-BR049
ACB-LN0000093,ACB-C009431,Personal Loan,2024-11-15,11383.63,9748.77,0.1087,60.0,Current,0,0,ACB-BR077
ACB-LN0000094,ACB-C014651,Personal Loan,2024-04-02,12327.17,1934.16,0.24,240.0,Default,194,1,ACB-BR056
ACB-LN0000095,ACB-C009867,Home Equity Loan,2020-11-24,54537.22,41920.79,0.0589,36.0,Current,0,0,ACB-BR078
ACB-LN0000096,ACB-C014574,Mortgage,2020-10-27,522150.66,201295.47,0.0661,48.0,Paid Off,0,0,ACB-BR039
ACB-LN0000097,ACB-C001062,Mortgage,2024-10-18,272871.96,143044.85,0.0702,48.0,Current,0,0,ACB-BR030
ACB-LN0000098,ACB-C003545,Home Equity Loan,2019-06-10,26408.95,19144.3,0.0989,240.0,Current,0,0,ACB-BR009
ACB-LN0000099,ACB-C003209,Home Equity Loan,2023-04-14,49065.9,13517.98,0.0823,24.0,Current,0,0,ACB-BR066
ACB-LN0000100,ACB-C001941,Auto Loan,2019-02-23,49432.54,41373.07,0.0695,240.0,Current,0,0,ACB-BR063
ACB-LN0000101,ACB-C009289,Student Loan,2025-01-13,29044.87,17346.12,0.0632,360.0,90+ DPD,174,1,ACB-BR080
ACB-LN0000102,ACB-C001952,Mortgage,2022-04-13,636231.86,125486.36,0.0525,60.0,Current,0,0,ACB-BR003
ACB-LN0000103,ACB-C013498,Student Loan,2023-12-27,76963.25,68571.57,0.1012,240.0,Current,0,0,ACB-BR064
ACB-LN0000104,ACB-C011146,Auto Loan,2021-12-26,24336.76,9097.76,0.0675,48.0,Current,0,0,ACB-BR050
ACB-LN0000105,ACB-C001978,Student Loan,2020-11-23,51713.25,14875.8,0.0675,360.0,Current,0,0,ACB-BR037
ACB-LN0000106,ACB-C007903,Auto Loan,2023-10-24,33600.27,18581.57,0.1409,60.0,Current,0,0,ACB-BR034
ACB-LN0000107,ACB-C003680,Auto Loan,2020-11-25,21776.75,12899.18,0.0467,120.0,Current,0,0,ACB-BR056
ACB-LN0000108,ACB-C010067,Mortgage,2021-05-09,356828.38,197398.45,0.0631,180.0,Current,0,0,ACB-BR042
ACB-LN0000109,ACB-C003696,Mortgage,2024-04-20,495494.48,196236.01,0.0587,120.0,Current,0,0,ACB-BR023
ACB-LN0000110,ACB-C010573,Auto Loan,2023-09-14,31994.96,4660.19,0.16,240.0,Default,159,1,ACB-BR011
ACB-LN0000111,ACB-C005326,Mortgage,2022-09-10,630844.69,387406.5,0.0704,240.0,Current,0,0,ACB-BR027
ACB-LN0000112,ACB-C000510,Home Equity Loan,2025-10-12,71753.55,42422.06,0.14,60.0,Current,0,0,ACB-BR080
ACB-LN0000113,ACB-C010862,Mortgage,2024-03-20,318761.0,193684.44,0.081,84.0,Current,0,0,ACB-BR065
ACB-LN0000114,ACB-C001612,Mortgage,2022-05-24,469151.24,325227.92,0.056,360.0,Current,0,0,ACB-BR033
ACB-LN0000115,ACB-C000160,Mortgage,2024-06-01,406463.6,124690.81,0.0412,36.0,Current,0,0,ACB-BR045
ACB-LN0000116,ACB-C006432,Small Business Loan,2019-08-01,190556.85,162881.79,0.1225,12.0,Current,0,0,ACB-BR077
ACB-LN0000117,ACB-C012554,Home Equity Loan,2023-02-20,110281.07,24973.37,0.0836,84.0,Current,0,0,ACB-BR042
ACB-LN0000118,ACB-C009863,Student Loan,2025-12-07,52201.76,9090.26,,360.0,30-59 DPD,41,0,ACB-BR079
ACB-LN0000119,ACB-C012080,Mortgage,2025-10-20,377186.18,207269.19,0.051,60.0,Current,0,0,ACB-BR076
ACB-LN0000120,ACB-C004821,Mortgage,2025-11-19,495184.62,212742.28,0.078,360.0,Current,0,0,ACB-BR049
ACB-LN0000121,ACB-C004513,Mortgage,2022-10-14,224309.71,28217.38,0.0494,180.0,Current,0,0,ACB-BR056
ACB-LN0000122,ACB-C008114,Auto Loan,2023-10-25,42563.7,40068.2,0.1102,120.0,30-59 DPD,40,0,ACB-BR041
ACB-LN0000123,ACB-C005095,Mortgage,2019-11-10,338421.2,177439.0,0.0702,24.0,Current,0,0,ACB-BR035
ACB-LN0000124,ACB-C012394,Personal Loan,2024-08-25,27794.19,2274.63,0.24,24.0,Current,0,0,ACB-BR066
ACB-LN0000125,ACB-C012544,Mortgage,2022-11-26,163419.2,80124.22,0.0503,360.0,Current,0,0,ACB-BR063
ACB-LN0000126,ACB-C009346,Auto Loan,2024-10-01,39183.48,28363.34,0.16,180.0,Current,0,0,ACB-BR044
ACB-LN0000127,ACB-C003066,Small Business Loan,2021-02-22,133365.21,40481.03,0.0937,180.0,Default,182,1,ACB-BR040
ACB-LN0000128,ACB-C001206,Mortgage,2021-09-09,418893.67,163947.84,0.0435,360.0,Current,0,0,ACB-BR075
ACB-LN0000129,ACB-C004957,Personal Loan,2020-05-17,21620.84,9437.98,0.2177,84.0,Paid Off,0,0,ACB-BR038
ACB-LN0000130,ACB-C013442,Auto Loan,2019-04-18,13475.91,10904.56,0.0877,48.0,Current,0,0,ACB-BR007
ACB-LN0000131,ACB-C012246,Mortgage,2022-11-21,306545.18,135682.11,0.0863,180.0,Current,0,0,ACB-BR067
ACB-LN0000132,ACB-C012946,Student Loan,2025-03-19,42177.22,26183.33,0.1028,360.0,Current,0,0,ACB-BR064
ACB-LN0000133,ACB-C010000,Mortgage,2023-10-28,236829.01,120931.02,0.0738,360.0,60-89 DPD,86,0,ACB-BR062
ACB-LN0000134,ACB-C000670,Student Loan,2021-06-15,19378.6,13769.65,0.0448,36.0,30-59 DPD,37,0,ACB-BR023
ACB-LN0000135,ACB-C009347,Auto Loan,2025-02-25,38250.76,6568.15,0.16,120.0,Paid Off,0,0,ACB-BR065
ACB-LN0000136,ACB-C007686,Auto Loan,2023-12-15,23928.04,11304.66,0.1122,360.0,Current,0,0,ACB-BR037
ACB-LN0000137,ACB-C003611,Mortgage,2019-08-13,329868.38,176405.54,0.0484,36.0,Current,0,0,ACB-BR056
ACB-LN0000138,ACB-C008225,Home Equity Loan,2024-01-15,87754.24,9949.56,0.1166,120.0,Current,0,0,ACB-BR008
ACB-LN0000139,ACB-C010374,Personal Loan,2024-08-01,15106.43,2730.4,0.24,120.0,Current,0,0,ACB-BR076
ACB-LN0000140,ACB-C000368,Personal Loan,2020-10-26,15120.63,7507.46,0.1593,180.0,Current,0,0,ACB-BR067
ACB-LN0000141,ACB-C001104,Home Equity Loan,2024-05-24,90567.26,28179.28,0.1249,36.0,30-59 DPD,33,0,ACB-BR030
ACB-LN0000142,ACB-C007550,Personal Loan,2021-05-19,8050.72,1036.01,0.1506,360.0,Current,0,0,ACB-BR034
ACB-LN0000143,ACB-C005254,Mortgage,2019-10-08,603714.01,155524.74,0.0546,180.0,Paid Off,0,0,ACB-BR014
ACB-LN0000144,ACB-C010014,Auto Loan,2022-10-22,13136.35,10676.69,0.0879,48.0,Current,0,0,ACB-BR079
ACB-LN0000145,ACB-C005510,Auto Loan,2025-09-28,18365.45,6562.02,0.1557,84.0,Current,0,0,ACB-BR037
ACB-LN0000146,ACB-C008144,Auto Loan,2024-03-14,37425.97,30624.96,0.1234,48.0,Current,0,0,ACB-BR072
ACB-LN0000147,ACB-C010887,Auto Loan,2019-04-24,16546.83,9089.5,0.0512,84.0,Current,0,0,ACB-BR020
ACB-LN0000148,ACB-C001967,Personal Loan,2020-07-01,12508.7,7554.63,0.123,24.0,Paid Off,0,0,ACB-BR014
ACB-LN0000149,ACB-C003796,Personal Loan,2024-02-16,11767.67,1430.43,0.2177,12.0,Default,315,1,ACB-BR070
ACB-LN0000150,ACB-C001091,Personal Loan,2024-06-06,27773.49,14679.23,0.1223,84.0,Paid Off,0,0,ACB-BR050
ACB-LN0000151,ACB-C006138,Student Loan,2022-08-19,13845.63,1909.35,,120.0,Written Off,0,1,ACB-BR065
ACB-LN0000152,ACB-C004833,Mortgage,2020-06-28,340916.96,275885.41,0.0721,360.0,Paid Off,0,0,ACB-BR063
ACB-LN0000153,ACB-C004403,Home Equity Loan,2024-01-14,43955.96,32066.33,0.14,360.0,Current,0,0,ACB-BR010
ACB-LN0000154,ACB-C009421,Student Loan,2024-12-02,53295.13,4111.34,0.0623,60.0,Current,0,0,ACB-BR069
ACB-LN0000155,ACB-C014022,Home Equity Loan,2022-10-19,87275.83,53104.73,0.1051,60.0,Current,0,0,ACB-BR072
ACB-LN0000156,ACB-C010007,Mortgage,2024-09-11,230870.37,17045.72,0.0833,180.0,Paid Off,0,0,ACB-BR054
ACB-LN0000157,ACB-C003517,Mortgage,2024-10-05,184093.28,47866.93,0.0949,24.0,Current,0,0,ACB-BR066
ACB-LN0000158,ACB-C014261,Home Equity Loan,2021-09-29,92751.02,17794.6,0.0565,60.0,Current,0,0,ACB-BR025
ACB-LN0000159,ACB-C007551,Home Equity Loan,2020-08-13,18636.49,18010.43,0.0664,12.0,Current,0,0,ACB-BR026
ACB-LN0000160,ACB-C009704,Auto Loan,2024-05-22,21311.32,20195.44,0.1218,84.0,Current,0,0,ACB-BR018
ACB-LN0000161,ACB-C001963,Student Loan,2023-10-28,11100.37,4606.91,0.11,84.0,Current,0,0,ACB-BR010
ACB-LN0000162,ACB-C014281,Mortgage,2025-03-31,159223.33,75695.64,0.0837,12.0,Current,0,0,ACB-BR059
ACB-LN0000163,ACB-C000376,Mortgage,2019-05-06,353333.25,144224.38,0.0682,36.0,Current,0,0,ACB-BR022
ACB-LN0000164,ACB-C011163,Auto Loan,2025-11-20,47214.07,18377.78,0.0625,48.0,Current,0,0,ACB-BR030
ACB-LN0000165,ACB-C012243,Home Equity Loan,2019-02-15,95561.93,45917.67,0.1119,180.0,Current,0,0,ACB-BR035
ACB-LN0000166,ACB-C007318,Student Loan,2022-10-23,8789.75,4137.1,0.0763,12.0,Current,0,0,ACB-BR045
ACB-LN0000167,ACB-C002428,Mortgage,2019-12-09,310675.77,242596.71,0.0458,360.0,Current,0,0,ACB-BR009
ACB-LN0000168,ACB-C005171,Small Business Loan,2021-01-28,67764.56,9550.9,0.1607,24.0,Paid Off,0,0,ACB-BR028
ACB-LN0000169,ACB-C002545,Small Business Loan,2026-01-17,228456.44,184039.61,0.2,36.0,Current,0,0,ACB-BR042
ACB-LN0000170,ACB-C007250,Small Business Loan,2024-06-01,193265.3,79296.6,0.1254,36.0,Written Off,0,1,ACB-BR078
ACB-LN0000171,ACB-C005047,Mortgage,2023-05-02,376857.08,133473.09,0.0713,180.0,Current,0,0,ACB-BR058
ACB-LN0000172,ACB-C007750,Student Loan,2026-03-01,76145.72,44696.5,0.11,48.0,Current,0,0,ACB-BR026
ACB-LN0000173,ACB-C002360,Small Business Loan,2022-07-27,171117.2,54051.15,0.2,240.0,30-59 DPD,52,0,ACB-BR079
ACB-LN0000174,ACB-C010892,Personal Loan,2024-03-15,6752.02,4937.26,0.1977,24.0,60-89 DPD,85,0,ACB-BR043
ACB-LN0000175,ACB-C006153,Student Loan,2025-01-04,37510.18,31364.33,0.0574,120.0,Current,0,0,ACB-BR075
ACB-LN0000176,ACB-C013761,Personal Loan,2025-07-18,34427.99,23165.42,0.24,180.0,Current,0,0,ACB-BR006
ACB-LN0000177,ACB-C004007,Auto Loan,2020-01-19,11834.2,6401.82,0.064,360.0,90+ DPD,96,1,ACB-BR037
ACB-LN0000178,ACB-C002868,Auto Loan,2025-01-26,51103.09,13016.78,0.1048,24.0,Current,0,0,ACB-BR074
ACB-LN0000179,ACB-C005541,Mortgage,2022-12-03,555753.84,78149.68,0.0415,120.0,Current,0,0,ACB-BR075
ACB-LN0000180,ACB-C009341,Auto Loan,2019-10-29,31904.16,30210.14,0.1248,24.0,Current,0,0,ACB-BR064
ACB-LN0000181,ACB-C006492,Auto Loan,2020-06-06,18301.27,8088.84,,360.0,Current,0,0,ACB-BR041
ACB-LN0000182,ACB-C005243,Small Business Loan,2023-11-19,126247.57,104010.64,0.129,12.0,Paid Off,0,0,ACB-BR055
ACB-LN0000183,ACB-C003068,Mortgage,2022-07-28,398474.35,79571.81,0.0714,180.0,60-89 DPD,64,0,ACB-BR031
ACB-LN0000184,ACB-C011789,Personal Loan,2021-08-06,31997.35,26316.11,0.1387,120.0,Current,0,0,ACB-BR073
ACB-LN0000185,ACB-C013207,Personal Loan,2025-07-24,28145.19,22993.03,0.1176,240.0,Current,0,0,ACB-BR009
ACB-LN0000186,ACB-C012697,Auto Loan,2020-04-24,45499.14,31013.16,0.1018,36.0,Current,0,0,ACB-BR042
ACB-LN0000187,ACB-C005700,Mortgage,2020-05-24,588668.07,305687.23,0.0302,36.0,Current,0,0,ACB-BR051
ACB-LN0000188,ACB-C012358,Auto Loan,2025-10-28,38092.14,9859.16,0.0684,120.0,Current,0,0,ACB-BR041
ACB-LN0000189,ACB-C004105,Mortgage,2022-08-25,453037.5,238856.1,0.0601,12.0,Current,0,0,ACB-BR049
ACB-LN0000190,ACB-C012826,Auto Loan,2025-03-18,17401.04,6769.79,0.147,24.0,Current,0,0,ACB-BR072
ACB-LN0000191,ACB-C010349,Home Equity Loan,2022-11-25,52049.48,21960.98,0.0843,36.0,Current,0,0,ACB-BR008
ACB-LN0000192,ACB-C003080,Personal Loan,2021-04-12,23232.05,15831.73,0.2077,24.0,Current,0,0,ACB-BR026
ACB-LN0000193,ACB-C003332,Auto Loan,2024-11-26,12400.87,1412.53,0.1117,84.0,Current,0,0,ACB-BR050
ACB-LN0000194,ACB-C003274,Mortgage,2021-08-17,411193.1,373058.06,0.0683,84.0,Current,0,0,ACB-BR066
ACB-LN0000195,ACB-C002704,Auto Loan,2020-06-17,31215.85,9397.75,0.1197,180.0,Current,0,0,ACB-BR073
ACB-LN0000196,ACB-C002892,Personal Loan,2023-03-17,2145.18,1718.71,0.2385,36.0,Current,0,0,ACB-BR006
ACB-LN0000197,ACB-C013979,Personal Loan,2022-08-07,19123.69,13751.11,0.14,84.0,Current,0,0,ACB-BR063
ACB-LN0000198,ACB-C006658,Mortgage,2019-09-28,229904.79,172836.11,0.0407,48.0,30-59 DPD,44,0,ACB-BR056
ACB-LN0000199,ACB-C003206,Mortgage,2023-09-11,491842.07,411042.76,0.0936,36.0,Current,0,0,ACB-BR064
ACB-LN0000200,ACB-C014370,Home Equity Loan,2020-06-30,56301.91,47433.15,0.116,180.0,Current,0,0,ACB-BR062
ACB-LN0000201,ACB-C000988,Small Business Loan,2023-01-20,233695.64,17192.83,0.124,36.0,Current,0,0,ACB-BR002
ACB-LN0000202,ACB-C000499,Auto Loan,2023-02-15,20678.68,17387.81,0.1071,240.0,Written Off,0,1,ACB-BR039
ACB-LN0000203,ACB-C010514,Home Equity Loan,2026-01-10,64194.48,26682.11,0.0756,48.0,Current,0,0,ACB-BR013
ACB-LN0000204,ACB-C012362,Mortgage,2019-10-11,301276.76,286818.72,0.0733,36.0,Current,0,0,ACB-BR075
ACB-LN0000205,ACB-C008110,Small Business Loan,2023-01-14,248205.05,211860.09,0.2,36.0,Current,0,0,ACB-BR028
ACB-LN0000206,ACB-C010685,Personal Loan,2025-02-15,13029.18,11619.72,0.1881,24.0,Current,0,0,ACB-BR018
ACB-LN0000207,ACB-C005582,Auto Loan,2024-03-04,24806.67,3596.91,0.16,48.0,Paid Off,0,0,ACB-BR050
ACB-LN0000208,ACB-C008398,Mortgage,2025-07-10,553875.16,240051.04,0.095,120.0,Paid Off,0,0,ACB-BR025
ACB-LN0000209,ACB-C012640,Small Business Loan,2022-04-24,217729.16,134928.05,0.0893,240.0,Current,0,0,ACB-BR044
ACB-LN0000210,ACB-C012863,Personal Loan,2024-09-17,26029.07,19534.05,0.2357,24.0,Current,0,0,ACB-BR047
ACB-LN0000211,ACB-C002514,Small Business Loan,2022-10-20,39995.01,38942.54,0.2,360.0,Current,0,0,ACB-BR026
ACB-LN0000212,ACB-C007735,Personal Loan,2023-09-22,28688.73,24403.52,0.17,360.0,Current,0,0,ACB-BR011
ACB-LN0000213,ACB-C003244,Auto Loan,2024-01-26,9380.63,4367.7,0.112,240.0,Current,0,0,ACB-BR033
ACB-LN0000214,ACB-C008558,Auto Loan,2022-05-23,36480.53,18035.03,0.1353,48.0,Current,0,0,ACB-BR065
ACB-LN0000215,ACB-C011127,Student Loan,2020-09-06,59056.82,34508.51,0.0788,12.0,90+ DPD,178,1,ACB-BR067
ACB-LN0000216,ACB-C004259,Home Equity Loan,2024-12-05,103478.47,37963.01,0.1173,24.0,90+ DPD,173,1,ACB-BR040
ACB-LN0000217,ACB-C006571,Auto Loan,2024-11-23,36931.8,35078.99,0.16,120.0,Current,0,0,ACB-BR038
ACB-LN0000218,ACB-C009480,Home Equity Loan,2020-04-18,67807.5,35770.8,0.1132,24.0,Current,0,0,ACB-BR062
ACB-LN0000219,ACB-C004337,Mortgage,2023-11-10,365753.87,325854.39,0.0593,360.0,Current,0,0,ACB-BR050
ACB-LN0000220,ACB-C000457,Mortgage,2019-08-19,486615.43,177116.75,0.0318,360.0,60-89 DPD,62,0,ACB-BR062
ACB-LN0000221,ACB-C014049,Auto Loan,2026-02-26,36241.78,4581.1,0.1462,120.0,Current,0,0,ACB-BR079
ACB-LN0000222,ACB-C001518,Auto Loan,2024-11-08,47321.04,33045.26,0.0899,24.0,Current,0,0,ACB-BR033
ACB-LN0000223,ACB-C001466,Mortgage,2020-08-31,519969.78,198066.23,0.0539,12.0,Current,0,0,ACB-BR056
ACB-LN0000224,ACB-C002168,Auto Loan,2021-09-14,13261.82,4226.87,0.1114,48.0,Current,0,0,ACB-BR036
ACB-LN0000225,ACB-C001462,Mortgage,2021-01-05,386021.4,319991.57,0.061,24.0,Current,0,0,ACB-BR039
ACB-LN0000226,ACB-C010218,Auto Loan,2021-01-25,27939.46,6611.4,0.103,240.0,Current,0,0,ACB-BR036
ACB-LN0000227,ACB-C001196,Mortgage,2026-03-07,482583.92,357343.79,0.0638,84.0,Current,0,0,ACB-BR063
ACB-LN0000228,ACB-C011652,Mortgage,2024-10-08,353390.28,107137.83,0.0456,48.0,Current,0,0,ACB-BR041
ACB-LN0000229,ACB-C008974,Personal Loan,2023-12-23,17691.95,5057.4,0.1796,24.0,Current,0,0,ACB-BR054
ACB-LN0000230,ACB-C005862,Mortgage,2025-05-08,443533.51,360687.25,0.0731,36.0,Current,0,0,ACB-BR020
ACB-LN0000231,ACB-C005490,Personal Loan,2021-09-07,18682.03,2563.3,0.1333,60.0,Current,0,0,ACB-BR037
ACB-LN0000232,ACB-C006505,Mortgage,2020-12-29,503916.58,102682.6,0.051,84.0,Current,0,0,ACB-BR073
ACB-LN0000233,ACB-C012186,Student Loan,2025-02-23,13345.32,3031.85,0.11,60.0,90+ DPD,98,1,ACB-BR042
ACB-LN0000234,ACB-C004218,Small Business Loan,2021-02-19,212126.28,156935.07,0.1441,48.0,Current,0,0,ACB-BR004
ACB-LN0000235,ACB-C003392,Student Loan,2024-05-29,20365.54,8305.15,0.1064,360.0,Default,364,1,ACB-BR054
ACB-LN0000236,ACB-C000661,Personal Loan,2026-03-27,5517.01,4934.06,0.2131,240.0,Current,0,0,ACB-BR048
ACB-LN0000237,ACB-C006399,Personal Loan,2021-11-26,2168.9,1930.78,0.0836,240.0,Current,0,0,ACB-BR069
ACB-LN0000238,ACB-C010310,Personal Loan,2025-04-18,30672.03,3414.31,0.2244,24.0,Current,0,0,ACB-BR014
ACB-LN0000239,ACB-C011881,Personal Loan,2021-10-09,30230.71,19859.63,0.0831,240.0,Current,0,0,ACB-BR077
ACB-LN0000240,ACB-C006458,Mortgage,2019-12-18,413157.06,115811.16,0.0599,180.0,Paid Off,0,0,ACB-BR040
ACB-LN0000241,ACB-C004574,Auto Loan,2024-08-22,10081.44,4184.16,0.1392,60.0,90+ DPD,141,1,ACB-BR022
ACB-LN0000242,ACB-C011069,Mortgage,2021-09-12,513300.43,346197.06,0.0666,12.0,Current,0,0,ACB-BR030
ACB-LN0000243,ACB-C004041,Mortgage,2023-01-23,618960.09,71635.64,0.0501,12.0,Current,0,0,ACB-BR073
ACB-LN0000244,ACB-C007436,Home Equity Loan,2024-02-05,110788.1,35162.76,0.1261,24.0,30-59 DPD,48,0,ACB-BR049
ACB-LN0000245,ACB-C002824,Personal Loan,2020-10-15,34324.5,8621.79,0.1229,36.0,Current,0,0,ACB-BR022
ACB-LN0000246,ACB-C009154,Auto Loan,2023-04-30,52106.89,38423.93,0.0927,60.0,Current,0,0,ACB-BR025
ACB-LN0000247,ACB-C010398,Personal Loan,2020-05-29,16155.37,14495.44,0.1242,180.0,Current,0,0,ACB-BR026
ACB-LN0000248,ACB-C012161,Auto Loan,2025-03-31,12060.11,2708.72,0.0756,24.0,Current,0,0,ACB-BR032
ACB-LN0000249,ACB-C009083,Mortgage,2020-05-18,319704.81,264295.22,0.0709,180.0,Current,0,0,ACB-BR039
ACB-LN0000250,ACB-C008693,Auto Loan,2025-07-17,51027.05,46573.14,0.0895,120.0,Current,0,0,ACB-BR019
ACB-LN0000251,ACB-C009736,Small Business Loan,2025-10-01,166230.94,135051.41,0.2,360.0,30-59 DPD,42,0,ACB-BR036
ACB-LN0000252,ACB-C006137,Personal Loan,2024-06-03,31641.62,30126.31,0.1292,360.0,Current,0,0,ACB-BR010
ACB-LN0000253,ACB-C008496,Mortgage,2025-08-26,552138.25,198882.64,0.0939,84.0,Current,0,0,ACB-BR027
ACB-LN0000254,ACB-C014211,Home Equity Loan,2023-11-26,28931.27,15533.79,0.14,84.0,Current,0,0,ACB-BR002
ACB-LN0000255,ACB-C003774,Auto Loan,2025-01-17,54726.5,20655.03,0.1553,48.0,Current,0,0,ACB-BR074
ACB-LN0000256,ACB-C012202,Mortgage,2025-06-14,463887.62,300935.23,0.095,48.0,Current,0,0,ACB-BR018
ACB-LN0000257,ACB-C001093,Personal Loan,2020-12-24,27883.41,16676.55,0.1542,24.0,Current,0,0,ACB-BR072
ACB-LN0000258,ACB-C005448,Personal Loan,2025-03-04,12260.44,6362.63,0.2274,60.0,Current,0,0,ACB-BR069
ACB-LN0000259,ACB-C004949,Auto Loan,2022-11-02,42910.68,26635.04,0.1248,240.0,Current,0,0,ACB-BR063
ACB-LN0000260,ACB-C010610,Auto Loan,2022-09-23,8928.45,4142.56,0.16,180.0,Current,0,0,ACB-BR002
ACB-LN0000261,ACB-C004863,Auto Loan,2026-02-26,52610.42,11215.59,0.16,180.0,Current,0,0,ACB-BR046
ACB-LN0000262,ACB-C013587,Personal Loan,2023-06-22,5805.84,2832.35,0.24,180.0,Current,0,0,ACB-BR037
ACB-LN0000263,ACB-C013500,Personal Loan,2021-11-30,11643.83,2066.96,0.1663,180.0,Current,0,0,ACB-BR030
ACB-LN0000264,ACB-C007047,Home Equity Loan,2023-04-27,107658.14,44187.19,0.14,240.0,90+ DPD,158,1,ACB-BR043
ACB-LN0000265,ACB-C013736,Auto Loan,2021-04-26,17736.96,4387.75,0.0834,360.0,Paid Off,0,0,ACB-BR064
ACB-LN0000266,ACB-C007752,Personal Loan,2021-12-31,13296.58,8859.42,0.1598,84.0,Paid Off,0,0,ACB-BR020
ACB-LN0000267,ACB-C007697,Student Loan,2024-09-09,22366.95,1580.27,0.11,360.0,Current,0,0,ACB-BR079
ACB-LN0000268,ACB-C013695,Personal Loan,2022-12-18,22904.71,1342.75,0.2208,120.0,Current,0,0,ACB-BR064
ACB-LN0000269,ACB-C010649,Small Business Loan,2019-10-01,64691.6,31601.9,0.0749,36.0,Paid Off,0,0,ACB-BR068
ACB-LN0000270,ACB-C000371,Personal Loan,2021-12-06,6024.22,4216.89,0.1275,84.0,60-89 DPD,89,0,ACB-BR072
ACB-LN0000271,ACB-C006641,Auto Loan,2023-09-20,32379.32,16942.81,0.0795,120.0,Current,0,0,ACB-BR038
ACB-LN0000272,ACB-C008722,Small Business Loan,2020-03-22,137699.54,16553.01,0.1375,84.0,60-89 DPD,79,0,ACB-BR037
ACB-LN0000273,ACB-C005391,Mortgage,2022-09-03,525396.33,237400.44,0.0405,240.0,Current,0,0,ACB-BR026
ACB-LN0000274,ACB-C006730,Mortgage,2026-02-12,587311.29,183809.41,0.0704,84.0,Current,0,0,ACB-BR056
ACB-LN0000275,ACB-C003187,Auto Loan,2020-01-06,10852.24,10367.12,0.082,360.0,Current,0,0,ACB-BR006
ACB-LN0000276,ACB-C005991,Personal Loan,2019-04-09,25121.19,11532.69,0.1566,24.0,Paid Off,0,0,ACB-BR059
ACB-LN0000277,ACB-C006539,Personal Loan,2021-05-15,19054.96,4585.73,0.1894,60.0,Current,0,0,ACB-BR038
ACB-LN0000278,ACB-C000946,Home Equity Loan,2022-10-20,31724.14,8307.97,0.1208,120.0,Paid Off,0,0,ACB-BR041
ACB-LN0000279,ACB-C003518,Mortgage,2020-08-28,494421.36,43027.48,0.0443,120.0,Current,0,0,ACB-BR041
ACB-LN0000280,ACB-C010226,Personal Loan,2025-09-20,26651.68,24952.6,0.2218,180.0,60-89 DPD,87,0,ACB-BR040
ACB-LN0000281,ACB-C000898,Mortgage,2024-07-18,169400.14,139554.15,0.0452,360.0,Current,0,0,ACB-BR073
ACB-LN0000282,ACB-C005831,Home Equity Loan,2019-05-14,74185.07,58065.59,0.0903,48.0,Current,0,0,ACB-BR033
ACB-LN0000283,ACB-C010702,Student Loan,2022-12-08,27843.53,22965.4,0.11,120.0,30-59 DPD,43,0,ACB-BR030
ACB-LN0000284,ACB-C010736,Mortgage,2022-04-12,502867.5,39914.84,0.0477,60.0,Current,0,0,ACB-BR045
ACB-LN0000285,ACB-C014668,Home Equity Loan,2022-08-24,22693.53,8631.65,0.1246,36.0,Current,0,0,ACB-BR042
ACB-LN0000286,ACB-C013878,Personal Loan,2024-10-07,14559.41,6082.14,0.1667,180.0,Default,332,1,ACB-BR044
ACB-LN0000287,ACB-C013877,Mortgage,2022-01-16,350155.72,139792.21,0.0677,240.0,Current,0,0,ACB-BR014
ACB-LN0000288,ACB-C005937,Student Loan,2020-06-12,45691.34,14913.77,0.0487,36.0,Default,211,1,ACB-BR019
ACB-LN0000289,ACB-C010764,Mortgage,2023-05-08,591574.15,450149.21,0.0588,48.0,Current,0,0,ACB-BR035
ACB-LN0000290,ACB-C002450,Small Business Loan,2021-08-30,84264.28,59977.9,0.1415,84.0,Current,0,0,ACB-BR043
ACB-LN0000291,ACB-C010139,Mortgage,2025-09-07,249914.66,54026.04,0.095,240.0,Current,0,0,ACB-BR043
ACB-LN0000292,ACB-C009088,Small Business Loan,2025-05-24,112009.0,43130.05,0.2,360.0,Paid Off,0,0,ACB-BR054
ACB-LN0000293,ACB-C008305,Auto Loan,2025-06-16,47457.66,39406.91,0.1207,12.0,Current,0,0,ACB-BR074
ACB-LN0000294,ACB-C011851,Mortgage,2021-02-10,219284.7,39358.01,0.07,12.0,Current,0,0,ACB-BR045
ACB-LN0000295,ACB-C004973,Auto Loan,2020-05-07,42556.84,38834.06,0.0776,120.0,Current,0,0,ACB-BR025
ACB-LN0000296,ACB-C008478,Mortgage,2022-05-10,600315.36,452815.96,0.0695,60.0,Current,0,0,ACB-BR055
ACB-LN0000297,ACB-C001141,Personal Loan,2025-03-14,3992.83,696.56,0.147,60.0,Current,0,0,ACB-BR009
ACB-LN0000298,ACB-C003398,Mortgage,2022-11-04,367288.46,337123.3,0.0663,48.0,30-59 DPD,41,0,ACB-BR070
ACB-LN0000299,ACB-C000441,Home Equity Loan,2022-06-30,35622.08,29947.26,,84.0,Written Off,0,1,ACB-BR059
ACB-LN0000300,ACB-C012722,Mortgage,2024-12-14,637746.78,351621.79,0.0733,240.0,Current,0,0,ACB-BR074
ACB-LN0000301,ACB-C010717,Mortgage,2019-01-30,521909.02,506347.99,0.0613,48.0,30-59 DPD,33,0,ACB-BR025
ACB-LN0000302,ACB-C010469,Personal Loan,2021-11-11,2737.93,1750.02,0.173,60.0,60-89 DPD,76,0,ACB-BR021
ACB-LN0000303,ACB-C012045,Home Equity Loan,2024-07-22,75908.04,52588.29,0.1148,48.0,Written Off,0,1,ACB-BR064
ACB-LN0000304,ACB-C003386,Mortgage,2025-11-03,554003.39,397532.73,0.0934,12.0,Current,0,0,ACB-BR076
ACB-LN0000305,ACB-C002653,Personal Loan,2023-09-22,25174.62,22659.23,0.1297,48.0,Current,0,0,ACB-BR034
ACB-LN0000306,ACB-C014369,Personal Loan,2025-03-10,22899.65,21945.83,0.1345,60.0,Current,0,0,ACB-BR044
ACB-LN0000307,ACB-C014000,Home Equity Loan,2024-08-04,102357.23,28854.84,0.1004,12.0,Current,0,0,ACB-BR004
ACB-LN0000308,ACB-C005319,Auto Loan,2023-03-16,50701.64,29733.58,0.1278,84.0,60-89 DPD,78,0,ACB-BR025
ACB-LN0000309,ACB-C013541,Mortgage,2022-04-20,376932.88,357967.12,0.0574,84.0,90+ DPD,155,1,ACB-BR050
ACB-LN0000310,ACB-C012256,Auto Loan,2022-05-13,30609.56,14685.71,0.0478,240.0,30-59 DPD,47,0,ACB-BR003
ACB-LN0000311,ACB-C000771,Home Equity Loan,2026-02-24,101450.21,53406.55,0.14,360.0,Current,0,0,ACB-BR069
ACB-LN0000312,ACB-C006669,Auto Loan,2019-09-16,23403.54,6448.13,0.0495,360.0,Paid Off,0,0,ACB-BR054
ACB-LN0000313,ACB-C007232,Personal Loan,2020-10-29,8391.25,7347.74,0.1604,180.0,30-59 DPD,32,0,ACB-BR015
ACB-LN0000314,ACB-C012143,Mortgage,2020-02-14,223156.82,185258.6,0.0554,60.0,Current,0,0,ACB-BR056
ACB-LN0000315,ACB-C013726,Home Equity Loan,2022-07-13,20479.61,16156.05,0.14,48.0,Current,0,0,ACB-BR010
ACB-LN0000316,ACB-C013281,Auto Loan,2020-07-02,34490.19,26375.03,0.0728,12.0,Paid Off,0,0,ACB-BR026
ACB-LN0000317,ACB-C009313,Mortgage,2021-01-28,508020.66,174318.58,0.0374,240.0,Current,0,0,ACB-BR055
ACB-LN0000318,ACB-C007859,Personal Loan,2025-01-25,7686.06,3198.94,0.1243,48.0,Current,0,0,ACB-BR070
ACB-LN0000319,ACB-C008826,Auto Loan,2019-08-17,43187.22,39698.73,0.0936,12.0,Current,0,0,ACB-BR038
ACB-LN0000320,ACB-C010270,Auto Loan,2022-09-19,48082.67,12825.3,0.0715,120.0,Current,0,0,ACB-BR066
ACB-LN0000321,ACB-C005751,Mortgage,2022-08-04,303654.19,71313.86,0.0459,84.0,60-89 DPD,89,0,ACB-BR059
ACB-LN0000322,ACB-C004766,Student Loan,2024-02-05,73690.6,62992.46,0.0843,180.0,30-59 DPD,38,0,ACB-BR014
ACB-LN0000323,ACB-C009566,Mortgage,2024-03-01,131225.02,98616.94,0.0595,48.0,30-59 DPD,34,0,ACB-BR060
ACB-LN0000324,ACB-C003664,Student Loan,2022-05-09,28663.39,10457.89,0.0505,24.0,Current,0,0,ACB-BR032
ACB-LN0000325,ACB-C010228,Mortgage,2023-11-25,272910.78,90698.51,0.095,84.0,Current,0,0,ACB-BR014
ACB-LN0000326,ACB-C005981,Personal Loan,2024-12-22,17114.4,13559.67,0.24,24.0,Current,0,0,ACB-BR069
ACB-LN0000327,ACB-C000338,Personal Loan,2023-12-18,14761.46,9537.19,0.2376,48.0,Current,0,0,ACB-BR005
ACB-LN0000328,ACB-C005708,Auto Loan,2019-11-04,17677.63,4853.75,0.121,360.0,Current,0,0,ACB-BR001
ACB-LN0000329,ACB-C014200,Personal Loan,2026-02-01,8424.22,6892.45,0.2383,24.0,30-59 DPD,44,0,ACB-BR017
ACB-LN0000330,ACB-C009476,Auto Loan,2022-06-14,25214.24,9141.09,0.1185,120.0,30-59 DPD,54,0,ACB-BR041
ACB-LN0000331,ACB-C013959,Mortgage,2025-07-06,186470.15,153001.72,0.0414,36.0,Current,0,0,ACB-BR075
ACB-LN0000332,ACB-C012847,Mortgage,2019-11-16,242060.48,213485.65,0.0464,84.0,Default,317,1,ACB-BR075
ACB-LN0000333,ACB-C009371,Auto Loan,2021-09-30,46750.94,35404.87,0.1282,24.0,Current,0,0,ACB-BR037
ACB-LN0000334,ACB-C000037,Auto Loan,2021-10-17,51641.98,41819.64,0.1114,24.0,Paid Off,0,0,ACB-BR012
ACB-LN0000335,ACB-C004121,Personal Loan,2023-09-30,32393.09,6189.57,0.1724,360.0,90+ DPD,108,1,ACB-BR001
ACB-LN0000336,ACB-C010290,Auto Loan,2023-11-20,26511.78,13901.17,0.1259,120.0,Current,0,0,ACB-BR077
ACB-LN0000337,ACB-C003971,Mortgage,2025-06-01,206731.17,53253.65,0.0831,120.0,Written Off,0,1,ACB-BR009
ACB-LN0000338,ACB-C008306,Home Equity Loan,2021-02-03,57430.43,55167.18,0.1116,36.0,Current,0,0,ACB-BR065
ACB-LN0000339,ACB-C002479,Auto Loan,2022-01-04,14925.57,1597.93,0.0541,240.0,Current,0,0,ACB-BR017
ACB-LN0000340,ACB-C012140,Small Business Loan,2020-02-02,185400.8,97070.99,0.0706,60.0,Current,0,0,ACB-BR022
ACB-LN0000341,ACB-C004996,Mortgage,2024-05-19,634932.99,240596.9,0.0538,240.0,Current,0,0,ACB-BR012
ACB-LN0000342,ACB-C007504,Personal Loan,2021-12-31,10321.93,1587.03,0.202,60.0,Current,0,0,ACB-BR027
ACB-LN0000343,ACB-C005259,Personal Loan,2019-08-24,15357.65,14311.83,0.1485,12.0,Current,0,0,ACB-BR023
ACB-LN0000344,ACB-C010647,Student Loan,2024-04-18,35042.84,28157.06,0.0954,36.0,30-59 DPD,45,0,ACB-BR009
ACB-LN0000345,ACB-C007267,Auto Loan,2026-02-11,15027.99,3221.11,0.1264,24.0,Current,0,0,ACB-BR005
ACB-LN0000346,ACB-C005583,Personal Loan,2023-10-02,25717.63,8879.66,0.1457,48.0,Current,0,0,ACB-BR034
ACB-LN0000347,ACB-C006204,Auto Loan,2025-07-28,47692.32,17965.28,0.1045,120.0,Paid Off,0,0,ACB-BR079
ACB-LN0000348,ACB-C012706,Auto Loan,2023-10-22,31411.91,4362.19,0.1174,120.0,30-59 DPD,32,0,ACB-BR061
ACB-LN0000349,ACB-C009222,Auto Loan,2024-11-28,41054.78,28062.76,0.0624,120.0,Paid Off,0,0,ACB-BR004
ACB-LN0000350,ACB-C000051,Personal Loan,2019-01-10,28053.39,24565.36,0.201,360.0,Paid Off,0,0,ACB-BR043
ACB-LN0000351,ACB-C004530,Auto Loan,2019-11-22,50270.92,42062.66,0.0674,48.0,Current,0,0,ACB-BR074
ACB-LN0000352,ACB-C002866,Mortgage,2019-08-12,636814.44,204440.55,0.0469,180.0,Current,0,0,ACB-BR044
ACB-LN0000353,ACB-C004480,Auto Loan,2024-10-24,45944.13,15332.5,0.1143,180.0,Current,0,0,ACB-BR041
ACB-LN0000354,ACB-C006300,Mortgage,2021-12-10,179816.25,163104.94,0.0689,36.0,Current,0,0,ACB-BR064
ACB-LN0000355,ACB-C007955,Auto Loan,2026-02-12,11490.99,2085.75,0.16,12.0,30-59 DPD,40,0,ACB-BR056
ACB-LN0000356,ACB-C008227,Mortgage,2023-07-20,513401.46,133577.75,0.0456,12.0,Current,0,0,ACB-BR035
ACB-LN0000357,ACB-C013963,Personal Loan,2024-10-03,17971.17,16453.0,0.24,360.0,30-59 DPD,49,0,ACB-BR049
ACB-LN0000358,ACB-C013186,Auto Loan,2022-03-08,27655.99,8606.21,0.0703,180.0,Current,0,0,ACB-BR072
ACB-LN0000359,ACB-C006332,Auto Loan,2024-02-23,43237.71,29307.83,0.1576,12.0,Current,0,0,ACB-BR055
ACB-LN0000360,ACB-C014000,Personal Loan,2021-10-28,24509.98,9053.11,0.1352,360.0,Current,0,0,ACB-BR008
ACB-LN0000361,ACB-C013963,Mortgage,2022-09-19,470186.09,395496.83,0.0652,48.0,Current,0,0,ACB-BR066
ACB-LN0000362,ACB-C003152,Auto Loan,2026-03-07,38609.67,28484.63,0.1125,240.0,30-59 DPD,57,0,ACB-BR066
ACB-LN0000363,ACB-C011785,Home Equity Loan,2025-05-25,119912.82,10061.55,0.1308,84.0,Current,0,0,ACB-BR025
ACB-LN0000364,ACB-C003088,Personal Loan,2023-11-22,19457.0,18741.71,0.24,360.0,Paid Off,0,0,ACB-BR009
ACB-LN0000365,ACB-C003177,Personal Loan,2021-02-22,29269.86,11730.4,0.1571,48.0,Current,0,0,ACB-BR047
ACB-LN0000366,ACB-C006541,Auto Loan,2023-11-30,42237.15,34431.27,0.0684,24.0,30-59 DPD,39,0,ACB-BR075
ACB-LN0000367,ACB-C008861,Personal Loan,2022-11-22,23604.92,19700.29,0.2133,36.0,Current,0,0,ACB-BR054
ACB-LN0000368,ACB-C001830,Mortgage,2019-08-13,224750.39,68075.85,0.0418,24.0,Current,0,0,ACB-BR067
ACB-LN0000369,ACB-C005966,Personal Loan,2025-09-11,28438.94,11059.75,0.1724,36.0,Current,0,0,ACB-BR004
ACB-LN0000370,ACB-C012940,Auto Loan,2022-04-27,39467.11,29438.99,0.1248,360.0,Current,0,0,ACB-BR064
ACB-LN0000371,ACB-C004141,Mortgage,2024-04-04,140735.9,85307.47,0.0671,48.0,Current,0,0,ACB-BR029
ACB-LN0000372,ACB-C000001,Personal Loan,2022-06-09,10211.58,3632.11,0.24,48.0,90+ DPD,166,1,ACB-BR073
ACB-LN0000373,ACB-C006842,Student Loan,2024-11-30,56781.52,42268.32,0.11,120.0,Current,0,0,ACB-BR033
ACB-LN0000374,ACB-C007431,Mortgage,2024-12-19,376601.75,365643.15,0.0764,48.0,Current,0,0,ACB-BR022
ACB-LN0000375,ACB-C006640,Home Equity Loan,2019-03-17,74111.66,59056.38,0.0971,180.0,Current,0,0,ACB-BR042
ACB-LN0000376,ACB-C006181,Auto Loan,2024-02-15,52931.5,41893.36,0.1447,60.0,60-89 DPD,61,0,ACB-BR076
ACB-LN0000377,ACB-C011768,Auto Loan,2019-12-06,52451.53,25996.87,0.0711,240.0,Current,0,0,ACB-BR044
ACB-LN0000378,ACB-C004824,Personal Loan,2024-12-28,14017.94,13054.15,0.24,240.0,Current,0,0,ACB-BR001
ACB-LN0000379,ACB-C000669,Small Business Loan,2020-08-08,36874.0,27201.67,,180.0,Current,0,0,ACB-BR067
ACB-LN0000380,ACB-C008594,Mortgage,2023-10-12,465419.9,150333.33,0.0495,24.0,Current,0,0,ACB-BR046
ACB-LN0000381,ACB-C003866,Home Equity Loan,2022-03-21,21077.47,3010.95,0.0871,360.0,Current,0,0,ACB-BR066
ACB-LN0000382,ACB-C010122,Auto Loan,2022-01-11,32406.56,4165.56,0.093,84.0,Current,0,0,ACB-BR049
ACB-LN0000383,ACB-C005859,Auto Loan,2025-10-31,51972.76,50338.1,0.16,36.0,60-89 DPD,89,0,ACB-BR074
ACB-LN0000384,ACB-C003351,Personal Loan,2022-06-19,3988.13,1216.83,0.2281,12.0,Current,0,0,ACB-BR026
ACB-LN0000385,ACB-C011958,Student Loan,2024-07-04,55407.66,47235.89,0.0839,12.0,Current,0,0,ACB-BR009
ACB-LN0000386,ACB-C002894,Mortgage,2024-02-13,629960.74,336699.84,0.0607,48.0,30-59 DPD,35,0,ACB-BR017
ACB-LN0000387,ACB-C004861,Mortgage,2025-04-18,639772.56,512678.9,0.095,24.0,Current,0,0,ACB-BR070
ACB-LN0000388,ACB-C007079,Home Equity Loan,2020-03-26,68846.01,43181.23,0.0902,36.0,Current,0,0,ACB-BR001
ACB-LN0000389,ACB-C010449,Small Business Loan,2020-02-29,51569.39,34173.51,0.1605,12.0,Current,0,0,ACB-BR017
ACB-LN0000390,ACB-C009353,Auto Loan,2023-06-30,36832.2,32862.14,0.1565,360.0,Current,0,0,ACB-BR042
ACB-LN0000391,ACB-C002811,Personal Loan,2025-07-02,16343.04,6316.06,0.2192,60.0,Current,0,0,ACB-BR004
ACB-LN0000392,ACB-C006667,Student Loan,2021-10-02,76154.5,71924.29,0.0823,120.0,Current,0,0,ACB-BR052
ACB-LN0000393,ACB-C000961,Personal Loan,2019-07-26,26750.42,17437.03,0.1406,48.0,Current,0,0,ACB-BR076
ACB-LN0000394,ACB-C005177,Home Equity Loan,2023-06-17,75483.77,42956.54,0.1352,12.0,Current,0,0,ACB-BR029
ACB-LN0000395,ACB-C010531,Personal Loan,2020-11-07,8926.36,4134.18,0.1347,12.0,Current,0,0,ACB-BR008
ACB-LN0000396,ACB-C009595,Auto Loan,2022-11-04,21203.14,14318.3,0.1222,360.0,Paid Off,0,0,ACB-BR014
ACB-LN0000397,ACB-C013819,Mortgage,2023-11-29,554840.93,418116.16,0.0465,,Current,0,0,ACB-BR067
ACB-LN0000398,ACB-C010705,Student Loan,2019-01-04,47450.49,3887.14,0.0644,24.0,Current,0,0,ACB-BR058
ACB-LN0000399,ACB-C000578,Home Equity Loan,2023-01-12,60733.38,56775.72,0.0992,60.0,Current,0,0,ACB-BR058
ACB-LN0000400,ACB-C004474,Mortgage,2024-02-27,560304.93,425306.97,0.0551,120.0,30-59 DPD,49,0,ACB-BR009
ACB-LN0000401,ACB-C000998,Mortgage,2019-03-30,329282.51,103144.6,0.0313,240.0,Current,0,0,ACB-BR007
ACB-LN0000402,ACB-C014238,Auto Loan,2019-09-30,29795.41,7204.09,0.0641,240.0,Current,0,0,ACB-BR039
ACB-LN0000403,ACB-C009741,Auto Loan,2021-05-29,43068.33,18516.72,0.1195,24.0,60-89 DPD,77,0,ACB-BR045
ACB-LN0000404,ACB-C010476,Mortgage,2025-05-12,331864.79,123434.32,0.0849,120.0,Current,0,0,ACB-BR019
ACB-LN0000405,ACB-C002609,Personal Loan,2023-07-14,27689.38,14109.67,0.1089,360.0,Default,292,1,ACB-BR017
ACB-LN0000406,ACB-C006848,Mortgage,2022-08-09,263666.74,109570.03,0.095,60.0,Current,0,0,ACB-BR046
ACB-LN0000407,ACB-C008540,Home Equity Loan,2021-06-23,100920.65,67218.57,0.06,36.0,Current,0,0,ACB-BR075
ACB-LN0000408,ACB-C000281,Personal Loan,2020-12-02,33178.08,27126.25,0.1421,360.0,Current,0,0,ACB-BR065
ACB-LN0000409,ACB-C003369,Home Equity Loan,2025-01-10,116416.99,113291.87,0.087,360.0,Current,0,0,ACB-BR014
ACB-LN0000410,ACB-C006910,Personal Loan,2024-10-25,8699.35,1551.09,0.1275,240.0,Current,0,0,ACB-BR017
ACB-LN0000411,ACB-C009673,Personal Loan,2019-01-31,28233.75,21062.8,0.1409,360.0,Current,0,0,ACB-BR026
ACB-LN0000412,ACB-C003038,Mortgage,2026-02-08,308881.57,190340.75,0.0681,180.0,30-59 DPD,57,0,ACB-BR056
ACB-LN0000413,ACB-C000440,Small Business Loan,2020-08-27,104405.26,63692.42,0.0831,24.0,Written Off,0,1,ACB-BR009
ACB-LN0000414,ACB-C002651,Mortgage,2024-04-11,264211.99,207468.27,0.0776,36.0,Current,0,0,ACB-BR008
ACB-LN0000415,ACB-C014281,Auto Loan,2024-06-10,39351.52,20173.42,0.1491,120.0,Current,0,0,ACB-BR073
ACB-LN0000416,ACB-C001791,Mortgage,2020-12-17,202451.95,140947.82,0.0588,36.0,Written Off,0,1,ACB-BR022
ACB-LN0000417,ACB-C008221,Mortgage,2024-01-14,618006.49,604185.22,0.0905,36.0,60-89 DPD,88,0,ACB-BR031
ACB-LN0000418,ACB-C000061,Personal Loan,2021-03-08,26561.0,15336.48,0.1941,180.0,Paid Off,0,0,ACB-BR003
ACB-LN0000419,ACB-C010761,Small Business Loan,2020-08-02,218546.47,130047.78,0.1799,36.0,Current,0,0,ACB-BR044
ACB-LN0000420,ACB-C001257,Auto Loan,2023-04-06,48433.1,4977.92,0.1183,180.0,Current,0,0,ACB-BR008
ACB-LN0000421,ACB-C005505,Personal Loan,2021-09-13,4509.45,299.51,0.1661,120.0,Current,0,0,ACB-BR037
ACB-LN0000422,ACB-C013192,Mortgage,2021-09-10,284598.44,256432.32,0.0597,12.0,Written Off,0,1,ACB-BR052
ACB-LN0000423,ACB-C006644,Auto Loan,2020-06-04,46223.78,20677.0,0.0639,60.0,Current,0,0,ACB-BR013
ACB-LN0000424,ACB-C000579,Personal Loan,2026-01-30,32097.49,15330.34,0.1257,12.0,Current,0,0,ACB-BR014
ACB-LN0000425,ACB-C007813,Personal Loan,2022-07-07,6373.16,2708.25,0.2211,84.0,30-59 DPD,30,0,ACB-BR060
ACB-LN0000426,ACB-C013797,Mortgage,2022-01-31,338496.38,116691.95,0.0642,240.0,Default,152,1,ACB-BR059
ACB-LN0000427,ACB-C010338,Auto Loan,2020-08-25,39735.4,9954.1,0.0725,60.0,Current,0,0,ACB-BR019
ACB-LN0000428,ACB-C013717,Mortgage,2025-03-24,248717.43,32274.87,0.0492,60.0,30-59 DPD,48,0,ACB-BR004
ACB-LN0000429,ACB-C013521,Home Equity Loan,2023-09-03,71520.67,37469.76,0.0749,120.0,Current,0,0,ACB-BR034
ACB-LN0000430,ACB-C001915,Mortgage,2021-05-29,368261.84,327070.08,0.0546,24.0,Current,0,0,ACB-BR076
ACB-LN0000431,ACB-C009589,Personal Loan,2022-08-01,4911.21,1630.61,0.1301,48.0,Current,0,0,ACB-BR058
ACB-LN0000432,ACB-C004244,Auto Loan,2024-06-09,22811.62,2945.75,0.1567,360.0,30-59 DPD,51,0,ACB-BR044
ACB-LN0000433,ACB-C008927,Personal Loan,2021-11-10,32037.24,28552.6,0.1118,84.0,Current,0,0,ACB-BR042
ACB-LN0000434,ACB-C003087,Mortgage,2021-12-18,509422.02,325015.41,0.0506,48.0,Current,0,0,ACB-BR002
ACB-LN0000435,ACB-C006219,Personal Loan,2023-10-08,2305.91,1526.65,0.1706,84.0,Written Off,0,1,ACB-BR008
ACB-LN0000436,ACB-C012566,Student Loan,2020-09-08,65544.03,11202.99,0.044,84.0,Current,0,0,ACB-BR005
ACB-LN0000437,ACB-C008433,Student Loan,2022-03-12,34620.0,13203.41,0.0626,120.0,Current,0,0,ACB-BR073
ACB-LN0000438,ACB-C010929,Mortgage,2019-03-27,512833.94,381169.22,0.0675,120.0,Paid Off,0,0,ACB-BR075
ACB-LN0000439,ACB-C000790,Student Loan,2021-06-26,58047.62,56598.05,0.0898,360.0,Current,0,0,ACB-BR056
ACB-LN0000440,ACB-C009620,Personal Loan,2021-08-11,13205.99,9853.25,0.0846,36.0,Current,0,0,ACB-BR001
ACB-LN0000441,ACB-C004423,Mortgage,2024-03-01,180312.95,166489.73,0.0506,60.0,Current,0,0,ACB-BR019
ACB-LN0000442,ACB-C011811,Home Equity Loan,2020-08-23,16363.1,2697.91,0.0971,120.0,Current,0,0,ACB-BR040
ACB-LN0000443,ACB-C011155,Auto Loan,2020-03-28,44208.46,13320.55,0.1198,240.0,Current,0,0,ACB-BR074
ACB-LN0000444,ACB-C010897,Personal Loan,2022-11-02,27682.29,7764.05,0.2051,36.0,Current,0,0,ACB-BR055
ACB-LN0000445,ACB-C010140,Mortgage,2022-09-14,409940.76,272842.28,0.0872,360.0,Current,0,0,ACB-BR035
ACB-LN0000446,ACB-C014206,Mortgage,2022-08-09,200616.91,48961.94,0.0692,180.0,Current,0,0,ACB-BR023
ACB-LN0000447,ACB-C012350,Auto Loan,2021-10-04,39201.69,34908.47,0.0985,240.0,30-59 DPD,34,0,ACB-BR012
ACB-LN0000448,ACB-C013128,Personal Loan,2020-02-15,6769.03,3492.45,0.2123,180.0,60-89 DPD,72,0,ACB-BR038
ACB-LN0000449,ACB-C008641,Personal Loan,2025-08-02,23902.44,4750.45,0.24,180.0,Current,0,0,ACB-BR070
ACB-LN0000450,ACB-C006986,Mortgage,2023-08-17,484050.39,202022.08,0.0845,240.0,Current,0,0,ACB-BR067
ACB-LN0000451,ACB-C010342,Small Business Loan,2025-10-01,72691.27,63911.01,0.1867,240.0,Current,0,0,ACB-BR064
ACB-LN0000452,ACB-C012690,Auto Loan,2022-06-12,15062.86,7662.27,0.16,120.0,Default,225,1,ACB-BR062
ACB-LN0000453,ACB-C014876,Personal Loan,2021-05-31,21656.05,8039.99,0.1211,24.0,Current,0,0,ACB-BR013
ACB-LN0000454,ACB-C009421,Personal Loan,2019-03-30,32792.57,8481.66,0.1665,84.0,Current,0,0,ACB-BR026
ACB-LN0000455,ACB-C004353,Personal Loan,2025-10-07,23700.31,17556.31,0.1585,84.0,Current,0,0,ACB-BR029
ACB-LN0000456,ACB-C012856,Personal Loan,2025-10-16,21830.7,5980.34,0.1135,240.0,30-59 DPD,58,0,ACB-BR037
ACB-LN0000457,ACB-C005907,Home Equity Loan,2019-05-18,53885.62,50628.93,0.0967,24.0,Paid Off,0,0,ACB-BR031
ACB-LN0000458,ACB-C009721,Small Business Loan,2022-11-07,47015.0,15927.78,0.1704,240.0,Current,0,0,ACB-BR011
ACB-LN0000459,ACB-C006921,Personal Loan,2021-01-19,18633.43,15769.51,0.0949,12.0,Current,0,0,ACB-BR014
ACB-LN0000460,ACB-C009479,Personal Loan,2019-12-20,3031.79,268.2,0.0916,180.0,60-89 DPD,69,0,ACB-BR052
ACB-LN0000461,ACB-C001435,Mortgage,2021-11-30,243266.61,218617.64,0.0602,12.0,Current,0,0,ACB-BR063
ACB-LN0000462,ACB-C000868,Mortgage,2023-02-25,544417.73,457917.2,0.0695,240.0,90+ DPD,154,1,ACB-BR021
ACB-LN0000463,ACB-C010503,Auto Loan,2023-04-10,11213.71,10579.33,0.0777,24.0,Current,0,0,ACB-BR023
ACB-LN0000464,ACB-C002608,Personal Loan,2025-01-13,19731.15,3011.24,0.1692,60.0,Current,0,0,ACB-BR014
ACB-LN0000465,ACB-C008981,Small Business Loan,2021-12-05,85391.24,26416.3,0.1582,240.0,Current,0,0,ACB-BR028
ACB-LN0000466,ACB-C006566,Home Equity Loan,2025-12-26,65123.27,61624.74,0.1311,24.0,60-89 DPD,63,0,ACB-BR044
ACB-LN0000467,ACB-C007608,Auto Loan,2026-03-23,10741.69,3295.32,0.081,24.0,Paid Off,0,0,ACB-BR047
ACB-LN0000468,ACB-C009746,Personal Loan,2019-07-14,30493.98,7750.78,0.1471,360.0,Current,0,0,ACB-BR019
ACB-LN0000469,ACB-C001493,Personal Loan,2022-07-20,27866.58,26115.97,0.2336,48.0,Current,0,0,ACB-BR027
ACB-LN0000470,ACB-C000066,Mortgage,2019-10-28,395600.07,302821.06,0.0309,36.0,Current,0,0,ACB-BR002
ACB-LN0000471,ACB-C010116,Auto Loan,2026-03-16,15222.21,2815.81,0.1404,120.0,Current,0,0,ACB-BR051
ACB-LN0000472,ACB-C010294,Home Equity Loan,2023-04-25,31013.26,14554.63,0.14,180.0,Current,0,0,ACB-BR059
ACB-LN0000473,ACB-C003592,Personal Loan,2020-02-04,22014.46,18922.93,0.096,48.0,60-89 DPD,84,0,ACB-BR012
ACB-LN0000474,ACB-C011430,Personal Loan,2024-11-04,21159.77,9601.59,0.229,84.0,Current,0,0,ACB-BR047
ACB-LN0000475,ACB-C000795,Student Loan,2021-10-24,68379.71,44890.6,0.0876,36.0,30-59 DPD,34,0,ACB-BR074
ACB-LN0000476,ACB-C000885,Home Equity Loan,2025-01-10,30377.99,13526.13,0.0749,120.0,Current,0,0,ACB-BR075
ACB-LN0000477,ACB-C014445,Personal Loan,2022-03-19,7571.02,3739.04,0.2074,84.0,Paid Off,0,0,ACB-BR069
ACB-LN0000478,ACB-C010324,Student Loan,2022-08-29,18454.68,4980.13,0.11,360.0,Current,0,0,ACB-BR014
ACB-LN0000479,ACB-C008285,Mortgage,2019-04-04,503750.28,57091.61,0.0699,360.0,Current,0,0,ACB-BR055
ACB-LN0000480,ACB-C001868,Auto Loan,2019-03-19,19447.58,10506.97,0.0848,12.0,Current,0,0,ACB-BR031
ACB-LN0000481,ACB-C013350,Personal Loan,2023-12-26,3889.24,2205.75,0.1565,84.0,Current,0,0,ACB-BR051
ACB-LN0000482,ACB-C010264,Personal Loan,2023-05-19,6801.91,3179.97,0.1342,36.0,Current,0,0,ACB-BR010
ACB-LN0000483,ACB-C014605,Auto Loan,2024-04-17,47049.23,37412.97,0.1364,84.0,Current,0,0,ACB-BR003
ACB-LN0000484,ACB-C014392,Personal Loan,2024-12-13,2464.81,2320.21,0.2387,360.0,Paid Off,0,0,ACB-BR079
ACB-LN0000485,ACB-C000426,Auto Loan,2021-05-11,33762.83,6834.83,0.0751,84.0,Current,0,0,ACB-BR074
ACB-LN0000486,ACB-C010563,Auto Loan,2026-01-06,32898.72,27852.46,0.1283,24.0,Current,0,0,ACB-BR066
ACB-LN0000487,ACB-C010262,Mortgage,2019-01-24,260372.44,66905.87,0.0624,120.0,Current,0,0,ACB-BR067
ACB-LN0000488,ACB-C004553,Personal Loan,2025-03-07,30324.2,7705.02,0.1997,36.0,Default,229,1,ACB-BR063
ACB-LN0000489,ACB-C010890,Personal Loan,2022-01-28,33904.03,8012.58,0.1519,180.0,Current,0,0,ACB-BR043
ACB-LN0000490,ACB-C010938,Small Business Loan,2022-11-03,194607.78,82307.54,0.1424,360.0,Current,0,0,ACB-BR013
ACB-LN0000491,ACB-C010512,Home Equity Loan,2019-06-19,96921.91,67504.44,0.0696,12.0,Current,0,0,ACB-BR078
ACB-LN0000492,ACB-C010232,Student Loan,2025-05-10,47091.74,13387.87,0.0933,240.0,30-59 DPD,47,0,ACB-BR034
ACB-LN0000493,ACB-C000999,Personal Loan,2025-08-18,31078.9,17685.0,0.1342,24.0,Current,0,0,ACB-BR075
ACB-LN0000494,ACB-C013624,Mortgage,2022-06-16,507481.1,402236.51,0.0512,84.0,Current,0,0,ACB-BR035
ACB-LN0000495,ACB-C009493,Mortgage,2023-11-08,525936.85,301055.98,0.095,360.0,Paid Off,0,0,ACB-BR074
ACB-LN0000496,ACB-C002350,Small Business Loan,2020-07-02,177430.51,171588.61,0.1152,48.0,Paid Off,0,0,ACB-BR048
ACB-LN0000497,ACB-C014455,Personal Loan,2021-03-29,30999.06,28694.66,0.1656,48.0,60-89 DPD,60,0,ACB-BR030
ACB-LN0000498,ACB-C009014,Auto Loan,2022-05-29,16182.49,10190.54,0.0853,36.0,60-89 DPD,88,0,ACB-BR040
ACB-LN0000499,ACB-C000374,Auto Loan,2021-07-08,18876.67,5628.99,0.0579,180.0,Default,312,1,ACB-BR060
ACB-LN0000500,ACB-C008292,Home Equity Loan,2026-03-31,90166.69,23472.11,0.14,48.0,Current,0,0,ACB-BR006
ACB-LN0000501,ACB-C001034,Personal Loan,2024-07-26,24285.09,11300.11,0.24,180.0,Current,0,0,ACB-BR031
ACB-LN0000502,ACB-C011950,Student Loan,2025-06-21,79367.69,43008.49,0.0793,12.0,Current,0,0,ACB-BR073
ACB-LN0000503,ACB-C014074,Auto Loan,2024-06-10,49625.92,31714.57,0.1567,240.0,Current,0,0,ACB-BR079
ACB-LN0000504,ACB-C011415,Mortgage,2023-06-13,234550.5,164869.02,0.0479,12.0,Current,0,0,ACB-BR003
ACB-LN0000505,ACB-C010821,Auto Loan,2021-08-30,23172.57,21822.08,0.0699,24.0,Paid Off,0,0,ACB-BR047
ACB-LN0000506,ACB-C007882,Auto Loan,2022-08-06,22122.68,18477.59,0.16,120.0,90+ DPD,145,1,ACB-BR027
ACB-LN0000507,ACB-C000491,Mortgage,2021-01-09,343272.27,210041.32,0.0376,24.0,Current,0,0,ACB-BR069
ACB-LN0000508,ACB-C006396,Personal Loan,2019-01-06,6572.23,5392.22,0.1294,240.0,Current,0,0,ACB-BR004
ACB-LN0000509,ACB-C011737,Auto Loan,2026-01-08,52665.3,48528.17,0.16,12.0,Current,0,0,ACB-BR015
ACB-LN0000510,ACB-C012577,Auto Loan,2024-05-26,20528.2,7711.44,0.133,24.0,Current,0,0,ACB-BR029
ACB-LN0000511,ACB-C005062,Mortgage,2025-10-18,483955.11,416761.41,0.0595,12.0,Current,0,0,ACB-BR005
ACB-LN0000512,ACB-C000701,Student Loan,2023-02-11,43142.96,10834.28,0.0721,84.0,90+ DPD,157,1,ACB-BR075
ACB-LN0000513,ACB-C012868,Mortgage,2025-11-29,180485.21,76635.73,0.0676,120.0,Current,0,0,ACB-BR079
ACB-LN0000514,ACB-C002013,Mortgage,2021-11-18,265321.37,69067.21,0.0497,240.0,Current,0,0,ACB-BR055
ACB-LN0000515,ACB-C002982,Auto Loan,2021-10-09,16426.75,12813.92,0.0607,24.0,Current,0,0,ACB-BR058
ACB-LN0000516,ACB-C011279,Home Equity Loan,2019-09-24,52821.95,37556.27,0.1088,60.0,Paid Off,0,0,ACB-BR019
ACB-LN0000517,ACB-C013250,Personal Loan,2023-07-20,8612.54,5824.89,0.24,240.0,Current,0,0,ACB-BR042
ACB-LN0000518,ACB-C004183,Personal Loan,2020-10-19,10601.67,3874.67,0.1562,360.0,Current,0,0,ACB-BR028
ACB-LN0000519,ACB-C011384,Mortgage,2026-02-24,443888.35,71589.65,0.0699,12.0,Current,0,0,ACB-BR032
ACB-LN0000520,ACB-C010828,Mortgage,2021-01-06,333866.94,23122.6,0.0563,60.0,Current,0,0,ACB-BR014
ACB-LN0000521,ACB-C011160,Personal Loan,2024-12-18,24008.69,17213.92,0.2396,360.0,Current,0,0,ACB-BR051
ACB-LN0000522,ACB-C001841,Small Business Loan,2021-06-27,179526.56,92859.94,0.0708,60.0,Current,0,0,ACB-BR005
ACB-LN0000523,ACB-C008104,Small Business Loan,2021-12-06,249337.77,48385.45,0.0797,84.0,Current,0,0,ACB-BR029
ACB-LN0000524,ACB-C003531,Personal Loan,2024-04-04,14975.82,1225.97,0.2136,84.0,Current,0,0,ACB-BR021
ACB-LN0000525,ACB-C012494,Auto Loan,2025-10-05,50357.91,15930.05,,240.0,Paid Off,0,0,ACB-BR030
ACB-LN0000526,ACB-C010332,Home Equity Loan,2024-11-17,58177.02,6685.04,0.1031,12.0,Current,0,0,ACB-BR061
ACB-LN0000527,ACB-C005407,Personal Loan,2021-08-11,23278.06,12980.67,0.1007,48.0,Written Off,0,1,ACB-BR001
ACB-LN0000528,ACB-C014842,Mortgage,2025-05-27,125951.79,114942.19,0.0679,180.0,Paid Off,0,0,ACB-BR072
ACB-LN0000529,ACB-C007454,Student Loan,2021-11-19,13613.12,3473.93,0.0566,360.0,90+ DPD,115,1,ACB-BR079
ACB-LN0000530,ACB-C010929,Auto Loan,2021-02-08,25915.4,15438.8,0.0858,60.0,30-59 DPD,52,0,ACB-BR049
ACB-LN0000531,ACB-C007302,Small Business Loan,2019-09-10,75868.21,47737.41,0.0896,84.0,Current,0,0,ACB-BR042
ACB-LN0000532,ACB-C008096,Home Equity Loan,2020-01-04,118089.18,102301.69,0.098,180.0,Current,0,0,ACB-BR050
ACB-LN0000533,ACB-C005310,Auto Loan,2023-02-02,53442.66,3648.22,0.1584,360.0,Current,0,0,ACB-BR041
ACB-LN0000534,ACB-C001780,Student Loan,2021-07-03,67754.1,3406.82,0.0829,36.0,Current,0,0,ACB-BR029
ACB-LN0000535,ACB-C004633,Personal Loan,2023-04-29,25755.26,4820.86,0.24,24.0,Current,0,0,ACB-BR025
ACB-LN0000536,ACB-C009336,Personal Loan,2023-02-14,19721.87,14360.17,0.1355,180.0,Current,0,0,ACB-BR004
ACB-LN0000537,ACB-C003749,Personal Loan,2023-04-18,23990.73,17897.8,0.2167,120.0,Current,0,0,ACB-BR021
ACB-LN0000538,ACB-C003944,Personal Loan,2019-01-07,6693.12,4216.92,0.2163,240.0,Current,0,0,ACB-BR004
ACB-LN0000539,ACB-C003302,Mortgage,2019-10-25,153665.9,103212.91,0.0725,360.0,90+ DPD,163,1,ACB-BR039
ACB-LN0000540,ACB-C000469,Small Business Loan,2024-04-23,92780.7,19051.31,0.1038,12.0,60-89 DPD,76,0,ACB-BR003
ACB-LN0000541,ACB-C007969,Mortgage,2024-12-21,323523.34,66828.24,0.071,120.0,Current,0,0,ACB-BR044
ACB-LN0000542,ACB-C013390,Home Equity Loan,2025-04-18,33451.16,5931.03,0.14,36.0,Current,0,0,ACB-BR079
ACB-LN0000543,ACB-C011293,Small Business Loan,2025-09-17,45749.63,3244.04,0.1218,180.0,Current,0,0,ACB-BR009
ACB-LN0000544,ACB-C008963,Student Loan,2025-11-05,20231.49,8474.31,0.0663,360.0,Paid Off,0,0,ACB-BR030
ACB-LN0000545,ACB-C001054,Mortgage,2024-08-11,503098.26,360912.13,0.0725,360.0,Current,0,0,ACB-BR066
ACB-LN0000546,ACB-C011184,Student Loan,2024-07-25,52485.15,23785.39,0.1029,48.0,Current,0,0,ACB-BR030
ACB-LN0000547,ACB-C006882,Auto Loan,2022-11-13,27562.44,1748.39,0.1378,12.0,Current,0,0,ACB-BR055
ACB-LN0000548,ACB-C014427,Auto Loan,2024-05-04,14510.33,9801.29,0.16,360.0,Current,0,0,ACB-BR078
ACB-LN0000549,ACB-C013689,Personal Loan,2021-04-24,20230.98,16980.01,0.1145,180.0,Current,0,0,ACB-BR075
ACB-LN0000550,ACB-C012810,Personal Loan,2023-05-04,24609.51,22615.85,0.24,12.0,Current,0,0,ACB-BR039
ACB-LN0000551,ACB-C007225,Auto Loan,2021-01-22,47097.39,45881.08,0.0871,24.0,Current,0,0,ACB-BR032
ACB-LN0000552,ACB-C003521,Auto Loan,2025-03-13,54347.54,15307.75,0.0661,60.0,Current,0,0,ACB-BR055
ACB-LN0000553,ACB-C011987,Auto Loan,2020-03-14,43173.34,23517.98,0.0984,84.0,Current,0,0,ACB-BR037
ACB-LN0000554,ACB-C006943,Personal Loan,2020-12-03,11817.51,9700.56,0.1434,12.0,Current,0,0,ACB-BR039
ACB-LN0000555,ACB-C014324,Student Loan,2023-03-25,37512.55,2799.0,0.0745,60.0,Current,0,0,ACB-BR074
ACB-LN0000556,ACB-C010540,Auto Loan,2022-11-21,54001.54,15789.36,0.0872,,Current,0,0,ACB-BR001
ACB-LN0000557,ACB-C003797,Home Equity Loan,2022-05-19,36848.5,28667.79,0.0827,48.0,Current,0,0,ACB-BR059
ACB-LN0000558,ACB-C006376,Mortgage,2024-04-12,568277.87,323328.81,0.0662,24.0,Current,0,0,ACB-BR011
ACB-LN0000559,ACB-C013200,Personal Loan,2024-02-28,14705.35,5095.24,0.1097,24.0,Current,0,0,ACB-BR041
ACB-LN0000560,ACB-C012104,Personal Loan,2026-03-19,18526.16,13158.73,0.1396,48.0,Current,0,0,ACB-BR046
ACB-LN0000561,ACB-C013677,Mortgage,2023-05-20,177004.8,128735.3,0.06,360.0,Current,0,0,ACB-BR003
ACB-LN0000562,ACB-C008089,Auto Loan,2025-04-26,28238.65,4651.47,0.1209,60.0,Paid Off,0,0,ACB-BR014
ACB-LN0000563,ACB-C007542,Mortgage,2022-03-03,410170.1,233543.97,0.033,180.0,Current,0,0,ACB-BR058
ACB-LN0000564,ACB-C004756,Home Equity Loan,2020-11-13,107022.34,89070.92,0.0721,36.0,Current,0,0,ACB-BR007
ACB-LN0000565,ACB-C000941,Mortgage,2021-01-27,172327.77,143955.59,0.065,180.0,90+ DPD,113,1,ACB-BR061
ACB-LN0000566,ACB-C011630,Mortgage,2019-09-18,130958.16,44297.89,0.0475,360.0,Current,0,0,ACB-BR026
ACB-LN0000567,ACB-C013019,Personal Loan,2023-02-06,22571.64,1428.65,0.1959,48.0,Current,0,0,ACB-BR008
ACB-LN0000568,ACB-C009240,Home Equity Loan,2024-11-27,47320.11,20625.91,0.1361,36.0,Current,0,0,ACB-BR069
ACB-LN0000569,ACB-C000868,Personal Loan,2023-09-08,22923.57,5064.72,0.24,180.0,Current,0,0,ACB-BR030
ACB-LN0000570,ACB-C014706,Mortgage,2019-07-14,398920.1,51894.94,0.0587,180.0,Paid Off,0,0,ACB-BR045
ACB-LN0000571,ACB-C013600,Mortgage,2024-11-12,537630.49,150029.86,0.0579,24.0,Paid Off,0,0,ACB-BR013
ACB-LN0000572,ACB-C005673,Auto Loan,2026-01-19,13261.86,6484.42,0.0941,12.0,Paid Off,0,0,ACB-BR060
ACB-LN0000573,ACB-C000251,Student Loan,2024-07-19,58499.1,20538.74,0.0694,48.0,Current,0,0,ACB-BR063
ACB-LN0000574,ACB-C000939,Student Loan,2025-08-08,38474.43,7023.06,0.0999,180.0,90+ DPD,152,1,ACB-BR058
ACB-LN0000575,ACB-C012071,Personal Loan,2024-08-17,15253.95,13464.1,0.1443,84.0,Current,0,0,ACB-BR036
ACB-LN0000576,ACB-C004769,Auto Loan,2021-04-26,52485.03,5326.76,0.1289,120.0,Current,0,0,ACB-BR018
ACB-LN0000577,ACB-C010436,Personal Loan,2019-08-07,22079.2,18764.04,0.2189,36.0,Current,0,0,ACB-BR051
ACB-LN0000578,ACB-C010075,Personal Loan,2020-02-28,24622.34,1953.96,,240.0,Current,0,0,ACB-BR061
ACB-LN0000579,ACB-C001196,Student Loan,2019-07-18,69680.09,21456.92,0.0876,60.0,Paid Off,0,0,ACB-BR072
ACB-LN0000580,ACB-C001387,Personal Loan,2022-04-03,8209.7,6813.14,0.2069,48.0,Current,0,0,ACB-BR052
ACB-LN0000581,ACB-C001236,Personal Loan,2019-06-08,19885.85,17134.66,0.123,60.0,Current,0,0,ACB-BR080
ACB-LN0000582,ACB-C002071,Auto Loan,2022-05-22,54234.35,43545.45,0.0775,240.0,Current,0,0,ACB-BR032
ACB-LN0000583,ACB-C009940,Student Loan,2021-07-20,15558.19,12640.05,0.0633,120.0,Current,0,0,ACB-BR027
ACB-LN0000584,ACB-C001195,Mortgage,2019-05-21,236909.49,62049.96,0.0667,240.0,Current,0,0,ACB-BR025
ACB-LN0000585,ACB-C010129,Personal Loan,2024-01-30,11185.26,9297.88,0.1167,84.0,Current,0,0,ACB-BR036
ACB-LN0000586,ACB-C006614,Mortgage,2021-10-30,278197.84,147648.02,0.0537,360.0,Current,0,0,ACB-BR077
ACB-LN0000587,ACB-C013405,Home Equity Loan,2021-06-18,116385.56,51114.81,0.0805,240.0,Current,0,0,ACB-BR032
ACB-LN0000588,ACB-C000409,Mortgage,2025-08-09,437237.92,167954.26,0.062,60.0,Current,0,0,ACB-BR054
ACB-LN0000589,ACB-C000518,Auto Loan,2025-04-03,51107.66,37083.51,0.1025,120.0,Current,0,0,ACB-BR041
ACB-LN0000590,ACB-C004373,Mortgage,2026-01-09,536395.54,160551.51,0.0538,240.0,Paid Off,0,0,ACB-BR001
ACB-LN0000591,ACB-C002042,Mortgage,2019-04-02,502069.68,476629.83,0.0547,240.0,30-59 DPD,46,0,ACB-BR028
ACB-LN0000592,ACB-C009264,Small Business Loan,2022-06-22,149277.74,98846.22,0.1264,360.0,Paid Off,0,0,ACB-BR078
ACB-LN0000593,ACB-C002287,Mortgage,2020-07-13,246641.76,110138.17,0.0334,120.0,Current,0,0,ACB-BR020
ACB-LN0000594,ACB-C005732,Mortgage,2023-09-16,564202.76,112663.36,0.0551,48.0,90+ DPD,123,1,ACB-BR055
ACB-LN0000595,ACB-C010280,Personal Loan,2025-03-17,28125.7,19768.65,,180.0,Current,0,0,ACB-BR078
ACB-LN0000596,ACB-C006049,Personal Loan,2019-02-19,32585.74,25835.33,0.0895,180.0,Paid Off,0,0,ACB-BR066
ACB-LN0000597,ACB-C014171,Small Business Loan,2020-06-19,32432.15,2394.85,0.1543,180.0,Current,0,0,ACB-BR022
ACB-LN0000598,ACB-C005876,Mortgage,2023-04-29,595883.62,146843.19,0.0593,240.0,60-89 DPD,87,0,ACB-BR010
ACB-LN0000599,ACB-C013435,Auto Loan,2019-10-22,23518.96,20818.34,0.0866,120.0,Default,346,1,ACB-BR073
ACB-LN0000600,ACB-C005876,Small Business Loan,2025-08-06,145834.52,109712.37,0.1099,240.0,Current,0,0,ACB-BR018
ACB-LN0000601,ACB-C013889,Mortgage,2020-09-19,605131.69,385679.81,0.0409,120.0,Default,138,1,ACB-BR046
ACB-LN0000602,ACB-C005101,Auto Loan,2025-05-15,21002.21,12268.65,0.16,48.0,Paid Off,0,0,ACB-BR034
ACB-LN0000603,ACB-C007625,Auto Loan,2024-10-06,9009.65,4686.28,0.138,48.0,Current,0,0,ACB-BR066
ACB-LN0000604,ACB-C006615,Mortgage,2021-01-01,626342.46,455667.42,0.0302,36.0,Current,0,0,ACB-BR060
ACB-LN0000605,ACB-C009344,Auto Loan,2020-09-08,13125.31,1496.36,0.046,120.0,Current,0,0,ACB-BR013
ACB-LN0000606,ACB-C014350,Auto Loan,2023-06-17,38310.48,26116.28,0.1409,84.0,Current,0,0,ACB-BR041
ACB-LN0000607,ACB-C001671,Mortgage,2024-05-28,213271.13,74314.75,0.0708,24.0,Current,0,0,ACB-BR051
ACB-LN0000608,ACB-C008306,Student Loan,2021-12-02,14852.86,4502.64,0.0775,240.0,Written Off,0,1,ACB-BR042
ACB-LN0000609,ACB-C007060,Personal Loan,2025-09-03,26546.58,25839.94,0.1754,60.0,Current,0,0,ACB-BR069
ACB-LN0000610,ACB-C000838,Personal Loan,2020-06-11,16904.82,3620.08,0.192,36.0,Current,0,0,ACB-BR043
ACB-LN0000611,ACB-C006573,Home Equity Loan,2020-05-20,87347.19,73666.83,0.1131,180.0,Current,0,0,ACB-BR008
ACB-LN0000612,ACB-C014349,Personal Loan,2020-04-27,34420.96,32735.28,0.1775,240.0,Current,0,0,ACB-BR033
ACB-LN0000613,ACB-C001626,Auto Loan,2024-08-27,13072.74,7575.01,0.0948,180.0,Current,0,0,ACB-BR080
ACB-LN0000614,ACB-C013729,Home Equity Loan,2025-12-22,47391.43,12528.19,0.0989,360.0,Default,211,1,ACB-BR005
ACB-LN0000615,ACB-C000066,Small Business Loan,2021-09-08,68217.75,18027.62,0.0967,60.0,Written Off,0,1,ACB-BR037
ACB-LN0000616,ACB-C006083,Auto Loan,2024-03-28,23129.53,6505.22,0.159,360.0,Current,0,0,ACB-BR070
ACB-LN0000617,ACB-C005531,Auto Loan,2020-10-23,51092.45,20508.56,0.0452,36.0,90+ DPD,157,1,ACB-BR048
ACB-LN0000618,ACB-C005619,Personal Loan,2019-08-29,24228.59,5555.11,0.1919,36.0,Current,0,0,ACB-BR023
ACB-LN0000619,ACB-C005190,Mortgage,2020-08-22,171285.99,41228.24,,180.0,Current,0,0,ACB-BR012
ACB-LN0000620,ACB-C007029,Auto Loan,2020-01-11,11066.11,3947.58,0.1202,60.0,Current,0,0,ACB-BR074
ACB-LN0000621,ACB-C009196,Mortgage,2021-09-03,343698.17,286428.8,0.0691,24.0,Current,0,0,ACB-BR008
ACB-LN0000622,ACB-C003580,Auto Loan,2025-04-30,19954.4,12067.27,0.1416,36.0,Default,330,1,ACB-BR078
ACB-LN0000623,ACB-C002865,Personal Loan,2019-05-04,31176.87,20586.77,0.2158,36.0,Current,0,0,ACB-BR080
ACB-LN0000624,ACB-C000760,Mortgage,2020-02-13,291937.16,235223.24,0.0371,48.0,Current,0,0,ACB-BR043
ACB-LN0000625,ACB-C001658,Personal Loan,2023-11-16,17955.26,9332.02,0.1185,240.0,Current,0,0,ACB-BR062
ACB-LN0000626,ACB-C013317,Student Loan,2024-08-21,73085.91,32378.15,0.0754,84.0,Current,0,0,ACB-BR074
ACB-LN0000627,ACB-C009274,Mortgage,2025-07-17,593721.04,488894.69,0.0607,240.0,Current,0,0,ACB-BR043
ACB-LN0000628,ACB-C009895,Auto Loan,2021-03-18,18927.11,12509.22,0.1024,360.0,Current,0,0,ACB-BR074
ACB-LN0000629,ACB-C005086,Personal Loan,2024-11-17,2903.79,1286.73,0.1508,84.0,Current,0,0,ACB-BR010
ACB-LN0000630,ACB-C005732,Personal Loan,2020-08-02,6150.33,3571.0,0.1036,240.0,Paid Off,0,0,ACB-BR058
ACB-LN0000631,ACB-C005974,Auto Loan,2020-09-23,23439.05,16989.81,0.1117,36.0,Current,0,0,ACB-BR067
ACB-LN0000632,ACB-C013829,Home Equity Loan,2022-12-17,84509.35,69931.49,0.1356,180.0,Current,0,0,ACB-BR007
ACB-LN0000633,ACB-C009415,Personal Loan,2026-01-03,6469.89,4889.03,0.24,360.0,30-59 DPD,41,0,ACB-BR080
ACB-LN0000634,ACB-C006392,Mortgage,2024-12-13,501100.63,139495.75,0.095,48.0,Current,0,0,ACB-BR014
ACB-LN0000635,ACB-C004293,Personal Loan,2022-05-29,29199.64,4977.38,0.0999,360.0,Current,0,0,ACB-BR072
ACB-LN0000636,ACB-C006406,Mortgage,2020-08-08,228212.44,216533.18,0.0638,360.0,Current,0,0,ACB-BR060
ACB-LN0000637,ACB-C009031,Student Loan,2023-03-08,30468.37,7584.21,0.0579,36.0,Current,0,0,ACB-BR040
ACB-LN0000638,ACB-C009002,Mortgage,2022-08-28,192880.83,42456.23,0.0756,240.0,Current,0,0,ACB-BR068
ACB-LN0000639,ACB-C004099,Home Equity Loan,2022-05-30,111387.7,8838.61,0.0659,48.0,Current,0,0,ACB-BR078
ACB-LN0000640,ACB-C006669,Mortgage,2020-04-09,591668.58,312496.97,0.072,36.0,90+ DPD,135,1,ACB-BR035
ACB-LN0000641,ACB-C014849,Auto Loan,2023-02-28,16386.34,9314.58,0.1223,24.0,Paid Off,0,0,ACB-BR056
ACB-LN0000642,ACB-C011455,Auto Loan,2023-10-09,36432.18,6705.86,0.1032,24.0,Current,0,0,ACB-BR047
ACB-LN0000643,ACB-C008139,Home Equity Loan,2019-08-23,109365.19,73729.41,0.0728,360.0,Current,0,0,ACB-BR069
ACB-LN0000644,ACB-C003348,Home Equity Loan,2021-11-04,106056.35,56461.7,0.0633,240.0,Current,0,0,ACB-BR078
ACB-LN0000645,ACB-C005349,Personal Loan,2020-07-30,6678.18,372.21,0.0998,60.0,Current,0,0,ACB-BR067
ACB-LN0000646,ACB-C011177,Auto Loan,2024-07-23,29648.07,19276.83,0.0913,360.0,Current,0,0,ACB-BR058
ACB-LN0000647,ACB-C014693,Mortgage,2022-05-20,262862.92,241941.54,0.0441,36.0,Paid Off,0,0,ACB-BR073
ACB-LN0000648,ACB-C008937,Auto Loan,2019-10-02,38255.93,5434.07,0.0507,24.0,Current,0,0,ACB-BR056
ACB-LN0000649,ACB-C006858,Personal Loan,2024-02-15,12424.87,8493.03,0.24,24.0,Current,0,0,ACB-BR052
ACB-LN0000650,ACB-C004604,Personal Loan,2019-03-06,34217.83,4488.55,0.2101,24.0,Current,0,0,ACB-BR016
ACB-LN0000651,ACB-C014185,Auto Loan,2023-03-15,35751.88,20804.06,0.0804,36.0,90+ DPD,137,1,ACB-BR050
ACB-LN0000652,ACB-C000754,Personal Loan,2026-03-16,9462.05,6923.46,0.24,180.0,Current,0,0,ACB-BR076
ACB-LN0000653,ACB-C000409,Personal Loan,2024-07-31,29863.43,14386.12,0.24,180.0,Current,0,0,ACB-BR048
ACB-LN0000654,ACB-C007540,Mortgage,2021-09-15,334906.93,64593.0,0.0475,24.0,30-59 DPD,56,0,ACB-BR061
ACB-LN0000655,ACB-C008212,Home Equity Loan,2024-11-15,83034.44,31529.24,0.1314,120.0,90+ DPD,141,1,ACB-BR022
ACB-LN0000656,ACB-C009097,Personal Loan,2019-12-01,30967.26,16139.87,0.0877,360.0,Current,0,0,ACB-BR027
ACB-LN0000657,ACB-C013867,Personal Loan,2024-04-02,19789.87,17147.3,0.2228,36.0,Paid Off,0,0,ACB-BR061
ACB-LN0000658,ACB-C009953,Mortgage,2023-12-21,549225.32,43279.96,0.0463,48.0,Current,0,0,ACB-BR022
ACB-LN0000659,ACB-C002208,Auto Loan,2021-06-19,41893.71,30888.29,0.0512,360.0,Paid Off,0,0,ACB-BR006
ACB-LN0000660,ACB-C011065,Home Equity Loan,2022-07-27,111873.59,76992.31,0.1159,240.0,Written Off,0,1,ACB-BR021
ACB-LN0000661,ACB-C012093,Mortgage,2024-11-09,514097.46,319408.02,0.0521,180.0,Current,0,0,ACB-BR055
ACB-LN0000662,ACB-C006312,Mortgage,2020-10-05,317259.47,165548.07,0.0596,36.0,Current,0,0,ACB-BR055
ACB-LN0000663,ACB-C004233,Personal Loan,2025-06-25,31351.27,19750.05,0.2213,120.0,Current,0,0,ACB-BR004
ACB-LN0000664,ACB-C011946,Auto Loan,2024-12-21,22934.55,18216.18,0.1046,360.0,Paid Off,0,0,ACB-BR075
ACB-LN0000665,ACB-C004387,Auto Loan,2020-05-01,10681.13,5229.58,0.1213,24.0,60-89 DPD,87,0,ACB-BR078
ACB-LN0000666,ACB-C003757,Personal Loan,2021-12-20,6892.74,4244.99,0.2034,180.0,60-89 DPD,61,0,ACB-BR025
ACB-LN0000667,ACB-C012122,Personal Loan,2022-08-21,20491.68,7594.6,0.2221,84.0,Paid Off,0,0,ACB-BR047
ACB-LN0000668,ACB-C003592,Mortgage,2021-02-19,520755.71,475415.89,0.0645,84.0,Current,0,0,ACB-BR007
ACB-LN0000669,ACB-C005395,Mortgage,2022-10-24,567407.09,447802.29,0.0465,240.0,Current,0,0,ACB-BR060
ACB-LN0000670,ACB-C011038,Student Loan,2021-02-28,5664.92,4178.51,0.0518,84.0,Current,0,0,ACB-BR004
ACB-LN0000671,ACB-C001990,Mortgage,2022-10-08,523529.31,499809.82,0.0478,12.0,Current,0,0,ACB-BR058
ACB-LN0000672,ACB-C001706,Mortgage,2026-01-19,363512.72,324543.29,0.0593,60.0,Current,0,0,ACB-BR051
ACB-LN0000673,ACB-C011627,Mortgage,2025-02-16,435303.47,275647.52,0.0801,360.0,Current,0,0,ACB-BR073
ACB-LN0000674,ACB-C001668,Mortgage,2023-01-16,317231.41,41924.8,0.0518,,Current,0,0,ACB-BR080
ACB-LN0000675,ACB-C006630,Home Equity Loan,2022-01-10,64594.78,53582.17,0.0971,24.0,Current,0,0,ACB-BR052
ACB-LN0000676,ACB-C004806,Mortgage,2021-09-18,443991.18,83990.02,0.0594,240.0,Default,197,1,ACB-BR018
ACB-LN0000677,ACB-C004122,Mortgage,2023-08-11,366976.7,205406.79,0.0906,360.0,Current,0,0,ACB-BR038
ACB-LN0000678,ACB-C013701,Home Equity Loan,2025-06-01,86764.11,74200.07,0.0773,180.0,Current,0,0,ACB-BR064
ACB-LN0000679,ACB-C010609,Personal Loan,2022-04-10,17571.67,13538.02,0.2074,360.0,Paid Off,0,0,ACB-BR011
ACB-LN0000680,ACB-C006979,Personal Loan,2019-08-26,10433.5,3821.67,0.0968,360.0,Current,0,0,ACB-BR048
ACB-LN0000681,ACB-C006669,Mortgage,2021-03-21,370666.93,82424.27,0.0396,84.0,Current,0,0,ACB-BR061
ACB-LN0000682,ACB-C012429,Auto Loan,2022-12-01,17151.78,12010.01,0.0608,12.0,Current,0,0,ACB-BR031
ACB-LN0000683,ACB-C001480,Mortgage,2020-06-11,526953.13,309315.84,0.0403,12.0,Current,0,0,ACB-BR021
ACB-LN0000684,ACB-C000387,Auto Loan,2021-05-06,21485.41,4505.99,0.061,12.0,Current,0,0,ACB-BR035
ACB-LN0000685,ACB-C000165,Personal Loan,2019-10-09,16034.4,8655.49,0.0842,360.0,Current,0,0,ACB-BR078
ACB-LN0000686,ACB-C011928,Mortgage,2025-06-21,567683.37,316992.45,0.0739,120.0,Current,0,0,ACB-BR002
ACB-LN0000687,ACB-C002862,Mortgage,2023-10-21,559605.09,43447.05,0.0477,24.0,Current,0,0,ACB-BR014
ACB-LN0000688,ACB-C012252,Personal Loan,2023-05-29,12421.05,7273.58,0.1717,24.0,Current,0,0,ACB-BR067
ACB-LN0000689,ACB-C010752,Personal Loan,2021-07-01,25244.92,3137.14,0.1542,60.0,Current,0,0,ACB-BR060
ACB-LN0000690,ACB-C003027,Auto Loan,2025-12-12,15663.13,2111.67,0.0732,240.0,Current,0,0,ACB-BR059
ACB-LN0000691,ACB-C004572,Student Loan,2019-09-23,50078.87,4677.17,0.0448,180.0,Current,0,0,ACB-BR006
ACB-LN0000692,ACB-C007956,Mortgage,2024-11-16,593592.89,246361.14,0.048,180.0,Current,0,0,ACB-BR027
ACB-LN0000693,ACB-C008167,Personal Loan,2021-06-25,7075.21,2388.15,0.1305,12.0,Current,0,0,ACB-BR026
ACB-LN0000694,ACB-C014944,Mortgage,2021-05-02,520522.25,225671.68,0.0538,84.0,Current,0,0,ACB-BR066
ACB-LN0000695,ACB-C007727,Mortgage,2024-03-26,206199.86,147511.98,0.045,84.0,Current,0,0,ACB-BR074
ACB-LN0000696,ACB-C009126,Home Equity Loan,2024-08-18,39511.72,25919.52,0.1094,120.0,Current,0,0,ACB-BR015
ACB-LN0000697,ACB-C011996,Personal Loan,2025-02-19,5351.31,4350.25,0.1859,60.0,Current,0,0,ACB-BR036
ACB-LN0000698,ACB-C006561,Auto Loan,2025-12-12,23492.36,1505.95,0.075,12.0,30-59 DPD,33,0,ACB-BR020
ACB-LN0000699,ACB-C004260,Mortgage,2022-07-29,644923.34,413516.53,0.0826,240.0,90+ DPD,127,1,ACB-BR070
ACB-LN0000700,ACB-C008064,Mortgage,2021-10-29,239594.53,162761.18,0.0498,48.0,Paid Off,0,0,ACB-BR040
ACB-LN0000701,ACB-C010385,Auto Loan,2023-04-26,43337.38,20652.35,0.1542,240.0,Current,0,0,ACB-BR068
ACB-LN0000702,ACB-C010190,Auto Loan,2023-04-09,31791.65,6473.55,0.0662,48.0,Paid Off,0,0,ACB-BR064
ACB-LN0000703,ACB-C007910,Personal Loan,2021-06-26,34255.35,21842.02,0.1734,180.0,Current,0,0,ACB-BR062
ACB-LN0000704,ACB-C007438,Student Loan,2025-09-25,67643.58,36818.62,0.0921,240.0,Current,0,0,ACB-BR055
ACB-LN0000705,ACB-C000588,Personal Loan,2023-11-19,22217.09,6768.37,0.24,48.0,Paid Off,0,0,ACB-BR061
ACB-LN0000706,ACB-C013695,Mortgage,2025-01-29,171443.25,40814.63,0.095,12.0,60-89 DPD,87,0,ACB-BR017
ACB-LN0000707,ACB-C012863,Home Equity Loan,2026-01-08,79571.34,32880.64,0.0803,24.0,Current,0,0,ACB-BR064
ACB-LN0000708,ACB-C006468,Auto Loan,2025-05-21,50110.76,9879.07,0.1266,36.0,Current,0,0,ACB-BR050
ACB-LN0000709,ACB-C014039,Home Equity Loan,2020-02-23,24314.85,23404.48,0.0776,120.0,Paid Off,0,0,ACB-BR049
ACB-LN0000710,ACB-C010299,Mortgage,2020-06-13,211178.83,139504.33,0.0484,36.0,Current,0,0,ACB-BR005
ACB-LN0000711,ACB-C011928,Auto Loan,2019-10-22,38032.23,4554.51,,12.0,Current,0,0,ACB-BR009
ACB-LN0000712,ACB-C006099,Student Loan,2021-02-11,36393.02,34088.53,0.0516,48.0,Current,0,0,ACB-BR069
ACB-LN0000713,ACB-C005522,Mortgage,2020-04-23,367824.67,156456.58,0.0604,120.0,Current,0,0,ACB-BR062
ACB-LN0000714,ACB-C010494,Personal Loan,2023-01-03,7045.52,6513.68,0.171,180.0,Current,0,0,ACB-BR044
ACB-LN0000715,ACB-C011182,Mortgage,2026-02-28,324859.44,241225.4,0.0789,120.0,Current,0,0,ACB-BR005
ACB-LN0000716,ACB-C012224,Home Equity Loan,2024-06-12,46957.52,10428.37,0.0867,36.0,Current,0,0,ACB-BR067
ACB-LN0000717,ACB-C002952,Home Equity Loan,2019-01-11,26659.36,17217.28,0.0613,60.0,Current,0,0,ACB-BR036
ACB-LN0000718,ACB-C000728,Student Loan,2022-07-15,31289.63,12955.14,0.0762,24.0,Current,0,0,ACB-BR038
ACB-LN0000719,ACB-C005501,Mortgage,2024-08-22,592234.26,302934.77,0.0824,84.0,Current,0,0,ACB-BR025
ACB-LN0000720,ACB-C010161,Mortgage,2024-12-01,448713.77,305769.05,0.0788,180.0,Current,0,0,ACB-BR030
ACB-LN0000721,ACB-C002160,Personal Loan,2019-02-22,30415.69,3049.6,0.209,36.0,Current,0,0,ACB-BR066
ACB-LN0000722,ACB-C011174,Auto Loan,2022-07-24,26496.9,24564.33,0.1158,24.0,90+ DPD,118,1,ACB-BR003
ACB-LN0000723,ACB-C007792,Home Equity Loan,2021-06-05,100622.51,67622.65,0.0959,60.0,60-89 DPD,73,0,ACB-BR059
ACB-LN0000724,ACB-C001021,Small Business Loan,2024-03-09,82117.99,10677.26,0.1,180.0,Current,0,0,ACB-BR063
ACB-LN0000725,ACB-C011352,Home Equity Loan,2023-09-30,45455.93,44487.52,0.1167,360.0,Paid Off,0,0,ACB-BR068
ACB-LN0000726,ACB-C006399,Auto Loan,2022-12-07,13914.73,10409.14,0.16,60.0,Current,0,0,ACB-BR007
ACB-LN0000727,ACB-C005319,Personal Loan,2023-01-15,2454.57,1230.94,0.24,84.0,Paid Off,0,0,ACB-BR039
ACB-LN0000728,ACB-C013203,Student Loan,2023-05-09,20147.82,2350.76,0.0728,12.0,Current,0,0,ACB-BR040
ACB-LN0000729,ACB-C012802,Mortgage,2019-11-07,408463.1,133923.2,0.0518,48.0,Current,0,0,ACB-BR042
ACB-LN0000730,ACB-C004712,Mortgage,2020-12-27,451759.01,399070.55,0.0345,60.0,Current,0,0,ACB-BR016
ACB-LN0000731,ACB-C011095,Home Equity Loan,2025-03-03,31712.61,30466.19,0.0769,180.0,Current,0,0,ACB-BR004
ACB-LN0000732,ACB-C013791,Personal Loan,2021-04-03,12220.84,4592.61,0.124,240.0,90+ DPD,144,1,ACB-BR002
ACB-LN0000733,ACB-C004043,Mortgage,2021-09-10,645445.25,487939.4,,,Current,0,0,ACB-BR075
ACB-LN0000734,ACB-C002012,Mortgage,2023-01-07,333193.66,186483.03,0.073,84.0,60-89 DPD,84,0,ACB-BR078
ACB-LN0000735,ACB-C013801,Personal Loan,2024-05-02,26058.61,22059.78,0.1571,84.0,Current,0,0,ACB-BR037
ACB-LN0000736,ACB-C001234,Small Business Loan,2022-05-25,184951.03,120424.36,0.0715,12.0,Current,0,0,ACB-BR042
ACB-LN0000737,ACB-C010620,Personal Loan,2025-04-03,12049.4,3370.34,0.1583,180.0,Current,0,0,ACB-BR068
ACB-LN0000738,ACB-C002329,Personal Loan,2021-06-29,6720.91,2826.35,0.1707,24.0,Current,0,0,ACB-BR070
ACB-LN0000739,ACB-C003925,Auto Loan,2022-04-29,31549.45,27125.11,0.0527,240.0,Current,0,0,ACB-BR009
ACB-LN0000740,ACB-C008953,Home Equity Loan,2019-03-30,42365.57,4875.22,0.1134,48.0,Current,0,0,ACB-BR035
ACB-LN0000741,ACB-C010323,Personal Loan,2019-11-02,11467.21,9720.59,,60.0,Current,0,0,ACB-BR022
ACB-LN0000742,ACB-C003664,Home Equity Loan,2020-04-06,46043.94,29365.66,0.0613,360.0,Current,0,0,ACB-BR003
ACB-LN0000743,ACB-C004669,Auto Loan,2022-02-18,28831.49,6463.02,0.116,240.0,Current,0,0,ACB-BR044
ACB-LN0000744,ACB-C008514,Auto Loan,2020-12-04,38992.67,30044.77,0.1372,24.0,Current,0,0,ACB-BR066
ACB-LN0000745,ACB-C003607,Student Loan,2022-07-08,42461.33,32376.32,0.092,360.0,Current,0,0,ACB-BR074
ACB-LN0000746,ACB-C005511,Mortgage,2019-06-28,224953.93,109936.71,0.0531,36.0,30-59 DPD,47,0,ACB-BR052
ACB-LN0000747,ACB-C014172,Mortgage,2021-03-06,469823.1,323624.69,0.063,120.0,Current,0,0,ACB-BR018
ACB-LN0000748,ACB-C004502,Mortgage,2019-11-14,162048.17,15801.13,0.068,48.0,Current,0,0,ACB-BR063
ACB-LN0000749,ACB-C000302,Home Equity Loan,2023-08-31,16946.27,1918.73,0.117,360.0,Current,0,0,ACB-BR060
ACB-LN0000750,ACB-C011189,Mortgage,2022-02-27,284108.93,254629.74,0.0632,48.0,Current,0,0,ACB-BR028
ACB-LN0000751,ACB-C012656,Home Equity Loan,2022-05-20,48554.52,19660.26,0.0987,84.0,60-89 DPD,71,0,ACB-BR011
ACB-LN0000752,ACB-C011992,Student Loan,2023-08-17,71207.87,36822.11,0.105,120.0,Paid Off,0,0,ACB-BR034
ACB-LN0000753,ACB-C011338,Auto Loan,2025-04-17,54566.87,26234.69,0.0845,36.0,Current,0,0,ACB-BR008
ACB-LN0000754,ACB-C005462,Auto Loan,2023-04-13,54157.94,34424.42,0.1234,84.0,Current,0,0,ACB-BR010
ACB-LN0000755,ACB-C003380,Personal Loan,2026-02-20,12096.63,5022.09,0.2278,12.0,Current,0,0,ACB-BR065
ACB-LN0000756,ACB-C007360,Mortgage,2026-01-23,168208.25,163095.4,,84.0,Current,0,0,ACB-BR046
ACB-LN0000757,ACB-C003349,Home Equity Loan,2022-04-25,58810.83,29402.13,0.0882,180.0,60-89 DPD,60,0,ACB-BR004
ACB-LN0000758,ACB-C009151,Auto Loan,2023-06-15,24981.85,5278.99,0.1393,60.0,30-59 DPD,52,0,ACB-BR040
ACB-LN0000759,ACB-C003663,Auto Loan,2019-05-09,46399.36,19968.34,0.1122,48.0,Current,0,0,ACB-BR039
ACB-LN0000760,ACB-C000814,Home Equity Loan,2021-04-15,83539.42,11751.82,0.1088,24.0,Paid Off,0,0,ACB-BR022
ACB-LN0000761,ACB-C013176,Home Equity Loan,2023-10-07,112050.38,14483.67,0.14,84.0,Current,0,0,ACB-BR036
ACB-LN0000762,ACB-C000591,Mortgage,2019-11-03,404058.85,176950.78,0.0593,24.0,Current,0,0,ACB-BR073
ACB-LN0000763,ACB-C014045,Personal Loan,2021-09-03,17889.1,12289.19,0.0994,12.0,60-89 DPD,86,0,ACB-BR007
ACB-LN0000764,ACB-C004468,Personal Loan,2025-01-13,31705.09,2196.17,0.2174,,Paid Off,0,0,ACB-BR074
ACB-LN0000765,ACB-C002453,Personal Loan,2019-04-18,8521.03,3064.26,0.2163,240.0,Current,0,0,ACB-BR065
ACB-LN0000766,ACB-C008284,Auto Loan,2021-06-05,12938.61,4650.42,0.1155,240.0,Current,0,0,ACB-BR028
ACB-LN0000767,ACB-C001677,Auto Loan,2021-08-26,33954.66,14154.49,0.0665,180.0,Written Off,0,1,ACB-BR078
ACB-LN0000768,ACB-C007932,Personal Loan,2026-03-02,31808.45,18738.69,0.24,60.0,Current,0,0,ACB-BR020
ACB-LN0000769,ACB-C006509,Mortgage,2022-10-16,167070.14,123513.39,0.0412,48.0,90+ DPD,92,1,ACB-BR045
ACB-LN0000770,ACB-C009275,Auto Loan,2024-09-20,33928.68,10356.85,0.1422,120.0,Current,0,0,ACB-BR067
ACB-LN0000771,ACB-C004259,Mortgage,2025-03-09,217082.87,131387.0,0.0732,180.0,Paid Off,0,0,ACB-BR037
ACB-LN0000772,ACB-C007211,Home Equity Loan,2019-04-12,37496.39,15133.67,0.09,24.0,Current,0,0,ACB-BR045
ACB-LN0000773,ACB-C006766,Mortgage,2020-06-25,562519.71,439891.77,0.0657,36.0,Current,0,0,ACB-BR018
ACB-LN0000774,ACB-C013519,Small Business Loan,2021-03-14,69683.58,34886.47,0.1726,12.0,Paid Off,0,0,ACB-BR029
ACB-LN0000775,ACB-C010053,Mortgage,2019-01-26,637772.91,543773.02,0.04,84.0,Current,0,0,ACB-BR030
ACB-LN0000776,ACB-C000252,Personal Loan,2025-10-31,12169.91,9521.16,0.24,120.0,Current,0,0,ACB-BR059
ACB-LN0000777,ACB-C007581,Mortgage,2022-04-08,201596.17,75991.78,0.074,120.0,Current,0,0,ACB-BR029
ACB-LN0000778,ACB-C010356,Personal Loan,2019-04-30,24952.06,19315.51,0.1111,48.0,Current,0,0,ACB-BR014
ACB-LN0000779,ACB-C011161,Small Business Loan,2023-03-31,197434.32,162887.73,0.0926,240.0,Current,0,0,ACB-BR021
ACB-LN0000780,ACB-C010389,Personal Loan,2026-02-02,29236.76,1718.41,0.1234,360.0,Current,0,0,ACB-BR030
ACB-LN0000781,ACB-C013013,Personal Loan,2022-04-16,15901.33,7641.02,0.0803,120.0,Current,0,0,ACB-BR054
ACB-LN0000782,ACB-C008345,Small Business Loan,2024-12-02,35980.7,3615.12,0.1027,12.0,Current,0,0,ACB-BR044
ACB-LN0000783,ACB-C006022,Personal Loan,2023-04-01,20032.57,5195.0,0.24,60.0,Current,0,0,ACB-BR040
ACB-LN0000784,ACB-C012224,Auto Loan,2022-06-29,9834.12,2758.28,0.1042,48.0,Current,0,0,ACB-BR040
ACB-LN0000785,ACB-C008874,Student Loan,2022-01-16,5212.2,3080.96,0.0524,,Current,0,0,ACB-BR061
ACB-LN0000786,ACB-C002651,Auto Loan,2025-03-31,15232.77,1408.9,0.16,12.0,Current,0,0,ACB-BR047
ACB-LN0000787,ACB-C006453,Personal Loan,2022-02-07,15765.03,1257.54,0.2062,180.0,Current,0,0,ACB-BR072
ACB-LN0000788,ACB-C002409,Auto Loan,2021-02-20,34048.49,31067.06,0.0788,240.0,Current,0,0,ACB-BR036
ACB-LN0000789,ACB-C005495,Small Business Loan,2021-09-01,124689.13,46091.03,0.1141,360.0,Current,0,0,ACB-BR048
ACB-LN0000790,ACB-C009365,Home Equity Loan,2024-11-08,50934.5,33574.51,0.14,84.0,Current,0,0,ACB-BR001
ACB-LN0000791,ACB-C006208,Mortgage,2024-01-06,154803.74,70761.25,0.0897,240.0,Current,0,0,ACB-BR073
ACB-LN0000792,ACB-C014668,Personal Loan,2021-03-03,19070.2,1392.67,0.1893,240.0,Current,0,0,ACB-BR076
ACB-LN0000793,ACB-C001009,Home Equity Loan,2019-09-17,18860.83,13146.0,0.0682,180.0,Current,0,0,ACB-BR021
ACB-LN0000794,ACB-C000190,Mortgage,2021-10-26,506115.34,304649.48,0.0656,48.0,Current,0,0,ACB-BR079
ACB-LN0000795,ACB-C013698,Auto Loan,2025-10-05,27686.06,3691.07,0.1317,360.0,90+ DPD,180,1,ACB-BR004
ACB-LN0000796,ACB-C001330,Personal Loan,2022-05-09,34803.77,14677.27,0.2047,84.0,Current,0,0,ACB-BR060
ACB-LN0000797,ACB-C005021,Mortgage,2019-06-07,246166.83,148350.47,0.0624,360.0,Current,0,0,ACB-BR078
ACB-LN0000798,ACB-C014828,Mortgage,2024-07-12,276639.81,125533.59,0.0675,60.0,Current,0,0,ACB-BR012
ACB-LN0000799,ACB-C006444,Personal Loan,2023-11-20,24536.43,17774.28,0.1459,24.0,Current,0,0,ACB-BR044
ACB-LN0000800,ACB-C001978,Personal Loan,2022-07-28,2966.67,1178.9,,360.0,90+ DPD,143,1,ACB-BR003
ACB-LN0000801,ACB-C014573,Mortgage,2022-02-19,330644.0,227463.27,0.0542,60.0,Current,0,0,ACB-BR033
ACB-LN0000802,ACB-C007680,Mortgage,2024-04-01,561117.22,97086.64,0.095,36.0,30-59 DPD,48,0,ACB-BR080
ACB-LN0000803,ACB-C006903,Home Equity Loan,2024-01-28,94433.42,22696.95,0.1287,240.0,90+ DPD,143,1,ACB-BR045
ACB-LN0000804,ACB-C000086,Auto Loan,2024-10-02,38509.47,7196.01,0.0729,60.0,Current,0,0,ACB-BR020
ACB-LN0000805,ACB-C009868,Small Business Loan,2020-02-22,83945.84,67093.56,0.0781,,Current,0,0,ACB-BR048
ACB-LN0000806,ACB-C001830,Auto Loan,2022-02-13,11800.77,9554.4,0.1361,360.0,Current,0,0,ACB-BR008
ACB-LN0000807,ACB-C002022,Mortgage,2023-02-24,266398.94,230642.82,0.054,360.0,Default,235,1,ACB-BR036
ACB-LN0000808,ACB-C009654,Personal Loan,2026-02-14,6281.21,3116.13,0.24,48.0,Current,0,0,ACB-BR065
ACB-LN0000809,ACB-C001761,Personal Loan,2022-07-26,27905.85,21216.7,0.24,120.0,Paid Off,0,0,ACB-BR029
ACB-LN0000810,ACB-C003953,Student Loan,2022-09-07,34067.12,22626.97,0.0925,240.0,Current,0,0,ACB-BR062
ACB-LN0000811,ACB-C001509,Mortgage,2023-02-12,245897.74,95609.63,0.0671,,Current,0,0,ACB-BR067
ACB-LN0000812,ACB-C008685,Mortgage,2021-04-29,300287.91,18298.65,0.051,48.0,Current,0,0,ACB-BR064
ACB-LN0000813,ACB-C009884,Mortgage,2023-08-01,179987.99,28152.6,0.092,36.0,Current,0,0,ACB-BR072
ACB-LN0000814,ACB-C008661,Student Loan,2024-06-27,63552.13,49488.91,0.0547,36.0,Current,0,0,ACB-BR066
ACB-LN0000815,ACB-C010796,Mortgage,2022-04-07,440483.33,143682.6,0.0488,180.0,Current,0,0,ACB-BR011
ACB-LN0000816,ACB-C012023,Home Equity Loan,2019-09-19,62930.93,50759.9,0.1009,360.0,Current,0,0,ACB-BR066
ACB-LN0000817,ACB-C001329,Small Business Loan,2025-08-03,115297.98,21572.31,0.1399,360.0,Current,0,0,ACB-BR055
ACB-LN0000818,ACB-C009403,Small Business Loan,2023-11-11,151205.6,104329.64,0.2,36.0,Current,0,0,ACB-BR051
ACB-LN0000819,ACB-C012780,Personal Loan,2022-05-29,34716.66,4272.35,0.165,36.0,Paid Off,0,0,ACB-BR036
ACB-LN0000820,ACB-C003827,Home Equity Loan,2020-11-03,18214.2,5215.45,0.0751,36.0,Current,0,0,ACB-BR004
ACB-LN0000821,ACB-C010799,Small Business Loan,2019-03-04,202774.19,72415.47,0.1566,60.0,Current,0,0,ACB-BR025
ACB-LN0000822,ACB-C006053,Small Business Loan,2023-05-18,234286.4,187597.89,0.2,180.0,Current,0,0,ACB-BR009
ACB-LN0000823,ACB-C010333,Student Loan,2019-07-28,54681.23,13784.38,0.0402,180.0,Current,0,0,ACB-BR029
ACB-LN0000824,ACB-C009162,Auto Loan,2024-06-04,43091.65,28771.7,0.16,180.0,Current,0,0,ACB-BR059
ACB-LN0000825,ACB-C012650,Home Equity Loan,2020-08-09,37399.21,18586.36,0.1156,24.0,30-59 DPD,30,0,ACB-BR072
ACB-LN0000826,ACB-C013267,Auto Loan,2019-03-09,39837.48,30856.17,0.1146,180.0,90+ DPD,93,1,ACB-BR008
ACB-LN0000827,ACB-C005133,Mortgage,2019-12-05,207092.48,110170.29,0.0707,48.0,Current,0,0,ACB-BR064
ACB-LN0000828,ACB-C007643,Personal Loan,2023-02-27,32768.29,21868.27,0.1497,24.0,Current,0,0,ACB-BR011
ACB-LN0000829,ACB-C013396,Mortgage,2021-08-15,150351.7,9628.15,0.0521,120.0,Current,0,0,ACB-BR076
ACB-LN0000830,ACB-C004968,Mortgage,2021-12-24,621408.21,327665.21,0.0304,60.0,Current,0,0,ACB-BR067
ACB-LN0000831,ACB-C002538,Personal Loan,2021-01-27,11183.28,7548.81,0.138,180.0,Paid Off,0,0,ACB-BR029
ACB-LN0000832,ACB-C014099,Student Loan,2020-05-24,64490.19,20541.87,0.0411,48.0,Current,0,0,ACB-BR034
ACB-LN0000833,ACB-C010650,Auto Loan,2025-02-22,52944.03,27058.08,0.1422,84.0,Current,0,0,ACB-BR049
ACB-LN0000834,ACB-C013000,Mortgage,2021-07-13,229884.41,190835.5,0.0571,120.0,Current,0,0,ACB-BR036
ACB-LN0000835,ACB-C003826,Auto Loan,2021-08-31,18460.56,6010.39,0.1294,36.0,Current,0,0,ACB-BR032
ACB-LN0000836,ACB-C004591,Personal Loan,2021-05-17,32216.73,12680.34,0.2125,12.0,Current,0,0,ACB-BR044
ACB-LN0000837,ACB-C006730,Personal Loan,2024-04-25,31407.02,6069.77,0.24,84.0,Current,0,0,ACB-BR015
ACB-LN0000838,ACB-C003815,Mortgage,2019-11-23,610464.1,202704.37,0.0493,24.0,Current,0,0,ACB-BR012
ACB-LN0000839,ACB-C009211,Auto Loan,2025-03-21,26839.99,23979.17,0.1351,24.0,Current,0,0,ACB-BR064
ACB-LN0000840,ACB-C001579,Personal Loan,2025-08-27,27018.72,25635.2,0.24,60.0,Current,0,0,ACB-BR044
ACB-LN0000841,ACB-C002312,Mortgage,2021-11-08,512518.23,332546.45,0.0352,240.0,Paid Off,0,0,ACB-BR012
ACB-LN0000842,ACB-C012467,Mortgage,2021-02-11,609933.28,328766.87,0.0726,48.0,Current,0,0,ACB-BR025
ACB-LN0000843,ACB-C003410,Personal Loan,2019-02-18,31991.97,29938.8,0.127,240.0,60-89 DPD,67,0,ACB-BR080
ACB-LN0000844,ACB-C001159,Personal Loan,2025-11-21,10977.35,1003.89,0.2121,180.0,Current,0,0,ACB-BR008
ACB-LN0000845,ACB-C012096,Personal Loan,2023-04-23,28375.08,16537.68,0.2114,360.0,Current,0,0,ACB-BR062
ACB-LN0000846,ACB-C007600,Mortgage,2022-08-10,594296.35,38056.46,0.0825,24.0,Current,0,0,ACB-BR078
ACB-LN0000847,ACB-C001707,Mortgage,2022-12-24,329310.92,100111.45,0.0649,60.0,Paid Off,0,0,ACB-BR079
ACB-LN0000848,ACB-C001560,Mortgage,2022-11-17,443276.18,360222.75,0.0735,240.0,Current,0,0,ACB-BR035
ACB-LN0000849,ACB-C002547,Auto Loan,2022-05-21,34065.03,24268.34,0.0722,84.0,Current,0,0,ACB-BR031
ACB-LN0000850,ACB-C009001,Personal Loan,2021-03-09,24836.22,22522.91,0.1397,48.0,Current,0,0,ACB-BR010
ACB-LN0000851,ACB-C007252,Small Business Loan,2023-04-05,203314.06,56404.08,0.2,60.0,Current,0,0,ACB-BR002
ACB-LN0000852,ACB-C012835,Personal Loan,2022-08-27,9631.75,7544.29,0.2319,84.0,Default,315,1,ACB-BR038
ACB-LN0000853,ACB-C014035,Auto Loan,2024-07-23,31438.95,6899.42,0.1017,240.0,30-59 DPD,31,0,ACB-BR030
ACB-LN0000854,ACB-C010986,Personal Loan,2025-09-30,4895.76,2440.49,0.1989,24.0,Current,0,0,ACB-BR035
ACB-LN0000855,ACB-C012789,Auto Loan,2025-01-13,35453.66,25106.66,0.0691,240.0,Current,0,0,ACB-BR049
ACB-LN0000856,ACB-C011078,Auto Loan,2019-03-16,46972.75,24417.72,0.0581,360.0,60-89 DPD,62,0,ACB-BR031
ACB-LN0000857,ACB-C010495,Small Business Loan,2025-09-02,147863.12,75383.85,0.1941,36.0,Paid Off,0,0,ACB-BR050
ACB-LN0000858,ACB-C004688,Small Business Loan,2024-01-11,40713.17,26537.2,0.2,360.0,Current,0,0,ACB-BR034
ACB-LN0000859,ACB-C013238,Small Business Loan,2020-07-28,93514.84,25064.23,0.1583,24.0,Current,0,0,ACB-BR036
ACB-LN0000860,ACB-C004981,Student Loan,2025-09-10,10717.91,3900.79,0.11,240.0,Current,0,0,ACB-BR015
ACB-LN0000861,ACB-C002266,Auto Loan,2025-09-12,50704.1,28248.36,0.0683,120.0,Default,351,1,ACB-BR013
ACB-LN0000862,ACB-C014704,Auto Loan,2019-06-20,15411.67,3971.65,0.087,240.0,Current,0,0,ACB-BR061
ACB-LN0000863,ACB-C012066,Auto Loan,2025-09-08,39268.72,14510.88,0.16,12.0,Current,0,0,ACB-BR021
ACB-LN0000864,ACB-C000893,Small Business Loan,2020-03-11,52558.59,8289.85,0.1295,36.0,Current,0,0,ACB-BR023
ACB-LN0000865,ACB-C014058,Mortgage,2025-02-11,337358.88,153862.38,,48.0,Current,0,0,ACB-BR041
ACB-LN0000866,ACB-C008361,Mortgage,2023-01-06,585387.24,50179.21,0.075,12.0,Current,0,0,ACB-BR044
ACB-LN0000867,ACB-C012731,Personal Loan,2024-01-11,10354.64,7753.77,0.1511,12.0,30-59 DPD,40,0,ACB-BR074
ACB-LN0000868,ACB-C003721,Home Equity Loan,2022-05-22,63982.27,24819.16,0.0677,24.0,90+ DPD,105,1,ACB-BR005
ACB-LN0000869,ACB-C011158,Auto Loan,2023-10-02,27042.86,9922.82,0.16,12.0,Current,0,0,ACB-BR078
ACB-LN0000870,ACB-C009133,Student Loan,2021-01-19,62731.99,24746.61,0.0546,48.0,Current,0,0,ACB-BR037
ACB-LN0000871,ACB-C010175,Personal Loan,2020-03-25,31209.66,24496.66,0.1005,48.0,30-59 DPD,51,0,ACB-BR023
ACB-LN0000872,ACB-C006457,Home Equity Loan,2020-05-02,41591.42,12636.92,0.0646,84.0,Current,0,0,ACB-BR028
ACB-LN0000873,ACB-C014539,Student Loan,2019-08-28,42430.48,39835.15,0.0861,240.0,Current,0,0,ACB-BR059
ACB-LN0000874,ACB-C010162,Mortgage,2024-01-08,189848.74,171800.24,0.0861,24.0,Current,0,0,ACB-BR007
ACB-LN0000875,ACB-C006048,Personal Loan,2025-09-25,16358.31,9977.28,0.2281,48.0,30-59 DPD,42,0,ACB-BR052
ACB-LN0000876,ACB-C002941,Student Loan,2021-04-26,37569.81,5787.0,0.0847,48.0,30-59 DPD,41,0,ACB-BR076
ACB-LN0000877,ACB-C008146,Home Equity Loan,2023-12-08,114786.77,31766.65,0.1197,12.0,Current,0,0,ACB-BR009
ACB-LN0000878,ACB-C014181,Personal Loan,2022-12-27,26043.67,6388.4,0.2185,240.0,Current,0,0,ACB-BR072
ACB-LN0000879,ACB-C002122,Personal Loan,2025-09-20,4790.77,1028.31,0.24,24.0,Current,0,0,ACB-BR075
ACB-LN0000880,ACB-C010156,Auto Loan,2025-05-26,44692.13,5026.56,0.0772,48.0,30-59 DPD,36,0,ACB-BR004
ACB-LN0000881,ACB-C011995,Mortgage,2023-09-01,309305.96,142934.63,0.081,120.0,Current,0,0,ACB-BR080
ACB-LN0000882,ACB-C013912,Personal Loan,2019-09-30,17722.05,7906.82,0.1837,120.0,Current,0,0,ACB-BR012
ACB-LN0000883,ACB-C001414,Personal Loan,2019-01-30,10358.37,9505.04,0.2085,360.0,60-89 DPD,86,0,ACB-BR070
ACB-LN0000884,ACB-C004947,Personal Loan,2022-11-23,8882.57,7538.84,0.1598,60.0,Current,0,0,ACB-BR059
ACB-LN0000885,ACB-C001594,Home Equity Loan,2019-10-26,71888.57,68666.88,0.0811,360.0,Current,0,0,ACB-BR027
ACB-LN0000886,ACB-C011785,Personal Loan,2020-02-01,21990.69,15784.35,0.1393,180.0,Default,208,1,ACB-BR042
ACB-LN0000887,ACB-C006151,Student Loan,2020-06-09,65376.45,46683.28,0.0866,24.0,Paid Off,0,0,ACB-BR012
ACB-LN0000888,ACB-C012375,Mortgage,2022-10-11,304002.67,186345.15,0.0754,36.0,Paid Off,0,0,ACB-BR014
ACB-LN0000889,ACB-C009789,Home Equity Loan,2025-11-11,110573.23,43385.93,0.0764,48.0,Current,0,0,ACB-BR010
ACB-LN0000890,ACB-C003208,Auto Loan,2021-07-03,38858.17,18614.63,0.0863,48.0,Current,0,0,ACB-BR029
ACB-LN0000891,ACB-C011830,Personal Loan,2024-10-17,22059.04,12559.58,0.24,120.0,Current,0,0,ACB-BR072
ACB-LN0000892,ACB-C003878,Auto Loan,2023-04-22,10902.59,10219.8,0.1299,12.0,Current,0,0,ACB-BR045
ACB-LN0000893,ACB-C010975,Mortgage,2024-02-15,153584.52,103564.62,0.095,360.0,Paid Off,0,0,ACB-BR038
ACB-LN0000894,ACB-C006450,Personal Loan,2020-07-06,21721.53,7602.53,0.1681,60.0,Current,0,0,ACB-BR054
ACB-LN0000895,ACB-C005113,Personal Loan,2025-01-12,13098.47,6214.13,0.1364,180.0,Current,0,0,ACB-BR030
ACB-LN0000896,ACB-C009128,Student Loan,2024-05-21,67303.05,55428.87,0.0694,48.0,Current,0,0,ACB-BR037
ACB-LN0000897,ACB-C003601,Auto Loan,2019-06-20,50307.91,32431.28,0.0553,240.0,Paid Off,0,0,ACB-BR060
ACB-LN0000898,ACB-C006439,Personal Loan,2020-07-29,14828.9,7754.02,0.1903,84.0,Current,0,0,ACB-BR003
ACB-LN0000899,ACB-C006908,Auto Loan,2025-12-10,37811.21,9683.32,0.1394,84.0,Current,0,0,ACB-BR039
ACB-LN0000900,ACB-C000608,Personal Loan,2023-12-24,9591.66,8854.64,0.24,180.0,Default,272,1,ACB-BR029
ACB-LN0000901,ACB-C012664,Student Loan,2022-12-22,7659.52,5496.19,0.093,120.0,Current,0,0,ACB-BR015
ACB-LN0000902,ACB-C007620,Personal Loan,2023-07-21,7375.62,2047.54,0.1752,48.0,Default,254,1,ACB-BR003
ACB-LN0000903,ACB-C001108,Small Business Loan,2025-10-08,228541.51,214190.73,0.1625,60.0,60-89 DPD,77,0,ACB-BR060
ACB-LN0000904,ACB-C008213,Auto Loan,2020-04-12,53191.29,16102.59,0.0931,180.0,Current,0,0,ACB-BR046
ACB-LN0000905,ACB-C010133,Personal Loan,2025-05-12,26847.69,8784.66,0.1974,360.0,Current,0,0,ACB-BR033
ACB-LN0000906,ACB-C010875,Personal Loan,2023-05-14,12486.01,2025.36,0.24,240.0,Current,0,0,ACB-BR079
ACB-LN0000907,ACB-C004210,Home Equity Loan,2023-01-17,42529.82,21815.11,0.1359,84.0,Current,0,0,ACB-BR011
ACB-LN0000908,ACB-C005726,Home Equity Loan,2026-03-06,87712.04,46140.78,0.1082,24.0,Paid Off,0,0,ACB-BR005
ACB-LN0000909,ACB-C003195,Mortgage,2022-09-19,322230.03,262558.84,0.0885,240.0,Current,0,0,ACB-BR023
ACB-LN0000910,ACB-C003603,Mortgage,2026-03-18,585306.29,492798.12,0.0679,84.0,Current,0,0,ACB-BR012
ACB-LN0000911,ACB-C005323,Auto Loan,2019-03-20,19626.44,7169.58,0.0675,60.0,Current,0,0,ACB-BR014
ACB-LN0000912,ACB-C012474,Auto Loan,2021-05-19,30477.64,4135.28,0.0956,24.0,Current,0,0,ACB-BR068
ACB-LN0000913,ACB-C011478,Auto Loan,2020-10-25,10169.98,632.82,0.0844,,Current,0,0,ACB-BR067
ACB-LN0000914,ACB-C009329,Personal Loan,2023-03-05,4323.74,283.63,0.24,60.0,Current,0,0,ACB-BR067
ACB-LN0000915,ACB-C005873,Mortgage,2021-10-30,399599.06,22575.18,0.0546,36.0,Paid Off,0,0,ACB-BR046
ACB-LN0000916,ACB-C012589,Home Equity Loan,2023-12-01,51660.65,10010.73,0.14,24.0,Current,0,0,ACB-BR001
ACB-LN0000917,ACB-C006649,Mortgage,2021-03-05,582484.94,501698.07,0.0368,120.0,Current,0,0,ACB-BR021
ACB-LN0000918,ACB-C007220,Personal Loan,2022-07-09,11165.39,10826.1,0.24,12.0,Paid Off,0,0,ACB-BR044
ACB-LN0000919,ACB-C011395,Personal Loan,2021-12-15,14315.54,8088.72,0.1561,240.0,Current,0,0,ACB-BR001
ACB-LN0000920,ACB-C004623,Auto Loan,2021-01-19,12530.25,6522.69,0.1087,48.0,Current,0,0,ACB-BR067
ACB-LN0000921,ACB-C014374,Mortgage,2024-10-16,562623.16,221658.16,0.095,24.0,Current,0,0,ACB-BR038
ACB-LN0000922,ACB-C014378,Personal Loan,2020-06-14,26571.49,9906.46,0.085,24.0,Current,0,0,ACB-BR067
ACB-LN0000923,ACB-C011069,Mortgage,2021-12-22,158828.34,92631.54,0.0602,240.0,Current,0,0,ACB-BR067
ACB-LN0000924,ACB-C013388,Small Business Loan,2023-04-23,81713.2,45363.41,0.1814,120.0,Current,0,0,ACB-BR031
ACB-LN0000925,ACB-C009696,Mortgage,2022-09-23,633855.35,54453.93,0.0419,180.0,Current,0,0,ACB-BR047
ACB-LN0000926,ACB-C003888,Personal Loan,2019-01-11,25357.56,6965.17,,60.0,Current,0,0,ACB-BR047
ACB-LN0000927,ACB-C005025,Mortgage,2023-02-01,643610.2,577077.55,0.0596,12.0,Paid Off,0,0,ACB-BR028
ACB-LN0000928,ACB-C001702,Auto Loan,2021-06-23,33097.52,5116.8,0.1398,12.0,60-89 DPD,81,0,ACB-BR049
ACB-LN0000929,ACB-C008349,Mortgage,2024-07-06,533408.64,63569.07,0.0903,36.0,Current,0,0,ACB-BR023
ACB-LN0000930,ACB-C014642,Auto Loan,2024-11-03,16626.28,1026.64,0.16,12.0,Current,0,0,ACB-BR058
ACB-LN0000931,ACB-C001283,Small Business Loan,2019-08-29,200276.69,127613.2,0.1065,36.0,Current,0,0,ACB-BR046
ACB-LN0000932,ACB-C002099,Auto Loan,2022-04-08,34459.14,15586.56,0.1016,48.0,Current,0,0,ACB-BR045
ACB-LN0000933,ACB-C005157,Mortgage,2020-05-22,516332.89,330300.15,0.0378,60.0,Current,0,0,ACB-BR052
ACB-LN0000934,ACB-C004439,Auto Loan,2022-04-13,15740.49,10948.12,0.0979,360.0,Current,0,0,ACB-BR023
ACB-LN0000935,ACB-C014217,Personal Loan,2023-07-04,9979.2,7116.32,0.24,60.0,Current,0,0,ACB-BR059
ACB-LN0000936,ACB-C008064,Home Equity Loan,2021-03-21,100897.11,29082.64,0.0569,60.0,Current,0,0,ACB-BR004
ACB-LN0000937,ACB-C001907,Mortgage,2020-07-23,271902.89,85650.86,0.0572,240.0,Current,0,0,ACB-BR072
ACB-LN0000938,ACB-C000719,Auto Loan,2020-11-01,33296.27,21333.01,0.1285,24.0,Current,0,0,ACB-BR021
ACB-LN0000939,ACB-C014393,Mortgage,2020-09-03,263087.67,240864.11,0.0555,84.0,Current,0,0,ACB-BR018
ACB-LN0000940,ACB-C007108,Personal Loan,2022-09-19,12038.09,7187.51,0.24,360.0,Current,0,0,ACB-BR036
ACB-LN0000941,ACB-C014803,Mortgage,2021-12-07,511865.0,160314.97,0.0659,120.0,Paid Off,0,0,ACB-BR068
ACB-LN0000942,ACB-C003802,Auto Loan,2023-07-09,17113.29,16253.15,0.1591,12.0,Current,0,0,ACB-BR030
ACB-LN0000943,ACB-C002012,Personal Loan,2026-02-08,24559.65,12294.83,0.24,48.0,Current,0,0,ACB-BR002
ACB-LN0000944,ACB-C011331,Auto Loan,2023-09-12,21002.7,19576.53,0.16,240.0,Current,0,0,ACB-BR032
ACB-LN0000945,ACB-C006493,Home Equity Loan,2019-07-01,68165.62,4850.39,0.0571,36.0,Current,0,0,ACB-BR051
ACB-LN0000946,ACB-C004191,Student Loan,2026-02-12,40786.18,6873.04,0.0898,180.0,60-89 DPD,70,0,ACB-BR003
ACB-LN0000947,ACB-C001771,Auto Loan,2019-12-11,43684.74,33609.74,0.0612,24.0,Current,0,0,ACB-BR061
ACB-LN0000948,ACB-C013637,Auto Loan,2023-01-02,13494.23,7159.32,0.0927,60.0,Paid Off,0,0,ACB-BR055
ACB-LN0000949,ACB-C008467,Auto Loan,2023-04-12,31242.92,6882.07,0.1241,120.0,Paid Off,0,0,ACB-BR021
ACB-LN0000950,ACB-C012349,Mortgage,2019-06-21,259119.41,69949.48,0.0363,36.0,Written Off,0,1,ACB-BR032
ACB-LN0000951,ACB-C009905,Personal Loan,2021-02-10,19036.64,7883.81,0.1164,84.0,Current,0,0,ACB-BR054
ACB-LN0000952,ACB-C009784,Auto Loan,2022-01-24,26158.21,21273.55,0.0522,120.0,Current,0,0,ACB-BR078
ACB-LN0000953,ACB-C006228,Mortgage,2020-06-13,152475.22,45153.1,0.0487,24.0,Paid Off,0,0,ACB-BR052
ACB-LN0000954,ACB-C009174,Mortgage,2024-12-16,120769.64,74777.3,0.0608,360.0,30-59 DPD,55,0,ACB-BR048
ACB-LN0000955,ACB-C003824,Personal Loan,2024-08-13,16762.8,14079.61,0.2309,48.0,Default,313,1,ACB-BR040
ACB-LN0000956,ACB-C010397,Mortgage,2026-03-31,550952.0,504539.51,0.0543,60.0,Current,0,0,ACB-BR021
ACB-LN0000957,ACB-C008953,Small Business Loan,2020-05-29,35651.58,21082.86,0.0715,48.0,Current,0,0,ACB-BR016
ACB-LN0000958,ACB-C010492,Home Equity Loan,2019-10-11,28626.49,15211.66,,180.0,Current,0,0,ACB-BR052
ACB-LN0000959,ACB-C013010,Mortgage,2021-05-08,312270.26,236514.58,0.0441,180.0,Paid Off,0,0,ACB-BR020
ACB-LN0000960,ACB-C005457,Auto Loan,2020-03-22,37955.11,32362.29,0.1105,240.0,Paid Off,0,0,ACB-BR075
ACB-LN0000961,ACB-C002667,Mortgage,2019-01-12,207141.14,140819.83,0.0693,36.0,Current,0,0,ACB-BR040
ACB-LN0000962,ACB-C006770,Mortgage,2019-05-10,419186.52,207168.62,0.0368,240.0,60-89 DPD,71,0,ACB-BR018
ACB-LN0000963,ACB-C001862,Auto Loan,2025-10-03,20356.64,13254.65,0.0696,180.0,60-89 DPD,72,0,ACB-BR078
ACB-LN0000964,ACB-C012726,Small Business Loan,2019-03-03,91249.37,4622.1,0.09,48.0,Current,0,0,ACB-BR011
ACB-LN0000965,ACB-C004235,Personal Loan,2021-01-15,19363.06,8778.13,0.1586,60.0,Current,0,0,ACB-BR070
ACB-LN0000966,ACB-C014850,Mortgage,2025-11-27,611254.36,347452.23,0.0421,120.0,Current,0,0,ACB-BR011
ACB-LN0000967,ACB-C009154,Student Loan,2020-12-08,46081.57,19725.55,,,Current,0,0,ACB-BR073
ACB-LN0000968,ACB-C012147,Home Equity Loan,2021-06-24,35847.37,14502.54,0.1021,360.0,60-89 DPD,75,0,ACB-BR041
ACB-LN0000969,ACB-C010195,Small Business Loan,2021-04-06,196359.08,76938.64,0.1241,180.0,Current,0,0,ACB-BR036
ACB-LN0000970,ACB-C014001,Auto Loan,2019-11-25,13915.78,5936.33,0.0705,48.0,Current,0,0,ACB-BR039
ACB-LN0000971,ACB-C000794,Mortgage,2021-10-22,266996.8,30526.53,0.0535,12.0,Current,0,0,ACB-BR032
ACB-LN0000972,ACB-C000500,Student Loan,2024-04-04,47731.75,14131.42,0.11,12.0,Current,0,0,ACB-BR047
ACB-LN0000973,ACB-C013656,Personal Loan,2025-01-22,24484.16,21406.41,0.1935,24.0,Current,0,0,ACB-BR064
ACB-LN0000974,ACB-C008926,Personal Loan,2022-10-24,17581.61,16790.25,0.151,48.0,Current,0,0,ACB-BR072
ACB-LN0000975,ACB-C002106,Home Equity Loan,2026-02-02,75445.09,73624.33,0.1033,48.0,30-59 DPD,40,0,ACB-BR022
ACB-LN0000976,ACB-C000486,Auto Loan,2022-05-03,52727.03,39755.76,0.0879,36.0,Current,0,0,ACB-BR055
ACB-LN0000977,ACB-C011059,Personal Loan,2024-10-25,17447.75,5463.71,0.2112,36.0,Current,0,0,ACB-BR060
ACB-LN0000978,ACB-C007672,Personal Loan,2022-08-23,2132.49,274.45,0.126,60.0,Current,0,0,ACB-BR003
ACB-LN0000979,ACB-C009834,Home Equity Loan,2024-01-27,97746.29,21931.18,0.1282,24.0,Current,0,0,ACB-BR056
ACB-LN0000980,ACB-C010831,Auto Loan,2025-08-27,36010.36,15069.48,0.0919,180.0,Paid Off,0,0,ACB-BR019
ACB-LN0000981,ACB-C002275,Home Equity Loan,2019-05-08,82592.75,14882.47,0.1036,36.0,Current,0,0,ACB-BR059
ACB-LN0000982,ACB-C003759,Auto Loan,2023-02-02,29861.79,17987.81,0.1078,60.0,Current,0,0,ACB-BR061
ACB-LN0000983,ACB-C003941,Mortgage,2025-02-05,238121.94,149149.38,0.0909,36.0,Current,0,0,ACB-BR063
ACB-LN0000984,ACB-C006832,Auto Loan,2024-06-24,51109.31,46736.33,0.1207,120.0,60-89 DPD,66,0,ACB-BR025
ACB-LN0000985,ACB-C011979,Auto Loan,2024-01-16,22048.57,6034.62,0.0822,240.0,Current,0,0,ACB-BR073
ACB-LN0000986,ACB-C013813,Auto Loan,2025-08-30,30198.16,22544.96,0.16,12.0,Paid Off,0,0,ACB-BR079
ACB-LN0000987,ACB-C013202,Personal Loan,2024-06-04,30865.5,25327.0,0.1912,180.0,Current,0,0,ACB-BR070
ACB-LN0000988,ACB-C002669,Student Loan,2025-12-04,69342.29,21873.06,0.0954,240.0,Current,0,0,ACB-BR038
ACB-LN0000989,ACB-C012416,Small Business Loan,2022-05-28,175651.91,145860.25,0.1285,48.0,Default,128,1,ACB-BR042
ACB-LN0000990,ACB-C000573,Auto Loan,2019-12-13,14161.0,4608.67,0.0739,84.0,Current,0,0,ACB-BR026
ACB-LN0000991,ACB-C014402,Personal Loan,2020-02-03,29203.23,28022.09,0.1516,48.0,Default,339,1,ACB-BR013
ACB-LN0000992,ACB-C013639,Personal Loan,2022-11-22,5147.94,2034.12,0.2221,36.0,Current,0,0,ACB-BR049
ACB-LN0000993,ACB-C005452,Home Equity Loan,2024-06-08,21090.31,11660.36,0.14,24.0,Current,0,0,ACB-BR007
ACB-LN0000994,ACB-C014128,Personal Loan,2025-09-04,4890.25,2013.42,0.24,,Current,0,0,ACB-BR049
ACB-LN0000995,ACB-C012727,Student Loan,2020-10-11,12869.64,6311.16,0.0516,84.0,Current,0,0,ACB-BR060
ACB-LN0000996,ACB-C008426,Mortgage,2021-12-15,555616.19,523190.14,0.0507,120.0,90+ DPD,120,1,ACB-BR025
ACB-LN0000997,ACB-C014758,Mortgage,2019-02-21,421933.89,357390.25,0.0587,180.0,Paid Off,0,0,ACB-BR026
ACB-LN0000998,ACB-C013337,Auto Loan,2019-06-05,22283.5,21400.11,0.1371,360.0,Paid Off,0,0,ACB-BR005
ACB-LN0000999,ACB-C006157,Mortgage,2020-10-16,616922.69,235976.52,0.0652,240.0,Current,0,0,ACB-BR069
ACB-LN0001000,ACB-C006405,Mortgage,2022-10-22,242141.49,75703.21,0.095,24.0,30-59 DPD,45,0,ACB-BR009
ACB-LN0001001,ACB-C002992,Personal Loan,2024-05-13,29613.3,5521.16,0.24,48.0,Current,0,0,ACB-BR031
ACB-LN0001002,ACB-C010839,Auto Loan,2021-11-02,31962.14,14440.4,0.1084,360.0,Current,0,0,ACB-BR058
ACB-LN0001003,ACB-C013151,Personal Loan,2024-04-24,31281.71,11215.95,0.2219,48.0,Current,0,0,ACB-BR044
ACB-LN0001004,ACB-C006380,Auto Loan,2023-04-03,49563.1,4768.22,0.0916,84.0,Current,0,0,ACB-BR038
ACB-LN0001005,ACB-C012345,Mortgage,2022-03-12,508066.23,73408.86,0.0747,84.0,Current,0,0,ACB-BR030
ACB-LN0001006,ACB-C014466,Mortgage,2019-06-12,493469.55,464870.27,,120.0,Current,0,0,ACB-BR050
ACB-LN0001007,ACB-C008729,Personal Loan,2024-01-06,17437.02,11606.05,0.189,36.0,90+ DPD,94,1,ACB-BR077
ACB-LN0001008,ACB-C008291,Personal Loan,2021-04-18,21333.49,1486.61,0.2044,240.0,Current,0,0,ACB-BR009
ACB-LN0001009,ACB-C013517,Auto Loan,2025-11-14,10810.09,4594.31,0.1124,36.0,Current,0,0,ACB-BR066
ACB-LN0001010,ACB-C007411,Student Loan,2023-02-28,64762.84,63403.23,0.0854,36.0,Current,0,0,ACB-BR019
ACB-LN0001011,ACB-C009491,Auto Loan,2022-08-16,22112.12,16912.16,0.0774,240.0,Current,0,0,ACB-BR079
ACB-LN0001012,ACB-C000736,Home Equity Loan,2023-06-29,21314.59,17649.41,0.1118,48.0,Paid Off,0,0,ACB-BR012
ACB-LN0001013,ACB-C006558,Student Loan,2019-06-14,57636.72,4056.29,0.0717,48.0,Current,0,0,ACB-BR026
ACB-LN0001014,ACB-C007072,Personal Loan,2024-10-26,16144.88,6172.85,0.1965,84.0,Current,0,0,ACB-BR027
ACB-LN0001015,ACB-C013698,Auto Loan,2023-10-31,31444.29,26938.77,0.16,120.0,30-59 DPD,34,0,ACB-BR023
ACB-LN0001016,ACB-C003980,Small Business Loan,2021-12-04,132762.1,124440.32,0.154,180.0,Current,0,0,ACB-BR049
ACB-LN0001017,ACB-C006729,Mortgage,2021-08-12,583970.18,450919.0,0.0542,36.0,Current,0,0,ACB-BR049
ACB-LN0001018,ACB-C014900,Home Equity Loan,2019-06-16,19990.89,16381.48,0.105,180.0,Paid Off,0,0,ACB-BR073
ACB-LN0001019,ACB-C003896,Mortgage,2021-09-29,357902.73,269073.79,0.0356,84.0,Current,0,0,ACB-BR066
ACB-LN0001020,ACB-C005646,Mortgage,2022-01-11,403475.18,245959.74,0.0598,360.0,90+ DPD,98,1,ACB-BR079
ACB-LN0001021,ACB-C003692,Mortgage,2026-01-31,466418.69,46787.85,0.0719,84.0,90+ DPD,170,1,ACB-BR049
ACB-LN0001022,ACB-C013655,Mortgage,2021-11-30,355965.93,122807.52,0.0645,240.0,Paid Off,0,0,ACB-BR078
ACB-LN0001023,ACB-C004342,Personal Loan,2019-01-19,12365.67,11617.9,0.1138,60.0,30-59 DPD,32,0,ACB-BR049
ACB-LN0001024,ACB-C012045,Auto Loan,2021-02-26,11204.95,5725.61,0.1244,120.0,Current,0,0,ACB-BR037
ACB-LN0001025,ACB-C014150,Student Loan,2022-07-23,44444.38,38591.1,0.0808,180.0,Current,0,0,ACB-BR052
ACB-LN0001026,ACB-C011986,Mortgage,2020-05-09,487663.37,347283.63,0.0329,12.0,Paid Off,0,0,ACB-BR022
ACB-LN0001027,ACB-C001342,Personal Loan,2020-09-06,18236.62,16670.29,0.2044,240.0,Current,0,0,ACB-BR075
ACB-LN0001028,ACB-C008182,Mortgage,2021-06-28,554723.03,195687.73,0.0316,240.0,Current,0,0,ACB-BR033
ACB-LN0001029,ACB-C003740,Auto Loan,2019-02-18,33732.9,21913.21,0.058,180.0,Current,0,0,ACB-BR067
ACB-LN0001030,ACB-C014547,Student Loan,2020-10-22,18129.03,7637.76,0.0667,240.0,Paid Off,0,0,ACB-BR014
ACB-LN0001031,ACB-C012751,Mortgage,2026-02-28,629441.42,571632.21,0.0629,360.0,Current,0,0,ACB-BR033
ACB-LN0001032,ACB-C003531,Personal Loan,2026-01-20,28614.85,9127.23,0.2006,360.0,Current,0,0,ACB-BR060
ACB-LN0001033,ACB-C009615,Personal Loan,2023-09-04,14521.43,963.54,0.24,120.0,Paid Off,0,0,ACB-BR035
ACB-LN0001034,ACB-C007252,Personal Loan,2023-05-07,8973.31,520.5,0.2214,180.0,Current,0,0,ACB-BR014
ACB-LN0001035,ACB-C010594,Home Equity Loan,2020-10-27,60704.55,58090.52,0.119,360.0,Current,0,0,ACB-BR032
ACB-LN0001036,ACB-C002227,Mortgage,2022-08-03,394932.86,363888.13,0.0666,60.0,Paid Off,0,0,ACB-BR019
ACB-LN0001037,ACB-C011376,Mortgage,2023-04-16,543925.51,288078.31,0.0553,36.0,Current,0,0,ACB-BR006
ACB-LN0001038,ACB-C007340,Auto Loan,2020-01-06,30011.62,8983.58,0.1314,360.0,Current,0,0,ACB-BR014
ACB-LN0001039,ACB-C011222,Mortgage,2019-06-15,417785.26,93906.26,0.068,36.0,Current,0,0,ACB-BR069
ACB-LN0001040,ACB-C014733,Home Equity Loan,2021-12-21,65965.94,46739.15,0.117,120.0,Current,0,0,ACB-BR065
ACB-LN0001041,ACB-C012204,Personal Loan,2024-04-19,26181.91,4736.29,0.1582,,Current,0,0,ACB-BR012
ACB-LN0001042,ACB-C014413,Auto Loan,2024-03-07,18768.98,11483.07,0.16,84.0,Current,0,0,ACB-BR066
ACB-LN0001043,ACB-C000870,Personal Loan,2026-03-27,30636.47,8411.56,0.1121,12.0,Default,284,1,ACB-BR027
ACB-LN0001044,ACB-C006584,Auto Loan,2019-05-16,46546.17,26529.94,0.1128,120.0,Current,0,0,ACB-BR005
ACB-LN0001045,ACB-C001685,Personal Loan,2026-03-30,25623.87,19525.38,0.1223,240.0,Current,0,0,ACB-BR075
ACB-LN0001046,ACB-C014385,Auto Loan,2020-08-29,28541.89,22343.38,0.0941,36.0,30-59 DPD,57,0,ACB-BR018
ACB-LN0001047,ACB-C004882,Personal Loan,2020-05-21,21197.04,7611.27,0.1103,240.0,Current,0,0,ACB-BR047
ACB-LN0001048,ACB-C001567,Student Loan,2024-09-14,48846.65,43864.7,0.0603,24.0,30-59 DPD,39,0,ACB-BR050
ACB-LN0001049,ACB-C007431,Personal Loan,2023-10-21,33049.02,19400.95,0.1961,36.0,Current,0,0,ACB-BR060
ACB-LN0001050,ACB-C005891,Auto Loan,2019-04-29,49783.72,6709.92,0.0823,84.0,Current,0,0,ACB-BR064
ACB-LN0001051,ACB-C006082,Personal Loan,2022-09-26,13302.25,8983.81,0.24,,Current,0,0,ACB-BR028
ACB-LN0001052,ACB-C000354,Home Equity Loan,2025-02-28,92787.63,76292.59,0.14,24.0,Paid Off,0,0,ACB-BR035
ACB-LN0001053,ACB-C010582,Mortgage,2024-03-15,328135.39,161224.93,0.0752,180.0,Current,0,0,ACB-BR056
ACB-LN0001054,ACB-C007032,Personal Loan,2022-09-16,2281.29,644.93,0.1821,360.0,Default,365,1,ACB-BR036
ACB-LN0001055,ACB-C008083,Personal Loan,2025-11-26,17859.28,2628.05,0.24,120.0,Current,0,0,ACB-BR043
ACB-LN0001056,ACB-C008651,Auto Loan,2020-05-09,29285.23,19126.17,0.0822,120.0,Current,0,0,ACB-BR041
ACB-LN0001057,ACB-C014043,Mortgage,2020-05-01,377214.02,284658.48,0.0746,180.0,Current,0,0,ACB-BR043
ACB-LN0001058,ACB-C001245,Mortgage,2025-06-20,598643.88,57558.17,0.0517,36.0,Current,0,0,ACB-BR032
ACB-LN0001059,ACB-C002934,Personal Loan,2024-01-24,19955.9,8006.27,0.24,120.0,Current,0,0,ACB-BR059
ACB-LN0001060,ACB-C003831,Small Business Loan,2019-02-22,112295.04,66639.0,0.1027,120.0,Paid Off,0,0,ACB-BR011
ACB-LN0001061,ACB-C001882,Mortgage,2022-03-21,212095.07,64752.57,0.0379,360.0,Current,0,0,ACB-BR005
ACB-LN0001062,ACB-C012620,Mortgage,2024-01-25,138181.05,70229.33,0.0878,36.0,Current,0,0,ACB-BR002
ACB-LN0001063,ACB-C005386,Personal Loan,2024-05-06,16482.55,7028.54,0.1272,36.0,Current,0,0,ACB-BR045
ACB-LN0001064,ACB-C003077,Home Equity Loan,2020-07-16,54892.99,41626.31,0.0675,12.0,Current,0,0,ACB-BR009
ACB-LN0001065,ACB-C006229,Mortgage,2020-11-27,263310.77,197145.25,0.0371,120.0,Current,0,0,ACB-BR075
ACB-LN0001066,ACB-C001797,Personal Loan,2019-09-14,4318.42,3262.73,0.2093,240.0,Current,0,0,ACB-BR046
ACB-LN0001067,ACB-C010523,Mortgage,2024-07-22,489968.58,127838.76,0.0939,240.0,Current,0,0,ACB-BR070
ACB-LN0001068,ACB-C006402,Personal Loan,2023-04-12,21052.96,17656.4,0.218,12.0,Current,0,0,ACB-BR031
ACB-LN0001069,ACB-C013647,Auto Loan,2022-08-16,41559.86,15795.83,0.1114,84.0,Current,0,0,ACB-BR032
ACB-LN0001070,ACB-C013494,Mortgage,2023-09-03,120639.26,48766.63,0.095,36.0,30-59 DPD,31,0,ACB-BR067
ACB-LN0001071,ACB-C005230,Home Equity Loan,2020-12-26,117902.5,108777.23,0.0943,240.0,Current,0,0,ACB-BR031
ACB-LN0001072,ACB-C004451,Personal Loan,2024-11-26,11066.88,7014.99,0.1966,60.0,Current,0,0,ACB-BR078
ACB-LN0001073,ACB-C000312,Small Business Loan,2019-07-31,244274.82,191007.17,0.0863,180.0,Current,0,0,ACB-BR029
ACB-LN0001074,ACB-C000030,Auto Loan,2026-01-02,45375.92,33321.64,0.1432,84.0,30-59 DPD,51,0,ACB-BR001
ACB-LN0001075,ACB-C007814,Student Loan,2024-02-21,74379.84,15779.45,0.11,120.0,Current,0,0,ACB-BR001
ACB-LN0001076,ACB-C011043,Mortgage,2024-04-07,532511.85,511777.73,0.0734,12.0,Current,0,0,ACB-BR004
ACB-LN0001077,ACB-C014490,Home Equity Loan,2025-02-01,30533.76,13673.46,0.1192,12.0,Paid Off,0,0,ACB-BR075
ACB-LN0001078,ACB-C013977,Student Loan,2020-12-06,54430.35,4624.97,0.0799,120.0,30-59 DPD,35,0,ACB-BR030
ACB-LN0001079,ACB-C002039,Student Loan,2019-11-16,20241.34,3738.96,0.0718,120.0,Current,0,0,ACB-BR033
ACB-LN0001080,ACB-C001375,Student Loan,2020-07-12,34170.07,2964.71,0.0839,60.0,Current,0,0,ACB-BR069
ACB-LN0001081,ACB-C004990,Personal Loan,2022-12-24,27423.72,2924.28,0.1776,360.0,Paid Off,0,0,ACB-BR025
ACB-LN0001082,ACB-C003535,Mortgage,2026-03-17,121079.46,90947.72,0.0549,360.0,Current,0,0,ACB-BR010
ACB-LN0001083,ACB-C009222,Mortgage,2021-06-27,505844.1,34938.05,0.072,360.0,Current,0,0,ACB-BR077
ACB-LN0001084,ACB-C003224,Mortgage,2022-01-15,306536.73,156084.09,0.0612,360.0,90+ DPD,157,1,ACB-BR066
ACB-LN0001085,ACB-C012457,Mortgage,2024-02-28,212062.98,206374.43,0.087,60.0,60-89 DPD,63,0,ACB-BR045
ACB-LN0001086,ACB-C001856,Auto Loan,2020-10-01,33463.98,28296.29,0.1103,48.0,90+ DPD,116,1,ACB-BR037
ACB-LN0001087,ACB-C005518,Home Equity Loan,2025-04-07,76987.23,27916.32,0.1136,60.0,Current,0,0,ACB-BR069
ACB-LN0001088,ACB-C003156,Home Equity Loan,2026-03-20,102172.77,68927.73,0.0906,24.0,Default,146,1,ACB-BR080
ACB-LN0001089,ACB-C009229,Small Business Loan,2021-11-17,183590.06,12634.21,0.1567,48.0,Current,0,0,ACB-BR007
ACB-LN0001090,ACB-C002903,Personal Loan,2020-04-12,27286.0,11164.72,0.2091,180.0,Paid Off,0,0,ACB-BR014
ACB-LN0001091,ACB-C012698,Home Equity Loan,2019-11-06,29778.92,6529.06,0.0656,240.0,Current,0,0,ACB-BR069
ACB-LN0001092,ACB-C013876,Auto Loan,2022-05-14,38645.39,15300.52,0.0821,60.0,Current,0,0,ACB-BR021
ACB-LN0001093,ACB-C007831,Small Business Loan,2019-03-08,121960.96,116859.49,0.1675,36.0,Paid Off,0,0,ACB-BR038
ACB-LN0001094,ACB-C010458,Auto Loan,2019-01-16,35283.1,12202.45,0.0943,120.0,Current,0,0,ACB-BR015
ACB-LN0001095,ACB-C000658,Mortgage,2026-02-23,524998.82,219117.97,0.0423,48.0,Current,0,0,ACB-BR010
ACB-LN0001096,ACB-C007462,Mortgage,2024-10-08,444122.08,245667.05,0.0625,48.0,Current,0,0,ACB-BR070
ACB-LN0001097,ACB-C004216,Mortgage,2023-01-27,147146.9,119930.99,0.095,36.0,90+ DPD,179,1,ACB-BR002
ACB-LN0001098,ACB-C002758,Personal Loan,2022-02-14,16790.45,1744.58,0.1042,240.0,Current,0,0,ACB-BR023
ACB-LN0001099,ACB-C011573,Auto Loan,2021-01-04,10541.11,9330.12,0.1346,24.0,Current,0,0,ACB-BR060
ACB-LN0001100,ACB-C000386,Personal Loan,2023-10-03,28662.77,9712.57,0.1639,36.0,60-89 DPD,81,0,ACB-BR016
ACB-LN0001101,ACB-C012962,Student Loan,2021-05-11,74208.87,20196.21,0.0666,120.0,Current,0,0,ACB-BR008
ACB-LN0001102,ACB-C001073,Auto Loan,2024-02-23,45055.64,43766.63,0.1299,240.0,30-59 DPD,47,0,ACB-BR033
ACB-LN0001103,ACB-C008723,Auto Loan,2020-08-20,47545.84,29008.24,0.0721,84.0,Current,0,0,ACB-BR005
ACB-LN0001104,ACB-C007911,Auto Loan,2025-05-29,38113.37,17928.34,0.1191,120.0,Current,0,0,ACB-BR018
ACB-LN0001105,ACB-C013872,Auto Loan,2020-07-03,50025.62,6674.43,0.1152,84.0,Current,0,0,ACB-BR055
ACB-LN0001106,ACB-C012728,Auto Loan,2019-09-25,20397.0,2549.45,0.0683,48.0,Current,0,0,ACB-BR026
ACB-LN0001107,ACB-C012060,Personal Loan,2023-04-25,22779.46,8801.83,0.24,12.0,Current,0,0,ACB-BR042
ACB-LN0001108,ACB-C003385,Student Loan,2024-06-02,20178.83,11434.95,0.0849,240.0,Current,0,0,ACB-BR052
ACB-LN0001109,ACB-C010935,Auto Loan,2023-08-28,43057.02,12414.72,0.16,24.0,Current,0,0,ACB-BR049
ACB-LN0001110,ACB-C012959,Auto Loan,2019-11-14,35699.03,8885.22,0.1246,36.0,Current,0,0,ACB-BR060
ACB-LN0001111,ACB-C010490,Personal Loan,2023-02-22,20568.07,10933.67,0.1952,84.0,60-89 DPD,85,0,ACB-BR070
ACB-LN0001112,ACB-C010938,Small Business Loan,2021-03-06,169554.26,108760.33,0.1435,24.0,Current,0,0,ACB-BR076
ACB-LN0001113,ACB-C005261,Auto Loan,2020-03-20,41438.22,14989.24,0.1046,120.0,Paid Off,0,0,ACB-BR041
ACB-LN0001114,ACB-C002190,Personal Loan,2021-03-15,26406.02,21568.84,0.1287,360.0,Paid Off,0,0,ACB-BR059
ACB-LN0001115,ACB-C000379,Auto Loan,2025-09-20,31902.33,16740.68,0.1537,48.0,Current,0,0,ACB-BR039
ACB-LN0001116,ACB-C009805,Mortgage,2022-10-25,171224.21,139921.59,0.0864,36.0,Paid Off,0,0,ACB-BR021
ACB-LN0001117,ACB-C007377,Mortgage,2023-05-31,134455.37,125527.61,0.089,360.0,90+ DPD,143,1,ACB-BR026
ACB-LN0001118,ACB-C007093,Personal Loan,2025-08-15,16857.7,2525.01,0.1498,120.0,Current,0,0,ACB-BR031
ACB-LN0001119,ACB-C010006,Auto Loan,2021-09-05,42444.36,36889.72,0.1332,120.0,Current,0,0,ACB-BR050
ACB-LN0001120,ACB-C007904,Personal Loan,2024-02-18,13808.44,8858.72,0.1271,12.0,Current,0,0,ACB-BR080
ACB-LN0001121,ACB-C001032,Mortgage,2020-11-01,442487.2,238308.35,0.0368,180.0,Current,0,0,ACB-BR073
ACB-LN0001122,ACB-C010239,Auto Loan,2022-11-28,49002.05,3993.23,0.1589,24.0,Current,0,0,ACB-BR060
ACB-LN0001123,ACB-C012421,Home Equity Loan,2022-10-09,37711.78,3937.06,0.1071,24.0,Written Off,0,1,ACB-BR002
ACB-LN0001124,ACB-C002341,Personal Loan,2023-10-10,19313.1,18226.66,0.2309,84.0,Current,0,0,ACB-BR025
ACB-LN0001125,ACB-C010976,Small Business Loan,2022-03-15,80834.42,22909.32,0.1298,12.0,Current,0,0,ACB-BR066
ACB-LN0001126,ACB-C011653,Mortgage,2022-12-26,223225.05,206688.52,0.0409,240.0,Current,0,0,ACB-BR026
ACB-LN0001127,ACB-C011233,Student Loan,2024-01-20,22025.52,16251.79,0.0617,120.0,Current,0,0,ACB-BR036
ACB-LN0001128,ACB-C013574,Mortgage,2026-01-03,259869.18,20521.05,0.0766,48.0,Current,0,0,ACB-BR067
ACB-LN0001129,ACB-C000348,Mortgage,2023-04-21,515919.47,103689.75,0.0786,240.0,Current,0,0,ACB-BR006
ACB-LN0001130,ACB-C009814,Auto Loan,2020-03-10,44878.02,32013.45,0.1339,240.0,Paid Off,0,0,ACB-BR050
ACB-LN0001131,ACB-C003050,Auto Loan,2020-03-25,50452.23,35001.86,0.1053,180.0,Current,0,0,ACB-BR034
ACB-LN0001132,ACB-C006457,Mortgage,2022-07-20,172295.71,159080.01,0.0701,36.0,Current,0,0,ACB-BR023
ACB-LN0001133,ACB-C006658,Home Equity Loan,2020-06-26,91343.85,29350.83,0.0817,180.0,Current,0,0,ACB-BR002
ACB-LN0001134,ACB-C001957,Mortgage,2019-09-01,367151.71,119801.63,0.0301,120.0,Current,0,0,ACB-BR045
ACB-LN0001135,ACB-C002809,Auto Loan,2020-04-08,20977.72,12077.42,0.1113,36.0,Current,0,0,ACB-BR045
ACB-LN0001136,ACB-C002518,Auto Loan,2020-09-19,26910.93,12524.24,0.0841,180.0,Current,0,0,ACB-BR061
ACB-LN0001137,ACB-C002491,Student Loan,2020-05-07,28601.54,23596.47,,120.0,60-89 DPD,62,0,ACB-BR026
ACB-LN0001138,ACB-C010001,Home Equity Loan,2024-06-05,57718.18,34534.3,0.1378,120.0,Current,0,0,ACB-BR070
ACB-LN0001139,ACB-C011221,Mortgage,2022-09-17,142059.95,39227.86,0.0563,60.0,Paid Off,0,0,ACB-BR013
ACB-LN0001140,ACB-C010718,Home Equity Loan,2025-11-24,38489.19,37036.14,0.0955,12.0,Current,0,0,ACB-BR054
ACB-LN0001141,ACB-C004687,Home Equity Loan,2022-12-21,53296.89,27789.4,0.0993,36.0,Current,0,0,ACB-BR048
ACB-LN0001142,ACB-C005488,Personal Loan,2021-11-14,21014.83,3136.04,0.2057,24.0,Paid Off,0,0,ACB-BR016
ACB-LN0001143,ACB-C014942,Home Equity Loan,2022-02-11,83141.06,9203.11,0.0922,24.0,Current,0,0,ACB-BR006
ACB-LN0001144,ACB-C000321,Student Loan,2022-07-13,52112.12,50984.98,0.0642,180.0,Paid Off,0,0,ACB-BR029
ACB-LN0001145,ACB-C010670,Auto Loan,2025-07-20,8278.0,734.5,0.1058,360.0,Paid Off,0,0,ACB-BR079
ACB-LN0001146,ACB-C009130,Auto Loan,2019-06-06,19670.75,2378.24,0.0898,240.0,Current,0,0,ACB-BR050
ACB-LN0001147,ACB-C003456,Small Business Loan,2023-11-11,203051.78,109298.21,0.2,240.0,Current,0,0,ACB-BR020
ACB-LN0001148,ACB-C014319,Auto Loan,2025-05-27,42228.66,10779.22,0.1092,12.0,Current,0,0,ACB-BR003
ACB-LN0001149,ACB-C002975,Home Equity Loan,2021-07-13,16793.31,9532.03,0.1186,360.0,Current,0,0,ACB-BR051
ACB-LN0001150,ACB-C011055,Personal Loan,2024-01-04,22148.63,18337.93,0.1443,48.0,Current,0,0,ACB-BR010
ACB-LN0001151,ACB-C009391,Personal Loan,2020-07-08,20541.43,1750.82,0.1599,360.0,Current,0,0,ACB-BR073
ACB-LN0001152,ACB-C014768,Auto Loan,2021-01-30,42391.52,34464.04,0.1271,180.0,Current,0,0,ACB-BR032
ACB-LN0001153,ACB-C010387,Mortgage,2022-04-21,286013.15,160281.03,0.0696,360.0,Current,0,0,ACB-BR062
ACB-LN0001154,ACB-C012385,Mortgage,2023-06-23,591886.74,229909.71,0.0734,12.0,Default,228,1,ACB-BR065
ACB-LN0001155,ACB-C004479,Auto Loan,2022-09-05,35074.54,6137.16,0.16,24.0,Current,0,0,ACB-BR023
ACB-LN0001156,ACB-C000462,Small Business Loan,2022-07-19,72749.58,9366.84,0.0964,360.0,Current,0,0,ACB-BR068
ACB-LN0001157,ACB-C007896,Auto Loan,2022-05-21,32145.77,21700.52,0.1128,12.0,Current,0,0,ACB-BR025
ACB-LN0001158,ACB-C001711,Personal Loan,2023-11-11,4672.58,2665.94,0.2097,48.0,Current,0,0,ACB-BR058
ACB-LN0001159,ACB-C001106,Mortgage,2024-05-18,369322.97,70760.84,0.0698,360.0,Current,0,0,ACB-BR063
ACB-LN0001160,ACB-C012567,Mortgage,2024-09-28,173747.78,11641.39,0.0461,180.0,Current,0,0,ACB-BR064
ACB-LN0001161,ACB-C004227,Auto Loan,2023-05-26,52503.41,12795.83,0.0825,36.0,Current,0,0,ACB-BR019
ACB-LN0001162,ACB-C010509,Auto Loan,2024-03-28,54155.13,9051.22,0.0696,360.0,Current,0,0,ACB-BR020
ACB-LN0001163,ACB-C010271,Mortgage,2022-11-16,426669.73,117225.9,0.0877,240.0,Current,0,0,ACB-BR017
ACB-LN0001164,ACB-C007981,Home Equity Loan,2023-05-14,42785.27,7165.54,0.099,120.0,90+ DPD,95,1,ACB-BR062
ACB-LN0001165,ACB-C014459,Mortgage,2023-03-30,395684.17,362759.25,0.089,240.0,Current,0,0,ACB-BR003
ACB-LN0001166,ACB-C010256,Small Business Loan,2022-06-14,132583.82,28805.01,0.2,,Written Off,0,1,ACB-BR016
ACB-LN0001167,ACB-C000875,Home Equity Loan,2025-09-01,30530.02,16650.98,0.14,120.0,90+ DPD,175,1,ACB-BR030
ACB-LN0001168,ACB-C012882,Auto Loan,2020-11-20,54282.8,32992.35,0.0575,24.0,Current,0,0,ACB-BR017
ACB-LN0001169,ACB-C010952,Personal Loan,2023-12-06,6946.75,2441.75,0.1371,12.0,Current,0,0,ACB-BR041
ACB-LN0001170,ACB-C009269,Personal Loan,2025-10-11,8767.76,7137.94,0.2016,120.0,Current,0,0,ACB-BR032
ACB-LN0001171,ACB-C003276,Auto Loan,2024-10-05,20715.32,18568.39,0.1126,24.0,Current,0,0,ACB-BR058
ACB-LN0001172,ACB-C005404,Home Equity Loan,2025-10-09,89234.46,84675.45,0.1144,180.0,Current,0,0,ACB-BR075
ACB-LN0001173,ACB-C009693,Mortgage,2019-04-21,217454.29,104609.92,0.0438,36.0,Current,0,0,ACB-BR067
ACB-LN0001174,ACB-C009635,Mortgage,2021-10-06,543921.36,297738.83,0.062,24.0,Paid Off,0,0,ACB-BR022
ACB-LN0001175,ACB-C000586,Personal Loan,2023-04-20,14568.76,13127.71,0.24,60.0,Current,0,0,ACB-BR007
ACB-LN0001176,ACB-C010711,Personal Loan,2021-03-05,32537.3,29929.21,0.1158,360.0,Paid Off,0,0,ACB-BR007
ACB-LN0001177,ACB-C000182,Home Equity Loan,2020-03-14,110270.07,23058.22,0.0714,84.0,Current,0,0,ACB-BR034
ACB-LN0001178,ACB-C006325,Home Equity Loan,2022-04-03,48786.45,14103.93,0.0694,84.0,Current,0,0,ACB-BR023
ACB-LN0001179,ACB-C007419,Small Business Loan,2021-11-01,82414.02,70598.88,0.079,60.0,Paid Off,0,0,ACB-BR056
ACB-LN0001180,ACB-C000182,Mortgage,2026-02-11,636936.37,447544.15,0.0644,24.0,Current,0,0,ACB-BR079
ACB-LN0001181,ACB-C008683,Home Equity Loan,2019-05-22,23913.05,20760.71,0.0704,48.0,Current,0,0,ACB-BR044
ACB-LN0001182,ACB-C012352,Auto Loan,2023-10-27,37100.96,34200.89,0.1507,360.0,Default,145,1,ACB-BR017
ACB-LN0001183,ACB-C003277,Mortgage,2022-10-27,192983.73,102783.3,0.095,240.0,30-59 DPD,57,0,ACB-BR076
ACB-LN0001184,ACB-C012547,Auto Loan,2020-08-20,42118.27,31297.5,0.1124,48.0,30-59 DPD,55,0,ACB-BR040
ACB-LN0001185,ACB-C003690,Personal Loan,2019-01-27,21360.1,6590.33,0.1962,24.0,Current,0,0,ACB-BR080
ACB-LN0001186,ACB-C012434,Mortgage,2022-06-07,511185.55,495488.55,0.0698,240.0,Current,0,0,ACB-BR037
ACB-LN0001187,ACB-C006300,Auto Loan,2024-03-14,48879.75,44988.77,0.1204,12.0,Current,0,0,ACB-BR016
ACB-LN0001188,ACB-C009026,Personal Loan,2025-09-28,22505.84,15957.89,0.24,84.0,30-59 DPD,37,0,ACB-BR065
ACB-LN0001189,ACB-C006521,Auto Loan,2022-09-10,41053.2,23970.16,0.0633,120.0,Current,0,0,ACB-BR037
ACB-LN0001190,ACB-C004393,Home Equity Loan,2023-04-19,41867.48,29810.57,0.1184,36.0,Current,0,0,ACB-BR005
ACB-LN0001191,ACB-C012183,Auto Loan,2021-02-05,10854.8,8393.01,0.0838,240.0,Current,0,0,ACB-BR008
ACB-LN0001192,ACB-C009269,Personal Loan,2021-05-15,28485.33,11751.34,0.1541,360.0,Current,0,0,ACB-BR030
ACB-LN0001193,ACB-C004211,Small Business Loan,2020-02-25,172645.81,138032.29,0.0724,120.0,Current,0,0,ACB-BR018
ACB-LN0001194,ACB-C011675,Home Equity Loan,2025-12-11,68377.7,65866.23,0.1202,360.0,Current,0,0,ACB-BR068
ACB-LN0001195,ACB-C008275,Small Business Loan,2019-08-04,131593.89,123834.72,0.0901,120.0,Current,0,0,ACB-BR056
ACB-LN0001196,ACB-C001977,Personal Loan,2020-10-16,21144.15,11363.41,0.1637,12.0,Paid Off,0,0,ACB-BR013
ACB-LN0001197,ACB-C014196,Auto Loan,2024-09-30,53356.35,47721.49,0.1366,60.0,Current,0,0,ACB-BR031
ACB-LN0001198,ACB-C006814,Mortgage,2024-03-02,614142.13,394716.75,0.0552,240.0,Current,0,0,ACB-BR080
ACB-LN0001199,ACB-C014376,Auto Loan,2025-05-01,20789.44,15917.7,0.0945,240.0,Current,0,0,ACB-BR069
ACB-LN0001200,ACB-C004471,Small Business Loan,2026-01-02,159390.14,81865.22,0.1054,36.0,Current,0,0,ACB-BR015
ACB-LN0001201,ACB-C012645,Personal Loan,2021-01-25,10787.02,6778.75,0.1283,240.0,60-89 DPD,87,0,ACB-BR001
ACB-LN0001202,ACB-C005471,Small Business Loan,2020-11-21,133221.73,73734.31,0.1215,24.0,Current,0,0,ACB-BR022
ACB-LN0001203,ACB-C000621,Auto Loan,2020-08-31,16238.57,15208.1,0.0993,24.0,Current,0,0,ACB-BR008
ACB-LN0001204,ACB-C009468,Home Equity Loan,2025-01-07,77927.21,24848.61,0.1057,48.0,30-59 DPD,55,0,ACB-BR003
ACB-LN0001205,ACB-C011951,Mortgage,2022-01-26,634069.98,286972.41,0.0458,24.0,Current,0,0,ACB-BR068
ACB-LN0001206,ACB-C007965,Personal Loan,2019-03-18,26793.77,10991.92,0.1753,48.0,Paid Off,0,0,ACB-BR074
ACB-LN0001207,ACB-C011975,Auto Loan,2025-09-09,43701.26,20023.76,0.139,180.0,30-59 DPD,50,0,ACB-BR046
ACB-LN0001208,ACB-C013554,Mortgage,2020-09-20,264748.98,120534.03,0.0434,84.0,Current,0,0,ACB-BR004
ACB-LN0001209,ACB-C003277,Auto Loan,2022-09-22,11414.67,1257.73,0.1393,36.0,Current,0,0,ACB-BR076
ACB-LN0001210,ACB-C010870,Auto Loan,2020-04-22,25816.51,1560.68,0.0936,36.0,Current,0,0,ACB-BR035
ACB-LN0001211,ACB-C011634,Personal Loan,2021-08-16,33397.61,29075.34,0.1004,180.0,Default,251,1,ACB-BR041
ACB-LN0001212,ACB-C006838,Auto Loan,2023-01-26,49680.87,3512.27,0.1276,48.0,Current,0,0,ACB-BR026
ACB-LN0001213,ACB-C001528,Personal Loan,2025-10-02,2786.86,2083.17,0.1402,84.0,Current,0,0,ACB-BR014
ACB-LN0001214,ACB-C006227,Mortgage,2024-02-18,185204.13,27808.28,0.0585,84.0,Current,0,0,ACB-BR012
ACB-LN0001215,ACB-C010233,Auto Loan,2019-07-29,34585.43,20605.38,0.0893,360.0,Current,0,0,ACB-BR019
ACB-LN0001216,ACB-C003940,Auto Loan,2024-11-16,12231.47,929.66,0.073,120.0,Current,0,0,ACB-BR003
ACB-LN0001217,ACB-C001197,Personal Loan,2026-01-14,28198.35,12628.11,0.1269,36.0,Paid Off,0,0,ACB-BR011
ACB-LN0001218,ACB-C009565,Personal Loan,2024-01-10,31119.43,16062.98,0.24,360.0,Current,0,0,ACB-BR027
ACB-LN0001219,ACB-C008124,Mortgage,2020-11-19,385001.06,185300.18,0.0736,84.0,Current,0,0,ACB-BR010
ACB-LN0001220,ACB-C008795,Personal Loan,2020-11-18,21131.39,14271.11,0.1312,120.0,90+ DPD,128,1,ACB-BR042
ACB-LN0001221,ACB-C007601,Mortgage,2022-11-13,149880.37,100254.99,0.0652,48.0,Paid Off,0,0,ACB-BR034
ACB-LN0001222,ACB-C001342,Auto Loan,2019-01-13,43172.11,10448.03,0.1011,24.0,Paid Off,0,0,ACB-BR030
ACB-LN0001223,ACB-C004748,Personal Loan,2019-04-23,22822.17,7999.15,0.1386,60.0,Current,0,0,ACB-BR074
ACB-LN0001224,ACB-C008752,Home Equity Loan,2020-03-17,119124.9,80743.74,0.092,84.0,Written Off,0,1,ACB-BR064
ACB-LN0001225,ACB-C004826,Home Equity Loan,2019-05-24,107780.67,30389.72,0.0885,48.0,Current,0,0,ACB-BR044
ACB-LN0001226,ACB-C003298,Auto Loan,2021-10-01,14251.15,6486.49,0.0722,120.0,Paid Off,0,0,ACB-BR049
ACB-LN0001227,ACB-C002652,Personal Loan,2020-05-27,29596.22,24463.63,0.0876,84.0,Current,0,0,ACB-BR072
ACB-LN0001228,ACB-C010328,Small Business Loan,2021-06-01,35051.73,4334.21,0.1493,24.0,30-59 DPD,40,0,ACB-BR033
ACB-LN0001229,ACB-C013636,Small Business Loan,2021-02-02,165186.91,151634.14,,36.0,60-89 DPD,79,0,ACB-BR022
ACB-LN0001230,ACB-C014770,Home Equity Loan,2023-11-04,99185.68,68379.59,0.14,360.0,Current,0,0,ACB-BR023
ACB-LN0001231,ACB-C007959,Personal Loan,2020-12-14,32606.45,25910.2,0.1796,120.0,Default,314,1,ACB-BR003
ACB-LN0001232,ACB-C010312,Mortgage,2019-04-25,400991.84,268540.32,0.0458,360.0,Current,0,0,ACB-BR009
ACB-LN0001233,ACB-C013749,Mortgage,2024-03-08,305884.72,52333.24,0.0901,120.0,Written Off,0,1,ACB-BR030
ACB-LN0001234,ACB-C014607,Mortgage,2020-02-29,534881.17,81592.98,0.0622,180.0,Written Off,0,1,ACB-BR030
ACB-LN0001235,ACB-C012029,Auto Loan,2023-06-05,41721.17,22450.32,0.1383,12.0,Current,0,0,ACB-BR067
ACB-LN0001236,ACB-C013691,Personal Loan,2021-02-16,3160.71,391.89,,60.0,Current,0,0,ACB-BR062
ACB-LN0001237,ACB-C010272,Student Loan,2023-06-04,39830.01,14870.64,0.1071,180.0,60-89 DPD,78,0,ACB-BR060
ACB-LN0001238,ACB-C010891,Mortgage,2025-02-10,549383.72,121132.61,0.0712,48.0,Default,224,1,ACB-BR030
ACB-LN0001239,ACB-C010757,Mortgage,2020-06-10,189240.69,90322.03,0.0397,180.0,Current,0,0,ACB-BR017
ACB-LN0001240,ACB-C009175,Personal Loan,2020-10-21,28772.08,4259.25,0.0913,12.0,Current,0,0,ACB-BR012
ACB-LN0001241,ACB-C012751,Mortgage,2023-12-10,433594.15,52580.44,0.0893,180.0,Current,0,0,ACB-BR056
ACB-LN0001242,ACB-C013141,Home Equity Loan,2024-09-26,64620.45,37994.95,0.14,240.0,Current,0,0,ACB-BR041
ACB-LN0001243,ACB-C000878,Personal Loan,2019-07-27,16541.96,5110.15,0.1132,48.0,Current,0,0,ACB-BR007
ACB-LN0001244,ACB-C012882,Auto Loan,2020-07-20,34562.17,14741.0,0.1251,12.0,Current,0,0,ACB-BR002
ACB-LN0001245,ACB-C014383,Personal Loan,2020-01-08,11101.92,8928.49,0.1134,12.0,Current,0,0,ACB-BR040
ACB-LN0001246,ACB-C005751,Mortgage,2019-03-19,237081.95,52790.21,0.073,240.0,Current,0,0,ACB-BR035
ACB-LN0001247,ACB-C002798,Auto Loan,2025-10-21,37616.84,28832.41,0.16,84.0,Current,0,0,ACB-BR074
ACB-LN0001248,ACB-C012046,Mortgage,2020-07-10,487055.34,91192.05,0.0585,24.0,Current,0,0,ACB-BR065
ACB-LN0001249,ACB-C008567,Small Business Loan,2023-11-11,77716.47,66828.31,0.0991,48.0,Current,0,0,ACB-BR026
ACB-LN0001250,ACB-C000749,Personal Loan,2020-04-12,5549.65,3368.25,0.0995,60.0,Current,0,0,ACB-BR066
ACB-LN0001251,ACB-C014238,Auto Loan,2023-09-17,15958.44,8120.96,0.1053,84.0,Current,0,0,ACB-BR026
ACB-LN0001252,ACB-C010106,Mortgage,2021-10-13,648357.68,407594.92,0.0668,180.0,30-59 DPD,31,0,ACB-BR014
ACB-LN0001253,ACB-C007370,Auto Loan,2025-09-13,30788.0,6358.17,0.1307,240.0,30-59 DPD,45,0,ACB-BR051
ACB-LN0001254,ACB-C000733,Mortgage,2023-10-26,302323.39,227296.15,0.0931,24.0,Current,0,0,ACB-BR004
ACB-LN0001255,ACB-C014255,Student Loan,2024-08-11,44595.6,29715.9,0.082,12.0,Current,0,0,ACB-BR080
ACB-LN0001256,ACB-C012037,Auto Loan,2022-03-12,41886.43,8480.39,0.0598,60.0,Current,0,0,ACB-BR062
ACB-LN0001257,ACB-C007262,Mortgage,2023-12-26,397552.97,57424.9,0.09,24.0,Paid Off,0,0,ACB-BR036
ACB-LN0001258,ACB-C013422,Mortgage,2020-07-06,517933.85,424521.45,0.0456,48.0,90+ DPD,146,1,ACB-BR045
ACB-LN0001259,ACB-C014191,Auto Loan,2019-03-20,53015.83,12066.4,,12.0,Current,0,0,ACB-BR004
ACB-LN0001260,ACB-C000380,Auto Loan,2022-03-06,11842.69,2296.69,0.0955,180.0,Paid Off,0,0,ACB-BR040
ACB-LN0001261,ACB-C014944,Personal Loan,2020-07-21,27750.04,23375.33,0.2109,180.0,Current,0,0,ACB-BR073
ACB-LN0001262,ACB-C009270,Small Business Loan,2022-01-17,85978.32,75080.6,0.173,24.0,Current,0,0,ACB-BR045
ACB-LN0001263,ACB-C007862,Mortgage,2019-06-14,468713.29,299938.05,0.0503,36.0,Current,0,0,ACB-BR069
ACB-LN0001264,ACB-C013113,Personal Loan,2022-10-19,32018.86,3446.85,0.1647,12.0,60-89 DPD,89,0,ACB-BR013
ACB-LN0001265,ACB-C010223,Auto Loan,2023-05-14,13820.68,11726.99,0.1286,240.0,Current,0,0,ACB-BR067
ACB-LN0001266,ACB-C009626,Mortgage,2023-05-13,228142.13,155687.26,0.0552,60.0,Current,0,0,ACB-BR018
ACB-LN0001267,ACB-C009120,Mortgage,2021-10-06,210655.04,205643.75,0.0606,60.0,Current,0,0,ACB-BR017
ACB-LN0001268,ACB-C008058,Mortgage,2021-08-31,482896.59,358489.58,0.0599,12.0,Current,0,0,ACB-BR058
ACB-LN0001269,ACB-C001412,Mortgage,2024-02-27,347620.2,177862.48,0.0811,24.0,Current,0,0,ACB-BR025
ACB-LN0001270,ACB-C012194,Mortgage,2023-08-29,562408.81,141972.55,0.0833,12.0,Current,0,0,ACB-BR025
ACB-LN0001271,ACB-C005349,Auto Loan,2020-01-25,51183.54,11307.15,0.1227,360.0,Paid Off,0,0,ACB-BR050
ACB-LN0001272,ACB-C012208,Auto Loan,2023-11-21,40799.13,8872.65,0.1371,36.0,Current,0,0,ACB-BR049
ACB-LN0001273,ACB-C014975,Mortgage,2025-08-07,543310.65,416260.64,0.0644,36.0,Current,0,0,ACB-BR011
ACB-LN0001274,ACB-C004103,Auto Loan,2020-06-15,10129.07,9656.77,0.095,240.0,Current,0,0,ACB-BR010
ACB-LN0001275,ACB-C009794,Auto Loan,2024-04-20,32848.16,26567.79,0.0874,360.0,Current,0,0,ACB-BR068
ACB-LN0001276,ACB-C005105,Mortgage,2020-08-01,515028.45,59461.16,0.0388,180.0,30-59 DPD,59,0,ACB-BR034
ACB-LN0001277,ACB-C011128,Student Loan,2023-03-03,30505.57,4706.78,0.0607,84.0,Current,0,0,ACB-BR031
ACB-LN0001278,ACB-C006438,Auto Loan,2020-10-25,50249.18,32944.23,0.1154,24.0,Default,143,1,ACB-BR002
ACB-LN0001279,ACB-C002458,Personal Loan,2019-03-13,11272.54,4942.47,0.1956,120.0,Current,0,0,ACB-BR061
ACB-LN0001280,ACB-C014973,Personal Loan,2021-02-26,19704.27,3983.77,0.1645,24.0,Current,0,0,ACB-BR010
ACB-LN0001281,ACB-C011789,Home Equity Loan,2024-08-04,30795.85,20069.74,0.0765,24.0,Current,0,0,ACB-BR061
ACB-LN0001282,ACB-C010674,Auto Loan,2025-08-07,38389.31,23317.3,0.0993,24.0,Current,0,0,ACB-BR079
ACB-LN0001283,ACB-C002788,Personal Loan,2023-09-22,3312.67,2067.46,0.24,36.0,Current,0,0,ACB-BR066
ACB-LN0001284,ACB-C000848,Small Business Loan,2022-05-03,165808.08,131805.88,0.1406,36.0,Current,0,0,ACB-BR063
ACB-LN0001285,ACB-C006066,Personal Loan,2022-05-11,10952.79,9616.01,0.1834,84.0,Current,0,0,ACB-BR074
ACB-LN0001286,ACB-C000291,Auto Loan,2022-11-26,32421.7,8230.0,0.1058,180.0,Current,0,0,ACB-BR037
ACB-LN0001287,ACB-C007439,Auto Loan,2020-10-25,14233.63,10029.82,0.0525,84.0,Paid Off,0,0,ACB-BR023
ACB-LN0001288,ACB-C011042,Auto Loan,2025-03-25,38050.23,8525.4,0.0745,360.0,Current,0,0,ACB-BR070
ACB-LN0001289,ACB-C002039,Mortgage,2024-08-08,567591.29,333726.83,0.0515,48.0,Current,0,0,ACB-BR070
ACB-LN0001290,ACB-C000498,Mortgage,2024-06-02,442245.94,44472.21,0.0911,84.0,Current,0,0,ACB-BR017
ACB-LN0001291,ACB-C004879,Mortgage,2025-07-29,149645.48,139939.4,0.078,180.0,Current,0,0,ACB-BR035
ACB-LN0001292,ACB-C009248,Mortgage,2025-10-12,441421.78,288031.53,0.0647,240.0,Written Off,0,1,ACB-BR049
ACB-LN0001293,ACB-C002007,Auto Loan,2020-03-22,53436.46,18593.84,0.0744,240.0,Current,0,0,ACB-BR004
ACB-LN0001294,ACB-C011103,Auto Loan,2022-05-08,27089.05,16995.55,0.1,48.0,Paid Off,0,0,ACB-BR017
ACB-LN0001295,ACB-C001331,Auto Loan,2022-09-09,53068.34,49087.25,0.1049,12.0,Paid Off,0,0,ACB-BR037
ACB-LN0001296,ACB-C005371,Personal Loan,2024-04-08,27139.88,9720.57,0.24,12.0,Current,0,0,ACB-BR048
ACB-LN0001297,ACB-C005283,Personal Loan,2023-09-09,28975.76,26508.29,0.2269,12.0,Current,0,0,ACB-BR002
ACB-LN0001298,ACB-C010957,Mortgage,2022-05-05,136150.46,107034.2,0.0318,48.0,Current,0,0,ACB-BR029
ACB-LN0001299,ACB-C002219,Home Equity Loan,2021-03-15,33970.22,5470.22,0.0794,240.0,Current,0,0,ACB-BR072
ACB-LN0001300,ACB-C006697,Mortgage,2021-08-17,281497.44,99485.12,0.0618,48.0,Current,0,0,ACB-BR052
ACB-LN0001301,ACB-C004430,Small Business Loan,2025-02-16,48983.06,29449.08,0.1696,36.0,Current,0,0,ACB-BR001
ACB-LN0001302,ACB-C002914,Small Business Loan,2020-09-03,159694.24,142585.17,0.1567,24.0,Current,0,0,ACB-BR015
ACB-LN0001303,ACB-C000644,Small Business Loan,2023-02-27,234176.59,56868.84,0.2,12.0,Written Off,0,1,ACB-BR025
ACB-LN0001304,ACB-C001659,Mortgage,2022-06-13,241081.51,96078.19,0.0924,48.0,Current,0,0,ACB-BR034
ACB-LN0001305,ACB-C006700,Student Loan,2021-09-22,71600.84,46630.59,0.0779,120.0,Current,0,0,ACB-BR006
ACB-LN0001306,ACB-C003792,Home Equity Loan,2020-08-21,23175.4,8416.6,0.0891,60.0,Current,0,0,ACB-BR070
ACB-LN0001307,ACB-C002481,Personal Loan,2023-11-13,17032.33,14606.69,0.2011,240.0,Current,0,0,ACB-BR075
ACB-LN0001308,ACB-C004474,Auto Loan,2025-06-01,29716.81,14200.21,0.1341,60.0,90+ DPD,91,1,ACB-BR079
ACB-LN0001309,ACB-C006760,Auto Loan,2019-02-10,30777.92,27136.31,0.12,360.0,Current,0,0,ACB-BR077
ACB-LN0001310,ACB-C001111,Personal Loan,2025-10-12,28325.27,18225.95,0.24,48.0,30-59 DPD,39,0,ACB-BR073
ACB-LN0001311,ACB-C011513,Auto Loan,2023-06-13,48505.25,43792.68,0.1203,120.0,Current,0,0,ACB-BR017
ACB-LN0001312,ACB-C010061,Mortgage,2020-06-14,366342.67,336347.05,0.0747,120.0,Current,0,0,ACB-BR021
ACB-LN0001313,ACB-C005739,Personal Loan,2022-12-23,15863.54,5630.04,0.24,48.0,Current,0,0,ACB-BR077
ACB-LN0001314,ACB-C010785,Personal Loan,2020-10-27,9140.26,6167.89,0.1304,36.0,Default,262,1,ACB-BR022
ACB-LN0001315,ACB-C000274,Home Equity Loan,2022-01-02,52896.04,5977.89,0.0733,12.0,Current,0,0,ACB-BR014
ACB-LN0001316,ACB-C000900,Auto Loan,2020-04-03,20747.41,15559.17,0.0775,12.0,Current,0,0,ACB-BR042
ACB-LN0001317,ACB-C008581,Auto Loan,2022-04-01,10248.45,6544.66,0.1118,360.0,Default,328,1,ACB-BR021
ACB-LN0001318,ACB-C001343,Small Business Loan,2020-06-21,109673.66,8691.01,0.1085,180.0,Current,0,0,ACB-BR063
ACB-LN0001319,ACB-C009768,Small Business Loan,2023-03-23,104775.39,57920.9,0.185,,Current,0,0,ACB-BR076
ACB-LN0001320,ACB-C014172,Personal Loan,2024-11-21,19946.06,15829.35,0.1391,180.0,Current,0,0,ACB-BR040
ACB-LN0001321,ACB-C003185,Auto Loan,2019-01-08,39331.85,12322.5,0.0758,120.0,Current,0,0,ACB-BR075
ACB-LN0001322,ACB-C005225,Auto Loan,2022-12-05,8309.51,5787.12,0.1468,24.0,Current,0,0,ACB-BR059
ACB-LN0001323,ACB-C013712,Mortgage,2023-10-30,166435.75,143730.16,0.0737,24.0,Current,0,0,ACB-BR047
ACB-LN0001324,ACB-C010269,Personal Loan,2023-04-02,15020.78,12597.69,0.1623,24.0,Current,0,0,ACB-BR032
ACB-LN0001325,ACB-C009736,Mortgage,2022-10-17,324573.68,157095.1,0.0667,180.0,Current,0,0,ACB-BR065
ACB-LN0001326,ACB-C010158,Small Business Loan,2020-02-26,117006.41,39508.76,0.0794,120.0,Current,0,0,ACB-BR080
ACB-LN0001327,ACB-C006943,Personal Loan,2023-03-24,29671.07,17848.02,0.24,24.0,Current,0,0,ACB-BR026
ACB-LN0001328,ACB-C004463,Personal Loan,2022-10-16,24724.4,13644.23,0.2317,60.0,Current,0,0,ACB-BR019
ACB-LN0001329,ACB-C008216,Small Business Loan,2019-05-03,95189.08,82276.16,0.1306,360.0,90+ DPD,104,1,ACB-BR051
ACB-LN0001330,ACB-C000801,Mortgage,2020-11-23,496407.38,281027.08,0.0321,24.0,Current,0,0,ACB-BR017
ACB-LN0001331,ACB-C014260,Student Loan,2024-06-03,18528.1,12645.91,0.106,84.0,Current,0,0,ACB-BR038
ACB-LN0001332,ACB-C008119,Personal Loan,2020-11-01,28420.47,23186.27,0.1987,24.0,Current,0,0,ACB-BR032
ACB-LN0001333,ACB-C014204,Home Equity Loan,2024-05-28,92593.91,46276.7,0.14,60.0,Current,0,0,ACB-BR004
ACB-LN0001334,ACB-C012616,Mortgage,2025-03-20,197682.08,164932.63,0.0523,36.0,Current,0,0,ACB-BR048
ACB-LN0001335,ACB-C014939,Auto Loan,2023-12-24,26624.6,6312.3,0.0918,240.0,60-89 DPD,87,0,ACB-BR017
ACB-LN0001336,ACB-C001939,Personal Loan,2019-05-18,14343.07,9262.68,0.0846,24.0,Current,0,0,ACB-BR026
ACB-LN0001337,ACB-C003015,Personal Loan,2020-11-03,33938.82,8877.85,0.177,120.0,Default,142,1,ACB-BR016
ACB-LN0001338,ACB-C004421,Home Equity Loan,2024-08-13,36369.68,21414.12,0.14,24.0,Current,0,0,ACB-BR062
ACB-LN0001339,ACB-C010178,Small Business Loan,2023-02-26,32711.2,14782.27,0.1966,240.0,Current,0,0,ACB-BR040
ACB-LN0001340,ACB-C013006,Home Equity Loan,2022-05-26,38510.48,34511.54,0.1103,120.0,Current,0,0,ACB-BR030
ACB-LN0001341,ACB-C008776,Personal Loan,2023-04-13,17886.86,16276.87,0.24,84.0,Current,0,0,ACB-BR065
ACB-LN0001342,ACB-C010520,Mortgage,2021-07-29,358408.5,146927.42,0.073,12.0,Current,0,0,ACB-BR027
ACB-LN0001343,ACB-C000534,Personal Loan,2019-05-13,19912.39,17648.4,0.1449,24.0,Paid Off,0,0,ACB-BR003
ACB-LN0001344,ACB-C000189,Mortgage,2019-10-21,423722.33,160946.91,0.0514,60.0,Paid Off,0,0,ACB-BR023
ACB-LN0001345,ACB-C008050,Auto Loan,2023-10-06,19435.03,2336.68,0.1091,240.0,60-89 DPD,68,0,ACB-BR080
ACB-LN0001346,ACB-C006165,Student Loan,2019-07-09,20530.07,20003.33,0.0586,60.0,Current,0,0,ACB-BR033
ACB-LN0001347,ACB-C007886,Mortgage,2025-06-07,180513.28,110268.5,0.0609,12.0,Current,0,0,ACB-BR016
ACB-LN0001348,ACB-C005988,Mortgage,2025-08-06,381967.76,240060.93,0.0547,84.0,30-59 DPD,39,0,ACB-BR060
ACB-LN0001349,ACB-C006456,Mortgage,2019-06-12,547597.34,351092.29,0.0711,360.0,Current,0,0,ACB-BR055
ACB-LN0001350,ACB-C009845,Personal Loan,2023-01-25,12139.14,4815.08,0.1353,240.0,Current,0,0,ACB-BR045
ACB-LN0001351,ACB-C000146,Home Equity Loan,2020-10-14,100705.48,96531.35,0.0991,36.0,Current,0,0,ACB-BR078
ACB-LN0001352,ACB-C010790,Mortgage,2021-01-23,163668.24,88839.11,0.0526,360.0,Current,0,0,ACB-BR020
ACB-LN0001353,ACB-C002210,Personal Loan,2023-04-22,15202.4,3216.74,0.24,180.0,Current,0,0,ACB-BR032
ACB-LN0001354,ACB-C002619,Mortgage,2024-09-25,281065.97,183674.54,0.0437,48.0,Current,0,0,ACB-BR062
ACB-LN0001355,ACB-C000505,Personal Loan,2021-09-26,20188.2,10144.01,0.1587,240.0,Current,0,0,ACB-BR043
ACB-LN0001356,ACB-C014849,Student Loan,2025-04-15,29967.96,16565.48,0.0722,,Current,0,0,ACB-BR072
ACB-LN0001357,ACB-C003046,Mortgage,2023-09-14,388767.86,123682.85,0.0935,240.0,Current,0,0,ACB-BR027
ACB-LN0001358,ACB-C010654,Mortgage,2026-01-09,324000.25,36773.93,0.0771,24.0,Current,0,0,ACB-BR035
ACB-LN0001359,ACB-C002836,Personal Loan,2019-06-27,8530.29,7080.95,0.134,84.0,Current,0,0,ACB-BR055
ACB-LN0001360,ACB-C013148,Auto Loan,2024-11-08,10737.5,2729.94,0.1475,60.0,60-89 DPD,75,0,ACB-BR021
ACB-LN0001361,ACB-C014873,Personal Loan,2020-01-23,7482.73,1144.42,0.1752,240.0,Current,0,0,ACB-BR065
ACB-LN0001362,ACB-C006284,Mortgage,2025-09-15,425667.42,333849.53,0.0829,48.0,90+ DPD,169,1,ACB-BR031
ACB-LN0001363,ACB-C014946,Mortgage,2025-04-12,445012.01,148376.55,0.0844,180.0,Current,0,0,ACB-BR068
ACB-LN0001364,ACB-C002735,Home Equity Loan,2019-12-07,111848.08,78673.3,0.1123,360.0,Current,0,0,ACB-BR031
ACB-LN0001365,ACB-C005237,Personal Loan,2020-01-07,30779.99,26061.34,0.0984,84.0,30-59 DPD,39,0,ACB-BR038
ACB-LN0001366,ACB-C008024,Auto Loan,2025-07-13,16596.7,11847.73,0.16,84.0,Current,0,0,ACB-BR006
ACB-LN0001367,ACB-C012920,Mortgage,2020-10-08,268655.67,72057.83,0.0572,48.0,Default,203,1,ACB-BR019
ACB-LN0001368,ACB-C003401,Mortgage,2021-03-19,145724.19,36976.39,0.0354,60.0,Current,0,0,ACB-BR059
ACB-LN0001369,ACB-C009808,Personal Loan,2025-08-28,23898.94,17134.18,0.1441,120.0,Paid Off,0,0,ACB-BR074
ACB-LN0001370,ACB-C014768,Auto Loan,2020-01-11,14790.95,2715.89,0.0553,360.0,Current,0,0,ACB-BR010
ACB-LN0001371,ACB-C014542,Auto Loan,2022-05-19,38598.76,19216.92,0.1088,12.0,Current,0,0,ACB-BR015
ACB-LN0001372,ACB-C013821,Mortgage,2025-09-04,203259.99,61197.99,0.0805,60.0,Current,0,0,ACB-BR017
ACB-LN0001373,ACB-C003461,Auto Loan,2022-06-11,31334.54,10247.4,0.154,240.0,60-89 DPD,87,0,ACB-BR012
ACB-LN0001374,ACB-C001117,Auto Loan,2023-04-15,14427.13,12786.31,0.1351,48.0,Current,0,0,ACB-BR046
ACB-LN0001375,ACB-C007004,Auto Loan,2023-03-01,18038.97,2094.16,0.0672,120.0,Current,0,0,ACB-BR018
ACB-LN0001376,ACB-C014651,Mortgage,2025-07-28,577275.98,187222.27,0.0538,36.0,Paid Off,0,0,ACB-BR038
ACB-LN0001377,ACB-C001720,Mortgage,2022-11-07,181294.46,48696.71,0.0754,360.0,Current,0,0,ACB-BR038
ACB-LN0001378,ACB-C004025,Mortgage,2019-04-23,444722.68,327595.1,0.0329,120.0,Default,153,1,ACB-BR018
ACB-LN0001379,ACB-C000652,Small Business Loan,2021-01-13,93957.49,32932.46,0.0915,24.0,Current,0,0,ACB-BR076
ACB-LN0001380,ACB-C004259,Personal Loan,2020-09-27,9003.17,851.28,0.1186,120.0,Current,0,0,ACB-BR079
ACB-LN0001381,ACB-C006865,Personal Loan,2024-01-03,30083.27,18233.12,0.2143,360.0,Current,0,0,ACB-BR077
ACB-LN0001382,ACB-C007931,Mortgage,2024-10-01,614348.23,93775.15,0.086,48.0,Current,0,0,ACB-BR045
ACB-LN0001383,ACB-C001411,Personal Loan,2022-04-03,15857.09,10669.76,0.1467,84.0,Current,0,0,ACB-BR075
ACB-LN0001384,ACB-C001699,Mortgage,2026-02-11,320538.18,244341.97,0.0591,360.0,90+ DPD,101,1,ACB-BR008
ACB-LN0001385,ACB-C000336,Mortgage,2020-05-24,128984.14,16127.1,,84.0,Current,0,0,ACB-BR016
ACB-LN0001386,ACB-C014420,Mortgage,2024-03-20,158341.57,95850.68,0.0488,24.0,Current,0,0,ACB-BR052
ACB-LN0001387,ACB-C007089,Personal Loan,2025-09-14,2266.86,619.56,0.24,36.0,Current,0,0,ACB-BR059
ACB-LN0001388,ACB-C012676,Personal Loan,2025-02-15,24945.08,16401.4,0.1448,48.0,Current,0,0,ACB-BR001
ACB-LN0001389,ACB-C012304,Personal Loan,2022-08-19,7822.6,4467.22,0.24,360.0,Current,0,0,ACB-BR051
ACB-LN0001390,ACB-C014319,Student Loan,2023-06-09,42802.34,10850.72,0.0914,180.0,30-59 DPD,43,0,ACB-BR008
ACB-LN0001391,ACB-C007362,Personal Loan,2024-10-11,12381.79,5841.23,0.2378,84.0,Current,0,0,ACB-BR049
ACB-LN0001392,ACB-C007133,Student Loan,2022-06-07,50428.99,39577.53,0.0862,360.0,Current,0,0,ACB-BR001
ACB-LN0001393,ACB-C012009,Mortgage,2024-07-16,258710.27,100983.74,0.0464,60.0,Current,0,0,ACB-BR020
ACB-LN0001394,ACB-C013839,Mortgage,2025-03-17,526115.19,342867.05,0.0448,360.0,Current,0,0,ACB-BR019
ACB-LN0001395,ACB-C014084,Mortgage,2022-12-09,293639.74,235458.33,0.0617,60.0,Current,0,0,ACB-BR025
ACB-LN0001396,ACB-C001581,Student Loan,2024-10-12,38751.01,13456.75,0.11,12.0,Current,0,0,ACB-BR046
ACB-LN0001397,ACB-C012501,Small Business Loan,2019-01-25,36656.17,4115.81,0.1661,48.0,Default,356,1,ACB-BR056
ACB-LN0001398,ACB-C000980,Mortgage,2024-08-03,352348.97,313643.37,0.094,12.0,Current,0,0,ACB-BR047
ACB-LN0001399,ACB-C009517,Small Business Loan,2025-12-14,130806.3,84148.56,0.1375,24.0,Current,0,0,ACB-BR033
ACB-LN0001400,ACB-C007311,Auto Loan,2020-09-28,10716.67,7930.59,0.0823,240.0,Current,0,0,ACB-BR040
ACB-LN0001401,ACB-C011723,Small Business Loan,2025-03-23,180688.36,159979.46,0.1204,60.0,Default,314,1,ACB-BR008
ACB-LN0001402,ACB-C009682,Personal Loan,2020-01-24,29155.35,15406.69,0.1512,24.0,Current,0,0,ACB-BR040
ACB-LN0001403,ACB-C002202,Personal Loan,2024-07-30,17028.25,2527.48,0.2187,120.0,Current,0,0,ACB-BR030
ACB-LN0001404,ACB-C014384,Personal Loan,2026-01-29,14148.72,10483.98,0.24,120.0,60-89 DPD,89,0,ACB-BR015
ACB-LN0001405,ACB-C011857,Auto Loan,2020-03-11,36895.27,17138.72,0.0555,48.0,Current,0,0,ACB-BR011
ACB-LN0001406,ACB-C000236,Mortgage,2025-12-21,467898.0,438454.62,0.0625,84.0,Current,0,0,ACB-BR056
ACB-LN0001407,ACB-C012332,Mortgage,2025-12-18,227262.23,15577.76,0.095,24.0,Current,0,0,ACB-BR027
ACB-LN0001408,ACB-C014016,Mortgage,2025-12-26,143858.03,85186.38,0.0878,180.0,Current,0,0,ACB-BR055
ACB-LN0001409,ACB-C005625,Mortgage,2026-03-01,177356.66,107173.31,0.095,12.0,30-59 DPD,49,0,ACB-BR044
ACB-LN0001410,ACB-C008865,Personal Loan,2023-09-04,11192.67,7770.14,0.1375,24.0,Current,0,0,ACB-BR075
ACB-LN0001411,ACB-C008609,Auto Loan,2024-03-28,11177.68,5593.55,0.16,36.0,Current,0,0,ACB-BR068
ACB-LN0001412,ACB-C011199,Personal Loan,2021-05-20,11367.35,580.29,0.123,240.0,Current,0,0,ACB-BR033
ACB-LN0001413,ACB-C013628,Mortgage,2020-12-18,582159.11,211302.47,0.0667,12.0,Current,0,0,ACB-BR044
ACB-LN0001414,ACB-C005351,Mortgage,2021-03-20,527812.67,354871.88,0.0451,84.0,Paid Off,0,0,ACB-BR073
ACB-LN0001415,ACB-C009348,Student Loan,2023-06-12,66971.31,28735.8,0.0881,36.0,Current,0,0,ACB-BR043
ACB-LN0001416,ACB-C014979,Auto Loan,2023-12-05,18556.13,14946.69,0.0737,360.0,Current,0,0,ACB-BR080
ACB-LN0001417,ACB-C006920,Auto Loan,2021-05-31,14509.5,8735.59,0.086,36.0,Current,0,0,ACB-BR023
ACB-LN0001418,ACB-C004026,Auto Loan,2019-06-04,24742.44,5058.96,0.1033,12.0,30-59 DPD,48,0,ACB-BR017
ACB-LN0001419,ACB-C005483,Auto Loan,2023-06-13,22190.86,7927.23,0.0831,180.0,Written Off,0,1,ACB-BR005
ACB-LN0001420,ACB-C013244,Student Loan,2022-10-09,78784.07,50677.93,0.0975,12.0,Current,0,0,ACB-BR075
ACB-LN0001421,ACB-C002317,Home Equity Loan,2025-10-22,100684.04,6652.8,0.14,60.0,Current,0,0,ACB-BR003
ACB-LN0001422,ACB-C001992,Mortgage,2020-04-10,287222.42,179744.45,0.0432,24.0,Current,0,0,ACB-BR058
ACB-LN0001423,ACB-C009810,Personal Loan,2024-07-14,6803.22,1699.53,0.1679,60.0,Current,0,0,ACB-BR005
ACB-LN0001424,ACB-C010220,Mortgage,2021-06-21,379912.46,42854.99,0.0356,12.0,Current,0,0,ACB-BR049
ACB-LN0001425,ACB-C004816,Small Business Loan,2024-12-05,25981.55,5468.68,0.1419,48.0,60-89 DPD,61,0,ACB-BR041
ACB-LN0001426,ACB-C010062,Personal Loan,2024-10-14,15514.07,6426.81,0.1351,180.0,Paid Off,0,0,ACB-BR034
ACB-LN0001427,ACB-C009564,Personal Loan,2023-08-01,33959.72,16253.52,0.1554,360.0,Current,0,0,ACB-BR049
ACB-LN0001428,ACB-C011666,Mortgage,2025-08-11,507348.96,304648.79,0.0742,180.0,Current,0,0,ACB-BR015
ACB-LN0001429,ACB-C012065,Personal Loan,2021-08-12,10583.94,4790.78,0.128,48.0,Paid Off,0,0,ACB-BR003
ACB-LN0001430,ACB-C003381,Auto Loan,2021-08-12,47155.85,14172.33,0.107,360.0,Current,0,0,ACB-BR021
ACB-LN0001431,ACB-C013881,Mortgage,2023-07-15,572585.11,257904.69,0.0883,60.0,Current,0,0,ACB-BR028
ACB-LN0001432,ACB-C011891,Auto Loan,2025-12-26,26739.0,10736.38,0.0782,36.0,Current,0,0,ACB-BR030
ACB-LN0001433,ACB-C004107,Auto Loan,2022-08-27,10032.85,1205.75,0.0718,240.0,Current,0,0,ACB-BR025
ACB-LN0001434,ACB-C000659,Mortgage,2019-06-28,181217.13,21807.15,0.064,84.0,Current,0,0,ACB-BR056
ACB-LN0001435,ACB-C007334,Auto Loan,2020-09-19,45880.84,42049.5,0.1353,36.0,Current,0,0,ACB-BR036
ACB-LN0001436,ACB-C001662,Student Loan,2024-01-13,33706.8,10087.59,0.1066,360.0,Current,0,0,ACB-BR049
ACB-LN0001437,ACB-C009873,Mortgage,2024-12-27,283980.46,104090.99,0.095,,60-89 DPD,81,0,ACB-BR020
ACB-LN0001438,ACB-C012087,Mortgage,2020-01-21,558570.68,498469.94,0.0452,12.0,Current,0,0,ACB-BR079
ACB-LN0001439,ACB-C014830,Student Loan,2024-07-04,26877.36,4573.3,0.0788,120.0,Current,0,0,ACB-BR074
ACB-LN0001440,ACB-C002593,Mortgage,2019-11-10,452597.03,388130.38,0.0583,36.0,Current,0,0,ACB-BR079
ACB-LN0001441,ACB-C008039,Personal Loan,2024-10-14,16488.33,14419.8,0.1118,240.0,Default,355,1,ACB-BR022
ACB-LN0001442,ACB-C008111,Mortgage,2025-07-04,470962.54,241301.14,0.0684,180.0,Paid Off,0,0,ACB-BR021
ACB-LN0001443,ACB-C011241,Student Loan,2023-02-03,27179.91,13624.29,0.0933,120.0,Current,0,0,ACB-BR062
ACB-LN0001444,ACB-C002346,Auto Loan,2022-04-28,47062.87,22738.26,0.106,120.0,Current,0,0,ACB-BR063
ACB-LN0001445,ACB-C004950,Auto Loan,2024-09-27,23853.27,17846.84,0.16,84.0,Current,0,0,ACB-BR004
ACB-LN0001446,ACB-C006637,Home Equity Loan,2024-09-09,55587.45,39819.63,0.0935,48.0,Current,0,0,ACB-BR066
ACB-LN0001447,ACB-C004630,Auto Loan,2023-04-12,47917.13,36797.24,0.0673,48.0,Paid Off,0,0,ACB-BR009
ACB-LN0001448,ACB-C014878,Home Equity Loan,2026-03-26,29520.83,4199.02,0.0802,240.0,Paid Off,0,0,ACB-BR015
ACB-LN0001449,ACB-C013013,Mortgage,2022-07-23,360147.3,266962.77,0.0821,48.0,Current,0,0,ACB-BR079
ACB-LN0001450,ACB-C014822,Student Loan,2021-07-21,75637.26,61406.82,0.075,240.0,Current,0,0,ACB-BR031
ACB-LN0001451,ACB-C010731,Personal Loan,2021-08-23,29991.65,7740.34,0.1264,84.0,Current,0,0,ACB-BR041
ACB-LN0001452,ACB-C004184,Auto Loan,2024-11-18,31844.13,12666.68,0.16,48.0,Current,0,0,ACB-BR062
ACB-LN0001453,ACB-C000012,Personal Loan,2019-08-22,17047.81,2713.31,0.121,,Current,0,0,ACB-BR029
ACB-LN0001454,ACB-C003544,Small Business Loan,2021-06-13,26076.33,23450.78,0.1456,12.0,Current,0,0,ACB-BR052
ACB-LN0001455,ACB-C011740,Auto Loan,2024-07-12,21616.96,12607.56,0.1094,240.0,Current,0,0,ACB-BR014
ACB-LN0001456,ACB-C007179,Mortgage,2020-05-11,250385.86,63643.39,0.0469,360.0,Default,268,1,ACB-BR036
ACB-LN0001457,ACB-C004335,Auto Loan,2022-03-13,17849.61,14397.37,0.0858,84.0,Paid Off,0,0,ACB-BR001
ACB-LN0001458,ACB-C001261,Mortgage,2019-06-22,508689.52,269919.91,0.0461,48.0,Current,0,0,ACB-BR028
ACB-LN0001459,ACB-C008672,Auto Loan,2023-09-10,15820.65,4186.18,0.16,84.0,Current,0,0,ACB-BR016
ACB-LN0001460,ACB-C014091,Mortgage,2025-06-13,199014.24,129273.1,0.0429,360.0,Default,302,1,ACB-BR011
ACB-LN0001461,ACB-C010563,Mortgage,2023-11-06,131435.35,49420.04,0.0463,24.0,Current,0,0,ACB-BR056
ACB-LN0001462,ACB-C012168,Student Loan,2024-12-17,15683.99,14335.88,0.0901,12.0,30-59 DPD,41,0,ACB-BR049
ACB-LN0001463,ACB-C001249,Mortgage,2025-04-22,631871.49,458794.01,0.0544,12.0,Current,0,0,ACB-BR025
ACB-LN0001464,ACB-C012702,Mortgage,2024-10-01,582540.55,536429.59,0.0841,48.0,Current,0,0,ACB-BR009
ACB-LN0001465,ACB-C005690,Auto Loan,2024-07-21,30010.65,21556.45,0.1173,60.0,30-59 DPD,40,0,ACB-BR021
ACB-LN0001466,ACB-C008915,Personal Loan,2022-07-31,22125.47,1819.49,0.1756,84.0,Written Off,0,1,ACB-BR017
ACB-LN0001467,ACB-C012908,Auto Loan,2022-08-25,38353.54,22194.3,0.16,240.0,Current,0,0,ACB-BR010
ACB-LN0001468,ACB-C001146,Personal Loan,2023-03-09,29646.24,28533.85,0.1161,120.0,Current,0,0,ACB-BR026
ACB-LN0001469,ACB-C005197,Mortgage,2022-03-13,221934.22,127757.11,0.0554,12.0,Current,0,0,ACB-BR072
ACB-LN0001470,ACB-C002135,Mortgage,2021-02-20,517328.09,294338.69,0.0461,120.0,Current,0,0,ACB-BR051
ACB-LN0001471,ACB-C001832,Mortgage,2022-08-16,376348.7,29861.55,0.0545,36.0,Current,0,0,ACB-BR026
ACB-LN0001472,ACB-C009515,Mortgage,2022-10-02,152392.6,79770.09,0.0795,240.0,90+ DPD,120,1,ACB-BR044
ACB-LN0001473,ACB-C009782,Mortgage,2020-03-28,415205.5,378600.56,0.0362,360.0,Current,0,0,ACB-BR005
ACB-LN0001474,ACB-C006531,Auto Loan,2024-09-18,45533.09,20463.38,0.0848,48.0,Current,0,0,ACB-BR007
ACB-LN0001475,ACB-C012821,Personal Loan,2024-05-09,19741.45,11864.28,0.211,36.0,Paid Off,0,0,ACB-BR072
ACB-LN0001476,ACB-C008216,Home Equity Loan,2022-02-20,110145.99,33342.68,0.0583,12.0,Current,0,0,ACB-BR056
ACB-LN0001477,ACB-C006812,Home Equity Loan,2020-03-23,87592.8,16289.97,0.0856,12.0,Current,0,0,ACB-BR062
ACB-LN0001478,ACB-C009550,Personal Loan,2022-09-17,30466.69,27357.79,0.168,120.0,Current,0,0,ACB-BR070
ACB-LN0001479,ACB-C011673,Student Loan,2024-09-18,70473.18,55250.67,0.0978,48.0,Paid Off,0,0,ACB-BR045
ACB-LN0001480,ACB-C004463,Personal Loan,2025-08-02,15754.01,10000.02,0.24,120.0,Current,0,0,ACB-BR017
ACB-LN0001481,ACB-C002754,Mortgage,2025-09-18,248518.71,97025.7,0.0494,180.0,Current,0,0,ACB-BR065
ACB-LN0001482,ACB-C003129,Mortgage,2022-10-20,565928.98,400012.7,0.0605,360.0,Current,0,0,ACB-BR063
ACB-LN0001483,ACB-C001300,Personal Loan,2019-10-28,23609.28,4971.83,0.1981,48.0,Current,0,0,ACB-BR005
ACB-LN0001484,ACB-C006880,Auto Loan,2019-12-10,47837.73,39650.61,0.1121,240.0,Paid Off,0,0,ACB-BR051
ACB-LN0001485,ACB-C012385,Student Loan,2023-01-24,10934.22,6806.77,0.11,36.0,Current,0,0,ACB-BR011
ACB-LN0001486,ACB-C004215,Personal Loan,2022-01-20,28069.22,4770.72,0.1906,84.0,Current,0,0,ACB-BR043
ACB-LN0001487,ACB-C000726,Small Business Loan,2022-11-27,147785.19,13848.67,0.2,84.0,Current,0,0,ACB-BR004
ACB-LN0001488,ACB-C009120,Personal Loan,2023-12-25,27210.0,5972.22,0.1589,60.0,Current,0,0,ACB-BR047
ACB-LN0001489,ACB-C008782,Small Business Loan,2023-12-09,88754.74,53934.96,0.2,120.0,Current,0,0,ACB-BR036
ACB-LN0001490,ACB-C014939,Personal Loan,2025-01-10,3262.12,1633.44,0.24,60.0,Current,0,0,ACB-BR050
ACB-LN0001491,ACB-C014046,Home Equity Loan,2022-01-04,18802.53,7350.82,0.096,36.0,Current,0,0,ACB-BR070
ACB-LN0001492,ACB-C006518,Small Business Loan,2019-10-16,135756.05,119094.53,0.1753,84.0,Current,0,0,ACB-BR070
ACB-LN0001493,ACB-C007542,Auto Loan,2025-11-21,54550.73,20146.49,0.16,12.0,Current,0,0,ACB-BR005
ACB-LN0001494,ACB-C002108,Student Loan,2024-12-21,61325.32,17474.41,0.0906,180.0,Current,0,0,ACB-BR033
ACB-LN0001495,ACB-C013232,Mortgage,2025-04-02,484170.03,354836.45,0.046,60.0,Current,0,0,ACB-BR003
ACB-LN0001496,ACB-C002435,Personal Loan,2024-05-21,11706.99,6362.96,0.1178,60.0,Paid Off,0,0,ACB-BR006
ACB-LN0001497,ACB-C001225,Mortgage,2019-08-14,364602.87,283897.87,0.0594,24.0,Current,0,0,ACB-BR029
ACB-LN0001498,ACB-C009902,Mortgage,2025-04-28,518669.56,417709.02,0.0635,240.0,30-59 DPD,44,0,ACB-BR064
ACB-LN0001499,ACB-C009560,Mortgage,2024-01-11,260484.87,59536.26,0.0558,12.0,Current,0,0,ACB-BR042
ACB-LN0001500,ACB-C001214,Small Business Loan,2021-12-31,152394.61,122238.48,0.177,360.0,Current,0,0,ACB-BR050
ACB-LN0001501,ACB-C000050,Personal Loan,2025-06-17,7026.15,2353.52,0.1352,60.0,30-59 DPD,38,0,ACB-BR044
ACB-LN0001502,ACB-C007305,Mortgage,2019-11-30,602931.71,236603.05,0.0564,120.0,Paid Off,0,0,ACB-BR004
ACB-LN0001503,ACB-C002894,Mortgage,2021-10-27,629034.22,381013.74,0.0521,,Paid Off,0,0,ACB-BR009
ACB-LN0001504,ACB-C007817,Small Business Loan,2023-02-07,104206.46,24038.38,0.1951,120.0,Current,0,0,ACB-BR014
ACB-LN0001505,ACB-C007630,Student Loan,2022-08-18,49034.34,14818.84,0.0813,360.0,Current,0,0,ACB-BR023
ACB-LN0001506,ACB-C001138,Mortgage,2022-12-15,507559.4,180985.06,0.0906,240.0,Current,0,0,ACB-BR051
ACB-LN0001507,ACB-C008450,Personal Loan,2021-03-07,13591.71,10761.14,0.2115,12.0,Current,0,0,ACB-BR065
ACB-LN0001508,ACB-C003636,Personal Loan,2019-11-03,16759.8,1769.38,0.1418,240.0,30-59 DPD,32,0,ACB-BR063
ACB-LN0001509,ACB-C006008,Auto Loan,2022-05-22,18869.43,4950.67,0.1387,24.0,Current,0,0,ACB-BR018
ACB-LN0001510,ACB-C002505,Personal Loan,2023-12-21,3213.93,2003.74,,240.0,Current,0,0,ACB-BR074
ACB-LN0001511,ACB-C002477,Mortgage,2021-11-18,586476.06,76610.71,0.0448,24.0,Current,0,0,ACB-BR056
ACB-LN0001512,ACB-C006665,Auto Loan,2020-08-11,22904.91,19910.1,0.0951,84.0,Current,0,0,ACB-BR039
ACB-LN0001513,ACB-C005310,Mortgage,2020-11-10,226861.89,127488.35,0.059,48.0,Current,0,0,ACB-BR030
ACB-LN0001514,ACB-C005405,Student Loan,2023-05-10,59947.58,53806.23,0.055,84.0,Current,0,0,ACB-BR080
ACB-LN0001515,ACB-C011896,Mortgage,2023-12-16,154755.81,62635.15,0.0416,84.0,Current,0,0,ACB-BR047
ACB-LN0001516,ACB-C014420,Auto Loan,2023-02-05,22835.92,22365.86,0.16,36.0,90+ DPD,180,1,ACB-BR004
ACB-LN0001517,ACB-C010937,Mortgage,2022-11-15,407893.83,339864.79,0.065,48.0,Current,0,0,ACB-BR073
ACB-LN0001518,ACB-C002657,Auto Loan,2023-11-24,8101.13,6961.1,0.1207,120.0,Current,0,0,ACB-BR064
ACB-LN0001519,ACB-C002425,Auto Loan,2021-11-18,21728.36,7155.12,0.0858,60.0,60-89 DPD,65,0,ACB-BR008
ACB-LN0001520,ACB-C000679,Personal Loan,2020-08-05,21851.5,16047.59,0.1695,240.0,Default,352,1,ACB-BR063
ACB-LN0001521,ACB-C011926,Personal Loan,2020-04-16,30130.94,25819.86,0.1707,24.0,Current,0,0,ACB-BR078
ACB-LN0001522,ACB-C009964,Home Equity Loan,2020-07-23,115244.37,6025.62,0.1052,240.0,Current,0,0,ACB-BR075
ACB-LN0001523,ACB-C009902,Personal Loan,2022-02-18,7419.0,693.89,0.1662,360.0,Paid Off,0,0,ACB-BR049
ACB-LN0001524,ACB-C011375,Personal Loan,2024-03-07,21453.9,1737.8,0.24,36.0,Current,0,0,ACB-BR078
ACB-LN0001525,ACB-C014692,Student Loan,2024-10-27,58952.91,44317.54,0.11,360.0,60-89 DPD,89,0,ACB-BR066
ACB-LN0001526,ACB-C010927,Home Equity Loan,2023-08-18,66164.18,39690.44,0.14,360.0,Current,0,0,ACB-BR045
ACB-LN0001527,ACB-C011040,Home Equity Loan,2019-03-12,105586.48,47696.08,0.0864,240.0,Current,0,0,ACB-BR026
ACB-LN0001528,ACB-C013150,Auto Loan,2023-08-23,27512.22,19187.8,0.1367,240.0,Written Off,0,1,ACB-BR059
ACB-LN0001529,ACB-C001612,Auto Loan,2024-11-06,11872.87,9115.45,0.16,360.0,Current,0,0,ACB-BR042
ACB-LN0001530,ACB-C000767,Home Equity Loan,2023-01-25,83872.58,65500.89,0.1282,120.0,Current,0,0,ACB-BR032
ACB-LN0001531,ACB-C013091,Home Equity Loan,2022-08-14,112785.35,7188.34,0.14,180.0,60-89 DPD,79,0,ACB-BR039
ACB-LN0001532,ACB-C012641,Auto Loan,2019-03-11,13252.01,5593.58,0.0708,60.0,Current,0,0,ACB-BR050
ACB-LN0001533,ACB-C003134,Personal Loan,2023-12-13,14451.37,6229.66,0.24,180.0,Current,0,0,ACB-BR008
ACB-LN0001534,ACB-C008311,Personal Loan,2022-07-04,19718.75,3481.95,0.2299,240.0,Written Off,0,1,ACB-BR018
ACB-LN0001535,ACB-C006380,Mortgage,2020-09-30,314357.47,163762.84,0.0309,180.0,Default,301,1,ACB-BR044
ACB-LN0001536,ACB-C003774,Mortgage,2025-11-04,193041.89,177831.91,0.0834,360.0,Current,0,0,ACB-BR061
ACB-LN0001537,ACB-C005595,Mortgage,2022-01-17,598080.78,526510.07,0.0321,48.0,Current,0,0,ACB-BR044
ACB-LN0001538,ACB-C003711,Personal Loan,2025-04-26,24251.96,15114.88,0.2104,84.0,Current,0,0,ACB-BR002
ACB-LN0001539,ACB-C010060,Mortgage,2023-03-04,487118.39,316514.74,0.0572,120.0,Current,0,0,ACB-BR013
ACB-LN0001540,ACB-C000699,Personal Loan,2020-05-13,9416.06,2230.31,0.1587,12.0,Current,0,0,ACB-BR019
ACB-LN0001541,ACB-C004374,Personal Loan,2019-01-02,9076.39,3667.46,0.0958,120.0,90+ DPD,133,1,ACB-BR046
ACB-LN0001542,ACB-C004298,Auto Loan,2024-10-25,32682.01,25619.93,0.1591,60.0,Current,0,0,ACB-BR078
ACB-LN0001543,ACB-C007491,Small Business Loan,2022-01-18,241892.59,55065.78,0.1012,84.0,Current,0,0,ACB-BR055
ACB-LN0001544,ACB-C011757,Auto Loan,2025-07-20,28326.79,20198.85,0.1536,180.0,Current,0,0,ACB-BR047
ACB-LN0001545,ACB-C003111,Personal Loan,2020-11-01,14380.14,4088.35,0.2124,180.0,Current,0,0,ACB-BR054
ACB-LN0001546,ACB-C005844,Personal Loan,2023-12-30,4945.72,1187.57,0.2031,240.0,Current,0,0,ACB-BR026
ACB-LN0001547,ACB-C006069,Auto Loan,2020-10-05,29803.22,23359.25,0.0762,12.0,Current,0,0,ACB-BR004
ACB-LN0001548,ACB-C001723,Student Loan,2022-07-10,16850.97,9852.68,0.0556,,30-59 DPD,46,0,ACB-BR003
ACB-LN0001549,ACB-C006495,Mortgage,2023-03-20,313679.03,59599.45,0.0543,360.0,Current,0,0,ACB-BR031
ACB-LN0001550,ACB-C006279,Mortgage,2020-10-15,483614.69,256675.11,0.0339,84.0,Current,0,0,ACB-BR041
ACB-LN0001551,ACB-C011937,Auto Loan,2024-06-21,54122.0,15262.94,0.109,48.0,Current,0,0,ACB-BR029
ACB-LN0001552,ACB-C000643,Mortgage,2023-04-08,262577.6,196599.31,0.0689,48.0,Current,0,0,ACB-BR060
ACB-LN0001553,ACB-C014669,Personal Loan,2022-11-23,19289.64,15176.09,0.237,24.0,Current,0,0,ACB-BR007
ACB-LN0001554,ACB-C008991,Personal Loan,2019-08-02,12478.5,3004.21,0.1068,36.0,Current,0,0,ACB-BR078
ACB-LN0001555,ACB-C005365,Small Business Loan,2025-08-10,57425.74,7441.94,0.1553,48.0,Current,0,0,ACB-BR006
ACB-LN0001556,ACB-C013124,Student Loan,2020-02-09,37204.53,24526.27,0.0731,240.0,Current,0,0,ACB-BR016
ACB-LN0001557,ACB-C007839,Student Loan,2021-01-26,49761.58,43590.95,0.0763,360.0,Current,0,0,ACB-BR056
ACB-LN0001558,ACB-C009508,Personal Loan,2020-08-06,14431.07,9978.66,0.1791,36.0,Paid Off,0,0,ACB-BR036
ACB-LN0001559,ACB-C000781,Auto Loan,2021-05-30,18799.38,2514.09,0.0481,48.0,Current,0,0,ACB-BR005
ACB-LN0001560,ACB-C011847,Auto Loan,2022-07-26,53415.7,30382.52,0.16,36.0,60-89 DPD,70,0,ACB-BR016
ACB-LN0001561,ACB-C012395,Personal Loan,2020-11-05,16617.5,14122.69,0.0962,360.0,Current,0,0,ACB-BR040
ACB-LN0001562,ACB-C012925,Small Business Loan,2026-03-26,48971.68,31892.84,0.1003,60.0,Current,0,0,ACB-BR062
ACB-LN0001563,ACB-C008418,Student Loan,2023-09-27,31188.11,22826.65,0.0904,12.0,Current,0,0,ACB-BR063
ACB-LN0001564,ACB-C003907,Mortgage,2021-07-19,239822.62,181041.85,0.035,180.0,Current,0,0,ACB-BR076
ACB-LN0001565,ACB-C011759,Small Business Loan,2024-08-03,146473.85,98612.36,0.1646,24.0,Current,0,0,ACB-BR064
ACB-LN0001566,ACB-C003792,Home Equity Loan,2025-08-23,65755.42,35333.91,0.0846,48.0,Current,0,0,ACB-BR050
ACB-LN0001567,ACB-C009366,Small Business Loan,2025-03-22,106828.88,50617.0,0.1837,360.0,Current,0,0,ACB-BR047
ACB-LN0001568,ACB-C008439,Mortgage,2021-07-25,454425.6,148708.11,0.0367,24.0,Current,0,0,ACB-BR046
ACB-LN0001569,ACB-C007731,Home Equity Loan,2021-05-01,28686.1,15180.66,0.0686,360.0,30-59 DPD,52,0,ACB-BR023
ACB-LN0001570,ACB-C012526,Personal Loan,2023-03-13,19638.34,15879.46,0.24,240.0,Current,0,0,ACB-BR037
ACB-LN0001571,ACB-C007497,Student Loan,2025-09-27,36801.73,21340.41,0.0889,360.0,60-89 DPD,76,0,ACB-BR073
ACB-LN0001572,ACB-C002407,Home Equity Loan,2025-09-01,20585.03,16765.29,0.1239,120.0,Current,0,0,ACB-BR050
ACB-LN0001573,ACB-C013363,Home Equity Loan,2021-08-27,30129.0,3042.65,0.0746,240.0,Current,0,0,ACB-BR051
ACB-LN0001574,ACB-C013201,Mortgage,2022-03-16,646843.49,113550.65,0.0401,240.0,90+ DPD,161,1,ACB-BR050
ACB-LN0001575,ACB-C000881,Mortgage,2023-02-03,285621.74,153973.18,0.0789,240.0,Current,0,0,ACB-BR059
ACB-LN0001576,ACB-C001609,Auto Loan,2025-07-07,20389.89,1855.68,0.1153,180.0,Current,0,0,ACB-BR065
ACB-LN0001577,ACB-C004485,Mortgage,2019-01-21,606879.34,118853.06,0.03,36.0,Current,0,0,ACB-BR040
ACB-LN0001578,ACB-C013871,Small Business Loan,2022-10-31,133271.1,66977.16,0.114,48.0,Paid Off,0,0,ACB-BR031
ACB-LN0001579,ACB-C003418,Personal Loan,2023-07-14,17171.65,11975.41,0.24,240.0,Default,302,1,ACB-BR036
ACB-LN0001580,ACB-C011177,Mortgage,2019-12-22,605450.58,98123.24,0.0551,48.0,Current,0,0,ACB-BR036
ACB-LN0001581,ACB-C000166,Auto Loan,2023-02-16,31144.33,26952.23,0.0722,48.0,Current,0,0,ACB-BR069
ACB-LN0001582,ACB-C001219,Auto Loan,2021-01-01,29299.54,24094.61,0.1351,180.0,Current,0,0,ACB-BR065
ACB-LN0001583,ACB-C001660,Personal Loan,2021-03-18,30855.26,23072.47,0.1021,48.0,Current,0,0,ACB-BR052
ACB-LN0001584,ACB-C011435,Home Equity Loan,2019-05-09,57110.82,51396.44,0.0951,240.0,Current,0,0,ACB-BR015
ACB-LN0001585,ACB-C003295,Home Equity Loan,2024-03-30,41670.89,37502.93,0.0926,360.0,Paid Off,0,0,ACB-BR052
ACB-LN0001586,ACB-C003433,Mortgage,2026-01-14,425371.71,307441.67,0.0598,120.0,Current,0,0,ACB-BR058
ACB-LN0001587,ACB-C004547,Home Equity Loan,2021-01-18,90590.25,9798.76,0.0814,60.0,Current,0,0,ACB-BR032
ACB-LN0001588,ACB-C011810,Personal Loan,2019-07-10,24128.0,16685.49,0.2043,180.0,Current,0,0,ACB-BR021
ACB-LN0001589,ACB-C009870,Mortgage,2020-01-23,437565.15,231041.1,0.067,60.0,Current,0,0,ACB-BR045
ACB-LN0001590,ACB-C011927,Mortgage,2025-09-16,328969.56,74158.53,0.0917,120.0,Paid Off,0,0,ACB-BR069
ACB-LN0001591,ACB-C001440,Personal Loan,2019-03-28,25805.52,13006.93,0.0811,120.0,Current,0,0,ACB-BR034
ACB-LN0001592,ACB-C008129,Mortgage,2024-02-08,372684.22,283588.7,0.065,60.0,Current,0,0,ACB-BR073
ACB-LN0001593,ACB-C008307,Home Equity Loan,2026-01-14,102453.85,29413.75,0.1232,48.0,Current,0,0,ACB-BR035
ACB-LN0001594,ACB-C009472,Auto Loan,2023-10-11,54554.22,22774.17,0.1595,120.0,Current,0,0,ACB-BR036
ACB-LN0001595,ACB-C004112,Student Loan,2023-03-07,44027.07,5544.36,0.0859,24.0,Current,0,0,ACB-BR048
ACB-LN0001596,ACB-C007374,Auto Loan,2020-03-23,41356.62,15052.71,0.113,24.0,Current,0,0,ACB-BR032
ACB-LN0001597,ACB-C002303,Personal Loan,2025-12-02,22680.78,15566.1,0.24,84.0,Current,0,0,ACB-BR044
ACB-LN0001598,ACB-C000964,Mortgage,2022-01-13,137592.71,10405.03,0.0496,36.0,Current,0,0,ACB-BR078
ACB-LN0001599,ACB-C001024,Auto Loan,2024-03-03,23006.07,1657.05,0.16,48.0,Current,0,0,ACB-BR070
ACB-LN0001600,ACB-C012446,Small Business Loan,2020-01-12,128921.61,15624.42,0.0932,84.0,Current,0,0,ACB-BR009
ACB-LN0001601,ACB-C013064,Mortgage,2023-05-14,409986.05,55975.04,0.0766,36.0,Current,0,0,ACB-BR076
ACB-LN0001602,ACB-C012197,Home Equity Loan,2026-02-28,106248.7,19467.36,0.14,360.0,Current,0,0,ACB-BR019
ACB-LN0001603,ACB-C014147,Personal Loan,2024-09-11,19674.09,9152.77,0.1735,,60-89 DPD,65,0,ACB-BR017
ACB-LN0001604,ACB-C014581,Mortgage,2025-02-08,182171.76,21961.78,0.0908,36.0,Current,0,0,ACB-BR026
ACB-LN0001605,ACB-C002446,Auto Loan,2022-09-30,49085.03,10397.21,0.1272,240.0,Current,0,0,ACB-BR074
ACB-LN0001606,ACB-C003602,Auto Loan,2025-08-11,15667.79,14424.79,0.1117,84.0,Current,0,0,ACB-BR008
ACB-LN0001607,ACB-C013585,Mortgage,2025-02-03,239556.07,227877.36,0.0498,24.0,Current,0,0,ACB-BR035
ACB-LN0001608,ACB-C011774,Personal Loan,2020-08-23,14321.77,1794.91,0.086,180.0,Paid Off,0,0,ACB-BR050
ACB-LN0001609,ACB-C000482,Auto Loan,2021-05-22,50390.93,7346.43,0.1163,120.0,Current,0,0,ACB-BR012
ACB-LN0001610,ACB-C005463,Auto Loan,2019-07-03,43941.62,41841.82,0.0599,36.0,Current,0,0,ACB-BR055
ACB-LN0001611,ACB-C009936,Personal Loan,2026-03-08,31125.58,13828.91,0.1817,180.0,Current,0,0,ACB-BR027
ACB-LN0001612,ACB-C013264,Auto Loan,2023-07-28,51464.53,36679.64,0.0649,180.0,Paid Off,0,0,ACB-BR025
ACB-LN0001613,ACB-C008629,Auto Loan,2022-04-18,14808.19,5380.89,0.0553,180.0,Current,0,0,ACB-BR035
ACB-LN0001614,ACB-C005196,Mortgage,2022-03-19,180661.8,31264.2,0.0695,180.0,Current,0,0,ACB-BR076
ACB-LN0001615,ACB-C001804,Small Business Loan,2019-02-05,107744.5,102922.1,0.1038,12.0,Current,0,0,ACB-BR031
ACB-LN0001616,ACB-C009128,Mortgage,2026-01-23,298013.46,146778.08,0.0892,120.0,Current,0,0,ACB-BR058
ACB-LN0001617,ACB-C000187,Mortgage,2025-07-28,191202.54,56549.5,0.0805,48.0,60-89 DPD,65,0,ACB-BR032
ACB-LN0001618,ACB-C002265,Personal Loan,2023-04-13,27839.67,23639.0,0.1348,36.0,Current,0,0,ACB-BR045
ACB-LN0001619,ACB-C012286,Auto Loan,2022-10-17,36250.11,23136.66,0.16,12.0,Paid Off,0,0,ACB-BR055
ACB-LN0001620,ACB-C012478,Mortgage,2021-07-08,315962.71,142677.18,0.061,240.0,Current,0,0,ACB-BR015
ACB-LN0001621,ACB-C001025,Student Loan,2019-07-11,64431.73,5621.31,0.077,84.0,Current,0,0,ACB-BR044
ACB-LN0001622,ACB-C006042,Home Equity Loan,2019-10-29,83516.13,67944.0,0.0918,360.0,Current,0,0,ACB-BR047
ACB-LN0001623,ACB-C013358,Mortgage,2022-02-08,565955.7,397311.22,0.0388,48.0,Current,0,0,ACB-BR052
ACB-LN0001624,ACB-C001335,Mortgage,2022-09-05,419663.1,273046.8,0.0762,24.0,Current,0,0,ACB-BR015
ACB-LN0001625,ACB-C010613,Personal Loan,2021-10-06,6505.44,5718.32,0.1358,360.0,Current,0,0,ACB-BR017
ACB-LN0001626,ACB-C000101,Home Equity Loan,2025-05-28,115234.8,44612.7,0.0849,60.0,Current,0,0,ACB-BR073
ACB-LN0001627,ACB-C001136,Mortgage,2020-01-29,282703.16,238403.48,0.0423,120.0,Current,0,0,ACB-BR069
ACB-LN0001628,ACB-C010225,Personal Loan,2024-04-05,12988.35,9502.73,0.1812,240.0,Current,0,0,ACB-BR075
ACB-LN0001629,ACB-C010604,Auto Loan,2024-10-20,14506.97,12303.15,0.16,240.0,Current,0,0,ACB-BR044
ACB-LN0001630,ACB-C005880,Personal Loan,2020-01-07,27154.42,9359.45,0.2179,,Current,0,0,ACB-BR009
ACB-LN0001631,ACB-C004060,Personal Loan,2023-07-23,12979.3,3489.22,0.1477,84.0,Current,0,0,ACB-BR077
ACB-LN0001632,ACB-C002902,Home Equity Loan,2020-11-26,63733.1,6828.32,0.0634,240.0,Current,0,0,ACB-BR016
ACB-LN0001633,ACB-C012773,Mortgage,2025-05-01,380126.12,72638.22,0.046,84.0,Current,0,0,ACB-BR060
ACB-LN0001634,ACB-C008297,Mortgage,2021-12-04,138838.51,14269.49,0.0413,360.0,Current,0,0,ACB-BR011
ACB-LN0001635,ACB-C004528,Mortgage,2022-10-08,262495.98,162982.11,0.0818,48.0,Current,0,0,ACB-BR016
ACB-LN0001636,ACB-C006623,Mortgage,2023-06-06,326701.42,273246.17,0.095,120.0,Current,0,0,ACB-BR030
ACB-LN0001637,ACB-C012909,Mortgage,2020-01-03,408981.14,99661.93,0.0507,12.0,90+ DPD,164,1,ACB-BR022
ACB-LN0001638,ACB-C013175,Student Loan,2019-02-27,78726.57,72428.07,0.0758,36.0,Paid Off,0,0,ACB-BR075
ACB-LN0001639,ACB-C005376,Mortgage,2024-07-19,399591.01,28266.76,0.082,24.0,Current,0,0,ACB-BR072
ACB-LN0001640,ACB-C001856,Auto Loan,2019-07-02,42079.82,12558.2,0.1012,240.0,Current,0,0,ACB-BR023
ACB-LN0001641,ACB-C010917,Personal Loan,2021-11-29,21757.38,12475.28,0.1179,12.0,Current,0,0,ACB-BR015
ACB-LN0001642,ACB-C001888,Personal Loan,2024-01-26,18264.08,16176.44,0.24,360.0,Current,0,0,ACB-BR032
ACB-LN0001643,ACB-C000336,Home Equity Loan,2025-03-15,22399.91,7634.73,0.1243,12.0,Current,0,0,ACB-BR043
ACB-LN0001644,ACB-C003514,Auto Loan,2023-06-09,30466.22,21014.82,0.1337,180.0,Current,0,0,ACB-BR010
ACB-LN0001645,ACB-C009592,Small Business Loan,2026-01-28,133697.5,96991.53,0.2,240.0,60-89 DPD,69,0,ACB-BR068
ACB-LN0001646,ACB-C004071,Auto Loan,2025-02-25,40624.98,25944.97,0.1229,120.0,Current,0,0,ACB-BR007
ACB-LN0001647,ACB-C005797,Personal Loan,2024-12-16,3815.79,1309.68,0.24,360.0,Current,0,0,ACB-BR078
ACB-LN0001648,ACB-C001932,Personal Loan,2021-07-01,14175.14,11701.68,0.0894,24.0,Current,0,0,ACB-BR059
ACB-LN0001649,ACB-C010727,Student Loan,2025-08-29,33883.63,29469.67,0.0973,60.0,Paid Off,0,0,ACB-BR003
ACB-LN0001650,ACB-C007273,Auto Loan,2022-10-28,47867.59,6790.59,0.1068,84.0,90+ DPD,171,1,ACB-BR030
ACB-LN0001651,ACB-C008548,Personal Loan,2022-11-27,34894.48,31960.51,0.24,36.0,Current,0,0,ACB-BR023
ACB-LN0001652,ACB-C004972,Personal Loan,2025-02-10,10406.62,9614.7,0.24,360.0,Paid Off,0,0,ACB-BR012
ACB-LN0001653,ACB-C014577,Personal Loan,2021-03-30,30348.12,17703.6,0.0808,120.0,Current,0,0,ACB-BR074
ACB-LN0001654,ACB-C007604,Auto Loan,2023-02-22,12479.6,9385.65,0.0635,84.0,Current,0,0,ACB-BR052
ACB-LN0001655,ACB-C011048,Home Equity Loan,2024-12-07,33646.01,32557.89,0.1352,12.0,Current,0,0,ACB-BR017
ACB-LN0001656,ACB-C004787,Personal Loan,2023-04-19,13579.32,1134.76,0.24,360.0,Current,0,0,ACB-BR030
ACB-LN0001657,ACB-C006946,Auto Loan,2021-03-14,30861.12,15671.41,0.0457,24.0,Written Off,0,1,ACB-BR008
ACB-LN0001658,ACB-C009864,Auto Loan,2020-11-11,45576.32,17683.01,0.1014,84.0,Current,0,0,ACB-BR045
ACB-LN0001659,ACB-C013244,Mortgage,2024-10-14,561218.43,69321.93,0.0837,24.0,Current,0,0,ACB-BR064
ACB-LN0001660,ACB-C013630,Personal Loan,2024-02-06,16906.52,3458.29,0.1697,360.0,Current,0,0,ACB-BR003
ACB-LN0001661,ACB-C009186,Mortgage,2024-04-30,442494.78,101808.01,0.0673,180.0,Current,0,0,ACB-BR039
ACB-LN0001662,ACB-C012127,Personal Loan,2020-11-20,32706.38,3010.53,0.1417,36.0,Current,0,0,ACB-BR075
ACB-LN0001663,ACB-C009897,Personal Loan,2019-11-28,17691.86,9944.38,0.1141,12.0,Paid Off,0,0,ACB-BR031
ACB-LN0001664,ACB-C010092,Small Business Loan,2020-05-15,135975.07,24383.32,0.1608,36.0,30-59 DPD,58,0,ACB-BR033
ACB-LN0001665,ACB-C009765,Personal Loan,2023-08-29,34123.38,31922.64,0.1772,84.0,Current,0,0,ACB-BR030
ACB-LN0001666,ACB-C007942,Auto Loan,2024-08-31,25580.5,7528.8,0.131,240.0,30-59 DPD,32,0,ACB-BR075
ACB-LN0001667,ACB-C008805,Auto Loan,2021-06-28,30984.3,14742.02,0.0686,360.0,Current,0,0,ACB-BR013
ACB-LN0001668,ACB-C003435,Home Equity Loan,2020-03-21,74604.83,10684.56,0.1183,180.0,Current,0,0,ACB-BR013
ACB-LN0001669,ACB-C006028,Mortgage,2023-01-16,194383.03,162805.46,0.091,84.0,Current,0,0,ACB-BR031
ACB-LN0001670,ACB-C002309,Auto Loan,2024-04-14,28890.5,16982.58,0.16,12.0,Current,0,0,ACB-BR044
ACB-LN0001671,ACB-C000235,Student Loan,2022-05-03,76018.3,57286.16,0.0424,120.0,Current,0,0,ACB-BR004
ACB-LN0001672,ACB-C004490,Auto Loan,2025-10-06,46047.47,8631.09,,180.0,Current,0,0,ACB-BR011
ACB-LN0001673,ACB-C011068,Personal Loan,2022-04-14,10977.06,9059.07,0.1764,180.0,Current,0,0,ACB-BR079
ACB-LN0001674,ACB-C013415,Mortgage,2025-06-15,293813.76,250595.65,0.0918,12.0,Current,0,0,ACB-BR074
ACB-LN0001675,ACB-C013262,Mortgage,2021-06-16,371105.42,214306.42,0.0699,240.0,Current,0,0,ACB-BR062
ACB-LN0001676,ACB-C008900,Auto Loan,2019-09-12,8491.28,779.27,0.0634,120.0,Paid Off,0,0,ACB-BR064
ACB-LN0001677,ACB-C012049,Personal Loan,2020-12-10,7162.08,432.3,0.1692,120.0,30-59 DPD,57,0,ACB-BR016
ACB-LN0001678,ACB-C006879,Personal Loan,2020-11-16,32550.45,20987.75,0.1925,120.0,Paid Off,0,0,ACB-BR059
ACB-LN0001679,ACB-C008920,Mortgage,2023-04-06,626710.59,250749.11,0.095,120.0,90+ DPD,179,1,ACB-BR033
ACB-LN0001680,ACB-C001841,Personal Loan,2020-12-30,26069.06,16149.16,0.194,12.0,Current,0,0,ACB-BR019
ACB-LN0001681,ACB-C012704,Auto Loan,2025-08-11,34365.26,31337.73,0.1514,84.0,60-89 DPD,83,0,ACB-BR068
ACB-LN0001682,ACB-C009072,Home Equity Loan,2024-01-24,46904.66,31125.73,,12.0,Current,0,0,ACB-BR040
ACB-LN0001683,ACB-C002513,Auto Loan,2025-05-18,33732.91,30013.64,0.1118,84.0,Default,353,1,ACB-BR031
ACB-LN0001684,ACB-C013963,Mortgage,2024-10-30,450505.54,394890.95,0.0588,24.0,30-59 DPD,34,0,ACB-BR042
ACB-LN0001685,ACB-C002869,Personal Loan,2022-08-12,8773.12,5572.35,0.2021,240.0,Current,0,0,ACB-BR064
ACB-LN0001686,ACB-C014954,Small Business Loan,2020-05-11,105646.24,56418.93,0.0961,60.0,Written Off,0,1,ACB-BR029
ACB-LN0001687,ACB-C009949,Auto Loan,2022-06-23,29959.42,20637.67,0.16,12.0,Current,0,0,ACB-BR076
ACB-LN0001688,ACB-C010015,Personal Loan,2023-10-15,21372.34,12012.54,0.24,240.0,Current,0,0,ACB-BR049
ACB-LN0001689,ACB-C007782,Personal Loan,2020-06-07,23119.55,8057.47,0.2025,24.0,Default,292,1,ACB-BR025
ACB-LN0001690,ACB-C013088,Auto Loan,2020-03-27,42305.14,35949.96,0.1072,60.0,Current,0,0,ACB-BR043
ACB-LN0001691,ACB-C014659,Student Loan,2024-02-17,21219.54,5149.38,0.0617,36.0,Current,0,0,ACB-BR002
ACB-LN0001692,ACB-C007812,Mortgage,2020-08-16,505945.2,55104.36,0.0621,120.0,Current,0,0,ACB-BR067
ACB-LN0001693,ACB-C008492,Personal Loan,2023-10-13,31996.35,17603.62,0.2084,84.0,Paid Off,0,0,ACB-BR044
ACB-LN0001694,ACB-C013156,Auto Loan,2022-06-06,40345.68,27915.64,0.16,84.0,Current,0,0,ACB-BR058
ACB-LN0001695,ACB-C013804,Home Equity Loan,2022-09-26,76571.16,33892.77,0.14,180.0,Current,0,0,ACB-BR060
ACB-LN0001696,ACB-C010905,Personal Loan,2022-02-04,27413.6,22676.51,0.1865,24.0,Current,0,0,ACB-BR051
ACB-LN0001697,ACB-C006137,Mortgage,2019-09-13,432531.9,262322.97,0.0624,,Current,0,0,ACB-BR012
ACB-LN0001698,ACB-C004965,Personal Loan,2019-06-06,2321.47,1406.56,0.1349,240.0,60-89 DPD,72,0,ACB-BR059
ACB-LN0001699,ACB-C009245,Home Equity Loan,2020-05-22,48715.55,43451.12,0.0659,84.0,Current,0,0,ACB-BR075
ACB-LN0001700,ACB-C000306,Mortgage,2024-06-17,499277.49,52475.32,0.0479,84.0,Current,0,0,ACB-BR074
ACB-LN0001701,ACB-C006516,Home Equity Loan,2023-04-06,98553.14,64823.08,0.14,24.0,Current,0,0,ACB-BR044
ACB-LN0001702,ACB-C003359,Auto Loan,2021-06-17,45697.41,20997.9,0.1013,12.0,Default,301,1,ACB-BR002
ACB-LN0001703,ACB-C000855,Student Loan,2025-04-26,44599.17,28208.06,0.1065,12.0,Current,0,0,ACB-BR077
ACB-LN0001704,ACB-C003603,Mortgage,2020-04-20,139000.12,108627.56,0.0508,120.0,Current,0,0,ACB-BR063
ACB-LN0001705,ACB-C004248,Home Equity Loan,2022-04-04,49016.82,10892.16,0.1039,36.0,Current,0,0,ACB-BR001
ACB-LN0001706,ACB-C006177,Small Business Loan,2025-06-24,33367.0,31453.97,0.1204,60.0,Current,0,0,ACB-BR040
ACB-LN0001707,ACB-C014761,Personal Loan,2023-07-31,16127.5,7481.07,0.2346,360.0,Current,0,0,ACB-BR058
ACB-LN0001708,ACB-C002492,Mortgage,2021-07-23,229088.27,31456.35,0.0561,36.0,Current,0,0,ACB-BR034
ACB-LN0001709,ACB-C002690,Personal Loan,2021-01-15,24219.59,13002.7,0.0957,48.0,Current,0,0,ACB-BR029
ACB-LN0001710,ACB-C001290,Small Business Loan,2021-01-16,112167.15,61171.67,0.0825,60.0,Current,0,0,ACB-BR002
ACB-LN0001711,ACB-C000477,Student Loan,2020-02-14,24594.53,6502.35,0.0649,12.0,Current,0,0,ACB-BR036
ACB-LN0001712,ACB-C000004,Personal Loan,2025-08-16,13256.15,3968.06,0.24,180.0,Paid Off,0,0,ACB-BR061
ACB-LN0001713,ACB-C013673,Personal Loan,2021-05-22,22311.02,19734.15,0.201,84.0,Current,0,0,ACB-BR038
ACB-LN0001714,ACB-C012283,Auto Loan,2023-05-30,41683.9,6032.45,0.1,120.0,Default,164,1,ACB-BR070
ACB-LN0001715,ACB-C005779,Mortgage,2024-03-24,259096.75,21466.68,0.0893,60.0,Default,218,1,ACB-BR040
ACB-LN0001716,ACB-C006401,Mortgage,2025-04-06,574432.81,146317.5,0.0663,360.0,Current,0,0,ACB-BR042
ACB-LN0001717,ACB-C003377,Mortgage,2025-08-10,415301.18,215658.35,0.0543,,Current,0,0,ACB-BR063
ACB-LN0001718,ACB-C006325,Home Equity Loan,2023-12-16,56303.73,51634.56,0.1348,48.0,90+ DPD,166,1,ACB-BR040
ACB-LN0001719,ACB-C008633,Student Loan,2024-08-07,31740.53,18491.28,0.11,60.0,Current,0,0,ACB-BR043
ACB-LN0001720,ACB-C001935,Home Equity Loan,2020-04-07,83729.85,41094.97,0.0635,36.0,Paid Off,0,0,ACB-BR062
ACB-LN0001721,ACB-C000331,Auto Loan,2022-12-13,39995.31,10290.9,0.16,24.0,Current,0,0,ACB-BR046
ACB-LN0001722,ACB-C014976,Auto Loan,2022-08-05,48537.64,37468.0,0.1369,60.0,Paid Off,0,0,ACB-BR059
ACB-LN0001723,ACB-C008357,Auto Loan,2022-04-04,28646.85,24707.98,0.0989,36.0,30-59 DPD,55,0,ACB-BR050
ACB-LN0001724,ACB-C013693,Auto Loan,2020-09-20,39491.8,4495.94,0.0692,360.0,Current,0,0,ACB-BR020
ACB-LN0001725,ACB-C007851,Mortgage,2022-03-06,571970.8,128720.0,0.0453,60.0,Paid Off,0,0,ACB-BR011
ACB-LN0001726,ACB-C008793,Personal Loan,2020-11-27,24988.45,22340.4,0.1062,120.0,30-59 DPD,30,0,ACB-BR073
ACB-LN0001727,ACB-C008946,Small Business Loan,2026-01-23,145179.02,73904.9,0.1441,360.0,Current,0,0,ACB-BR014
ACB-LN0001728,ACB-C001845,Home Equity Loan,2019-08-11,88581.36,47031.6,0.0723,180.0,Current,0,0,ACB-BR012
ACB-LN0001729,ACB-C013765,Mortgage,2020-06-23,145637.67,50304.22,0.0319,36.0,Paid Off,0,0,ACB-BR038
ACB-LN0001730,ACB-C005943,Personal Loan,2022-07-18,17279.35,8233.39,0.2377,24.0,Current,0,0,ACB-BR026
ACB-LN0001731,ACB-C000932,Personal Loan,2022-12-16,27118.07,22640.23,0.2073,360.0,Default,126,1,ACB-BR055
ACB-LN0001732,ACB-C008587,Personal Loan,2022-04-12,30720.76,24454.92,0.1535,360.0,Current,0,0,ACB-BR047
ACB-LN0001733,ACB-C001982,Personal Loan,2023-12-29,15774.2,4321.56,0.24,24.0,Paid Off,0,0,ACB-BR043
ACB-LN0001734,ACB-C003147,Personal Loan,2023-04-11,25037.51,18375.81,0.2076,120.0,30-59 DPD,38,0,ACB-BR064
ACB-LN0001735,ACB-C011298,Auto Loan,2025-10-14,53319.09,23720.86,0.16,60.0,Current,0,0,ACB-BR016
ACB-LN0001736,ACB-C011018,Auto Loan,2022-12-05,25611.8,22483.38,0.0951,120.0,Current,0,0,ACB-BR016
ACB-LN0001737,ACB-C005197,Auto Loan,2023-03-05,16456.96,9408.28,0.134,84.0,Current,0,0,ACB-BR056
ACB-LN0001738,ACB-C007842,Mortgage,2023-09-08,620490.38,544012.17,0.0865,360.0,Current,0,0,ACB-BR041
ACB-LN0001739,ACB-C003106,Auto Loan,2022-05-26,44879.22,21736.87,0.0648,12.0,30-59 DPD,56,0,ACB-BR020
ACB-LN0001740,ACB-C005794,Small Business Loan,2023-04-14,58498.25,40234.98,0.2,24.0,Current,0,0,ACB-BR046
ACB-LN0001741,ACB-C005991,Auto Loan,2024-11-16,38756.39,23020.24,0.16,84.0,Current,0,0,ACB-BR034
ACB-LN0001742,ACB-C008835,Mortgage,2020-10-25,434426.61,251451.17,0.0553,360.0,Current,0,0,ACB-BR064
ACB-LN0001743,ACB-C001062,Small Business Loan,2025-09-17,205823.4,67698.77,0.1876,48.0,Current,0,0,ACB-BR070
ACB-LN0001744,ACB-C003672,Auto Loan,2021-08-17,8387.88,4629.22,0.1352,60.0,Current,0,0,ACB-BR003
ACB-LN0001745,ACB-C013535,Mortgage,2025-11-03,541456.8,29495.82,0.073,36.0,Current,0,0,ACB-BR046
ACB-LN0001746,ACB-C009787,Mortgage,2025-05-16,448126.54,32958.02,0.0782,360.0,Current,0,0,ACB-BR021
ACB-LN0001747,ACB-C003551,Auto Loan,2022-07-18,10960.71,1235.7,0.1031,240.0,Current,0,0,ACB-BR006
ACB-LN0001748,ACB-C003326,Personal Loan,2021-11-30,13180.77,7124.36,0.181,360.0,Current,0,0,ACB-BR036
ACB-LN0001749,ACB-C007064,Mortgage,2025-02-12,120986.04,104194.65,0.0934,48.0,Current,0,0,ACB-BR050
ACB-LN0001750,ACB-C001574,Auto Loan,2019-03-22,31471.58,14821.53,0.1344,48.0,Current,0,0,ACB-BR059
ACB-LN0001751,ACB-C008346,Personal Loan,2024-09-04,18631.31,1446.91,0.2004,12.0,Current,0,0,ACB-BR030
ACB-LN0001752,ACB-C012417,Home Equity Loan,2020-12-05,39653.09,26835.79,0.1174,84.0,Paid Off,0,0,ACB-BR079
ACB-LN0001753,ACB-C002384,Personal Loan,2025-06-07,27688.75,26732.47,0.1668,180.0,60-89 DPD,62,0,ACB-BR021
ACB-LN0001754,ACB-C009541,Mortgage,2021-07-02,340076.57,36667.27,0.0415,60.0,Current,0,0,ACB-BR074
ACB-LN0001755,ACB-C001538,Home Equity Loan,2020-01-12,106686.36,42539.89,0.0695,60.0,Current,0,0,ACB-BR026
ACB-LN0001756,ACB-C001567,Mortgage,2021-12-29,339415.24,41097.13,0.0323,120.0,Current,0,0,ACB-BR077
ACB-LN0001757,ACB-C013319,Auto Loan,2019-02-02,11230.35,8502.83,0.1395,240.0,Current,0,0,ACB-BR010
ACB-LN0001758,ACB-C013624,Auto Loan,2024-12-06,12777.87,4820.8,0.1455,180.0,Current,0,0,ACB-BR020
ACB-LN0001759,ACB-C001790,Small Business Loan,2023-12-01,152942.45,130942.57,0.1078,240.0,Current,0,0,ACB-BR069
ACB-LN0001760,ACB-C009139,Mortgage,2026-02-07,526214.27,266976.39,0.0428,36.0,Current,0,0,ACB-BR080
ACB-LN0001761,ACB-C006111,Personal Loan,2022-03-15,3119.55,445.47,0.1052,120.0,Current,0,0,ACB-BR032
ACB-LN0001762,ACB-C000477,Mortgage,2024-07-01,499328.74,395575.68,0.0496,60.0,Paid Off,0,0,ACB-BR069
ACB-LN0001763,ACB-C008416,Auto Loan,2024-05-13,27307.25,19834.04,0.1528,180.0,Current,0,0,ACB-BR007
ACB-LN0001764,ACB-C005214,Auto Loan,2021-07-24,54423.4,8731.27,0.0675,48.0,Current,0,0,ACB-BR051
ACB-LN0001765,ACB-C013517,Personal Loan,2025-07-12,17278.13,14397.18,0.1903,36.0,Paid Off,0,0,ACB-BR070
ACB-LN0001766,ACB-C001487,Mortgage,2026-01-07,580617.38,188668.63,0.0907,24.0,Current,0,0,ACB-BR046
ACB-LN0001767,ACB-C004236,Small Business Loan,2019-12-26,59513.66,49448.58,0.0831,240.0,Current,0,0,ACB-BR017
ACB-LN0001768,ACB-C005703,Student Loan,2019-05-05,14534.83,7557.44,0.0402,36.0,Paid Off,0,0,ACB-BR003
ACB-LN0001769,ACB-C009645,Auto Loan,2019-10-10,39962.15,14365.81,0.119,360.0,Current,0,0,ACB-BR055
ACB-LN0001770,ACB-C000870,Personal Loan,2025-07-31,13300.63,1183.56,0.24,24.0,Current,0,0,ACB-BR006
ACB-LN0001771,ACB-C003069,Mortgage,2025-05-01,416623.06,164649.27,0.0453,60.0,Current,0,0,ACB-BR021
ACB-LN0001772,ACB-C008838,Mortgage,2024-05-23,517795.41,260576.49,0.0883,12.0,Current,0,0,ACB-BR006
ACB-LN0001773,ACB-C012354,Mortgage,2025-06-24,191077.32,37880.63,0.0527,240.0,Current,0,0,ACB-BR050
ACB-LN0001774,ACB-C010278,Personal Loan,2022-03-12,9309.67,1053.65,0.1315,12.0,Paid Off,0,0,ACB-BR002
ACB-LN0001775,ACB-C002688,Student Loan,2022-10-29,30305.13,21780.76,0.0706,60.0,Current,0,0,ACB-BR042
ACB-LN0001776,ACB-C007341,Home Equity Loan,2020-06-16,70803.24,3582.56,0.0863,48.0,Current,0,0,ACB-BR055
ACB-LN0001777,ACB-C007666,Auto Loan,2025-11-02,13064.65,7582.3,0.16,48.0,Current,0,0,ACB-BR045
ACB-LN0001778,ACB-C006347,Personal Loan,2025-07-20,17849.95,9997.71,0.1261,84.0,Current,0,0,ACB-BR008
ACB-LN0001779,ACB-C005730,Mortgage,2020-09-06,240535.24,162896.29,0.0534,60.0,Current,0,0,ACB-BR038
ACB-LN0001780,ACB-C004020,Personal Loan,2025-04-20,31732.97,23769.82,0.1736,36.0,Current,0,0,ACB-BR006
ACB-LN0001781,ACB-C000928,Personal Loan,2022-11-20,22851.79,7303.85,0.202,60.0,Current,0,0,ACB-BR018
ACB-LN0001782,ACB-C006439,Home Equity Loan,2025-11-21,37128.24,14983.03,0.14,180.0,Default,278,1,ACB-BR010
ACB-LN0001783,ACB-C014485,Mortgage,2024-05-10,589162.82,130169.61,0.0535,84.0,Current,0,0,ACB-BR043
ACB-LN0001784,ACB-C007918,Student Loan,2026-02-25,17413.12,9191.71,0.11,180.0,Current,0,0,ACB-BR005
ACB-LN0001785,ACB-C003712,Mortgage,2024-06-17,622032.85,538145.19,0.0681,84.0,Current,0,0,ACB-BR033
ACB-LN0001786,ACB-C006744,Mortgage,2024-12-26,460681.27,231893.2,0.0545,36.0,Current,0,0,ACB-BR018
ACB-LN0001787,ACB-C003793,Personal Loan,2024-01-11,24447.4,17308.98,0.2368,24.0,Current,0,0,ACB-BR069
ACB-LN0001788,ACB-C013280,Mortgage,2025-03-16,147055.47,100543.17,0.0762,,Paid Off,0,0,ACB-BR041
ACB-LN0001789,ACB-C005775,Auto Loan,2024-04-18,45946.82,22329.86,0.16,180.0,Current,0,0,ACB-BR060
ACB-LN0001790,ACB-C008441,Personal Loan,2021-07-27,33263.75,27556.7,0.1103,240.0,Current,0,0,ACB-BR067
ACB-LN0001791,ACB-C001828,Mortgage,2021-01-01,193790.18,20160.63,0.0319,36.0,Default,277,1,ACB-BR062
ACB-LN0001792,ACB-C002708,Personal Loan,2020-12-01,10014.39,4028.33,0.1874,36.0,Written Off,0,1,ACB-BR054
ACB-LN0001793,ACB-C012469,Student Loan,2022-12-28,30068.95,9436.2,0.0688,84.0,Current,0,0,ACB-BR061
ACB-LN0001794,ACB-C001634,Mortgage,2022-11-22,419686.26,367227.3,0.08,240.0,Current,0,0,ACB-BR069
ACB-LN0001795,ACB-C008005,Small Business Loan,2021-06-29,115292.71,48535.59,0.1312,84.0,Current,0,0,ACB-BR072
ACB-LN0001796,ACB-C013583,Small Business Loan,2024-08-26,173489.92,116304.64,0.14,120.0,Current,0,0,ACB-BR073
ACB-LN0001797,ACB-C001026,Auto Loan,2020-06-07,29305.15,23240.99,0.0505,12.0,Current,0,0,ACB-BR028
ACB-LN0001798,ACB-C004606,Mortgage,2022-03-18,492480.68,34962.42,0.0411,360.0,Written Off,0,1,ACB-BR033
ACB-LN0001799,ACB-C012417,Home Equity Loan,2020-12-20,15189.04,3756.49,0.1059,36.0,Current,0,0,ACB-BR078
ACB-LN0001800,ACB-C004571,Mortgage,2022-10-19,194204.6,165445.02,0.0861,24.0,Current,0,0,ACB-BR023
ACB-LN0001801,ACB-C003875,Auto Loan,2025-10-20,20421.93,10479.33,0.122,60.0,Current,0,0,ACB-BR012
ACB-LN0001802,ACB-C012054,Mortgage,2019-05-21,600971.01,460240.86,0.0748,180.0,Current,0,0,ACB-BR034
ACB-LN0001803,ACB-C002477,Home Equity Loan,2019-04-11,62645.39,35901.42,0.061,84.0,Current,0,0,ACB-BR014
ACB-LN0001804,ACB-C007835,Auto Loan,2023-11-15,10786.3,3452.14,0.0972,180.0,Current,0,0,ACB-BR025
ACB-LN0001805,ACB-C005292,Personal Loan,2021-05-07,26683.13,9694.23,0.1498,180.0,Current,0,0,ACB-BR027
ACB-LN0001806,ACB-C007860,Mortgage,2023-05-15,310155.89,66230.33,0.0409,180.0,Current,0,0,ACB-BR068
ACB-LN0001807,ACB-C011765,Mortgage,2023-05-30,521603.3,86119.18,0.0906,360.0,Default,153,1,ACB-BR061
ACB-LN0001808,ACB-C011106,Mortgage,2025-08-06,503938.73,194640.79,0.0753,360.0,Written Off,0,1,ACB-BR018
ACB-LN0001809,ACB-C012940,Auto Loan,2021-01-04,44158.67,10415.89,0.0512,60.0,60-89 DPD,71,0,ACB-BR030
ACB-LN0001810,ACB-C012844,Auto Loan,2022-06-17,36632.81,14454.21,0.16,120.0,Current,0,0,ACB-BR041
ACB-LN0001811,ACB-C006852,Student Loan,2020-11-09,50111.74,46782.44,0.0599,60.0,Current,0,0,ACB-BR042
ACB-LN0001812,ACB-C001130,Personal Loan,2022-08-24,15269.68,13699.97,0.1635,60.0,Paid Off,0,0,ACB-BR056
ACB-LN0001813,ACB-C005495,Mortgage,2025-06-05,310163.36,48339.73,0.095,84.0,Current,0,0,ACB-BR054
ACB-LN0001814,ACB-C000185,Mortgage,2023-10-03,245262.32,217309.9,0.049,60.0,Current,0,0,ACB-BR062
ACB-LN0001815,ACB-C006185,Home Equity Loan,2019-12-30,70782.48,55760.52,,360.0,Default,189,1,ACB-BR010
ACB-LN0001816,ACB-C004253,Personal Loan,2020-04-09,22407.54,3501.51,0.1694,240.0,60-89 DPD,60,0,ACB-BR040
ACB-LN0001817,ACB-C006908,Auto Loan,2023-12-11,11407.06,6933.28,0.16,12.0,Current,0,0,ACB-BR004
ACB-LN0001818,ACB-C007836,Personal Loan,2021-03-18,4439.8,3720.2,0.1783,360.0,60-89 DPD,80,0,ACB-BR037
ACB-LN0001819,ACB-C004918,Small Business Loan,2025-12-28,146742.68,115960.26,0.2,24.0,Current,0,0,ACB-BR018
ACB-LN0001820,ACB-C014031,Home Equity Loan,2021-11-28,73642.86,55241.95,0.0787,60.0,Current,0,0,ACB-BR033
ACB-LN0001821,ACB-C012634,Auto Loan,2020-07-29,19231.22,8271.99,0.1113,12.0,Current,0,0,ACB-BR025
ACB-LN0001822,ACB-C008041,Mortgage,2020-10-02,628917.71,343865.14,0.0417,180.0,Current,0,0,ACB-BR006
ACB-LN0001823,ACB-C001298,Mortgage,2020-08-18,348970.91,224994.71,0.0554,120.0,Paid Off,0,0,ACB-BR049
ACB-LN0001824,ACB-C001203,Personal Loan,2024-12-30,14060.9,12308.71,0.2209,12.0,Current,0,0,ACB-BR041
ACB-LN0001825,ACB-C011314,Mortgage,2025-11-09,574556.82,211201.5,0.0473,180.0,Current,0,0,ACB-BR078
ACB-LN0001826,ACB-C008956,Home Equity Loan,2023-02-04,55527.12,46022.34,0.0903,24.0,Current,0,0,ACB-BR037
ACB-LN0001827,ACB-C007316,Mortgage,2019-11-26,187418.94,102140.9,0.0308,360.0,30-59 DPD,37,0,ACB-BR043
ACB-LN0001828,ACB-C008598,Personal Loan,2020-06-25,15696.91,9161.02,0.0807,24.0,Current,0,0,ACB-BR059
ACB-LN0001829,ACB-C008267,Personal Loan,2019-10-08,27030.57,24540.96,0.1469,60.0,Current,0,0,ACB-BR027
ACB-LN0001830,ACB-C004484,Small Business Loan,2021-02-09,163729.86,61749.4,0.1329,48.0,Current,0,0,ACB-BR050
ACB-LN0001831,ACB-C012885,Mortgage,2026-01-19,519290.98,39145.64,0.0503,12.0,Current,0,0,ACB-BR064
ACB-LN0001832,ACB-C007415,Home Equity Loan,2020-04-05,58438.31,7830.45,0.0755,180.0,Paid Off,0,0,ACB-BR045
ACB-LN0001833,ACB-C011367,Auto Loan,2024-01-16,41644.19,30073.22,0.0883,24.0,90+ DPD,139,1,ACB-BR012
ACB-LN0001834,ACB-C006400,Personal Loan,2019-04-08,4347.39,2100.62,0.1514,48.0,Current,0,0,ACB-BR001
ACB-LN0001835,ACB-C009464,Student Loan,2020-05-13,64156.41,28705.69,0.0781,180.0,Default,229,1,ACB-BR026
ACB-LN0001836,ACB-C011084,Home Equity Loan,2025-08-17,105024.24,76526.15,0.0793,12.0,Written Off,0,1,ACB-BR025
ACB-LN0001837,ACB-C005104,Student Loan,2019-10-24,67194.07,33308.41,0.045,180.0,Paid Off,0,0,ACB-BR005
ACB-LN0001838,ACB-C003065,Small Business Loan,2024-04-25,163684.86,98533.9,0.0955,120.0,Current,0,0,ACB-BR029
ACB-LN0001839,ACB-C012226,Small Business Loan,2024-05-13,58648.25,40342.96,0.1678,360.0,Current,0,0,ACB-BR031
ACB-LN0001840,ACB-C009444,Mortgage,2019-07-20,355487.33,102479.41,0.0388,12.0,30-59 DPD,37,0,ACB-BR037
ACB-LN0001841,ACB-C002775,Personal Loan,2019-04-19,24102.49,5643.57,0.0982,,30-59 DPD,34,0,ACB-BR061
ACB-LN0001842,ACB-C010377,Student Loan,2020-09-27,46683.82,21087.02,0.0738,36.0,30-59 DPD,48,0,ACB-BR063
ACB-LN0001843,ACB-C011318,Mortgage,2024-09-22,462776.98,298229.94,0.0911,,Current,0,0,ACB-BR050
ACB-LN0001844,ACB-C011208,Personal Loan,2019-07-16,21423.78,17277.66,0.1146,36.0,Written Off,0,1,ACB-BR064
ACB-LN0001845,ACB-C004898,Auto Loan,2023-07-17,11234.03,1206.06,0.1281,120.0,Current,0,0,ACB-BR069
ACB-LN0001846,ACB-C001633,Personal Loan,2026-03-16,34162.77,24756.72,0.24,36.0,Current,0,0,ACB-BR025
ACB-LN0001847,ACB-C007832,Small Business Loan,2019-02-22,74622.66,33102.96,0.1432,240.0,Current,0,0,ACB-BR014
ACB-LN0001848,ACB-C006136,Home Equity Loan,2025-03-02,38497.9,15371.34,0.1077,84.0,60-89 DPD,67,0,ACB-BR005
ACB-LN0001849,ACB-C011750,Auto Loan,2021-08-23,38269.72,18793.34,0.1209,180.0,Current,0,0,ACB-BR014
ACB-LN0001850,ACB-C005620,Personal Loan,2024-11-29,34751.63,10763.91,0.1652,48.0,90+ DPD,117,1,ACB-BR011
ACB-LN0001851,ACB-C002393,Auto Loan,2025-03-13,37645.99,18557.95,0.0731,60.0,Current,0,0,ACB-BR019
ACB-LN0001852,ACB-C001571,Student Loan,2021-03-31,27379.22,5541.87,0.0883,12.0,Current,0,0,ACB-BR078
ACB-LN0001853,ACB-C002677,Small Business Loan,2020-12-16,139291.16,38839.43,0.1567,84.0,Current,0,0,ACB-BR001
ACB-LN0001854,ACB-C008929,Mortgage,2022-01-21,212658.73,112326.24,0.0636,48.0,Paid Off,0,0,ACB-BR041
ACB-LN0001855,ACB-C013530,Student Loan,2024-04-14,49757.4,31749.3,0.0553,120.0,Current,0,0,ACB-BR042
ACB-LN0001856,ACB-C005703,Small Business Loan,2022-11-12,146774.89,13687.01,0.1235,240.0,Current,0,0,ACB-BR077
ACB-LN0001857,ACB-C007000,Mortgage,2020-02-25,216761.83,141612.55,0.0563,120.0,Current,0,0,ACB-BR046
ACB-LN0001858,ACB-C014222,Auto Loan,2022-09-28,45142.29,38756.43,0.16,360.0,Current,0,0,ACB-BR002
ACB-LN0001859,ACB-C001738,Mortgage,2023-02-20,152976.78,16844.53,0.0764,360.0,60-89 DPD,72,0,ACB-BR004
ACB-LN0001860,ACB-C001007,Auto Loan,2020-06-11,24772.45,5403.09,0.0805,120.0,Current,0,0,ACB-BR052
ACB-LN0001861,ACB-C012454,Student Loan,2021-04-12,47232.6,12931.33,0.0495,120.0,60-89 DPD,67,0,ACB-BR013
ACB-LN0001862,ACB-C009472,Personal Loan,2025-08-30,26180.15,12799.89,0.1092,120.0,Current,0,0,ACB-BR042
ACB-LN0001863,ACB-C009848,Mortgage,2024-10-05,596082.65,91754.9,0.0442,36.0,60-89 DPD,67,0,ACB-BR073
ACB-LN0001864,ACB-C001700,Auto Loan,2021-09-02,41071.96,29185.65,0.0825,60.0,Default,248,1,ACB-BR069
ACB-LN0001865,ACB-C014882,Auto Loan,2022-05-14,15891.5,2612.45,0.0688,36.0,Current,0,0,ACB-BR061
ACB-LN0001866,ACB-C012025,Personal Loan,2019-06-14,7738.23,3632.57,0.1695,60.0,Current,0,0,ACB-BR041
ACB-LN0001867,ACB-C012114,Mortgage,2026-01-11,241126.25,87712.58,0.08,84.0,Current,0,0,ACB-BR056
ACB-LN0001868,ACB-C014374,Personal Loan,2023-10-20,5132.12,2961.88,0.1608,360.0,Current,0,0,ACB-BR001
ACB-LN0001869,ACB-C005689,Mortgage,2023-06-01,563638.48,285015.53,0.0484,12.0,Current,0,0,ACB-BR070
ACB-LN0001870,ACB-C009591,Mortgage,2023-02-08,345152.13,29466.35,0.0534,48.0,30-59 DPD,34,0,ACB-BR079
ACB-LN0001871,ACB-C013905,Auto Loan,2026-02-25,41756.5,29204.57,0.1275,24.0,Current,0,0,ACB-BR077
ACB-LN0001872,ACB-C010257,Small Business Loan,2019-01-11,80552.31,18949.54,0.087,12.0,Current,0,0,ACB-BR023
ACB-LN0001873,ACB-C014879,Personal Loan,2019-11-20,32058.31,1857.37,0.136,24.0,Current,0,0,ACB-BR025
ACB-LN0001874,ACB-C014894,Personal Loan,2024-12-02,33481.9,20510.67,0.1895,48.0,Paid Off,0,0,ACB-BR030
ACB-LN0001875,ACB-C009105,Mortgage,2022-05-22,276649.81,87985.82,0.0675,60.0,Current,0,0,ACB-BR074
ACB-LN0001876,ACB-C014566,Student Loan,2022-12-27,20052.95,7872.16,0.0868,48.0,30-59 DPD,41,0,ACB-BR066
ACB-LN0001877,ACB-C007228,Student Loan,2019-06-19,51416.7,11426.93,0.0578,36.0,Current,0,0,ACB-BR038
ACB-LN0001878,ACB-C003122,Mortgage,2025-03-07,560951.76,96225.73,0.0885,360.0,60-89 DPD,74,0,ACB-BR019
ACB-LN0001879,ACB-C006197,Auto Loan,2024-03-18,14092.6,5449.51,0.1063,120.0,Current,0,0,ACB-BR073
ACB-LN0001880,ACB-C010827,Mortgage,2025-06-16,637149.48,127076.6,0.0428,60.0,Paid Off,0,0,ACB-BR002
ACB-LN0001881,ACB-C013187,Personal Loan,2023-03-11,27693.26,22230.42,0.1328,84.0,Written Off,0,1,ACB-BR037
ACB-LN0001882,ACB-C008912,Auto Loan,2022-08-22,17424.54,891.64,0.1507,120.0,60-89 DPD,63,0,ACB-BR044
ACB-LN0001883,ACB-C004779,Personal Loan,2019-06-13,10370.65,5747.36,0.2046,,Current,0,0,ACB-BR030
ACB-LN0001884,ACB-C014072,Personal Loan,2019-09-22,16610.44,15445.59,0.0974,120.0,Current,0,0,ACB-BR027
ACB-LN0001885,ACB-C008328,Auto Loan,2021-05-11,51337.49,9825.99,0.1203,120.0,Current,0,0,ACB-BR029
ACB-LN0001886,ACB-C012835,Mortgage,2021-04-10,319572.91,221624.83,0.0351,84.0,Current,0,0,ACB-BR034
ACB-LN0001887,ACB-C001793,Auto Loan,2024-07-13,52647.83,28092.48,0.1104,24.0,Current,0,0,ACB-BR042
ACB-LN0001888,ACB-C001078,Small Business Loan,2020-11-16,90047.12,13424.87,0.0686,120.0,Current,0,0,ACB-BR037
ACB-LN0001889,ACB-C007785,Auto Loan,2026-01-29,9884.11,893.68,0.1445,120.0,60-89 DPD,77,0,ACB-BR049
ACB-LN0001890,ACB-C001490,Home Equity Loan,2019-11-05,66680.88,14519.78,0.1134,,Current,0,0,ACB-BR020
ACB-LN0001891,ACB-C004994,Mortgage,2024-01-18,468070.44,329078.59,0.0766,12.0,Current,0,0,ACB-BR027
ACB-LN0001892,ACB-C003238,Personal Loan,2020-02-17,26623.34,8195.65,0.1142,180.0,90+ DPD,168,1,ACB-BR055
ACB-LN0001893,ACB-C008658,Personal Loan,2023-12-26,8896.11,2991.07,0.1207,48.0,Current,0,0,ACB-BR015
ACB-LN0001894,ACB-C000816,Personal Loan,2022-02-12,20019.72,17793.9,0.0842,360.0,Current,0,0,ACB-BR048
ACB-LN0001895,ACB-C014052,Small Business Loan,2023-04-23,125645.84,49463.64,0.2,120.0,Current,0,0,ACB-BR059
ACB-LN0001896,ACB-C011818,Small Business Loan,2019-01-09,202857.39,65072.15,0.1011,84.0,Current,0,0,ACB-BR046
ACB-LN0001897,ACB-C004180,Mortgage,2022-10-14,616290.92,318376.28,0.095,12.0,30-59 DPD,56,0,ACB-BR005
ACB-LN0001898,ACB-C012781,Mortgage,2024-01-12,639590.3,321443.09,0.0679,60.0,Current,0,0,ACB-BR068
ACB-LN0001899,ACB-C003247,Student Loan,2025-09-08,64045.46,19103.85,0.11,120.0,Current,0,0,ACB-BR027
ACB-LN0001900,ACB-C003406,Mortgage,2026-02-03,536809.08,230529.01,0.089,36.0,Paid Off,0,0,ACB-BR019
ACB-LN0001901,ACB-C013246,Personal Loan,2021-07-29,6611.65,4561.85,0.1504,240.0,Current,0,0,ACB-BR052
ACB-LN0001902,ACB-C005524,Home Equity Loan,2024-03-28,74110.51,34476.0,0.0961,240.0,Current,0,0,ACB-BR078
ACB-LN0001903,ACB-C010543,Personal Loan,2022-05-30,15916.56,9732.51,0.1013,84.0,Paid Off,0,0,ACB-BR070
ACB-LN0001904,ACB-C014001,Home Equity Loan,2019-10-03,27028.08,22306.55,0.1183,84.0,30-59 DPD,32,0,ACB-BR066
ACB-LN0001905,ACB-C008088,Auto Loan,2021-10-26,38307.53,15020.29,0.0894,180.0,60-89 DPD,70,0,ACB-BR060
ACB-LN0001906,ACB-C010807,Small Business Loan,2023-07-13,228490.15,70018.0,0.1228,12.0,Current,0,0,ACB-BR049
ACB-LN0001907,ACB-C005291,Home Equity Loan,2023-11-01,27366.08,22231.78,0.1323,120.0,Current,0,0,ACB-BR062
ACB-LN0001908,ACB-C005114,Mortgage,2022-05-18,420973.22,404865.37,0.0513,84.0,Current,0,0,ACB-BR004
ACB-LN0001909,ACB-C008975,Auto Loan,2023-07-15,35424.09,3837.04,0.16,120.0,60-89 DPD,87,0,ACB-BR072
ACB-LN0001910,ACB-C007062,Mortgage,2020-03-20,591900.84,425569.83,0.04,12.0,90+ DPD,172,1,ACB-BR018
ACB-LN0001911,ACB-C006934,Student Loan,2022-08-15,68342.5,44846.1,0.0769,60.0,Paid Off,0,0,ACB-BR001
ACB-LN0001912,ACB-C013779,Personal Loan,2020-03-14,8333.8,4831.89,0.1188,180.0,Current,0,0,ACB-BR041
ACB-LN0001913,ACB-C009647,Mortgage,2022-03-12,571372.22,309255.42,0.0667,120.0,Current,0,0,ACB-BR019
ACB-LN0001914,ACB-C003038,Auto Loan,2025-03-30,50584.69,34986.48,0.16,180.0,Paid Off,0,0,ACB-BR012
ACB-LN0001915,ACB-C012414,Home Equity Loan,2019-06-01,69869.08,31709.71,0.0663,360.0,Current,0,0,ACB-BR066
ACB-LN0001916,ACB-C004675,Mortgage,2020-08-31,484706.67,130669.97,0.0436,48.0,Current,0,0,ACB-BR073
ACB-LN0001917,ACB-C001538,Home Equity Loan,2025-05-10,68863.85,37665.49,0.1002,180.0,Current,0,0,ACB-BR022
ACB-LN0001918,ACB-C000163,Mortgage,2020-07-08,378404.05,361562.84,0.0613,360.0,Current,0,0,ACB-BR044
ACB-LN0001919,ACB-C008448,Mortgage,2024-09-21,145883.57,66520.31,0.061,180.0,Current,0,0,ACB-BR077
ACB-LN0001920,ACB-C000189,Auto Loan,2021-12-25,44701.67,8109.01,0.0874,84.0,Current,0,0,ACB-BR022
ACB-LN0001921,ACB-C014800,Mortgage,2019-02-27,398798.87,80689.41,0.0329,,Current,0,0,ACB-BR001
ACB-LN0001922,ACB-C007303,Personal Loan,2022-09-17,25776.3,15856.81,0.2277,240.0,Current,0,0,ACB-BR031
ACB-LN0001923,ACB-C007480,Mortgage,2023-09-16,392575.27,364565.69,0.0751,240.0,Current,0,0,ACB-BR043
ACB-LN0001924,ACB-C001867,Auto Loan,2022-11-12,37333.42,16112.36,0.1249,120.0,Current,0,0,ACB-BR021
ACB-LN0001925,ACB-C007134,Personal Loan,2022-04-13,31662.51,6142.78,0.1837,240.0,30-59 DPD,47,0,ACB-BR051
ACB-LN0001926,ACB-C008891,Mortgage,2019-01-14,351566.74,181203.35,0.0456,36.0,Current,0,0,ACB-BR022
ACB-LN0001927,ACB-C001485,Mortgage,2024-12-11,525871.51,328008.39,0.0906,36.0,60-89 DPD,69,0,ACB-BR027
ACB-LN0001928,ACB-C005518,Personal Loan,2019-09-20,33915.76,29951.85,0.1981,84.0,Current,0,0,ACB-BR027
ACB-LN0001929,ACB-C005101,Home Equity Loan,2021-03-17,91996.06,71225.81,0.08,36.0,Current,0,0,ACB-BR056
ACB-LN0001930,ACB-C009081,Mortgage,2021-05-27,255314.09,48008.03,0.0689,48.0,Current,0,0,ACB-BR072
ACB-LN0001931,ACB-C008916,Student Loan,2022-02-22,15888.33,10330.17,0.0637,60.0,Current,0,0,ACB-BR059
ACB-LN0001932,ACB-C009618,Personal Loan,2023-09-26,5502.35,2224.1,0.1693,360.0,60-89 DPD,73,0,ACB-BR018
ACB-LN0001933,ACB-C001841,Auto Loan,2023-03-20,45074.44,42316.89,0.16,60.0,Current,0,0,ACB-BR074
ACB-LN0001934,ACB-C006983,Personal Loan,2019-10-12,20630.66,6879.26,0.1886,84.0,Default,356,1,ACB-BR038
ACB-LN0001935,ACB-C003763,Mortgage,2024-08-16,572776.33,130653.8,0.0463,60.0,Current,0,0,ACB-BR055
ACB-LN0001936,ACB-C003169,Home Equity Loan,2022-06-07,44891.3,28267.02,0.14,120.0,Current,0,0,ACB-BR022
ACB-LN0001937,ACB-C006850,Mortgage,2021-06-11,536720.76,167290.58,0.0356,48.0,Current,0,0,ACB-BR012
ACB-LN0001938,ACB-C007497,Mortgage,2025-12-21,529195.4,97801.12,0.0699,36.0,Current,0,0,ACB-BR001
ACB-LN0001939,ACB-C010340,Home Equity Loan,2023-02-26,20290.61,16634.67,0.1041,60.0,Paid Off,0,0,ACB-BR079
ACB-LN0001940,ACB-C002535,Personal Loan,2025-01-01,28163.56,2288.41,0.24,24.0,Paid Off,0,0,ACB-BR043
ACB-LN0001941,ACB-C009250,Student Loan,2022-04-02,61561.17,25198.8,0.0728,84.0,Current,0,0,ACB-BR079
ACB-LN0001942,ACB-C006675,Auto Loan,2021-12-19,37748.71,30461.92,0.1319,36.0,Paid Off,0,0,ACB-BR042
ACB-LN0001943,ACB-C012511,Mortgage,2021-01-13,238413.48,151263.15,0.0419,240.0,Current,0,0,ACB-BR072
ACB-LN0001944,ACB-C009950,Mortgage,2023-09-16,256198.35,76349.82,0.0609,60.0,Current,0,0,ACB-BR066
ACB-LN0001945,ACB-C005369,Mortgage,2023-11-17,227366.51,206499.63,0.0594,48.0,Current,0,0,ACB-BR029
ACB-LN0001946,ACB-C003422,Home Equity Loan,2021-06-27,52752.07,8837.87,0.1009,360.0,Default,293,1,ACB-BR009
ACB-LN0001947,ACB-C010953,Auto Loan,2023-09-07,42232.26,6476.97,0.0994,60.0,90+ DPD,125,1,ACB-BR070
ACB-LN0001948,ACB-C002459,Small Business Loan,2025-08-20,66189.32,20069.93,0.1346,240.0,Paid Off,0,0,ACB-BR052
ACB-LN0001949,ACB-C010675,Personal Loan,2022-01-02,4551.8,1374.0,0.1087,36.0,Current,0,0,ACB-BR078
ACB-LN0001950,ACB-C009263,Mortgage,2023-12-04,603277.8,239830.12,0.0914,360.0,90+ DPD,142,1,ACB-BR015
ACB-LN0001951,ACB-C012555,Personal Loan,2021-07-28,29298.97,13419.82,,36.0,30-59 DPD,56,0,ACB-BR008
ACB-LN0001952,ACB-C006574,Small Business Loan,2022-10-25,199013.62,10820.96,0.1159,180.0,Current,0,0,ACB-BR075
ACB-LN0001953,ACB-C001095,Home Equity Loan,2025-07-20,57116.14,24814.98,0.114,12.0,Current,0,0,ACB-BR038
ACB-LN0001954,ACB-C014760,Student Loan,2021-07-06,31012.19,11026.14,0.0482,84.0,30-59 DPD,54,0,ACB-BR036
ACB-LN0001955,ACB-C002453,Auto Loan,2020-06-25,10986.51,5934.9,0.0988,120.0,Current,0,0,ACB-BR051
ACB-LN0001956,ACB-C008790,Personal Loan,2023-08-20,27903.24,17974.12,0.24,48.0,Current,0,0,ACB-BR003
ACB-LN0001957,ACB-C013327,Auto Loan,2023-06-29,39884.01,15323.82,0.119,240.0,Current,0,0,ACB-BR076
ACB-LN0001958,ACB-C002458,Student Loan,2019-05-04,8035.7,3182.1,0.0439,36.0,Current,0,0,ACB-BR058
ACB-LN0001959,ACB-C005530,Home Equity Loan,2021-01-07,21967.02,19191.62,0.1083,240.0,Current,0,0,ACB-BR041
ACB-LN0001960,ACB-C012809,Auto Loan,2019-09-07,53531.53,26928.68,0.1241,180.0,Current,0,0,ACB-BR026
ACB-LN0001961,ACB-C011667,Auto Loan,2021-10-23,47900.02,44939.47,0.1093,84.0,Current,0,0,ACB-BR035
ACB-LN0001962,ACB-C012040,Auto Loan,2019-02-21,37459.08,12304.31,,360.0,Current,0,0,ACB-BR056
ACB-LN0001963,ACB-C010112,Student Loan,2023-11-01,35433.61,18987.08,0.0796,24.0,Current,0,0,ACB-BR032
ACB-LN0001964,ACB-C014833,Mortgage,2025-06-22,292352.81,217787.38,0.095,360.0,Current,0,0,ACB-BR078
ACB-LN0001965,ACB-C012427,Personal Loan,2025-10-27,34514.54,5589.2,0.1548,60.0,Current,0,0,ACB-BR019
ACB-LN0001966,ACB-C010756,Mortgage,2024-06-04,220442.95,127894.47,0.0905,120.0,Current,0,0,ACB-BR070
ACB-LN0001967,ACB-C014665,Home Equity Loan,2022-09-18,105866.37,80822.25,0.14,12.0,Current,0,0,ACB-BR029
ACB-LN0001968,ACB-C001924,Mortgage,2024-12-22,607399.77,274794.94,0.095,36.0,Paid Off,0,0,ACB-BR001
ACB-LN0001969,ACB-C009295,Auto Loan,2025-10-31,15191.38,5868.68,0.0626,12.0,90+ DPD,176,1,ACB-BR061
ACB-LN0001970,ACB-C007598,Mortgage,2019-04-28,524798.89,120745.39,0.0319,180.0,Current,0,0,ACB-BR069
ACB-LN0001971,ACB-C006663,Personal Loan,2020-03-21,8774.02,6026.38,0.1917,12.0,30-59 DPD,32,0,ACB-BR076
ACB-LN0001972,ACB-C004551,Student Loan,2022-12-19,27210.76,12573.34,0.08,36.0,Paid Off,0,0,ACB-BR013
ACB-LN0001973,ACB-C002900,Student Loan,2022-06-02,43651.73,13083.13,0.0915,180.0,Current,0,0,ACB-BR029
ACB-LN0001974,ACB-C004578,Mortgage,2021-04-26,192793.25,63785.31,0.0543,48.0,Current,0,0,ACB-BR010
ACB-LN0001975,ACB-C009287,Personal Loan,2021-06-20,12043.3,684.57,0.091,360.0,Current,0,0,ACB-BR079
ACB-LN0001976,ACB-C005547,Student Loan,2024-04-18,32758.65,16363.46,0.1038,48.0,Default,328,1,ACB-BR008
ACB-LN0001977,ACB-C005331,Mortgage,2021-05-08,561319.26,404542.6,0.0673,84.0,Current,0,0,ACB-BR061
ACB-LN0001978,ACB-C013538,Mortgage,2019-03-13,468521.78,290830.22,0.0707,180.0,Current,0,0,ACB-BR005
ACB-LN0001979,ACB-C014215,Personal Loan,2020-09-04,18108.69,10085.89,0.1236,84.0,Paid Off,0,0,ACB-BR044
ACB-LN0001980,ACB-C014599,Mortgage,2025-07-04,166349.76,34283.08,0.0729,36.0,Current,0,0,ACB-BR001
ACB-LN0001981,ACB-C007453,Personal Loan,2020-06-01,14574.44,13014.85,0.128,36.0,Current,0,0,ACB-BR004
ACB-LN0001982,ACB-C008332,Home Equity Loan,2020-06-06,84052.26,14701.18,0.0894,180.0,Current,0,0,ACB-BR037
ACB-LN0001983,ACB-C006391,Mortgage,2021-09-23,133004.54,99291.2,0.0545,60.0,60-89 DPD,89,0,ACB-BR066
ACB-LN0001984,ACB-C001452,Personal Loan,2019-12-10,28694.74,20068.63,0.1137,24.0,Default,330,1,ACB-BR020
ACB-LN0001985,ACB-C005244,Home Equity Loan,2025-10-10,33825.26,28586.2,0.14,24.0,Current,0,0,ACB-BR066
ACB-LN0001986,ACB-C006290,Personal Loan,2023-09-12,7517.14,6900.4,0.2062,120.0,Paid Off,0,0,ACB-BR041
ACB-LN0001987,ACB-C012347,Personal Loan,2025-12-15,2955.52,1522.04,0.24,48.0,Current,0,0,ACB-BR020
ACB-LN0001988,ACB-C004471,Personal Loan,2019-11-28,22261.04,11205.09,0.1669,60.0,60-89 DPD,71,0,ACB-BR006
ACB-LN0001989,ACB-C007082,Auto Loan,2020-07-26,35452.87,22362.65,0.0457,48.0,Current,0,0,ACB-BR038
ACB-LN0001990,ACB-C005472,Small Business Loan,2025-02-12,234949.37,65481.97,0.2,84.0,Current,0,0,ACB-BR080
ACB-LN0001991,ACB-C006098,Student Loan,2021-05-20,57527.79,40583.9,0.0533,120.0,Current,0,0,ACB-BR044
ACB-LN0001992,ACB-C002295,Home Equity Loan,2020-04-22,53711.45,18351.45,0.1049,360.0,Current,0,0,ACB-BR008
ACB-LN0001993,ACB-C007013,Auto Loan,2021-08-21,43797.47,21674.32,0.0558,36.0,Current,0,0,ACB-BR028
ACB-LN0001994,ACB-C007000,Small Business Loan,2022-10-28,49959.64,36118.21,0.2,12.0,Paid Off,0,0,ACB-BR060
ACB-LN0001995,ACB-C008711,Auto Loan,2024-08-17,42567.34,8436.04,0.151,360.0,Current,0,0,ACB-BR030
ACB-LN0001996,ACB-C006435,Home Equity Loan,2021-02-07,24532.53,19300.19,0.0789,12.0,60-89 DPD,88,0,ACB-BR026
ACB-LN0001997,ACB-C007883,Auto Loan,2019-12-28,42869.13,5683.91,0.1179,120.0,Current,0,0,ACB-BR069
ACB-LN0001998,ACB-C006005,Auto Loan,2019-11-19,29970.79,8600.52,0.1085,180.0,Current,0,0,ACB-BR026
ACB-LN0001999,ACB-C006243,Mortgage,2025-11-28,236171.3,71931.15,0.0484,36.0,Current,0,0,ACB-BR004
ACB-LN0002000,ACB-C008309,Personal Loan,2023-05-29,27274.2,21497.24,0.1493,24.0,Current,0,0,ACB-BR070
ACB-LN0002001,ACB-C014783,Auto Loan,2023-04-22,39205.28,33527.28,0.0698,360.0,Current,0,0,ACB-BR049
ACB-LN0002002,ACB-C011326,Personal Loan,2019-10-03,22578.7,18775.28,0.206,120.0,Current,0,0,ACB-BR025
ACB-LN0002003,ACB-C011824,Personal Loan,2021-08-11,22462.63,8667.65,0.1302,12.0,Current,0,0,ACB-BR014
ACB-LN0002004,ACB-C005880,Small Business Loan,2020-02-26,58212.75,22770.37,,12.0,Current,0,0,ACB-BR048
ACB-LN0002005,ACB-C006577,Auto Loan,2023-07-20,32225.47,26661.95,0.0651,360.0,Current,0,0,ACB-BR023
ACB-LN0002006,ACB-C004408,Personal Loan,2021-12-11,25293.63,21431.14,0.0831,240.0,Paid Off,0,0,ACB-BR018
ACB-LN0002007,ACB-C012816,Auto Loan,2021-05-31,17790.24,9358.47,0.08,240.0,Current,0,0,ACB-BR063
ACB-LN0002008,ACB-C011893,Mortgage,2021-11-19,352697.85,315630.37,0.0667,120.0,Current,0,0,ACB-BR002
ACB-LN0002009,ACB-C005575,Mortgage,2019-08-19,172286.89,60996.47,,60.0,Paid Off,0,0,ACB-BR002
ACB-LN0002010,ACB-C001227,Small Business Loan,2025-02-16,233446.39,204864.31,0.174,180.0,Current,0,0,ACB-BR070
ACB-LN0002011,ACB-C014900,Mortgage,2024-05-03,453755.52,431070.66,0.095,48.0,Current,0,0,ACB-BR076
ACB-LN0002012,ACB-C003049,Auto Loan,2022-04-04,27072.03,1699.23,0.1085,240.0,Current,0,0,ACB-BR021
ACB-LN0002013,ACB-C009372,Mortgage,2024-01-24,475278.85,25986.98,0.0568,360.0,Paid Off,0,0,ACB-BR020
ACB-LN0002014,ACB-C007102,Mortgage,2025-02-01,286388.33,54594.52,0.0801,120.0,Current,0,0,ACB-BR005
ACB-LN0002015,ACB-C000539,Auto Loan,2021-09-15,31130.99,15169.99,0.0859,48.0,90+ DPD,103,1,ACB-BR010
ACB-LN0002016,ACB-C001005,Mortgage,2023-08-10,625987.93,142423.0,0.0734,36.0,Current,0,0,ACB-BR051
ACB-LN0002017,ACB-C004864,Auto Loan,2019-11-05,8482.5,5722.31,0.1233,180.0,30-59 DPD,41,0,ACB-BR055
ACB-LN0002018,ACB-C013286,Mortgage,2022-04-02,172231.35,60627.1,0.0543,36.0,Current,0,0,ACB-BR038
ACB-LN0002019,ACB-C010879,Mortgage,2021-07-13,616783.46,468204.73,0.0303,36.0,Current,0,0,ACB-BR015
ACB-LN0002020,ACB-C012481,Personal Loan,2024-01-09,30172.14,6425.83,0.24,48.0,Current,0,0,ACB-BR070
ACB-LN0002021,ACB-C002179,Personal Loan,2025-04-15,6391.17,1728.61,0.2144,24.0,Current,0,0,ACB-BR003
ACB-LN0002022,ACB-C007341,Small Business Loan,2023-03-23,76734.35,20065.22,0.1172,84.0,Current,0,0,ACB-BR033
ACB-LN0002023,ACB-C004865,Mortgage,2022-02-27,270348.12,120513.73,0.0457,120.0,Paid Off,0,0,ACB-BR074
ACB-LN0002024,ACB-C002102,Auto Loan,2019-01-28,39349.54,16033.14,0.0766,60.0,60-89 DPD,64,0,ACB-BR005
ACB-LN0002025,ACB-C014577,Small Business Loan,2024-08-31,102026.27,5443.34,0.1403,180.0,Current,0,0,ACB-BR049
ACB-LN0002026,ACB-C011604,Student Loan,2022-01-02,13407.57,5842.28,0.0837,120.0,Paid Off,0,0,ACB-BR027
ACB-LN0002027,ACB-C010457,Auto Loan,2019-01-20,48331.31,38323.47,0.0581,180.0,Current,0,0,ACB-BR007
ACB-LN0002028,ACB-C004283,Auto Loan,2025-03-04,19198.32,1237.27,0.0778,12.0,90+ DPD,120,1,ACB-BR078
ACB-LN0002029,ACB-C001692,Mortgage,2021-08-25,432769.79,121688.5,0.0323,120.0,Current,0,0,ACB-BR044
ACB-LN0002030,ACB-C010980,Personal Loan,2026-02-19,31790.75,15035.07,0.1406,240.0,Current,0,0,ACB-BR007
ACB-LN0002031,ACB-C002074,Auto Loan,2020-12-18,26926.03,8072.31,0.0849,36.0,Current,0,0,ACB-BR052
ACB-LN0002032,ACB-C007973,Personal Loan,2021-02-18,9426.49,5507.9,0.1858,24.0,Current,0,0,ACB-BR061
ACB-LN0002033,ACB-C009756,Small Business Loan,2025-02-23,88498.57,51135.84,0.2,84.0,Current,0,0,ACB-BR036
ACB-LN0002034,ACB-C002207,Personal Loan,2025-10-11,27452.82,22815.79,0.2272,36.0,Current,0,0,ACB-BR010
ACB-LN0002035,ACB-C008113,Personal Loan,2025-08-16,5107.9,2682.92,0.1916,360.0,Current,0,0,ACB-BR041
ACB-LN0002036,ACB-C007620,Personal Loan,2021-12-19,9068.26,4898.31,0.1096,240.0,Current,0,0,ACB-BR017
ACB-LN0002037,ACB-C002537,Auto Loan,2020-12-05,15707.66,3226.45,0.1091,12.0,Current,0,0,ACB-BR065
ACB-LN0002038,ACB-C002970,Auto Loan,2026-02-01,44810.49,28164.23,0.1365,360.0,Paid Off,0,0,ACB-BR023
ACB-LN0002039,ACB-C009315,Student Loan,2020-01-05,26296.34,3540.67,0.0785,24.0,Current,0,0,ACB-BR015
ACB-LN0002040,ACB-C003889,Mortgage,2022-07-28,130227.12,19723.02,0.0553,36.0,Current,0,0,ACB-BR066
ACB-LN0002041,ACB-C002083,Auto Loan,2022-09-13,26122.18,3010.02,,48.0,Current,0,0,ACB-BR004
ACB-LN0002042,ACB-C001174,Mortgage,2024-07-10,140796.05,130523.97,0.0702,60.0,Current,0,0,ACB-BR022
ACB-LN0002043,ACB-C012686,Auto Loan,2019-06-10,47844.53,5827.83,0.0824,60.0,Default,129,1,ACB-BR036
ACB-LN0002044,ACB-C002929,Student Loan,2021-02-24,27521.61,6956.94,0.072,360.0,60-89 DPD,85,0,ACB-BR061
ACB-LN0002045,ACB-C007144,Home Equity Loan,2024-08-06,17629.84,7428.28,0.14,48.0,60-89 DPD,72,0,ACB-BR025
ACB-LN0002046,ACB-C006788,Personal Loan,2024-02-29,22009.56,12561.73,0.1634,60.0,Current,0,0,ACB-BR051
ACB-LN0002047,ACB-C004578,Mortgage,2019-02-12,287082.89,251850.0,0.069,36.0,Current,0,0,ACB-BR008
ACB-LN0002048,ACB-C002982,Student Loan,2021-07-24,66997.54,54473.78,0.0697,48.0,Paid Off,0,0,ACB-BR002
ACB-LN0002049,ACB-C006581,Mortgage,2020-06-25,585147.13,73074.99,0.032,48.0,Current,0,0,ACB-BR079
ACB-LN0002050,ACB-C003357,Personal Loan,2025-09-10,23689.5,14075.61,0.24,24.0,60-89 DPD,86,0,ACB-BR074
ACB-LN0002051,ACB-C005529,Personal Loan,2024-05-22,10518.03,2530.15,0.2269,84.0,90+ DPD,120,1,ACB-BR061
ACB-LN0002052,ACB-C009736,Personal Loan,2019-07-27,16183.12,4722.54,0.0981,240.0,Current,0,0,ACB-BR076
ACB-LN0002053,ACB-C001469,Mortgage,2022-03-15,389432.81,85037.77,0.0482,24.0,Current,0,0,ACB-BR016
ACB-LN0002054,ACB-C000728,Student Loan,2023-05-22,11803.65,6916.6,0.0778,360.0,Current,0,0,ACB-BR016
ACB-LN0002055,ACB-C007330,Mortgage,2023-04-26,300143.06,262188.41,0.0536,360.0,Current,0,0,ACB-BR052
ACB-LN0002056,ACB-C001814,Personal Loan,2021-02-14,22283.9,3182.57,0.0856,48.0,Current,0,0,ACB-BR056
ACB-LN0002057,ACB-C004699,Small Business Loan,2021-07-11,62644.23,60579.74,0.1169,24.0,30-59 DPD,58,0,ACB-BR034
ACB-LN0002058,ACB-C010615,Home Equity Loan,2019-07-09,66483.51,52793.67,0.1014,240.0,Current,0,0,ACB-BR027
ACB-LN0002059,ACB-C011330,Home Equity Loan,2021-11-07,62344.17,48908.4,0.0809,12.0,Current,0,0,ACB-BR010
ACB-LN0002060,ACB-C005246,Home Equity Loan,2022-12-24,112096.61,26309.41,0.1217,84.0,Current,0,0,ACB-BR074
ACB-LN0002061,ACB-C009561,Small Business Loan,2023-06-19,215837.23,150463.41,0.1355,180.0,Current,0,0,ACB-BR020
ACB-LN0002062,ACB-C014464,Mortgage,2019-11-18,533953.39,111928.48,0.062,84.0,Current,0,0,ACB-BR067
ACB-LN0002063,ACB-C007673,Mortgage,2023-12-02,574798.98,366130.3,0.0946,84.0,90+ DPD,146,1,ACB-BR025
ACB-LN0002064,ACB-C001710,Student Loan,2020-07-18,39671.72,27869.36,0.0417,24.0,Current,0,0,ACB-BR079
ACB-LN0002065,ACB-C002411,Mortgage,2021-12-21,249066.16,138784.86,0.0507,120.0,Written Off,0,1,ACB-BR002
ACB-LN0002066,ACB-C004892,Mortgage,2021-07-07,470852.95,69307.01,0.0662,12.0,Paid Off,0,0,ACB-BR076
ACB-LN0002067,ACB-C002397,Student Loan,2020-04-17,55436.3,15483.66,0.0881,36.0,Current,0,0,ACB-BR038
ACB-LN0002068,ACB-C002203,Personal Loan,2020-01-01,27829.1,10723.85,0.1077,12.0,90+ DPD,115,1,ACB-BR077
ACB-LN0002069,ACB-C000343,Personal Loan,2022-11-21,25509.44,14089.91,0.1617,12.0,Current,0,0,ACB-BR035
ACB-LN0002070,ACB-C001958,Auto Loan,2024-03-18,54543.52,19476.2,,12.0,Current,0,0,ACB-BR035
ACB-LN0002071,ACB-C009694,Auto Loan,2022-10-24,15580.96,12608.89,0.1161,240.0,Current,0,0,ACB-BR077
ACB-LN0002072,ACB-C000163,Auto Loan,2019-08-27,49494.8,4696.1,0.0909,360.0,Current,0,0,ACB-BR062
ACB-LN0002073,ACB-C002703,Home Equity Loan,2024-08-29,78808.05,12020.5,0.0804,120.0,Current,0,0,ACB-BR067
ACB-LN0002074,ACB-C009021,Auto Loan,2019-03-13,49341.05,7182.84,0.0858,36.0,Current,0,0,ACB-BR004
ACB-LN0002075,ACB-C013951,Mortgage,2022-05-05,263809.16,206012.77,0.0489,48.0,Current,0,0,ACB-BR042
ACB-LN0002076,ACB-C012075,Personal Loan,2026-03-18,34113.04,24805.91,0.24,60.0,Current,0,0,ACB-BR061
ACB-LN0002077,ACB-C005704,Home Equity Loan,2019-03-26,78356.44,49863.75,0.0628,24.0,Current,0,0,ACB-BR012
ACB-LN0002078,ACB-C001999,Personal Loan,2020-01-21,19887.69,3438.31,0.0884,120.0,Current,0,0,ACB-BR067
ACB-LN0002079,ACB-C012991,Auto Loan,2022-10-01,27009.22,20441.28,0.16,12.0,Current,0,0,ACB-BR022
ACB-LN0002080,ACB-C011036,Auto Loan,2019-10-14,11280.52,2366.76,0.1264,240.0,Current,0,0,ACB-BR063
ACB-LN0002081,ACB-C002488,Personal Loan,2020-07-01,5151.4,4118.94,0.1412,36.0,Paid Off,0,0,ACB-BR039
ACB-LN0002082,ACB-C008738,Personal Loan,2025-11-10,5067.73,4164.57,0.2091,360.0,Current,0,0,ACB-BR062
ACB-LN0002083,ACB-C009524,Personal Loan,2020-05-03,9249.19,3328.3,0.1858,48.0,60-89 DPD,73,0,ACB-BR001
ACB-LN0002084,ACB-C007493,Mortgage,2024-09-07,537921.68,335908.89,0.0896,180.0,Current,0,0,ACB-BR042
ACB-LN0002085,ACB-C007335,Personal Loan,2022-06-16,25558.33,14840.47,0.24,84.0,Current,0,0,ACB-BR018
ACB-LN0002086,ACB-C002518,Home Equity Loan,2019-04-27,73745.69,19137.8,,180.0,Current,0,0,ACB-BR004
ACB-LN0002087,ACB-C009902,Personal Loan,2020-06-17,29330.2,24956.88,0.1204,12.0,Current,0,0,ACB-BR051
ACB-LN0002088,ACB-C001287,Student Loan,2024-12-07,75553.1,65346.77,0.0753,36.0,30-59 DPD,39,0,ACB-BR068
ACB-LN0002089,ACB-C014591,Mortgage,2026-02-21,241885.81,17611.01,0.0758,60.0,Current,0,0,ACB-BR059
ACB-LN0002090,ACB-C012877,Student Loan,2024-12-22,65131.14,49813.11,0.1081,240.0,Paid Off,0,0,ACB-BR052
ACB-LN0002091,ACB-C002039,Mortgage,2019-11-20,618032.27,443485.22,0.052,48.0,Current,0,0,ACB-BR038
ACB-LN0002092,ACB-C006278,Mortgage,2022-08-18,460503.6,214852.35,0.0817,120.0,Current,0,0,ACB-BR072
ACB-LN0002093,ACB-C006797,Personal Loan,2019-09-26,25526.54,19388.95,0.1125,48.0,Current,0,0,ACB-BR078
ACB-LN0002094,ACB-C006310,Home Equity Loan,2022-08-12,85525.93,32487.21,0.0758,24.0,Current,0,0,ACB-BR021
ACB-LN0002095,ACB-C004418,Student Loan,2019-08-31,74951.53,55667.67,0.0557,180.0,Current,0,0,ACB-BR025
ACB-LN0002096,ACB-C007058,Personal Loan,2022-06-22,13501.99,8561.33,0.19,240.0,Current,0,0,ACB-BR005
ACB-LN0002097,ACB-C007212,Mortgage,2025-10-07,561192.78,219264.74,0.0889,360.0,Current,0,0,ACB-BR064
ACB-LN0002098,ACB-C004528,Mortgage,2025-09-06,522811.16,100022.27,0.095,48.0,Current,0,0,ACB-BR058
ACB-LN0002099,ACB-C004574,Home Equity Loan,2024-03-27,105962.73,66317.17,0.0996,48.0,Paid Off,0,0,ACB-BR029
ACB-LN0002100,ACB-C012665,Home Equity Loan,2023-06-03,50089.52,43992.21,0.0962,48.0,Current,0,0,ACB-BR001
ACB-LN0002101,ACB-C007341,Personal Loan,2024-01-03,27880.27,19318.76,0.24,180.0,Paid Off,0,0,ACB-BR055
ACB-LN0002102,ACB-C000595,Personal Loan,2023-06-15,21918.97,3723.29,0.24,12.0,Current,0,0,ACB-BR054
ACB-LN0002103,ACB-C002751,Personal Loan,2025-12-25,15163.42,10217.89,0.1954,360.0,Current,0,0,ACB-BR072
ACB-LN0002104,ACB-C005973,Personal Loan,2021-03-24,22883.51,21313.21,0.121,36.0,30-59 DPD,49,0,ACB-BR077
ACB-LN0002105,ACB-C001562,Mortgage,2019-10-07,580140.82,34314.62,0.0646,36.0,90+ DPD,161,1,ACB-BR010
ACB-LN0002106,ACB-C014873,Personal Loan,2019-06-15,4315.78,3709.39,0.1798,60.0,Current,0,0,ACB-BR017
ACB-LN0002107,ACB-C009385,Mortgage,2024-04-01,312647.01,228759.08,0.0649,180.0,60-89 DPD,61,0,ACB-BR034
ACB-LN0002108,ACB-C012123,Personal Loan,2022-08-09,23285.31,19666.1,0.2332,120.0,Written Off,0,1,ACB-BR069
ACB-LN0002109,ACB-C012962,Personal Loan,2020-05-04,18468.32,11352.75,0.1895,180.0,Current,0,0,ACB-BR032
ACB-LN0002110,ACB-C011794,Auto Loan,2020-02-14,43226.2,35095.13,0.0655,84.0,60-89 DPD,78,0,ACB-BR019
ACB-LN0002111,ACB-C010687,Home Equity Loan,2023-03-27,51464.01,24033.32,0.1307,84.0,Current,0,0,ACB-BR067
ACB-LN0002112,ACB-C000045,Mortgage,2019-06-14,307728.06,215636.54,0.0647,240.0,Current,0,0,ACB-BR067
ACB-LN0002113,ACB-C000701,Mortgage,2023-09-03,477103.66,34828.71,0.0575,48.0,Paid Off,0,0,ACB-BR038
ACB-LN0002114,ACB-C007319,Mortgage,2021-04-07,597606.88,372425.72,0.03,60.0,Current,0,0,ACB-BR023
ACB-LN0002115,ACB-C008435,Mortgage,2019-02-21,549045.48,357354.72,0.0602,24.0,60-89 DPD,66,0,ACB-BR010
ACB-LN0002116,ACB-C004806,Mortgage,2021-07-26,517380.69,284382.38,0.0546,240.0,30-59 DPD,58,0,ACB-BR025
ACB-LN0002117,ACB-C003326,Home Equity Loan,2023-01-30,77873.93,72355.06,0.14,24.0,Paid Off,0,0,ACB-BR065
ACB-LN0002118,ACB-C007160,Auto Loan,2025-03-06,39261.76,15033.72,0.095,,30-59 DPD,43,0,ACB-BR069
ACB-LN0002119,ACB-C002526,Mortgage,2022-09-09,223388.92,49867.71,0.0862,240.0,Current,0,0,ACB-BR039
ACB-LN0002120,ACB-C005057,Personal Loan,2019-06-27,6225.36,3749.09,0.1596,120.0,Current,0,0,ACB-BR009
ACB-LN0002121,ACB-C008074,Personal Loan,2021-03-06,33676.52,18765.17,0.0901,24.0,Current,0,0,ACB-BR048
ACB-LN0002122,ACB-C000286,Auto Loan,2024-07-01,40712.72,8473.72,0.1053,60.0,Current,0,0,ACB-BR039
ACB-LN0002123,ACB-C008765,Mortgage,2019-01-29,641954.88,519472.45,0.0416,84.0,Default,162,1,ACB-BR070
ACB-LN0002124,ACB-C009808,Small Business Loan,2019-07-29,51849.09,6799.73,0.14,36.0,Current,0,0,ACB-BR038
ACB-LN0002125,ACB-C012769,Auto Loan,2019-09-14,39121.1,25336.51,0.11,24.0,Current,0,0,ACB-BR054
ACB-LN0002126,ACB-C005647,Mortgage,2024-06-01,543609.82,57580.08,0.0702,60.0,Current,0,0,ACB-BR033
ACB-LN0002127,ACB-C000961,Mortgage,2022-12-31,191169.65,47655.14,0.0483,12.0,Current,0,0,ACB-BR035
ACB-LN0002128,ACB-C009239,Personal Loan,2020-10-08,18041.19,4360.39,0.1425,180.0,Current,0,0,ACB-BR065
ACB-LN0002129,ACB-C012662,Auto Loan,2021-03-18,10198.98,793.14,0.1357,24.0,Current,0,0,ACB-BR064
ACB-LN0002130,ACB-C003504,Home Equity Loan,2021-12-31,86469.42,63123.96,0.0668,360.0,Paid Off,0,0,ACB-BR078
ACB-LN0002131,ACB-C004513,Mortgage,2021-12-04,166987.04,129535.43,0.074,180.0,Current,0,0,ACB-BR007
ACB-LN0002132,ACB-C009289,Personal Loan,2019-12-27,27350.48,11643.72,0.1047,360.0,Current,0,0,ACB-BR070
ACB-LN0002133,ACB-C007324,Small Business Loan,2024-09-24,113139.61,108836.39,0.2,120.0,30-59 DPD,49,0,ACB-BR062
ACB-LN0002134,ACB-C009687,Home Equity Loan,2025-05-12,102070.8,17503.51,0.14,360.0,Current,0,0,ACB-BR041
ACB-LN0002135,ACB-C004755,Mortgage,2022-04-13,160636.47,22423.74,0.0472,12.0,30-59 DPD,53,0,ACB-BR055
ACB-LN0002136,ACB-C005019,Student Loan,2019-06-13,55498.79,6663.46,0.0414,36.0,30-59 DPD,51,0,ACB-BR033
ACB-LN0002137,ACB-C000438,Auto Loan,2026-02-27,32578.03,25275.1,0.0761,36.0,Current,0,0,ACB-BR016
ACB-LN0002138,ACB-C006207,Mortgage,2022-03-22,264776.85,161824.01,0.0718,36.0,Current,0,0,ACB-BR012
ACB-LN0002139,ACB-C003098,Auto Loan,2021-08-05,21040.46,12396.01,0.1294,180.0,Current,0,0,ACB-BR064
ACB-LN0002140,ACB-C011795,Auto Loan,2019-11-22,10951.6,5576.85,0.0626,84.0,Current,0,0,ACB-BR004
ACB-LN0002141,ACB-C003195,Small Business Loan,2019-02-26,106125.96,55601.13,0.1565,12.0,90+ DPD,146,1,ACB-BR001
ACB-LN0002142,ACB-C006616,Personal Loan,2021-08-09,21928.64,4929.35,0.1065,48.0,Current,0,0,ACB-BR078
ACB-LN0002143,ACB-C014598,Auto Loan,2021-05-25,33611.25,16103.26,0.1343,12.0,Current,0,0,ACB-BR030
ACB-LN0002144,ACB-C010785,Home Equity Loan,2022-08-05,63344.89,8513.01,0.1158,60.0,60-89 DPD,67,0,ACB-BR011
ACB-LN0002145,ACB-C004951,Home Equity Loan,2023-02-04,70408.61,17456.39,0.1177,60.0,Paid Off,0,0,ACB-BR017
ACB-LN0002146,ACB-C004907,Home Equity Loan,2020-05-25,110850.07,88465.81,0.0762,,Current,0,0,ACB-BR046
ACB-LN0002147,ACB-C007658,Mortgage,2020-01-01,515825.53,305540.7,0.0419,36.0,Current,0,0,ACB-BR047
ACB-LN0002148,ACB-C014670,Mortgage,2023-11-20,292276.87,31259.63,0.0656,360.0,Current,0,0,ACB-BR033
ACB-LN0002149,ACB-C012482,Personal Loan,2020-10-28,24172.69,2129.13,0.1605,36.0,Current,0,0,ACB-BR006
ACB-LN0002150,ACB-C013879,Mortgage,2026-03-03,355537.54,78296.27,0.0425,180.0,Current,0,0,ACB-BR028
ACB-LN0002151,ACB-C014642,Personal Loan,2023-01-27,10605.43,10184.4,0.24,84.0,Current,0,0,ACB-BR074
ACB-LN0002152,ACB-C000192,Personal Loan,2026-01-24,23326.77,21459.33,0.1511,24.0,Current,0,0,ACB-BR008
ACB-LN0002153,ACB-C010579,Home Equity Loan,2025-08-26,65617.51,10700.61,0.14,180.0,Current,0,0,ACB-BR061
ACB-LN0002154,ACB-C000866,Mortgage,2022-02-27,473328.79,269814.51,0.0609,48.0,Current,0,0,ACB-BR061
ACB-LN0002155,ACB-C010673,Auto Loan,2020-06-29,34802.37,20093.13,0.0537,48.0,30-59 DPD,54,0,ACB-BR028
ACB-LN0002156,ACB-C006267,Auto Loan,2024-02-01,19474.98,10296.2,0.0962,120.0,Current,0,0,ACB-BR060
ACB-LN0002157,ACB-C000279,Home Equity Loan,2019-11-15,95425.51,11160.54,0.1052,180.0,Current,0,0,ACB-BR023
ACB-LN0002158,ACB-C014938,Personal Loan,2021-07-23,32000.07,29343.42,0.1243,180.0,Paid Off,0,0,ACB-BR052
ACB-LN0002159,ACB-C012618,Mortgage,2021-06-01,531777.12,343806.37,0.0516,24.0,Paid Off,0,0,ACB-BR060
ACB-LN0002160,ACB-C003304,Personal Loan,2021-09-14,23614.82,4322.67,0.1562,120.0,60-89 DPD,63,0,ACB-BR065
ACB-LN0002161,ACB-C003221,Personal Loan,2019-08-15,8680.04,5522.54,0.1002,360.0,Current,0,0,ACB-BR023
ACB-LN0002162,ACB-C007354,Personal Loan,2024-11-03,6491.45,2320.03,0.1562,48.0,Current,0,0,ACB-BR051
ACB-LN0002163,ACB-C004710,Auto Loan,2025-08-31,53442.24,19935.71,0.074,240.0,Current,0,0,ACB-BR031
ACB-LN0002164,ACB-C004809,Auto Loan,2020-01-21,23335.67,18754.32,0.1118,24.0,Paid Off,0,0,ACB-BR008
ACB-LN0002165,ACB-C007224,Mortgage,2026-01-29,196394.23,106568.7,0.0405,120.0,Current,0,0,ACB-BR063
ACB-LN0002166,ACB-C005737,Personal Loan,2020-02-16,5668.45,1608.63,0.0914,60.0,Current,0,0,ACB-BR039
ACB-LN0002167,ACB-C010707,Personal Loan,2022-10-09,31787.41,27757.16,0.1477,12.0,Current,0,0,ACB-BR080
ACB-LN0002168,ACB-C011138,Home Equity Loan,2019-09-14,52647.1,3906.8,0.1169,60.0,Current,0,0,ACB-BR012
ACB-LN0002169,ACB-C008628,Auto Loan,2019-06-25,30065.77,16030.47,0.0903,360.0,Current,0,0,ACB-BR050
ACB-LN0002170,ACB-C007088,Mortgage,2023-04-25,167058.79,92072.7,0.0778,36.0,Current,0,0,ACB-BR042
ACB-LN0002171,ACB-C008431,Auto Loan,2023-10-07,35259.44,16467.59,0.1575,120.0,Current,0,0,ACB-BR042
ACB-LN0002172,ACB-C008146,Personal Loan,2019-08-20,29191.9,10671.87,0.1489,48.0,30-59 DPD,31,0,ACB-BR045
ACB-LN0002173,ACB-C011835,Personal Loan,2025-05-30,21212.21,3785.36,0.2305,240.0,30-59 DPD,46,0,ACB-BR002
ACB-LN0002174,ACB-C007996,Auto Loan,2021-07-22,40831.2,11487.76,0.0765,84.0,Written Off,0,1,ACB-BR005
ACB-LN0002175,ACB-C000588,Small Business Loan,2025-07-05,93217.39,29933.91,0.1813,360.0,90+ DPD,133,1,ACB-BR063
ACB-LN0002176,ACB-C010914,Personal Loan,2025-09-20,22249.78,21573.79,0.1406,24.0,Current,0,0,ACB-BR047
ACB-LN0002177,ACB-C001852,Mortgage,2022-11-01,578342.02,311555.09,0.0605,120.0,Default,127,1,ACB-BR016
ACB-LN0002178,ACB-C002386,Personal Loan,2022-09-19,27649.92,15786.61,0.24,180.0,Current,0,0,ACB-BR068
ACB-LN0002179,ACB-C010980,Student Loan,2025-07-30,68256.74,33742.26,0.0675,24.0,Current,0,0,ACB-BR016
ACB-LN0002180,ACB-C004378,Home Equity Loan,2020-09-01,43973.93,27022.2,0.0827,48.0,Current,0,0,ACB-BR028
ACB-LN0002181,ACB-C004741,Small Business Loan,2022-08-06,230522.16,151399.56,0.2,360.0,Current,0,0,ACB-BR029
ACB-LN0002182,ACB-C006140,Mortgage,2019-12-14,217353.74,154010.82,0.038,24.0,Current,0,0,ACB-BR051
ACB-LN0002183,ACB-C010507,Auto Loan,2022-06-20,17380.53,10372.64,0.16,240.0,Current,0,0,ACB-BR037
ACB-LN0002184,ACB-C012231,Mortgage,2022-02-23,549044.26,404156.98,0.0381,120.0,Default,170,1,ACB-BR059
ACB-LN0002185,ACB-C000009,Mortgage,2025-05-06,285525.62,171649.8,0.0574,48.0,Current,0,0,ACB-BR037
ACB-LN0002186,ACB-C013924,Auto Loan,2020-09-25,13599.69,2336.61,0.1152,,Written Off,0,1,ACB-BR031
ACB-LN0002187,ACB-C014917,Personal Loan,2021-12-04,7167.0,6934.19,0.1885,60.0,Current,0,0,ACB-BR001
ACB-LN0002188,ACB-C013645,Auto Loan,2022-04-15,21235.36,13811.23,0.0889,36.0,30-59 DPD,44,0,ACB-BR061
ACB-LN0002189,ACB-C006436,Mortgage,2022-01-01,510468.07,227770.02,0.0668,24.0,60-89 DPD,66,0,ACB-BR040
ACB-LN0002190,ACB-C004693,Personal Loan,2025-02-05,31055.33,22742.88,0.1545,12.0,Current,0,0,ACB-BR004
ACB-LN0002191,ACB-C004019,Mortgage,2026-03-30,461459.91,228897.66,0.0661,180.0,60-89 DPD,87,0,ACB-BR074
ACB-LN0002192,ACB-C008169,Student Loan,2023-02-03,77738.01,29288.61,0.0978,360.0,Current,0,0,ACB-BR068
ACB-LN0002193,ACB-C012890,Auto Loan,2025-07-16,24908.87,13860.02,0.0741,180.0,60-89 DPD,80,0,ACB-BR032
ACB-LN0002194,ACB-C006453,Mortgage,2020-04-12,336324.44,238129.38,0.0493,84.0,Current,0,0,ACB-BR072
ACB-LN0002195,ACB-C003376,Auto Loan,2021-08-31,29291.03,19957.56,0.0718,360.0,Current,0,0,ACB-BR042
ACB-LN0002196,ACB-C012722,Personal Loan,2022-04-11,33155.16,3443.77,0.1076,120.0,Current,0,0,ACB-BR066
ACB-LN0002197,ACB-C001318,Small Business Loan,2023-04-08,197870.43,34077.04,0.2,48.0,Current,0,0,ACB-BR012
ACB-LN0002198,ACB-C012224,Home Equity Loan,2021-02-04,38265.83,5338.43,0.1196,60.0,Current,0,0,ACB-BR004
ACB-LN0002199,ACB-C007033,Mortgage,2024-10-22,563897.36,240306.12,0.095,84.0,Current,0,0,ACB-BR038
ACB-LN0002200,ACB-C003504,Personal Loan,2025-02-23,8843.17,8237.26,0.1571,120.0,Current,0,0,ACB-BR060
ACB-LN0002201,ACB-C003005,Mortgage,2019-12-07,290959.26,67927.41,0.0697,180.0,Current,0,0,ACB-BR008
ACB-LN0002202,ACB-C008354,Mortgage,2024-08-05,458586.11,287026.66,0.066,12.0,Current,0,0,ACB-BR059
ACB-LN0002203,ACB-C002410,Auto Loan,2020-11-10,51146.56,22456.35,0.1231,120.0,Current,0,0,ACB-BR029
ACB-LN0002204,ACB-C001570,Home Equity Loan,2019-05-06,70053.84,15591.36,0.0778,12.0,30-59 DPD,46,0,ACB-BR021
ACB-LN0002205,ACB-C008671,Personal Loan,2025-02-08,4801.78,4040.03,0.1787,24.0,Current,0,0,ACB-BR078
ACB-LN0002206,ACB-C003384,Mortgage,2019-07-07,252475.63,208636.36,0.0373,240.0,Current,0,0,ACB-BR065
ACB-LN0002207,ACB-C011575,Personal Loan,2024-02-23,15941.74,10917.94,0.1752,120.0,Current,0,0,ACB-BR036
ACB-LN0002208,ACB-C010874,Personal Loan,2024-01-03,28812.78,20789.66,0.2379,84.0,60-89 DPD,64,0,ACB-BR017
ACB-LN0002209,ACB-C005378,Personal Loan,2022-04-12,19178.09,11725.35,0.1153,360.0,Current,0,0,ACB-BR006
ACB-LN0002210,ACB-C010769,Personal Loan,2023-09-29,25312.03,2494.42,0.1833,48.0,Current,0,0,ACB-BR066
ACB-LN0002211,ACB-C009201,Mortgage,2025-03-31,527209.58,134125.76,0.0488,84.0,Paid Off,0,0,ACB-BR005
ACB-LN0002212,ACB-C010806,Mortgage,2023-11-03,144863.7,55439.46,0.0656,180.0,60-89 DPD,75,0,ACB-BR062
ACB-LN0002213,ACB-C011892,Personal Loan,2025-11-25,5511.71,4861.53,0.1274,36.0,30-59 DPD,57,0,ACB-BR050
ACB-LN0002214,ACB-C012778,Home Equity Loan,2020-05-15,118114.49,67839.17,0.0964,24.0,Current,0,0,ACB-BR070
ACB-LN0002215,ACB-C008971,Personal Loan,2022-06-06,7637.65,6255.97,0.1091,84.0,90+ DPD,137,1,ACB-BR009
ACB-LN0002216,ACB-C012757,Mortgage,2023-07-18,332546.77,147840.23,0.0601,120.0,Current,0,0,ACB-BR034
ACB-LN0002217,ACB-C002150,Small Business Loan,2025-04-13,149547.07,55974.8,0.2,24.0,Current,0,0,ACB-BR020
ACB-LN0002218,ACB-C014268,Auto Loan,2024-06-29,22034.6,1987.8,0.16,240.0,Current,0,0,ACB-BR079
ACB-LN0002219,ACB-C014541,Auto Loan,2023-03-21,14321.92,10613.22,0.1269,360.0,Paid Off,0,0,ACB-BR008
ACB-LN0002220,ACB-C007647,Mortgage,2019-07-29,564899.77,545939.13,0.0515,24.0,Current,0,0,ACB-BR002
ACB-LN0002221,ACB-C000251,Mortgage,2024-01-02,250793.71,142935.22,0.0825,180.0,Current,0,0,ACB-BR046
ACB-LN0002222,ACB-C004462,Personal Loan,2024-07-06,4297.24,1242.86,0.1561,360.0,Paid Off,0,0,ACB-BR041
ACB-LN0002223,ACB-C007194,Auto Loan,2024-06-28,19629.2,11958.09,0.078,240.0,Current,0,0,ACB-BR070
ACB-LN0002224,ACB-C004765,Personal Loan,2020-06-08,31144.19,6453.41,0.0927,120.0,Current,0,0,ACB-BR012
ACB-LN0002225,ACB-C005798,Home Equity Loan,2021-07-08,44334.12,34725.29,0.0893,240.0,30-59 DPD,48,0,ACB-BR003
ACB-LN0002226,ACB-C004922,Auto Loan,2019-01-16,36609.2,5781.15,0.088,180.0,Current,0,0,ACB-BR045
ACB-LN0002227,ACB-C008831,Personal Loan,2025-08-25,13866.34,7300.35,0.2061,48.0,Current,0,0,ACB-BR030
ACB-LN0002228,ACB-C000485,Mortgage,2023-06-12,168417.13,157580.97,0.0895,60.0,60-89 DPD,75,0,ACB-BR016
ACB-LN0002229,ACB-C008829,Personal Loan,2023-07-04,32642.42,31817.21,0.24,12.0,Current,0,0,ACB-BR030
ACB-LN0002230,ACB-C001885,Student Loan,2025-07-04,77731.79,22055.69,0.0826,360.0,Current,0,0,ACB-BR018
ACB-LN0002231,ACB-C002119,Student Loan,2024-04-19,50468.83,37184.63,0.11,60.0,Current,0,0,ACB-BR032
ACB-LN0002232,ACB-C005674,Auto Loan,2022-07-14,50096.83,33087.9,0.0721,24.0,Current,0,0,ACB-BR079
ACB-LN0002233,ACB-C001446,Auto Loan,2019-11-06,41104.74,3387.99,0.0519,24.0,Current,0,0,ACB-BR007
ACB-LN0002234,ACB-C008526,Auto Loan,2023-05-11,18803.28,17373.57,0.0627,120.0,Current,0,0,ACB-BR037
ACB-LN0002235,ACB-C005963,Personal Loan,2022-07-22,7291.8,5719.52,0.1661,360.0,Current,0,0,ACB-BR076
ACB-LN0002236,ACB-C000123,Auto Loan,2024-10-31,17257.8,6634.09,0.16,180.0,Current,0,0,ACB-BR034
ACB-LN0002237,ACB-C011998,Personal Loan,2019-04-29,6765.79,3006.6,0.1963,60.0,Current,0,0,ACB-BR032
ACB-LN0002238,ACB-C004671,Personal Loan,2022-07-23,22241.97,8126.47,0.24,120.0,Current,0,0,ACB-BR065
ACB-LN0002239,ACB-C001756,Auto Loan,2021-06-30,41446.69,38388.17,0.1218,48.0,60-89 DPD,82,0,ACB-BR062
ACB-LN0002240,ACB-C011231,Mortgage,2022-02-24,555276.99,253415.32,0.0604,84.0,Current,0,0,ACB-BR040
ACB-LN0002241,ACB-C008519,Personal Loan,2019-03-03,18489.39,6541.12,0.1752,120.0,Current,0,0,ACB-BR049
ACB-LN0002242,ACB-C005945,Mortgage,2026-01-27,543288.35,113035.86,0.058,180.0,Current,0,0,ACB-BR034
ACB-LN0002243,ACB-C005643,Mortgage,2023-03-03,291413.03,104573.57,0.0815,360.0,Current,0,0,ACB-BR054
ACB-LN0002244,ACB-C009479,Mortgage,2019-12-19,643184.42,533335.79,0.0554,60.0,Current,0,0,ACB-BR002
ACB-LN0002245,ACB-C004631,Student Loan,2024-08-06,14161.18,6119.53,0.0844,84.0,Paid Off,0,0,ACB-BR003
ACB-LN0002246,ACB-C005180,Mortgage,2020-10-30,151224.11,57345.53,0.0493,,90+ DPD,105,1,ACB-BR039
ACB-LN0002247,ACB-C004323,Home Equity Loan,2020-07-29,94515.75,89489.47,0.1111,60.0,Current,0,0,ACB-BR065
ACB-LN0002248,ACB-C011953,Home Equity Loan,2024-10-03,84567.7,36417.32,0.0901,120.0,Current,0,0,ACB-BR040
ACB-LN0002249,ACB-C009971,Personal Loan,2021-10-03,24366.58,16582.65,0.1978,360.0,Current,0,0,ACB-BR075
ACB-LN0002250,ACB-C000531,Mortgage,2019-07-23,358972.08,151657.34,0.07,36.0,Current,0,0,ACB-BR060
ACB-LN0002251,ACB-C001091,Auto Loan,2024-04-17,19438.3,16144.37,0.16,180.0,60-89 DPD,60,0,ACB-BR077
ACB-LN0002252,ACB-C006558,Auto Loan,2021-08-24,37062.46,15625.51,0.1092,120.0,Current,0,0,ACB-BR035
ACB-LN0002253,ACB-C010553,Personal Loan,2019-10-04,14209.33,6807.99,0.1774,240.0,Current,0,0,ACB-BR025
ACB-LN0002254,ACB-C001655,Mortgage,2025-11-13,360337.45,297566.76,0.0722,12.0,60-89 DPD,78,0,ACB-BR015
ACB-LN0002255,ACB-C001289,Small Business Loan,2020-04-06,210750.08,68630.52,0.155,120.0,Written Off,0,1,ACB-BR069
ACB-LN0002256,ACB-C000770,Auto Loan,2022-11-05,20715.76,14679.25,0.1056,84.0,Current,0,0,ACB-BR037
ACB-LN0002257,ACB-C001658,Mortgage,2023-10-23,270925.69,210026.7,0.0475,60.0,Current,0,0,ACB-BR080
ACB-LN0002258,ACB-C010539,Auto Loan,2024-01-15,20613.77,18202.01,0.0824,48.0,Current,0,0,ACB-BR079
ACB-LN0002259,ACB-C010301,Personal Loan,2021-07-24,14006.83,2183.19,0.1066,60.0,Current,0,0,ACB-BR026
ACB-LN0002260,ACB-C009716,Mortgage,2020-12-24,217492.93,57521.63,0.0743,240.0,Current,0,0,ACB-BR060
ACB-LN0002261,ACB-C002147,Personal Loan,2021-01-20,16858.68,1526.98,0.1737,120.0,Current,0,0,ACB-BR031
ACB-LN0002262,ACB-C012019,Personal Loan,2019-07-09,5458.6,1641.12,0.143,360.0,Current,0,0,ACB-BR031
ACB-LN0002263,ACB-C011134,Student Loan,2026-02-25,33107.23,32156.57,0.107,120.0,Current,0,0,ACB-BR080
ACB-LN0002264,ACB-C006450,Small Business Loan,2022-07-24,197932.29,177906.32,0.0885,24.0,Current,0,0,ACB-BR047
ACB-LN0002265,ACB-C000946,Mortgage,2019-10-17,281856.95,71589.27,0.0733,240.0,60-89 DPD,83,0,ACB-BR041
ACB-LN0002266,ACB-C007498,Student Loan,2019-02-19,49427.78,15574.64,0.0751,180.0,Current,0,0,ACB-BR045
ACB-LN0002267,ACB-C007090,Mortgage,2019-05-20,132459.75,7165.72,0.0703,360.0,Written Off,0,1,ACB-BR058
ACB-LN0002268,ACB-C000422,Home Equity Loan,2022-11-22,47984.06,2843.76,0.0879,36.0,Paid Off,0,0,ACB-BR004
ACB-LN0002269,ACB-C005547,Home Equity Loan,2026-03-28,16805.67,2081.19,0.1051,60.0,Current,0,0,ACB-BR073
ACB-LN0002270,ACB-C001028,Mortgage,2021-01-19,305316.54,206441.02,0.0577,240.0,Current,0,0,ACB-BR076
ACB-LN0002271,ACB-C014756,Mortgage,2025-06-06,239456.99,160671.26,0.0406,36.0,90+ DPD,112,1,ACB-BR058
ACB-LN0002272,ACB-C004575,Mortgage,2022-11-25,282348.02,238190.12,0.0644,120.0,Current,0,0,ACB-BR078
ACB-LN0002273,ACB-C009733,Home Equity Loan,2021-04-10,106512.36,9186.51,0.0789,36.0,Paid Off,0,0,ACB-BR015
ACB-LN0002274,ACB-C011363,Personal Loan,2025-11-27,18553.72,17579.96,0.24,60.0,Paid Off,0,0,ACB-BR080
ACB-LN0002275,ACB-C000352,Mortgage,2024-02-01,253431.25,133265.03,0.0709,120.0,Current,0,0,ACB-BR017
ACB-LN0002276,ACB-C014298,Home Equity Loan,2020-05-09,63913.71,47555.73,0.0785,240.0,Current,0,0,ACB-BR063
ACB-LN0002277,ACB-C013591,Mortgage,2024-06-25,419624.02,399168.3,0.0851,60.0,Current,0,0,ACB-BR015
ACB-LN0002278,ACB-C010216,Personal Loan,2025-06-13,5523.0,1648.76,,12.0,Written Off,0,1,ACB-BR063
ACB-LN0002279,ACB-C000756,Mortgage,2019-01-07,630553.16,437430.78,0.0462,60.0,30-59 DPD,46,0,ACB-BR060
ACB-LN0002280,ACB-C003721,Mortgage,2019-11-04,121221.84,76834.13,0.0417,24.0,30-59 DPD,50,0,ACB-BR052
ACB-LN0002281,ACB-C001742,Mortgage,2023-10-16,513212.3,78754.14,0.085,84.0,Current,0,0,ACB-BR049
ACB-LN0002282,ACB-C008401,Mortgage,2019-08-06,647027.82,525038.62,0.0698,36.0,Current,0,0,ACB-BR021
ACB-LN0002283,ACB-C005994,Personal Loan,2022-04-27,34358.66,8652.55,0.122,240.0,Paid Off,0,0,ACB-BR066
ACB-LN0002284,ACB-C011113,Student Loan,2025-01-13,53788.79,12008.64,0.11,36.0,Current,0,0,ACB-BR002
ACB-LN0002285,ACB-C003388,Auto Loan,2025-04-13,29554.59,7481.77,0.1282,180.0,Current,0,0,ACB-BR013
ACB-LN0002286,ACB-C000919,Personal Loan,2024-04-15,15648.91,5335.8,0.158,12.0,Current,0,0,ACB-BR051
ACB-LN0002287,ACB-C000507,Personal Loan,2020-07-24,2797.62,734.01,0.1609,120.0,Current,0,0,ACB-BR061
ACB-LN0002288,ACB-C011851,Mortgage,2025-03-23,525276.81,172034.44,0.0937,84.0,60-89 DPD,75,0,ACB-BR016
ACB-LN0002289,ACB-C000923,Mortgage,2020-05-09,587867.7,109239.91,0.0518,180.0,Current,0,0,ACB-BR025
ACB-LN0002290,ACB-C001016,Personal Loan,2023-05-18,29953.28,23803.32,0.1459,36.0,Current,0,0,ACB-BR009
ACB-LN0002291,ACB-C005317,Personal Loan,2024-06-20,16147.51,6575.7,0.1462,12.0,Current,0,0,ACB-BR002
ACB-LN0002292,ACB-C003217,Home Equity Loan,2024-08-24,35958.1,22945.48,0.0839,180.0,Current,0,0,ACB-BR017
ACB-LN0002293,ACB-C003705,Personal Loan,2020-03-21,11732.44,6360.23,0.1891,60.0,Current,0,0,ACB-BR028
ACB-LN0002294,ACB-C003393,Student Loan,2021-01-28,15918.17,13618.29,0.0461,60.0,30-59 DPD,38,0,ACB-BR067
ACB-LN0002295,ACB-C004574,Auto Loan,2019-11-26,27891.78,24879.42,0.1129,60.0,Current,0,0,ACB-BR079
ACB-LN0002296,ACB-C014995,Small Business Loan,2020-02-05,35200.53,8519.68,0.085,60.0,Current,0,0,ACB-BR009
ACB-LN0002297,ACB-C005608,Mortgage,2019-01-06,347741.49,300155.96,0.0395,60.0,Current,0,0,ACB-BR031
ACB-LN0002298,ACB-C011085,Home Equity Loan,2023-11-29,30345.14,24536.41,0.1137,,Current,0,0,ACB-BR059
ACB-LN0002299,ACB-C014195,Personal Loan,2020-02-05,11369.88,4086.74,0.0922,48.0,Current,0,0,ACB-BR037
ACB-LN0002300,ACB-C007997,Personal Loan,2021-09-18,34570.4,23608.82,0.1398,180.0,Current,0,0,ACB-BR007
ACB-LN0002301,ACB-C009809,Auto Loan,2023-02-20,43339.42,24090.98,0.16,24.0,Current,0,0,ACB-BR069
ACB-LN0002302,ACB-C001224,Auto Loan,2019-12-25,41884.92,24168.31,0.1132,12.0,Current,0,0,ACB-BR074
ACB-LN0002303,ACB-C004831,Personal Loan,2019-03-22,24206.7,22132.52,0.1643,240.0,Current,0,0,ACB-BR027
ACB-LN0002304,ACB-C014060,Mortgage,2020-05-14,340928.68,192215.47,0.0619,24.0,Current,0,0,ACB-BR061
ACB-LN0002305,ACB-C005522,Small Business Loan,2019-10-01,215177.99,65900.09,0.1688,36.0,Current,0,0,ACB-BR065
ACB-LN0002306,ACB-C013258,Personal Loan,2024-09-11,4487.11,3846.63,0.24,48.0,Current,0,0,ACB-BR030
ACB-LN0002307,ACB-C008339,Home Equity Loan,2020-04-24,59422.16,8325.48,0.0591,360.0,Current,0,0,ACB-BR017
ACB-LN0002308,ACB-C009990,Personal Loan,2022-12-09,17014.56,9129.61,0.1216,12.0,Default,260,1,ACB-BR033
ACB-LN0002309,ACB-C007461,Auto Loan,2026-02-13,49500.5,36965.32,0.16,24.0,Current,0,0,ACB-BR072
ACB-LN0002310,ACB-C011263,Personal Loan,2023-09-03,32408.38,17725.18,0.1156,120.0,Current,0,0,ACB-BR007
ACB-LN0002311,ACB-C007161,Personal Loan,2020-09-08,5556.52,612.6,0.1979,48.0,Current,0,0,ACB-BR021
ACB-LN0002312,ACB-C007287,Personal Loan,2023-10-11,12094.47,8098.4,0.2183,180.0,Current,0,0,ACB-BR037
ACB-LN0002313,ACB-C005651,Student Loan,2023-09-15,20666.02,2655.11,0.0681,360.0,Current,0,0,ACB-BR014
ACB-LN0002314,ACB-C010739,Small Business Loan,2019-06-13,31904.61,22207.38,0.1514,12.0,Current,0,0,ACB-BR077
ACB-LN0002315,ACB-C003428,Mortgage,2021-03-30,429513.37,299004.82,0.0445,48.0,Current,0,0,ACB-BR029
ACB-LN0002316,ACB-C012243,Personal Loan,2022-09-03,3085.23,1728.45,0.2266,240.0,Current,0,0,ACB-BR044
ACB-LN0002317,ACB-C011505,Auto Loan,2021-05-01,21168.95,8795.49,0.093,36.0,Current,0,0,ACB-BR010
ACB-LN0002318,ACB-C013805,Home Equity Loan,2024-09-01,85535.19,6526.78,0.0983,24.0,Current,0,0,ACB-BR016
ACB-LN0002319,ACB-C000121,Auto Loan,2019-05-11,10349.18,10056.85,0.0497,12.0,Current,0,0,ACB-BR017
ACB-LN0002320,ACB-C009969,Personal Loan,2021-07-02,8120.59,6973.75,0.1541,180.0,Current,0,0,ACB-BR021
ACB-LN0002321,ACB-C003089,Mortgage,2022-07-04,546619.6,223056.98,0.0694,240.0,30-59 DPD,52,0,ACB-BR034
ACB-LN0002322,ACB-C011800,Mortgage,2024-12-05,633335.69,386476.49,0.043,12.0,Current,0,0,ACB-BR029
ACB-LN0002323,ACB-C007046,Student Loan,2019-08-26,33054.44,21440.82,0.0536,120.0,Current,0,0,ACB-BR079
ACB-LN0002324,ACB-C005475,Auto Loan,2021-06-28,30518.87,20509.39,0.0992,360.0,Current,0,0,ACB-BR069
ACB-LN0002325,ACB-C013799,Auto Loan,2023-04-24,31325.14,29516.16,0.1432,12.0,Current,0,0,ACB-BR064
ACB-LN0002326,ACB-C011515,Small Business Loan,2022-08-16,146531.14,38637.57,0.1246,60.0,Current,0,0,ACB-BR077
ACB-LN0002327,ACB-C010672,Student Loan,2021-06-14,77909.82,20851.88,0.0726,24.0,Current,0,0,ACB-BR009
ACB-LN0002328,ACB-C004772,Auto Loan,2019-03-23,10626.37,8525.97,0.1335,24.0,Current,0,0,ACB-BR051
ACB-LN0002329,ACB-C003358,Auto Loan,2019-08-07,18703.76,6730.02,0.0732,360.0,Current,0,0,ACB-BR075
ACB-LN0002330,ACB-C012365,Personal Loan,2023-11-11,6074.68,1570.92,0.1579,48.0,Current,0,0,ACB-BR069
ACB-LN0002331,ACB-C004610,Personal Loan,2025-09-05,10452.93,997.9,0.137,12.0,Current,0,0,ACB-BR035
ACB-LN0002332,ACB-C010929,Small Business Loan,2019-08-20,177016.55,30724.74,0.171,84.0,Current,0,0,ACB-BR041
ACB-LN0002333,ACB-C014956,Personal Loan,2026-03-01,6529.63,350.99,0.1184,36.0,Current,0,0,ACB-BR002
ACB-LN0002334,ACB-C003720,Auto Loan,2024-01-18,12852.5,8023.01,0.1531,60.0,30-59 DPD,30,0,ACB-BR005
ACB-LN0002335,ACB-C007644,Auto Loan,2025-10-05,50620.51,49256.41,0.1362,60.0,Current,0,0,ACB-BR028
ACB-LN0002336,ACB-C012638,Home Equity Loan,2022-04-10,74204.23,58235.88,0.1161,24.0,Paid Off,0,0,ACB-BR046
ACB-LN0002337,ACB-C008460,Home Equity Loan,2021-08-22,69633.34,5311.97,0.1175,84.0,Current,0,0,ACB-BR076
ACB-LN0002338,ACB-C004598,Auto Loan,2023-10-19,8568.67,4329.26,0.1186,60.0,Current,0,0,ACB-BR059
ACB-LN0002339,ACB-C013670,Student Loan,2019-03-05,56843.74,22743.68,0.0447,180.0,90+ DPD,157,1,ACB-BR031
ACB-LN0002340,ACB-C014919,Home Equity Loan,2024-08-05,60880.9,7237.12,0.1299,84.0,Current,0,0,ACB-BR035
ACB-LN0002341,ACB-C006879,Mortgage,2025-06-30,460400.93,106529.36,0.0666,180.0,Default,149,1,ACB-BR038
ACB-LN0002342,ACB-C009492,Small Business Loan,2024-04-14,215782.4,147825.16,0.1677,60.0,Current,0,0,ACB-BR058
ACB-LN0002343,ACB-C005019,Auto Loan,2025-05-14,37984.78,9494.87,0.1148,36.0,Paid Off,0,0,ACB-BR003
ACB-LN0002344,ACB-C007464,Personal Loan,2019-10-03,14784.6,1900.74,0.1397,84.0,Current,0,0,ACB-BR059
ACB-LN0002345,ACB-C005769,Auto Loan,2023-04-20,14351.02,1588.31,0.1467,12.0,Current,0,0,ACB-BR003
ACB-LN0002346,ACB-C009639,Auto Loan,2022-10-06,48869.55,35976.54,0.16,,Current,0,0,ACB-BR039
ACB-LN0002347,ACB-C011131,Personal Loan,2025-12-03,27441.89,23735.73,0.1436,60.0,Current,0,0,ACB-BR078
ACB-LN0002348,ACB-C006404,Mortgage,2022-02-26,441514.72,298817.18,0.0583,48.0,Current,0,0,ACB-BR059
ACB-LN0002349,ACB-C012404,Auto Loan,2020-01-30,18206.56,11691.78,0.135,360.0,Current,0,0,ACB-BR038
ACB-LN0002350,ACB-C013309,Auto Loan,2019-05-17,10559.53,8438.77,0.0885,84.0,Current,0,0,ACB-BR017
ACB-LN0002351,ACB-C012238,Personal Loan,2022-02-07,3836.75,3084.75,0.0997,360.0,60-89 DPD,79,0,ACB-BR018
ACB-LN0002352,ACB-C006058,Auto Loan,2026-01-10,29381.88,22866.38,0.1225,12.0,Current,0,0,ACB-BR005
ACB-LN0002353,ACB-C014043,Home Equity Loan,2024-07-10,83132.71,35304.49,0.14,48.0,Current,0,0,ACB-BR001
ACB-LN0002354,ACB-C011060,Auto Loan,2025-01-30,54715.84,52836.35,0.0646,24.0,Current,0,0,ACB-BR072
ACB-LN0002355,ACB-C014757,Personal Loan,2023-12-05,23368.9,8827.55,0.2205,240.0,Current,0,0,ACB-BR028
ACB-LN0002356,ACB-C014081,Small Business Loan,2025-07-15,231001.96,203914.05,0.1595,24.0,Current,0,0,ACB-BR080
ACB-LN0002357,ACB-C011964,Personal Loan,2023-10-26,27916.5,21481.71,0.1508,120.0,90+ DPD,124,1,ACB-BR045
ACB-LN0002358,ACB-C004882,Auto Loan,2019-11-10,26044.08,22998.3,0.0983,180.0,Paid Off,0,0,ACB-BR006
ACB-LN0002359,ACB-C011193,Home Equity Loan,2022-04-24,104409.54,6485.96,0.082,24.0,Current,0,0,ACB-BR051
ACB-LN0002360,ACB-C000940,Student Loan,2019-08-07,37537.58,21143.37,,36.0,Current,0,0,ACB-BR022
ACB-LN0002361,ACB-C000470,Personal Loan,2021-01-05,19938.32,18072.73,0.0936,60.0,Paid Off,0,0,ACB-BR043
ACB-LN0002362,ACB-C002278,Small Business Loan,2019-12-16,49607.55,23837.76,0.0887,84.0,Current,0,0,ACB-BR047
ACB-LN0002363,ACB-C007969,Small Business Loan,2020-10-07,80741.86,6764.14,0.1274,360.0,Current,0,0,ACB-BR048
ACB-LN0002364,ACB-C010006,Personal Loan,2020-01-03,7702.64,455.14,0.1295,12.0,Current,0,0,ACB-BR008
ACB-LN0002365,ACB-C009771,Student Loan,2021-09-07,28915.74,27121.59,0.0475,120.0,Current,0,0,ACB-BR013
ACB-LN0002366,ACB-C005720,Home Equity Loan,2025-02-18,96384.36,14836.85,0.14,120.0,Current,0,0,ACB-BR049
ACB-LN0002367,ACB-C010364,Mortgage,2025-02-05,460232.76,68442.11,,120.0,Current,0,0,ACB-BR010
ACB-LN0002368,ACB-C008910,Personal Loan,2020-08-21,2239.27,1701.82,0.1937,180.0,Current,0,0,ACB-BR035
ACB-LN0002369,ACB-C007647,Auto Loan,2026-02-05,32303.33,29683.58,0.1211,180.0,Current,0,0,ACB-BR011
ACB-LN0002370,ACB-C002452,Home Equity Loan,2022-04-09,82126.59,76333.77,0.1122,180.0,Current,0,0,ACB-BR003
ACB-LN0002371,ACB-C008897,Personal Loan,2026-02-18,9225.68,7142.03,0.1285,180.0,Current,0,0,ACB-BR074
ACB-LN0002372,ACB-C007359,Student Loan,2025-10-02,27450.42,14148.18,0.0559,,Current,0,0,ACB-BR044
ACB-LN0002373,ACB-C003672,Auto Loan,2023-01-18,39673.18,33743.59,0.0691,,Paid Off,0,0,ACB-BR035
ACB-LN0002374,ACB-C012416,Mortgage,2024-07-26,563676.26,391952.54,0.0805,360.0,Current,0,0,ACB-BR007
ACB-LN0002375,ACB-C008573,Personal Loan,2023-02-19,19518.73,13044.33,0.1262,84.0,Paid Off,0,0,ACB-BR027
ACB-LN0002376,ACB-C008926,Auto Loan,2021-01-19,9813.64,4261.94,0.1278,84.0,Current,0,0,ACB-BR004
ACB-LN0002377,ACB-C001505,Auto Loan,2020-01-18,32590.85,26688.83,0.0713,36.0,Current,0,0,ACB-BR026
ACB-LN0002378,ACB-C009431,Personal Loan,2020-05-20,11203.6,4159.7,0.0824,24.0,Current,0,0,ACB-BR038
ACB-LN0002379,ACB-C006437,Mortgage,2021-07-22,555123.05,342336.1,0.0602,24.0,Current,0,0,ACB-BR035
ACB-LN0002380,ACB-C007494,Auto Loan,2022-05-28,27443.37,15043.39,0.0686,360.0,Paid Off,0,0,ACB-BR004
ACB-LN0002381,ACB-C005638,Student Loan,2021-10-20,55285.19,18438.5,0.0832,48.0,Current,0,0,ACB-BR062
ACB-LN0002382,ACB-C013861,Personal Loan,2024-10-20,26157.57,3269.88,0.19,60.0,90+ DPD,112,1,ACB-BR040
ACB-LN0002383,ACB-C005315,Small Business Loan,2025-09-07,200119.52,181499.49,0.1948,240.0,Current,0,0,ACB-BR062
ACB-LN0002384,ACB-C014688,Mortgage,2019-11-05,597699.15,185960.94,0.0524,24.0,Current,0,0,ACB-BR028
ACB-LN0002385,ACB-C007480,Auto Loan,2022-12-07,32500.85,20399.75,0.1581,12.0,Paid Off,0,0,ACB-BR044
ACB-LN0002386,ACB-C008301,Student Loan,2021-12-04,39716.09,3338.02,0.0634,120.0,30-59 DPD,36,0,ACB-BR075
ACB-LN0002387,ACB-C011725,Student Loan,2020-09-19,48158.46,28074.41,0.0713,180.0,Paid Off,0,0,ACB-BR018
ACB-LN0002388,ACB-C012935,Home Equity Loan,2020-08-18,63349.91,18895.49,0.1183,180.0,Current,0,0,ACB-BR027
ACB-LN0002389,ACB-C011357,Mortgage,2024-09-17,174087.55,84610.29,0.0574,48.0,Current,0,0,ACB-BR061
ACB-LN0002390,ACB-C006992,Mortgage,2025-02-19,293358.23,135619.56,0.0901,24.0,Current,0,0,ACB-BR010
ACB-LN0002391,ACB-C013357,Mortgage,2025-07-23,315919.36,193080.47,0.0696,84.0,30-59 DPD,46,0,ACB-BR007
ACB-LN0002392,ACB-C008328,Personal Loan,2019-08-17,32634.69,3365.95,0.1791,,Default,202,1,ACB-BR040
ACB-LN0002393,ACB-C001370,Student Loan,2024-12-11,22533.84,3286.47,0.1033,180.0,Current,0,0,ACB-BR051
ACB-LN0002394,ACB-C010334,Mortgage,2019-12-15,205969.26,190680.2,0.0463,360.0,Default,233,1,ACB-BR015
ACB-LN0002395,ACB-C010599,Auto Loan,2019-07-02,11021.54,2863.7,0.0657,180.0,Current,0,0,ACB-BR068
ACB-LN0002396,ACB-C004385,Mortgage,2025-06-21,278457.86,40539.43,0.0419,120.0,Current,0,0,ACB-BR051
ACB-LN0002397,ACB-C006164,Personal Loan,2022-02-20,11644.49,7610.21,0.159,360.0,Current,0,0,ACB-BR072
ACB-LN0002398,ACB-C010719,Home Equity Loan,2021-11-27,56299.73,37177.07,0.1002,60.0,Current,0,0,ACB-BR048
ACB-LN0002399,ACB-C003025,Auto Loan,2023-12-13,10026.81,1982.28,0.16,180.0,Paid Off,0,0,ACB-BR075
ACB-LN0002400,ACB-C011104,Personal Loan,2020-04-22,24571.24,2965.88,0.1025,180.0,Current,0,0,ACB-BR041
ACB-LN0002401,ACB-C005552,Mortgage,2019-01-19,144228.47,72902.65,0.0701,120.0,Current,0,0,ACB-BR011
ACB-LN0002402,ACB-C005304,Personal Loan,2023-07-01,22580.32,17583.79,0.229,84.0,Current,0,0,ACB-BR041
ACB-LN0002403,ACB-C004774,Mortgage,2024-02-05,362162.69,311017.18,0.0576,36.0,Current,0,0,ACB-BR054
ACB-LN0002404,ACB-C009868,Mortgage,2020-04-30,374285.67,158112.03,0.0398,12.0,Current,0,0,ACB-BR046
ACB-LN0002405,ACB-C006502,Personal Loan,2023-07-02,8997.76,8559.91,0.2341,12.0,60-89 DPD,73,0,ACB-BR031
ACB-LN0002406,ACB-C008793,Auto Loan,2021-08-12,19840.34,3647.48,0.0583,24.0,30-59 DPD,47,0,ACB-BR058
ACB-LN0002407,ACB-C003656,Personal Loan,2022-10-22,23721.53,12153.55,0.24,120.0,Current,0,0,ACB-BR077
ACB-LN0002408,ACB-C010964,Mortgage,2022-01-12,542205.21,182300.65,0.0406,120.0,Current,0,0,ACB-BR034
ACB-LN0002409,ACB-C005022,Mortgage,2023-10-20,263452.13,65209.41,0.095,60.0,Paid Off,0,0,ACB-BR065
ACB-LN0002410,ACB-C001372,Auto Loan,2020-07-08,53462.91,47462.85,0.0596,120.0,Current,0,0,ACB-BR050
ACB-LN0002411,ACB-C003626,Personal Loan,2025-03-06,22409.41,2130.15,0.24,84.0,Current,0,0,ACB-BR066
ACB-LN0002412,ACB-C001776,Home Equity Loan,2025-10-24,54112.24,51494.49,0.1306,12.0,Current,0,0,ACB-BR048
ACB-LN0002413,ACB-C007710,Auto Loan,2019-06-17,27160.61,4520.57,0.0557,240.0,Current,0,0,ACB-BR065
ACB-LN0002414,ACB-C001762,Student Loan,2022-07-02,57537.24,10925.67,0.094,240.0,Current,0,0,ACB-BR047
ACB-LN0002415,ACB-C009628,Home Equity Loan,2021-03-01,51425.78,26371.62,0.0594,24.0,30-59 DPD,33,0,ACB-BR060
ACB-LN0002416,ACB-C001615,Auto Loan,2019-10-12,44586.09,9721.01,0.0913,12.0,Current,0,0,ACB-BR046
ACB-LN0002417,ACB-C008366,Small Business Loan,2022-02-26,52961.93,36960.3,0.1618,120.0,Current,0,0,ACB-BR044
ACB-LN0002418,ACB-C011440,Personal Loan,2024-06-25,5756.51,3451.11,0.1686,12.0,60-89 DPD,69,0,ACB-BR069
ACB-LN0002419,ACB-C011151,Auto Loan,2025-01-08,11637.37,5756.44,0.0948,48.0,Current,0,0,ACB-BR073
ACB-LN0002420,ACB-C002081,Personal Loan,2020-11-05,21949.34,9050.39,0.0905,48.0,Current,0,0,ACB-BR039
ACB-LN0002421,ACB-C000591,Auto Loan,2020-01-31,52353.03,16154.89,0.1395,24.0,Paid Off,0,0,ACB-BR036
ACB-LN0002422,ACB-C010681,Student Loan,2019-05-03,46063.98,13663.36,0.0833,48.0,Paid Off,0,0,ACB-BR020
ACB-LN0002423,ACB-C004820,Home Equity Loan,2024-04-02,42791.35,20904.09,0.14,48.0,Current,0,0,ACB-BR076
ACB-LN0002424,ACB-C010436,Personal Loan,2022-11-28,32831.42,14675.38,0.24,60.0,Current,0,0,ACB-BR004
ACB-LN0002425,ACB-C011689,Mortgage,2024-08-18,513113.64,499221.73,0.0498,12.0,Paid Off,0,0,ACB-BR069
ACB-LN0002426,ACB-C003513,Small Business Loan,2021-04-17,155600.14,133733.83,0.1066,36.0,Current,0,0,ACB-BR065
ACB-LN0002427,ACB-C005306,Personal Loan,2024-11-25,20605.64,11394.06,0.1772,360.0,Current,0,0,ACB-BR033
ACB-LN0002428,ACB-C007472,Personal Loan,2026-01-02,9826.79,3405.7,0.1701,60.0,Current,0,0,ACB-BR069
ACB-LN0002429,ACB-C003204,Mortgage,2025-01-26,257215.14,190144.28,0.095,48.0,Current,0,0,ACB-BR046
ACB-LN0002430,ACB-C004577,Mortgage,2025-07-11,558801.2,347059.14,0.067,48.0,Current,0,0,ACB-BR037
ACB-LN0002431,ACB-C011327,Mortgage,2025-03-20,379272.33,37272.43,0.0761,180.0,Current,0,0,ACB-BR061
ACB-LN0002432,ACB-C010291,Auto Loan,2022-02-06,45547.52,2710.93,0.124,120.0,Current,0,0,ACB-BR075
ACB-LN0002433,ACB-C000681,Mortgage,2021-07-24,483532.41,269443.3,0.0428,360.0,Current,0,0,ACB-BR019
ACB-LN0002434,ACB-C006994,Auto Loan,2024-07-13,11936.1,8349.74,0.1131,60.0,Current,0,0,ACB-BR008
ACB-LN0002435,ACB-C006679,Mortgage,2023-12-04,207804.51,121077.0,0.0456,48.0,Current,0,0,ACB-BR058
ACB-LN0002436,ACB-C011039,Auto Loan,2025-09-16,53219.28,24979.4,0.16,24.0,90+ DPD,168,1,ACB-BR001
ACB-LN0002437,ACB-C005388,Personal Loan,2025-06-03,13630.77,10373.18,0.2274,240.0,Written Off,0,1,ACB-BR018
ACB-LN0002438,ACB-C006200,Personal Loan,2024-02-05,23149.41,16366.25,0.1568,48.0,Current,0,0,ACB-BR063
ACB-LN0002439,ACB-C003782,Student Loan,2021-03-19,52081.02,23097.79,0.0861,48.0,Current,0,0,ACB-BR063
ACB-LN0002440,ACB-C000340,Personal Loan,2024-08-31,20936.01,11193.88,0.24,120.0,30-59 DPD,49,0,ACB-BR056
ACB-LN0002441,ACB-C005440,Small Business Loan,2023-11-04,141202.45,23901.2,0.1448,84.0,Paid Off,0,0,ACB-BR034
ACB-LN0002442,ACB-C005329,Personal Loan,2021-08-17,24117.84,22226.06,0.1167,240.0,Paid Off,0,0,ACB-BR080
ACB-LN0002443,ACB-C013291,Auto Loan,2021-01-07,36062.23,35323.12,0.0919,48.0,Current,0,0,ACB-BR080
ACB-LN0002444,ACB-C006890,Personal Loan,2024-10-05,5472.27,529.2,0.24,360.0,Current,0,0,ACB-BR079
ACB-LN0002445,ACB-C012801,Auto Loan,2019-11-11,43705.55,24135.15,0.0986,36.0,Current,0,0,ACB-BR029
ACB-LN0002446,ACB-C005569,Mortgage,2024-12-06,286626.61,143210.63,0.0695,240.0,Current,0,0,ACB-BR058
ACB-LN0002447,ACB-C013113,Auto Loan,2021-05-15,15729.01,10562.22,0.1033,84.0,Current,0,0,ACB-BR038
ACB-LN0002448,ACB-C004470,Mortgage,2026-01-18,199925.65,24818.07,0.0647,240.0,Current,0,0,ACB-BR040
ACB-LN0002449,ACB-C013563,Student Loan,2021-07-26,48702.23,20207.79,0.0892,60.0,90+ DPD,101,1,ACB-BR075
ACB-LN0002450,ACB-C000148,Mortgage,2019-02-10,302815.74,161584.91,0.0597,60.0,Current,0,0,ACB-BR052
ACB-LN0002451,ACB-C006664,Auto Loan,2022-10-07,51740.51,25261.6,0.1401,60.0,Current,0,0,ACB-BR048
ACB-LN0002452,ACB-C008878,Student Loan,2023-10-12,21342.67,10662.02,0.0963,84.0,Current,0,0,ACB-BR077
ACB-LN0002453,ACB-C008355,Auto Loan,2021-03-15,50189.32,5424.89,0.0599,120.0,Current,0,0,ACB-BR072
ACB-LN0002454,ACB-C002099,Student Loan,2024-02-03,47544.99,23547.5,0.0641,60.0,Default,219,1,ACB-BR051
ACB-LN0002455,ACB-C007896,Auto Loan,2024-07-03,46438.03,13270.89,0.16,12.0,Current,0,0,ACB-BR065
ACB-LN0002456,ACB-C008116,Personal Loan,2025-03-19,25736.05,11892.04,0.127,360.0,Current,0,0,ACB-BR061
ACB-LN0002457,ACB-C011017,Home Equity Loan,2019-06-28,92953.53,51653.5,0.085,84.0,Current,0,0,ACB-BR080
ACB-LN0002458,ACB-C005420,Mortgage,2022-02-06,562538.93,435656.59,0.0554,12.0,Current,0,0,ACB-BR035
ACB-LN0002459,ACB-C006172,Home Equity Loan,2022-05-21,32071.66,11453.0,0.0593,12.0,Current,0,0,ACB-BR021
ACB-LN0002460,ACB-C003162,Mortgage,2021-04-23,221932.69,183663.06,0.0668,60.0,Current,0,0,ACB-BR055
ACB-LN0002461,ACB-C009553,Home Equity Loan,2024-08-08,45035.32,20398.03,0.1133,12.0,Current,0,0,ACB-BR063
ACB-LN0002462,ACB-C007976,Personal Loan,2024-01-24,29906.14,26554.63,0.2215,12.0,Default,363,1,ACB-BR021
ACB-LN0002463,ACB-C001710,Home Equity Loan,2024-09-20,65208.65,29899.65,0.0798,84.0,Current,0,0,ACB-BR014
ACB-LN0002464,ACB-C011794,Personal Loan,2019-03-07,33151.96,15271.61,0.0992,24.0,Current,0,0,ACB-BR012
ACB-LN0002465,ACB-C009917,Small Business Loan,2023-02-17,32808.14,20682.55,0.1643,36.0,Current,0,0,ACB-BR045
ACB-LN0002466,ACB-C007208,Mortgage,2025-05-20,178031.73,27228.12,0.0652,360.0,90+ DPD,93,1,ACB-BR017
ACB-LN0002467,ACB-C014446,Personal Loan,2022-02-23,10634.11,1421.58,0.1088,84.0,Current,0,0,ACB-BR078
ACB-LN0002468,ACB-C004222,Personal Loan,2023-02-06,25713.12,23710.89,0.24,36.0,Current,0,0,ACB-BR073
ACB-LN0002469,ACB-C014431,Mortgage,2019-05-16,215802.02,20463.12,0.0333,120.0,Current,0,0,ACB-BR018
ACB-LN0002470,ACB-C013673,Mortgage,2020-01-22,319753.76,80861.43,0.0391,24.0,30-59 DPD,37,0,ACB-BR026
ACB-LN0002471,ACB-C005274,Personal Loan,2020-09-17,16067.45,4173.36,0.1404,12.0,Current,0,0,ACB-BR007
ACB-LN0002472,ACB-C011423,Mortgage,2020-11-29,393127.08,352645.52,0.0561,,Current,0,0,ACB-BR004
ACB-LN0002473,ACB-C010868,Personal Loan,2020-04-14,19058.92,13373.23,0.1867,180.0,Current,0,0,ACB-BR051
ACB-LN0002474,ACB-C012341,Home Equity Loan,2023-12-12,34687.74,5730.03,0.078,84.0,Current,0,0,ACB-BR008
ACB-LN0002475,ACB-C008905,Personal Loan,2024-08-25,27395.21,20400.78,0.2078,240.0,Paid Off,0,0,ACB-BR040
ACB-LN0002476,ACB-C001524,Personal Loan,2021-10-03,26236.81,15497.87,0.1338,180.0,Current,0,0,ACB-BR069
ACB-LN0002477,ACB-C008968,Personal Loan,2022-08-25,15290.8,13094.24,0.24,240.0,Current,0,0,ACB-BR005
ACB-LN0002478,ACB-C014211,Mortgage,2020-10-16,269604.67,118139.61,0.0435,12.0,Current,0,0,ACB-BR021
ACB-LN0002479,ACB-C005216,Personal Loan,2022-05-02,3086.75,338.07,0.2175,36.0,Current,0,0,ACB-BR021
ACB-LN0002480,ACB-C000444,Mortgage,2021-05-18,602242.6,510755.43,0.0613,120.0,Current,0,0,ACB-BR046
ACB-LN0002481,ACB-C005219,Student Loan,2019-12-30,72675.4,45314.63,0.0856,48.0,Current,0,0,ACB-BR077
ACB-LN0002482,ACB-C004434,Home Equity Loan,2022-07-11,80325.12,63876.07,0.0819,240.0,Current,0,0,ACB-BR012
ACB-LN0002483,ACB-C005348,Personal Loan,2019-03-09,30978.86,9101.47,0.1827,24.0,Current,0,0,ACB-BR077
ACB-LN0002484,ACB-C006383,Auto Loan,2025-11-27,17077.44,14816.57,0.16,84.0,Current,0,0,ACB-BR027
ACB-LN0002485,ACB-C012678,Mortgage,2021-05-05,613760.14,208086.51,0.055,36.0,Current,0,0,ACB-BR010
ACB-LN0002486,ACB-C007458,Student Loan,2020-04-18,24336.38,4944.46,0.0866,240.0,90+ DPD,179,1,ACB-BR013
ACB-LN0002487,ACB-C001394,Personal Loan,2019-11-10,26287.38,3514.04,0.1953,120.0,Current,0,0,ACB-BR076
ACB-LN0002488,ACB-C012899,Personal Loan,2025-02-17,16559.15,10727.93,0.2208,240.0,Current,0,0,ACB-BR014
ACB-LN0002489,ACB-C008099,Mortgage,2023-04-29,302207.22,265039.94,0.0732,60.0,Current,0,0,ACB-BR045
ACB-LN0002490,ACB-C013976,Mortgage,2021-08-10,281519.54,71264.92,0.054,48.0,Paid Off,0,0,ACB-BR015
ACB-LN0002491,ACB-C001312,Mortgage,2023-08-02,260116.91,18854.3,0.0541,240.0,Current,0,0,ACB-BR064
ACB-LN0002492,ACB-C011283,Home Equity Loan,2025-12-30,108710.2,81772.43,0.0757,60.0,Current,0,0,ACB-BR030
ACB-LN0002493,ACB-C000054,Small Business Loan,2022-10-13,58679.53,25524.19,0.1351,84.0,Current,0,0,ACB-BR034
ACB-LN0002494,ACB-C007575,Auto Loan,2019-01-28,35574.05,5145.98,0.0565,36.0,Current,0,0,ACB-BR046
ACB-LN0002495,ACB-C011253,Home Equity Loan,2023-11-20,112836.06,102693.89,0.0873,360.0,Current,0,0,ACB-BR069
ACB-LN0002496,ACB-C000592,Student Loan,2022-07-12,58053.13,25236.43,0.11,24.0,30-59 DPD,37,0,ACB-BR067
ACB-LN0002497,ACB-C005888,Personal Loan,2025-03-22,12828.2,3425.21,0.1451,48.0,Current,0,0,ACB-BR021
ACB-LN0002498,ACB-C001905,Student Loan,2026-01-30,16659.7,12022.45,0.1044,48.0,Current,0,0,ACB-BR051
ACB-LN0002499,ACB-C003500,Mortgage,2026-01-03,562079.68,510451.64,0.0544,,Current,0,0,ACB-BR045
ACB-LN0002500,ACB-C003976,Mortgage,2020-10-19,168247.59,138285.56,0.0389,12.0,Current,0,0,ACB-BR069
ACB-LN0002501,ACB-C000378,Mortgage,2019-11-01,578828.97,371612.93,0.0547,36.0,Current,0,0,ACB-BR021
ACB-LN0002502,ACB-C001073,Auto Loan,2019-05-21,41576.9,26992.56,0.0591,120.0,Current,0,0,ACB-BR080
ACB-LN0002503,ACB-C002010,Student Loan,2021-05-20,45664.02,16060.76,0.0816,48.0,Current,0,0,ACB-BR051
ACB-LN0002504,ACB-C005898,Home Equity Loan,2019-07-18,111087.28,106273.55,0.1195,48.0,Current,0,0,ACB-BR073
ACB-LN0002505,ACB-C007445,Personal Loan,2019-07-12,32329.26,13201.37,0.1829,24.0,Paid Off,0,0,ACB-BR006
ACB-LN0002506,ACB-C014115,Mortgage,2023-09-20,415550.38,112919.71,0.0421,360.0,Current,0,0,ACB-BR067
ACB-LN0002507,ACB-C008001,Auto Loan,2022-05-23,46162.58,27698.63,0.1371,36.0,Current,0,0,ACB-BR010
ACB-LN0002508,ACB-C007078,Auto Loan,2020-01-31,9553.47,8892.06,0.0649,360.0,Current,0,0,ACB-BR032
ACB-LN0002509,ACB-C004049,Small Business Loan,2021-11-15,174860.7,168242.46,0.0968,60.0,Current,0,0,ACB-BR015
ACB-LN0002510,ACB-C007009,Mortgage,2024-02-10,522757.58,224277.88,0.0474,360.0,Current,0,0,ACB-BR004
ACB-LN0002511,ACB-C005595,Mortgage,2020-06-15,180533.77,42994.02,0.0511,36.0,Paid Off,0,0,ACB-BR073
ACB-LN0002512,ACB-C002271,Student Loan,2019-12-10,56120.07,42358.47,0.0696,60.0,Current,0,0,ACB-BR079
ACB-LN0002513,ACB-C010372,Auto Loan,2024-04-05,25795.91,6435.0,0.16,360.0,Current,0,0,ACB-BR017
ACB-LN0002514,ACB-C010624,Personal Loan,2020-11-18,32786.36,11700.54,0.1022,60.0,Current,0,0,ACB-BR031
ACB-LN0002515,ACB-C003618,Auto Loan,2022-10-18,32295.4,26471.94,0.1479,180.0,30-59 DPD,59,0,ACB-BR078
ACB-LN0002516,ACB-C003699,Home Equity Loan,2020-07-01,116759.94,24171.15,0.0618,24.0,Current,0,0,ACB-BR075
ACB-LN0002517,ACB-C006868,Auto Loan,2024-05-19,28823.52,3401.99,0.16,36.0,Paid Off,0,0,ACB-BR023
ACB-LN0002518,ACB-C003870,Home Equity Loan,2022-03-04,100594.4,22354.39,0.0574,120.0,Paid Off,0,0,ACB-BR065
ACB-LN0002519,ACB-C013119,Student Loan,2024-01-20,68154.61,48448.51,0.0818,240.0,Current,0,0,ACB-BR047
ACB-LN0002520,ACB-C000730,Mortgage,2019-11-19,511694.35,77408.14,0.04,36.0,Current,0,0,ACB-BR017
ACB-LN0002521,ACB-C014108,Home Equity Loan,2022-10-16,68145.11,20043.45,0.101,84.0,Current,0,0,ACB-BR010
ACB-LN0002522,ACB-C000713,Personal Loan,2021-08-01,5020.48,4466.87,0.1331,360.0,Paid Off,0,0,ACB-BR049
ACB-LN0002523,ACB-C005207,Auto Loan,2021-09-08,46693.82,15562.13,0.138,60.0,Current,0,0,ACB-BR049
ACB-LN0002524,ACB-C013907,Mortgage,2024-02-13,248021.62,174535.65,0.0564,180.0,Current,0,0,ACB-BR006
ACB-LN0002525,ACB-C010834,Home Equity Loan,2023-09-18,27795.05,18229.12,0.14,48.0,Current,0,0,ACB-BR048
ACB-LN0002526,ACB-C009625,Student Loan,2022-05-26,48864.86,27094.77,0.0685,12.0,Current,0,0,ACB-BR030
ACB-LN0002527,ACB-C007190,Personal Loan,2026-01-09,8663.8,4580.43,0.1559,12.0,Current,0,0,ACB-BR072
ACB-LN0002528,ACB-C009434,Mortgage,2022-09-01,139913.16,77454.24,0.0769,36.0,Current,0,0,ACB-BR062
ACB-LN0002529,ACB-C003570,Auto Loan,2021-12-28,25807.71,7335.1,0.1303,240.0,Current,0,0,ACB-BR052
ACB-LN0002530,ACB-C014417,Auto Loan,2020-05-13,39448.46,14544.61,0.1096,24.0,Current,0,0,ACB-BR049
ACB-LN0002531,ACB-C004310,Auto Loan,2019-06-03,17074.76,15942.94,0.0867,36.0,Current,0,0,ACB-BR062
ACB-LN0002532,ACB-C000040,Auto Loan,2022-03-30,13472.03,7579.28,0.138,12.0,Current,0,0,ACB-BR059
ACB-LN0002533,ACB-C012722,Auto Loan,2021-11-28,17544.68,9509.72,0.0676,12.0,Current,0,0,ACB-BR040
ACB-LN0002534,ACB-C009543,Personal Loan,2025-01-03,7388.05,2009.54,0.1716,120.0,Current,0,0,ACB-BR029
ACB-LN0002535,ACB-C014231,Student Loan,2022-07-19,53023.24,39524.12,0.11,180.0,Current,0,0,ACB-BR054
ACB-LN0002536,ACB-C006633,Mortgage,2023-01-09,575440.7,486155.68,0.0769,12.0,Current,0,0,ACB-BR076
ACB-LN0002537,ACB-C010969,Personal Loan,2025-02-15,10835.16,10337.98,0.1331,360.0,Current,0,0,ACB-BR044
ACB-LN0002538,ACB-C005100,Personal Loan,2022-11-23,25042.68,21514.51,0.1842,60.0,30-59 DPD,39,0,ACB-BR034
ACB-LN0002539,ACB-C009715,Auto Loan,2024-02-10,46586.76,29235.91,0.1383,84.0,90+ DPD,176,1,ACB-BR059
ACB-LN0002540,ACB-C006927,Home Equity Loan,2022-11-20,98476.5,18916.59,0.1335,84.0,Current,0,0,ACB-BR034
ACB-LN0002541,ACB-C011932,Personal Loan,2025-12-11,13237.91,5753.31,0.222,12.0,Current,0,0,ACB-BR079
ACB-LN0002542,ACB-C010089,Auto Loan,2023-12-12,19694.22,7147.72,0.1404,24.0,Current,0,0,ACB-BR047
ACB-LN0002543,ACB-C011373,Mortgage,2020-01-09,330591.17,96978.01,0.0567,48.0,Current,0,0,ACB-BR031
ACB-LN0002544,ACB-C011492,Personal Loan,2019-07-17,9879.4,2135.6,0.1698,360.0,Current,0,0,ACB-BR076
ACB-LN0002545,ACB-C011418,Personal Loan,2022-06-24,22689.01,16944.25,0.1757,60.0,Paid Off,0,0,ACB-BR031
ACB-LN0002546,ACB-C001063,Auto Loan,2019-05-29,43479.31,15970.6,0.0846,24.0,Current,0,0,ACB-BR042
ACB-LN0002547,ACB-C001886,Personal Loan,2021-01-22,29827.64,23960.33,0.1059,360.0,Default,328,1,ACB-BR007
ACB-LN0002548,ACB-C004083,Personal Loan,2024-07-25,27244.41,4953.15,0.24,48.0,Current,0,0,ACB-BR050
ACB-LN0002549,ACB-C004866,Student Loan,2023-01-08,14898.24,8060.88,0.11,36.0,Current,0,0,ACB-BR027
ACB-LN0002550,ACB-C001180,Mortgage,2023-05-18,149263.75,109576.11,0.095,12.0,Current,0,0,ACB-BR052
ACB-LN0002551,ACB-C008820,Personal Loan,2019-04-30,2568.92,1905.24,0.1832,180.0,Current,0,0,ACB-BR005
ACB-LN0002552,ACB-C009642,Personal Loan,2020-11-27,24155.39,9613.65,0.1513,36.0,Current,0,0,ACB-BR001
ACB-LN0002553,ACB-C008139,Auto Loan,2024-10-27,16287.23,9216.58,0.0969,84.0,Current,0,0,ACB-BR020
ACB-LN0002554,ACB-C003843,Mortgage,2024-07-08,345269.6,253659.91,0.0922,360.0,Default,195,1,ACB-BR058
ACB-LN0002555,ACB-C004155,Auto Loan,2024-07-28,10581.7,4435.05,0.0877,120.0,Current,0,0,ACB-BR037
ACB-LN0002556,ACB-C011954,Personal Loan,2026-01-25,23106.33,18566.89,0.24,180.0,30-59 DPD,41,0,ACB-BR016
ACB-LN0002557,ACB-C011182,Personal Loan,2023-07-13,7943.34,7124.68,0.1652,180.0,Current,0,0,ACB-BR023
ACB-LN0002558,ACB-C013257,Mortgage,2019-05-08,237836.71,160134.32,0.0639,60.0,Current,0,0,ACB-BR027
ACB-LN0002559,ACB-C008341,Personal Loan,2022-06-18,9958.64,1847.26,0.1422,84.0,Current,0,0,ACB-BR075
ACB-LN0002560,ACB-C014786,Auto Loan,2025-12-19,26800.57,8552.13,0.0957,48.0,Current,0,0,ACB-BR028
ACB-LN0002561,ACB-C014033,Home Equity Loan,2024-07-05,65359.31,44974.24,0.1257,12.0,Current,0,0,ACB-BR067
ACB-LN0002562,ACB-C006311,Small Business Loan,2025-08-04,172095.08,30963.26,0.1037,240.0,Current,0,0,ACB-BR002
ACB-LN0002563,ACB-C005031,Auto Loan,2020-11-16,22485.84,8324.52,0.0949,180.0,Current,0,0,ACB-BR044
ACB-LN0002564,ACB-C010233,Home Equity Loan,2020-03-31,75323.23,67964.73,0.0561,,Current,0,0,ACB-BR048
ACB-LN0002565,ACB-C005917,Home Equity Loan,2023-09-13,33482.87,31141.68,0.14,60.0,60-89 DPD,72,0,ACB-BR067
ACB-LN0002566,ACB-C013437,Auto Loan,2023-04-22,37476.69,8238.54,0.1527,180.0,Current,0,0,ACB-BR022
ACB-LN0002567,ACB-C002933,Home Equity Loan,2020-07-07,106352.03,73847.06,0.1,12.0,Current,0,0,ACB-BR027
ACB-LN0002568,ACB-C010446,Mortgage,2025-08-09,448213.76,38926.51,0.0857,120.0,60-89 DPD,73,0,ACB-BR014
ACB-LN0002569,ACB-C012820,Auto Loan,2022-12-26,42443.36,3104.85,0.1445,24.0,Current,0,0,ACB-BR037
ACB-LN0002570,ACB-C012440,Mortgage,2019-03-14,502203.1,272201.02,0.046,60.0,Current,0,0,ACB-BR019
ACB-LN0002571,ACB-C011545,Personal Loan,2025-10-15,20516.81,17091.53,0.1243,48.0,Current,0,0,ACB-BR043
ACB-LN0002572,ACB-C002233,Home Equity Loan,2020-07-05,50673.89,18677.43,0.0903,48.0,Current,0,0,ACB-BR055
ACB-LN0002573,ACB-C004170,Mortgage,2022-07-19,279208.22,98502.06,0.0475,36.0,Current,0,0,ACB-BR074
ACB-LN0002574,ACB-C008885,Mortgage,2024-05-21,599462.27,321276.49,0.0772,240.0,Paid Off,0,0,ACB-BR037
ACB-LN0002575,ACB-C001937,Mortgage,2025-03-28,136174.34,75202.06,0.0845,12.0,30-59 DPD,30,0,ACB-BR039
ACB-LN0002576,ACB-C001913,Mortgage,2021-03-13,262941.94,242499.98,0.0393,180.0,60-89 DPD,61,0,ACB-BR022
ACB-LN0002577,ACB-C005510,Personal Loan,2021-07-18,17610.14,4360.14,0.1518,12.0,Current,0,0,ACB-BR060
ACB-LN0002578,ACB-C013727,Auto Loan,2024-04-25,48593.05,34934.68,0.0705,360.0,Current,0,0,ACB-BR070
ACB-LN0002579,ACB-C005919,Mortgage,2025-02-10,283672.37,65138.52,0.0838,48.0,Paid Off,0,0,ACB-BR072
ACB-LN0002580,ACB-C004911,Home Equity Loan,2023-10-07,87296.63,56624.82,0.14,84.0,Current,0,0,ACB-BR077
ACB-LN0002581,ACB-C006002,Small Business Loan,2023-11-21,81129.37,24089.1,0.2,84.0,Current,0,0,ACB-BR038
ACB-LN0002582,ACB-C001025,Mortgage,2022-09-08,199516.49,106264.94,0.0872,12.0,Paid Off,0,0,ACB-BR066
ACB-LN0002583,ACB-C003766,Small Business Loan,2023-07-09,65536.12,54907.31,0.1291,36.0,Current,0,0,ACB-BR005
ACB-LN0002584,ACB-C008374,Mortgage,2019-04-16,242999.77,135121.01,0.0346,180.0,Paid Off,0,0,ACB-BR029
ACB-LN0002585,ACB-C009200,Personal Loan,2021-09-04,26128.25,11252.11,0.1745,84.0,Paid Off,0,0,ACB-BR052
ACB-LN0002586,ACB-C009873,Student Loan,2024-01-04,12147.74,10557.88,0.0682,180.0,Current,0,0,ACB-BR072
ACB-LN0002587,ACB-C010089,Student Loan,2024-11-20,34990.58,24222.89,0.1028,360.0,Current,0,0,ACB-BR055
ACB-LN0002588,ACB-C011427,Personal Loan,2019-10-16,21402.91,15502.73,0.2067,240.0,90+ DPD,129,1,ACB-BR010
ACB-LN0002589,ACB-C009444,Auto Loan,2026-01-26,24323.1,10766.25,0.0777,48.0,Current,0,0,ACB-BR059
ACB-LN0002590,ACB-C009021,Mortgage,2020-04-22,147717.75,114234.93,0.0729,12.0,Current,0,0,ACB-BR001
ACB-LN0002591,ACB-C006383,Home Equity Loan,2025-09-02,50829.43,28513.0,0.1011,240.0,Current,0,0,ACB-BR007
ACB-LN0002592,ACB-C007808,Mortgage,2020-08-12,242211.41,215862.99,0.0407,60.0,Current,0,0,ACB-BR070
ACB-LN0002593,ACB-C001311,Mortgage,2023-01-27,561817.66,292605.43,0.0924,84.0,Current,0,0,ACB-BR064
ACB-LN0002594,ACB-C008248,Mortgage,2023-10-30,534493.85,522970.53,0.0452,240.0,60-89 DPD,68,0,ACB-BR063
ACB-LN0002595,ACB-C011936,Home Equity Loan,2020-06-21,89164.19,63139.78,0.1141,360.0,Paid Off,0,0,ACB-BR004
ACB-LN0002596,ACB-C002705,Student Loan,2022-08-06,18365.57,11900.85,0.0753,120.0,Current,0,0,ACB-BR043
ACB-LN0002597,ACB-C010357,Mortgage,2022-09-10,358236.14,349290.97,0.0871,180.0,Current,0,0,ACB-BR020
ACB-LN0002598,ACB-C009875,Mortgage,2019-01-30,525512.11,341740.95,0.0317,60.0,Current,0,0,ACB-BR041
ACB-LN0002599,ACB-C014076,Mortgage,2022-02-01,500574.99,374930.63,0.0632,180.0,Current,0,0,ACB-BR009
ACB-LN0002600,ACB-C012352,Home Equity Loan,2025-12-23,46490.28,4290.15,0.139,240.0,Default,126,1,ACB-BR032
ACB-LN0002601,ACB-C014479,Personal Loan,2025-01-29,19431.24,16329.54,0.2086,360.0,60-89 DPD,77,0,ACB-BR070
ACB-LN0002602,ACB-C008255,Mortgage,2020-07-30,317240.96,247173.3,0.0664,120.0,Current,0,0,ACB-BR004
ACB-LN0002603,ACB-C009781,Personal Loan,2021-07-07,25998.14,7869.05,0.1887,180.0,Current,0,0,ACB-BR017
ACB-LN0002604,ACB-C000514,Home Equity Loan,2023-06-23,117225.12,93382.43,0.1314,180.0,Current,0,0,ACB-BR038
ACB-LN0002605,ACB-C001083,Auto Loan,2020-02-17,42036.9,14870.04,0.0689,84.0,Current,0,0,ACB-BR074
ACB-LN0002606,ACB-C003048,Personal Loan,2019-08-30,21634.14,12145.76,,48.0,Current,0,0,ACB-BR030
ACB-LN0002607,ACB-C004748,Mortgage,2025-09-06,141582.93,66451.22,0.0615,84.0,Current,0,0,ACB-BR035
ACB-LN0002608,ACB-C011418,Mortgage,2019-05-10,223382.84,70417.56,0.0714,120.0,Current,0,0,ACB-BR025
ACB-LN0002609,ACB-C003465,Small Business Loan,2023-03-09,233923.96,150731.54,0.2,48.0,Written Off,0,1,ACB-BR029
ACB-LN0002610,ACB-C004787,Auto Loan,2023-11-11,39472.88,2125.16,0.0988,48.0,60-89 DPD,78,0,ACB-BR028
ACB-LN0002611,ACB-C006264,Personal Loan,2023-03-24,4960.4,956.57,0.2042,60.0,Current,0,0,ACB-BR033
ACB-LN0002612,ACB-C005298,Small Business Loan,2022-08-10,88420.67,37954.82,0.0994,24.0,Current,0,0,ACB-BR019
ACB-LN0002613,ACB-C011031,Auto Loan,2021-08-16,29619.17,28439.66,0.0802,48.0,Current,0,0,ACB-BR017
ACB-LN0002614,ACB-C010191,Personal Loan,2020-06-18,15010.63,9268.04,0.1254,180.0,Current,0,0,ACB-BR011
ACB-LN0002615,ACB-C002357,Small Business Loan,2022-03-19,151513.52,15012.56,0.1385,240.0,90+ DPD,90,1,ACB-BR063
ACB-LN0002616,ACB-C003992,Mortgage,2025-02-20,160798.11,78501.9,0.0569,24.0,30-59 DPD,52,0,ACB-BR005
ACB-LN0002617,ACB-C001878,Small Business Loan,2019-12-05,203638.83,169157.25,0.1736,240.0,90+ DPD,103,1,ACB-BR005
ACB-LN0002618,ACB-C007166,Personal Loan,2021-08-16,33169.77,16410.74,,24.0,Current,0,0,ACB-BR070
ACB-LN0002619,ACB-C012898,Student Loan,2025-01-01,39057.48,10380.62,0.0704,36.0,30-59 DPD,59,0,ACB-BR037
ACB-LN0002620,ACB-C014181,Auto Loan,2021-08-27,42286.16,17648.63,0.0785,60.0,Current,0,0,ACB-BR007
ACB-LN0002621,ACB-C011652,Mortgage,2022-04-04,556862.64,162357.04,0.0358,84.0,Current,0,0,ACB-BR007
ACB-LN0002622,ACB-C009026,Auto Loan,2021-11-23,13818.53,12539.76,0.1241,,Current,0,0,ACB-BR042
ACB-LN0002623,ACB-C013351,Mortgage,2020-06-24,402400.88,58562.5,0.0322,12.0,Current,0,0,ACB-BR077
ACB-LN0002624,ACB-C007415,Mortgage,2024-10-06,299545.73,180614.65,0.0843,240.0,90+ DPD,124,1,ACB-BR047
ACB-LN0002625,ACB-C012755,Personal Loan,2019-03-11,3891.55,474.7,0.1665,36.0,Current,0,0,ACB-BR070
ACB-LN0002626,ACB-C004641,Mortgage,2022-09-15,397328.63,377792.29,0.0866,120.0,Current,0,0,ACB-BR078
ACB-LN0002627,ACB-C000010,Auto Loan,2026-02-17,48216.8,28283.12,0.0748,360.0,Current,0,0,ACB-BR063
ACB-LN0002628,ACB-C013361,Personal Loan,2024-03-07,17918.44,7130.65,0.24,24.0,Current,0,0,ACB-BR012
ACB-LN0002629,ACB-C006026,Mortgage,2024-04-20,362277.3,107509.33,0.0411,48.0,90+ DPD,114,1,ACB-BR004
ACB-LN0002630,ACB-C007096,Mortgage,2020-07-31,180544.64,77770.62,0.0673,360.0,Current,0,0,ACB-BR036
ACB-LN0002631,ACB-C002298,Home Equity Loan,2020-07-20,89595.42,16752.39,0.0612,120.0,Default,196,1,ACB-BR019
ACB-LN0002632,ACB-C013250,Mortgage,2022-04-26,533589.15,265582.26,0.048,360.0,60-89 DPD,83,0,ACB-BR035
ACB-LN0002633,ACB-C002698,Mortgage,2024-10-16,516679.34,483681.55,0.095,120.0,Paid Off,0,0,ACB-BR075
ACB-LN0002634,ACB-C003916,Home Equity Loan,2024-01-04,99160.26,15611.45,0.1338,84.0,Current,0,0,ACB-BR063
ACB-LN0002635,ACB-C001713,Mortgage,2024-12-09,301433.94,217958.65,0.0579,36.0,Current,0,0,ACB-BR078
ACB-LN0002636,ACB-C000761,Small Business Loan,2025-11-07,39252.31,2243.66,0.1246,240.0,Current,0,0,ACB-BR036
ACB-LN0002637,ACB-C006406,Mortgage,2025-10-16,591527.8,536354.38,0.0756,240.0,Current,0,0,ACB-BR066
ACB-LN0002638,ACB-C008068,Personal Loan,2023-10-22,9510.38,7470.36,0.2093,12.0,Current,0,0,ACB-BR002
ACB-LN0002639,ACB-C006905,Mortgage,2019-07-06,438618.98,287411.65,0.0748,120.0,Current,0,0,ACB-BR075
ACB-LN0002640,ACB-C009153,Home Equity Loan,2020-12-27,99780.88,88116.48,0.1129,36.0,Paid Off,0,0,ACB-BR027
ACB-LN0002641,ACB-C003891,Personal Loan,2019-04-03,26220.96,19890.96,0.1598,240.0,Current,0,0,ACB-BR078
ACB-LN0002642,ACB-C014956,Personal Loan,2019-11-04,16365.17,2647.68,0.1477,12.0,Current,0,0,ACB-BR014
ACB-LN0002643,ACB-C011434,Auto Loan,2020-03-10,34646.06,9628.28,0.0916,48.0,Current,0,0,ACB-BR078
ACB-LN0002644,ACB-C010028,Student Loan,2021-05-23,30415.0,7189.68,0.0467,360.0,Current,0,0,ACB-BR054
ACB-LN0002645,ACB-C000115,Student Loan,2024-01-17,12430.19,7114.44,0.0892,12.0,Current,0,0,ACB-BR055
ACB-LN0002646,ACB-C005414,Mortgage,2021-12-21,445705.94,44939.14,0.0343,180.0,60-89 DPD,89,0,ACB-BR076
ACB-LN0002647,ACB-C009872,Mortgage,2021-04-11,433228.9,130341.13,0.0392,48.0,Current,0,0,ACB-BR028
ACB-LN0002648,ACB-C002701,Small Business Loan,2026-01-14,233566.81,137366.88,0.2,240.0,Written Off,0,1,ACB-BR072
ACB-LN0002649,ACB-C011743,Home Equity Loan,2021-04-14,116510.84,75237.81,0.1141,240.0,Current,0,0,ACB-BR023
ACB-LN0002650,ACB-C001932,Mortgage,2023-02-19,501656.77,236340.87,0.0661,180.0,Current,0,0,ACB-BR039
ACB-LN0002651,ACB-C002921,Personal Loan,2023-03-06,27605.73,20274.84,0.1876,60.0,Current,0,0,ACB-BR056
ACB-LN0002652,ACB-C001483,Student Loan,2024-12-16,72048.22,57963.62,0.0874,120.0,Paid Off,0,0,ACB-BR009
ACB-LN0002653,ACB-C006997,Small Business Loan,2025-03-03,186409.62,70706.49,0.1127,120.0,Current,0,0,ACB-BR046
ACB-LN0002654,ACB-C011760,Small Business Loan,2021-09-24,198517.56,172669.55,0.084,12.0,Current,0,0,ACB-BR025
ACB-LN0002655,ACB-C011616,Mortgage,2025-12-17,398601.32,190848.19,0.095,36.0,Written Off,0,1,ACB-BR028
ACB-LN0002656,ACB-C010021,Auto Loan,2024-07-07,38257.76,21930.8,0.09,84.0,Current,0,0,ACB-BR070
ACB-LN0002657,ACB-C014298,Mortgage,2023-07-13,494416.46,127323.78,0.0479,360.0,Default,236,1,ACB-BR032
ACB-LN0002658,ACB-C002620,Mortgage,2025-05-07,187115.66,84986.03,0.0638,360.0,Current,0,0,ACB-BR061
ACB-LN0002659,ACB-C001160,Mortgage,2023-11-26,501125.76,409785.47,0.0622,48.0,Paid Off,0,0,ACB-BR051
ACB-LN0002660,ACB-C000508,Mortgage,2020-02-28,407367.21,240774.05,0.0554,240.0,Current,0,0,ACB-BR021
ACB-LN0002661,ACB-C001144,Auto Loan,2025-07-16,30103.04,3637.79,0.0843,120.0,Current,0,0,ACB-BR013
ACB-LN0002662,ACB-C012262,Mortgage,2019-12-25,424242.6,72229.75,0.0674,360.0,Current,0,0,ACB-BR058
ACB-LN0002663,ACB-C000502,Personal Loan,2024-11-09,26083.37,5475.69,0.1587,120.0,60-89 DPD,83,0,ACB-BR004
ACB-LN0002664,ACB-C001895,Mortgage,2025-07-24,177580.04,154716.12,0.0862,24.0,Current,0,0,ACB-BR002
ACB-LN0002665,ACB-C000747,Home Equity Loan,2021-10-20,59973.9,13462.51,0.0854,60.0,Current,0,0,ACB-BR034
ACB-LN0002666,ACB-C012528,Mortgage,2021-05-07,134957.31,68076.91,0.0355,180.0,Current,0,0,ACB-BR074
ACB-LN0002667,ACB-C006589,Auto Loan,2021-01-08,48363.37,6303.47,,12.0,Current,0,0,ACB-BR030
ACB-LN0002668,ACB-C006021,Personal Loan,2019-12-11,28490.93,7771.1,0.112,360.0,Current,0,0,ACB-BR077
ACB-LN0002669,ACB-C004705,Personal Loan,2023-03-16,27384.1,17308.92,0.24,84.0,Current,0,0,ACB-BR023
ACB-LN0002670,ACB-C006215,Personal Loan,2021-08-27,5847.36,3728.19,0.2031,360.0,Current,0,0,ACB-BR051
ACB-LN0002671,ACB-C008478,Personal Loan,2022-09-01,8582.37,6764.49,0.1143,180.0,Current,0,0,ACB-BR068
ACB-LN0002672,ACB-C001715,Auto Loan,2023-09-17,44041.48,28383.08,0.16,360.0,Current,0,0,ACB-BR013
ACB-LN0002673,ACB-C009214,Auto Loan,2019-11-01,19584.39,16561.54,0.0937,48.0,Current,0,0,ACB-BR075
ACB-LN0002674,ACB-C000245,Mortgage,2025-08-13,213833.21,208987.53,0.0803,60.0,Current,0,0,ACB-BR048
ACB-LN0002675,ACB-C010035,Student Loan,2024-11-08,57235.76,30525.83,0.1042,240.0,Current,0,0,ACB-BR062
ACB-LN0002676,ACB-C002830,Student Loan,2025-11-30,35504.99,14011.01,0.11,120.0,Current,0,0,ACB-BR006
ACB-LN0002677,ACB-C001588,Auto Loan,2024-01-15,34633.51,14543.6,0.1298,240.0,Current,0,0,ACB-BR063
ACB-LN0002678,ACB-C004659,Personal Loan,2020-12-09,25595.18,4385.36,0.1616,48.0,Current,0,0,ACB-BR049
ACB-LN0002679,ACB-C008579,Mortgage,2026-01-05,195831.7,141678.61,0.0569,60.0,Current,0,0,ACB-BR062
ACB-LN0002680,ACB-C009652,Student Loan,2020-01-25,50017.61,40476.47,0.0597,36.0,90+ DPD,139,1,ACB-BR002
ACB-LN0002681,ACB-C010128,Home Equity Loan,2023-06-21,62272.5,9722.53,0.14,48.0,Current,0,0,ACB-BR046
ACB-LN0002682,ACB-C014952,Mortgage,2025-05-02,187857.9,136046.38,0.0891,84.0,Default,355,1,ACB-BR035
ACB-LN0002683,ACB-C008441,Personal Loan,2022-04-08,20659.43,14783.97,0.1071,48.0,90+ DPD,146,1,ACB-BR029
ACB-LN0002684,ACB-C004839,Small Business Loan,2019-09-18,199665.15,190273.94,0.0664,48.0,Current,0,0,ACB-BR017
ACB-LN0002685,ACB-C014432,Mortgage,2020-08-04,351494.17,199603.31,0.0453,240.0,Current,0,0,ACB-BR012
ACB-LN0002686,ACB-C007096,Mortgage,2019-06-06,530194.56,212607.06,0.0525,120.0,Paid Off,0,0,ACB-BR036
ACB-LN0002687,ACB-C008234,Student Loan,2024-01-04,35442.35,21992.41,0.0584,48.0,Current,0,0,ACB-BR022
ACB-LN0002688,ACB-C004504,Auto Loan,2019-01-04,8182.37,546.19,0.1364,60.0,Current,0,0,ACB-BR047
ACB-LN0002689,ACB-C005159,Auto Loan,2023-06-28,17589.66,8125.37,0.16,360.0,Current,0,0,ACB-BR056
ACB-LN0002690,ACB-C007186,Auto Loan,2022-01-23,23705.32,9138.28,0.1072,24.0,Current,0,0,ACB-BR041
ACB-LN0002691,ACB-C001026,Auto Loan,2022-10-05,43388.7,34691.92,0.1382,84.0,Current,0,0,ACB-BR068
ACB-LN0002692,ACB-C002989,Home Equity Loan,2021-03-24,85319.28,35977.7,0.119,120.0,Current,0,0,ACB-BR049
ACB-LN0002693,ACB-C001402,Mortgage,2025-07-27,468581.88,421949.52,0.073,36.0,Current,0,0,ACB-BR074
ACB-LN0002694,ACB-C009228,Home Equity Loan,2025-05-27,51016.36,13852.79,0.112,12.0,Current,0,0,ACB-BR006
ACB-LN0002695,ACB-C014140,Mortgage,2023-08-07,456785.22,250240.26,0.0586,24.0,Default,155,1,ACB-BR047
ACB-LN0002696,ACB-C010049,Auto Loan,2019-04-10,28832.95,12314.28,0.0741,240.0,Current,0,0,ACB-BR040
ACB-LN0002697,ACB-C002664,Personal Loan,2022-06-30,2228.92,337.27,0.2054,,Current,0,0,ACB-BR011
ACB-LN0002698,ACB-C007142,Mortgage,2025-07-05,419309.2,263159.6,0.0586,12.0,Current,0,0,ACB-BR056
ACB-LN0002699,ACB-C011134,Mortgage,2025-07-14,494690.94,442485.27,0.0638,84.0,Current,0,0,ACB-BR055
ACB-LN0002700,ACB-C012590,Mortgage,2022-05-07,414538.33,77510.46,0.0473,12.0,90+ DPD,142,1,ACB-BR022
ACB-LN0002701,ACB-C003986,Mortgage,2019-09-04,405601.81,59026.61,0.0611,48.0,Current,0,0,ACB-BR026
ACB-LN0002702,ACB-C000371,Home Equity Loan,2024-09-11,59066.08,9333.58,0.095,120.0,Current,0,0,ACB-BR039
ACB-LN0002703,ACB-C011419,Small Business Loan,2023-08-09,122052.86,43698.53,0.1533,180.0,Default,247,1,ACB-BR080
ACB-LN0002704,ACB-C014705,Mortgage,2019-05-16,122243.68,13140.88,0.0718,24.0,30-59 DPD,36,0,ACB-BR023
ACB-LN0002705,ACB-C007213,Auto Loan,2023-09-21,20270.89,2104.43,0.089,240.0,Current,0,0,ACB-BR008
ACB-LN0002706,ACB-C008609,Personal Loan,2022-02-07,25972.06,15416.26,0.1065,60.0,Paid Off,0,0,ACB-BR041
ACB-LN0002707,ACB-C009086,Student Loan,2024-10-11,19742.94,15325.03,0.11,240.0,Current,0,0,ACB-BR023
ACB-LN0002708,ACB-C003565,Home Equity Loan,2019-08-03,67378.81,19259.87,0.0659,48.0,Current,0,0,ACB-BR006
ACB-LN0002709,ACB-C013748,Small Business Loan,2025-07-13,113877.33,91680.33,0.2,24.0,Current,0,0,ACB-BR044
ACB-LN0002710,ACB-C014308,Auto Loan,2026-02-02,22455.27,6635.92,0.0708,24.0,Current,0,0,ACB-BR058
ACB-LN0002711,ACB-C012248,Mortgage,2019-01-21,234687.69,17859.83,0.0337,120.0,Current,0,0,ACB-BR033
ACB-LN0002712,ACB-C013537,Home Equity Loan,2023-10-25,27276.04,8598.11,0.0962,36.0,Paid Off,0,0,ACB-BR023
ACB-LN0002713,ACB-C008350,Personal Loan,2020-07-22,22364.44,15546.12,0.1377,120.0,Current,0,0,ACB-BR054
ACB-LN0002714,ACB-C006269,Personal Loan,2021-07-24,9701.72,1057.24,0.1808,12.0,Current,0,0,ACB-BR038
ACB-LN0002715,ACB-C003310,Auto Loan,2024-08-18,42282.64,19232.09,0.1341,240.0,Current,0,0,ACB-BR041
ACB-LN0002716,ACB-C014480,Auto Loan,2024-06-28,49686.23,36165.87,0.1064,240.0,Current,0,0,ACB-BR028
ACB-LN0002717,ACB-C008079,Mortgage,2025-04-11,283525.65,155797.48,0.0875,,Paid Off,0,0,ACB-BR040
ACB-LN0002718,ACB-C004194,Personal Loan,2019-02-25,11994.72,3619.07,0.1426,240.0,Paid Off,0,0,ACB-BR018
ACB-LN0002719,ACB-C008079,Mortgage,2020-06-30,463299.12,96248.66,0.0393,60.0,Current,0,0,ACB-BR074
ACB-LN0002720,ACB-C001695,Mortgage,2025-11-03,467695.51,189778.66,0.0453,84.0,Current,0,0,ACB-BR043
ACB-LN0002721,ACB-C005454,Mortgage,2021-05-31,154931.05,139797.97,0.0704,180.0,Current,0,0,ACB-BR061
ACB-LN0002722,ACB-C005348,Mortgage,2023-12-28,160105.16,100433.36,0.0941,60.0,Current,0,0,ACB-BR067
ACB-LN0002723,ACB-C009159,Mortgage,2021-11-24,296392.14,130505.13,0.0403,,Default,277,1,ACB-BR067
ACB-LN0002724,ACB-C004679,Auto Loan,2020-07-16,33260.57,31050.52,0.1026,12.0,Current,0,0,ACB-BR005
ACB-LN0002725,ACB-C005340,Mortgage,2024-09-13,359732.46,136411.57,0.0435,24.0,Current,0,0,ACB-BR077
ACB-LN0002726,ACB-C001239,Student Loan,2022-11-14,74074.1,51221.89,0.0692,120.0,Current,0,0,ACB-BR064
ACB-LN0002727,ACB-C012097,Auto Loan,2025-03-30,27923.47,25662.59,0.0825,48.0,Current,0,0,ACB-BR006
ACB-LN0002728,ACB-C009279,Mortgage,2025-07-02,379564.36,126722.94,0.0928,360.0,Current,0,0,ACB-BR064
ACB-LN0002729,ACB-C011851,Personal Loan,2020-07-07,11998.5,7061.52,0.1293,12.0,Current,0,0,ACB-BR028
ACB-LN0002730,ACB-C001238,Mortgage,2021-08-16,124898.69,100401.35,0.0639,60.0,Current,0,0,ACB-BR021
ACB-LN0002731,ACB-C012927,Personal Loan,2022-07-26,12604.12,12029.25,0.1454,48.0,Current,0,0,ACB-BR018
ACB-LN0002732,ACB-C014010,Auto Loan,2019-07-28,36983.13,16391.16,0.1318,84.0,30-59 DPD,35,0,ACB-BR048
ACB-LN0002733,ACB-C010349,Personal Loan,2022-10-23,33760.85,2748.77,0.1382,84.0,Current,0,0,ACB-BR020
ACB-LN0002734,ACB-C000272,Small Business Loan,2025-10-14,243264.58,176100.64,0.1435,12.0,Current,0,0,ACB-BR066
ACB-LN0002735,ACB-C014670,Auto Loan,2022-08-04,39638.09,3669.11,0.1461,24.0,Current,0,0,ACB-BR079
ACB-LN0002736,ACB-C004695,Mortgage,2023-04-03,466275.48,188509.08,0.0585,360.0,90+ DPD,165,1,ACB-BR022
ACB-LN0002737,ACB-C013163,Small Business Loan,2024-01-04,164882.85,20995.26,0.1784,12.0,Current,0,0,ACB-BR040
ACB-LN0002738,ACB-C002962,Small Business Loan,2020-04-17,80242.57,26823.88,0.097,84.0,60-89 DPD,80,0,ACB-BR059
ACB-LN0002739,ACB-C006548,Mortgage,2024-06-18,336169.87,20789.99,0.0613,60.0,Current,0,0,ACB-BR036
ACB-LN0002740,ACB-C013103,Auto Loan,2025-03-11,54303.52,50077.92,0.0933,360.0,90+ DPD,150,1,ACB-BR004
ACB-LN0002741,ACB-C007211,Small Business Loan,2021-07-04,146326.5,75623.68,0.1544,60.0,Paid Off,0,0,ACB-BR018
ACB-LN0002742,ACB-C005412,Auto Loan,2024-02-07,50437.63,18058.58,0.16,24.0,Paid Off,0,0,ACB-BR037
ACB-LN0002743,ACB-C012697,Personal Loan,2021-04-28,7123.15,4314.36,0.1331,240.0,Current,0,0,ACB-BR061
ACB-LN0002744,ACB-C014703,Mortgage,2023-01-03,396117.68,64311.74,0.0707,84.0,Current,0,0,ACB-BR066
ACB-LN0002745,ACB-C000391,Auto Loan,2024-02-16,41453.1,36031.64,0.1368,12.0,Current,0,0,ACB-BR010
ACB-LN0002746,ACB-C012053,Mortgage,2022-07-03,167731.66,151097.62,0.0854,36.0,Default,292,1,ACB-BR079
ACB-LN0002747,ACB-C008911,Auto Loan,2023-06-04,25303.31,12483.61,0.1084,180.0,Current,0,0,ACB-BR039
ACB-LN0002748,ACB-C004642,Mortgage,2024-05-08,168752.57,157190.75,0.0722,120.0,Current,0,0,ACB-BR043
ACB-LN0002749,ACB-C014621,Personal Loan,2024-02-01,3400.39,1992.41,0.24,360.0,Current,0,0,ACB-BR030
ACB-LN0002750,ACB-C013524,Personal Loan,2019-09-26,21936.46,17878.59,0.0972,60.0,Current,0,0,ACB-BR066
ACB-LN0002751,ACB-C002294,Mortgage,2019-11-19,448510.05,100022.98,0.0649,120.0,Current,0,0,ACB-BR046
ACB-LN0002752,ACB-C013386,Home Equity Loan,2023-04-03,99275.89,22031.75,0.0909,360.0,Paid Off,0,0,ACB-BR055
ACB-LN0002753,ACB-C014581,Student Loan,2019-09-27,22976.64,6643.39,0.0867,360.0,Paid Off,0,0,ACB-BR003
ACB-LN0002754,ACB-C002903,Mortgage,2025-07-28,539596.41,136600.77,0.0889,240.0,Current,0,0,ACB-BR039
ACB-LN0002755,ACB-C003881,Personal Loan,2020-01-24,24742.68,16779.53,0.192,12.0,90+ DPD,105,1,ACB-BR078
ACB-LN0002756,ACB-C005164,Auto Loan,2025-03-04,48106.7,8816.65,0.1096,84.0,90+ DPD,135,1,ACB-BR003
ACB-LN0002757,ACB-C006326,Small Business Loan,2020-08-03,141303.65,29623.59,0.1096,60.0,Current,0,0,ACB-BR059
ACB-LN0002758,ACB-C010814,Mortgage,2024-09-19,258745.7,97136.81,0.0634,48.0,Current,0,0,ACB-BR038
ACB-LN0002759,ACB-C005555,Auto Loan,2022-09-06,28754.49,13534.36,0.0979,60.0,Current,0,0,ACB-BR050
ACB-LN0002760,ACB-C008510,Auto Loan,2020-10-03,22753.06,12865.28,0.1056,360.0,Current,0,0,ACB-BR050
ACB-LN0002761,ACB-C009684,Auto Loan,2024-05-10,20014.49,8336.71,0.16,36.0,Current,0,0,ACB-BR022
ACB-LN0002762,ACB-C012143,Personal Loan,2024-09-24,14373.81,2229.21,0.1642,240.0,Paid Off,0,0,ACB-BR030
ACB-LN0002763,ACB-C002399,Student Loan,2025-02-09,9885.86,6259.24,0.0623,240.0,60-89 DPD,71,0,ACB-BR009
ACB-LN0002764,ACB-C013269,Mortgage,2019-07-02,327330.08,21047.51,0.0375,120.0,Current,0,0,ACB-BR027
ACB-LN0002765,ACB-C001976,Small Business Loan,2025-08-19,224952.9,145226.64,0.114,240.0,Current,0,0,ACB-BR013
ACB-LN0002766,ACB-C005936,Student Loan,2019-06-17,5014.59,3341.1,0.0788,120.0,Current,0,0,ACB-BR062
ACB-LN0002767,ACB-C001307,Home Equity Loan,2021-07-04,97285.49,52160.91,0.1008,12.0,Paid Off,0,0,ACB-BR033
ACB-LN0002768,ACB-C001894,Home Equity Loan,2024-07-28,58522.65,48683.04,0.08,240.0,Current,0,0,ACB-BR079
ACB-LN0002769,ACB-C008269,Auto Loan,2025-06-13,20823.34,1173.6,0.16,84.0,Current,0,0,ACB-BR063
ACB-LN0002770,ACB-C005478,Mortgage,2022-10-05,373336.97,178017.58,0.0854,360.0,Current,0,0,ACB-BR076
ACB-LN0002771,ACB-C002253,Auto Loan,2025-02-20,41156.83,23582.74,0.16,360.0,Current,0,0,ACB-BR075
ACB-LN0002772,ACB-C000575,Mortgage,2024-11-23,609776.79,457414.87,0.0612,120.0,Current,0,0,ACB-BR078
ACB-LN0002773,ACB-C008356,Personal Loan,2019-12-03,17018.67,10119.02,0.1265,120.0,Current,0,0,ACB-BR012
ACB-LN0002774,ACB-C005651,Home Equity Loan,2022-06-26,48654.95,13422.91,0.1093,120.0,Current,0,0,ACB-BR061
ACB-LN0002775,ACB-C005379,Home Equity Loan,2026-03-25,34173.32,13640.74,0.0768,24.0,Current,0,0,ACB-BR025
ACB-LN0002776,ACB-C010059,Mortgage,2025-11-13,645716.2,127169.13,0.095,36.0,Current,0,0,ACB-BR026
ACB-LN0002777,ACB-C002815,Mortgage,2024-12-11,558970.45,122046.47,0.061,36.0,Current,0,0,ACB-BR068
ACB-LN0002778,ACB-C004615,Personal Loan,2023-05-04,12524.59,990.79,0.1834,180.0,Current,0,0,ACB-BR042
ACB-LN0002779,ACB-C007627,Auto Loan,2025-11-16,53879.38,46256.03,0.1519,360.0,Current,0,0,ACB-BR002
ACB-LN0002780,ACB-C012964,Auto Loan,2019-08-15,35913.49,15242.64,0.0962,36.0,Current,0,0,ACB-BR075
ACB-LN0002781,ACB-C005395,Personal Loan,2022-12-16,19734.05,6634.88,0.1769,60.0,Current,0,0,ACB-BR073
ACB-LN0002782,ACB-C005780,Personal Loan,2022-05-14,6735.0,2161.34,0.1589,24.0,Current,0,0,ACB-BR058
ACB-LN0002783,ACB-C008053,Mortgage,2024-05-19,285719.62,268514.8,0.0771,120.0,Current,0,0,ACB-BR038
ACB-LN0002784,ACB-C001401,Auto Loan,2021-06-10,52423.51,3059.78,0.097,60.0,Paid Off,0,0,ACB-BR003
ACB-LN0002785,ACB-C004770,Personal Loan,2022-05-23,18402.9,12392.45,0.163,120.0,Current,0,0,ACB-BR019
ACB-LN0002786,ACB-C003653,Personal Loan,2021-04-09,12024.06,8096.72,0.2141,120.0,Current,0,0,ACB-BR074
ACB-LN0002787,ACB-C002520,Mortgage,2025-11-27,576135.85,153566.51,0.081,48.0,60-89 DPD,76,0,ACB-BR008
ACB-LN0002788,ACB-C010222,Small Business Loan,2023-03-16,101483.69,63746.96,0.2,36.0,Current,0,0,ACB-BR037
ACB-LN0002789,ACB-C014341,Small Business Loan,2022-05-22,80083.21,76972.97,0.1799,60.0,Current,0,0,ACB-BR038
ACB-LN0002790,ACB-C006516,Personal Loan,2023-01-26,33424.68,19859.91,0.24,180.0,Current,0,0,ACB-BR013
ACB-LN0002791,ACB-C001648,Mortgage,2025-08-31,242422.45,67359.82,0.0488,24.0,30-59 DPD,36,0,ACB-BR050
ACB-LN0002792,ACB-C002190,Mortgage,2022-10-01,485036.48,374906.4,0.0556,12.0,Current,0,0,ACB-BR003
ACB-LN0002793,ACB-C000496,Home Equity Loan,2019-02-24,107806.64,42824.86,0.0615,36.0,Current,0,0,ACB-BR039
ACB-LN0002794,ACB-C013615,Personal Loan,2021-02-21,17165.08,14646.88,0.2115,120.0,Current,0,0,ACB-BR070
ACB-LN0002795,ACB-C007601,Personal Loan,2022-03-28,28556.25,26709.56,0.133,48.0,Current,0,0,ACB-BR030
ACB-LN0002796,ACB-C000850,Personal Loan,2025-10-11,14928.27,9724.03,0.2078,24.0,Current,0,0,ACB-BR058
ACB-LN0002797,ACB-C013818,Student Loan,2025-10-28,8640.49,3356.33,0.1092,180.0,Current,0,0,ACB-BR064
ACB-LN0002798,ACB-C006117,Personal Loan,2021-11-06,17990.1,14173.16,0.1627,120.0,Current,0,0,ACB-BR010
ACB-LN0002799,ACB-C005915,Mortgage,2025-07-23,434416.49,197272.38,0.084,12.0,Current,0,0,ACB-BR052
ACB-LN0002800,ACB-C011243,Student Loan,2020-06-06,51415.51,3477.41,0.0437,84.0,Current,0,0,ACB-BR010
ACB-LN0002801,ACB-C003353,Auto Loan,2024-04-17,38811.31,30962.09,0.16,84.0,Current,0,0,ACB-BR060
ACB-LN0002802,ACB-C008283,Personal Loan,2019-02-21,10330.55,7590.34,0.1944,60.0,Current,0,0,ACB-BR022
ACB-LN0002803,ACB-C011552,Mortgage,2023-09-04,369911.08,68159.51,0.0606,12.0,Current,0,0,ACB-BR074
ACB-LN0002804,ACB-C004853,Mortgage,2022-03-16,452740.82,120160.79,0.0714,240.0,Current,0,0,ACB-BR005
ACB-LN0002805,ACB-C004947,Personal Loan,2023-03-19,26315.08,7051.6,0.1792,120.0,Current,0,0,ACB-BR076
ACB-LN0002806,ACB-C001720,Mortgage,2025-08-22,306283.92,246635.4,0.0671,180.0,Current,0,0,ACB-BR063
ACB-LN0002807,ACB-C007957,Auto Loan,2019-12-04,28528.3,3315.45,0.074,12.0,Current,0,0,ACB-BR051
ACB-LN0002808,ACB-C012791,Personal Loan,2024-04-07,27527.74,17437.62,0.2268,120.0,Paid Off,0,0,ACB-BR061
ACB-LN0002809,ACB-C003093,Auto Loan,2022-03-07,32445.85,30937.43,0.1113,60.0,Current,0,0,ACB-BR067
ACB-LN0002810,ACB-C000048,Auto Loan,2021-11-26,36943.22,31077.12,0.0543,84.0,Current,0,0,ACB-BR047
ACB-LN0002811,ACB-C009092,Mortgage,2019-02-23,169777.13,160540.27,0.0467,12.0,Current,0,0,ACB-BR046
ACB-LN0002812,ACB-C010104,Mortgage,2023-02-04,297805.25,57907.34,0.0661,120.0,Current,0,0,ACB-BR013
ACB-LN0002813,ACB-C013724,Auto Loan,2024-11-14,29274.29,16295.91,0.16,48.0,Current,0,0,ACB-BR023
ACB-LN0002814,ACB-C013779,Personal Loan,2024-08-23,2034.08,1391.37,0.1086,24.0,Current,0,0,ACB-BR013
ACB-LN0002815,ACB-C014156,Mortgage,2021-04-05,383980.16,306544.78,0.0734,60.0,Current,0,0,ACB-BR023
ACB-LN0002816,ACB-C004735,Mortgage,2022-02-12,330292.19,148940.42,0.0535,48.0,Current,0,0,ACB-BR052
ACB-LN0002817,ACB-C004212,Small Business Loan,2021-03-18,63080.34,36617.31,0.1535,12.0,Current,0,0,ACB-BR031
ACB-LN0002818,ACB-C009416,Mortgage,2026-01-07,477582.36,34388.89,0.0747,12.0,30-59 DPD,40,0,ACB-BR074
ACB-LN0002819,ACB-C001303,Mortgage,2022-09-21,509099.3,241157.51,0.0451,36.0,Current,0,0,ACB-BR037
ACB-LN0002820,ACB-C012842,Mortgage,2023-03-29,448569.51,372252.57,0.0671,24.0,Current,0,0,ACB-BR030
ACB-LN0002821,ACB-C014433,Mortgage,2021-09-23,491535.12,285170.56,0.0535,48.0,Current,0,0,ACB-BR033
ACB-LN0002822,ACB-C006121,Auto Loan,2019-04-19,39352.28,26129.63,0.1182,12.0,Current,0,0,ACB-BR016
ACB-LN0002823,ACB-C012014,Mortgage,2024-04-26,339532.49,231227.94,0.0645,84.0,Paid Off,0,0,ACB-BR065
ACB-LN0002824,ACB-C005435,Mortgage,2026-03-19,649088.39,333570.49,0.0797,48.0,Paid Off,0,0,ACB-BR017
ACB-LN0002825,ACB-C004604,Auto Loan,2019-05-18,41237.04,34596.48,0.0467,36.0,60-89 DPD,83,0,ACB-BR025
ACB-LN0002826,ACB-C011907,Home Equity Loan,2019-01-27,90907.87,71751.53,0.0968,240.0,Current,0,0,ACB-BR059
ACB-LN0002827,ACB-C007554,Personal Loan,2025-09-29,9944.16,5767.42,0.2312,84.0,Current,0,0,ACB-BR059
ACB-LN0002828,ACB-C012314,Mortgage,2026-03-14,345676.45,307265.66,0.0439,180.0,Current,0,0,ACB-BR037
ACB-LN0002829,ACB-C000195,Personal Loan,2021-12-12,22901.69,4248.03,0.11,12.0,Current,0,0,ACB-BR021
ACB-LN0002830,ACB-C005735,Mortgage,2019-09-19,308804.53,106150.42,0.0347,24.0,Current,0,0,ACB-BR009
ACB-LN0002831,ACB-C005921,Student Loan,2020-01-21,58368.37,35134.57,0.0728,180.0,Current,0,0,ACB-BR040
ACB-LN0002832,ACB-C002897,Auto Loan,2021-05-08,53475.04,19613.21,0.0782,360.0,Current,0,0,ACB-BR002
ACB-LN0002833,ACB-C001866,Mortgage,2021-02-20,327984.48,23201.71,0.0392,36.0,Default,283,1,ACB-BR064
ACB-LN0002834,ACB-C001643,Mortgage,2023-09-23,558551.28,189005.7,0.0537,24.0,Current,0,0,ACB-BR035
ACB-LN0002835,ACB-C012780,Mortgage,2021-11-15,423617.23,351237.91,0.072,360.0,Current,0,0,ACB-BR013
ACB-LN0002836,ACB-C011352,Home Equity Loan,2023-12-01,39431.09,6319.26,0.1129,12.0,Current,0,0,ACB-BR048
ACB-LN0002837,ACB-C007607,Auto Loan,2022-05-15,46218.52,40429.6,0.1362,84.0,Current,0,0,ACB-BR060
ACB-LN0002838,ACB-C005820,Mortgage,2019-09-10,384975.44,162362.73,0.0482,180.0,Current,0,0,ACB-BR067
ACB-LN0002839,ACB-C007750,Small Business Loan,2020-04-02,78385.05,37702.17,0.1045,84.0,Default,135,1,ACB-BR008
ACB-LN0002840,ACB-C011935,Personal Loan,2025-10-06,7167.97,3833.54,0.1267,360.0,Written Off,0,1,ACB-BR064
ACB-LN0002841,ACB-C000022,Home Equity Loan,2025-06-25,38161.66,3796.86,0.14,120.0,Paid Off,0,0,ACB-BR009
ACB-LN0002842,ACB-C008522,Auto Loan,2025-06-21,29639.03,9310.08,0.1492,360.0,Current,0,0,ACB-BR044
ACB-LN0002843,ACB-C005303,Personal Loan,2025-09-01,7709.53,2225.24,0.24,180.0,Current,0,0,ACB-BR005
ACB-LN0002844,ACB-C005605,Mortgage,2022-03-29,545918.93,163253.65,0.0747,12.0,30-59 DPD,45,0,ACB-BR068
ACB-LN0002845,ACB-C011079,Home Equity Loan,2021-12-09,90270.68,52090.36,0.0994,180.0,Current,0,0,ACB-BR022
ACB-LN0002846,ACB-C011258,Mortgage,2021-09-18,308317.73,190579.5,0.0415,,Current,0,0,ACB-BR006
ACB-LN0002847,ACB-C006078,Personal Loan,2022-02-01,3796.79,3336.85,0.2059,84.0,30-59 DPD,32,0,ACB-BR059
ACB-LN0002848,ACB-C003038,Personal Loan,2022-06-21,24802.67,9261.68,0.24,24.0,Current,0,0,ACB-BR016
ACB-LN0002849,ACB-C007377,Home Equity Loan,2020-08-05,65680.73,33539.15,0.0602,180.0,90+ DPD,138,1,ACB-BR068
ACB-LN0002850,ACB-C008310,Student Loan,2025-11-06,57325.89,52042.59,0.0846,36.0,Current,0,0,ACB-BR023
ACB-LN0002851,ACB-C006514,Mortgage,2024-01-02,160067.72,147598.86,0.0917,360.0,Current,0,0,ACB-BR017
ACB-LN0002852,ACB-C000095,Personal Loan,2026-02-27,4065.84,1602.49,0.24,240.0,Current,0,0,ACB-BR074
ACB-LN0002853,ACB-C008557,Personal Loan,2024-09-19,18567.08,7823.69,0.1312,84.0,Paid Off,0,0,ACB-BR054
ACB-LN0002854,ACB-C009019,Auto Loan,2019-11-02,43522.64,11859.65,0.0799,48.0,Current,0,0,ACB-BR079
ACB-LN0002855,ACB-C011603,Auto Loan,2019-03-22,40537.5,24901.41,0.0647,120.0,Current,0,0,ACB-BR059
ACB-LN0002856,ACB-C011999,Home Equity Loan,2019-06-01,42102.63,24804.38,0.1078,240.0,Current,0,0,ACB-BR002
ACB-LN0002857,ACB-C002288,Personal Loan,2020-06-22,27928.58,2650.37,0.2197,180.0,Current,0,0,ACB-BR030
ACB-LN0002858,ACB-C010424,Home Equity Loan,2023-05-27,76496.02,29640.74,0.1302,120.0,Paid Off,0,0,ACB-BR020
ACB-LN0002859,ACB-C011018,Home Equity Loan,2022-12-22,110637.36,39215.04,0.1025,24.0,Current,0,0,ACB-BR073
ACB-LN0002860,ACB-C011718,Personal Loan,2019-12-24,28905.65,18385.13,0.1585,60.0,90+ DPD,167,1,ACB-BR011
ACB-LN0002861,ACB-C005077,Student Loan,2022-11-03,67527.12,18426.09,0.0991,12.0,Current,0,0,ACB-BR079
ACB-LN0002862,ACB-C001215,Personal Loan,2022-08-08,8702.13,4086.78,0.2189,360.0,Default,183,1,ACB-BR012
ACB-LN0002863,ACB-C006767,Auto Loan,2025-10-11,13722.99,12399.0,0.1346,240.0,Current,0,0,ACB-BR001
ACB-LN0002864,ACB-C003456,Mortgage,2019-09-30,313084.64,290799.68,0.034,12.0,30-59 DPD,44,0,ACB-BR078
ACB-LN0002865,ACB-C010655,Personal Loan,2022-02-18,34894.25,33005.0,0.1699,360.0,90+ DPD,127,1,ACB-BR028
ACB-LN0002866,ACB-C013413,Mortgage,2023-11-10,521041.05,165207.26,0.0664,24.0,Paid Off,0,0,ACB-BR077
ACB-LN0002867,ACB-C005185,Personal Loan,2023-03-15,32186.42,29426.74,0.1981,84.0,Current,0,0,ACB-BR078
ACB-LN0002868,ACB-C001215,Personal Loan,2020-08-14,2579.94,1394.14,0.1282,60.0,30-59 DPD,53,0,ACB-BR038
ACB-LN0002869,ACB-C011192,Auto Loan,2020-03-02,53026.6,35698.35,0.1326,240.0,Current,0,0,ACB-BR040
ACB-LN0002870,ACB-C003907,Small Business Loan,2026-01-14,153677.01,128786.84,0.1304,60.0,Current,0,0,ACB-BR028
ACB-LN0002871,ACB-C006152,Mortgage,2025-07-11,132228.79,85566.03,0.0675,84.0,Paid Off,0,0,ACB-BR017
ACB-LN0002872,ACB-C002257,Personal Loan,2022-09-09,31110.55,17588.22,0.1091,24.0,Current,0,0,ACB-BR009
ACB-LN0002873,ACB-C009376,Mortgage,2023-04-06,190792.37,60595.18,0.0521,60.0,Current,0,0,ACB-BR069
ACB-LN0002874,ACB-C002065,Mortgage,2021-05-28,557840.0,64423.51,0.0568,48.0,Current,0,0,ACB-BR030
ACB-LN0002875,ACB-C009958,Auto Loan,2019-05-02,8016.72,2261.89,0.1366,360.0,Current,0,0,ACB-BR054
ACB-LN0002876,ACB-C008469,Student Loan,2023-07-09,28498.32,15316.08,0.1027,360.0,90+ DPD,109,1,ACB-BR016
ACB-LN0002877,ACB-C013729,Mortgage,2025-02-26,619098.23,222445.32,0.0527,360.0,Current,0,0,ACB-BR049
ACB-LN0002878,ACB-C012567,Mortgage,2020-01-13,242359.76,104372.34,0.0609,120.0,Current,0,0,ACB-BR022
ACB-LN0002879,ACB-C000576,Student Loan,2024-02-23,30333.71,27388.67,0.0572,12.0,Current,0,0,ACB-BR063
ACB-LN0002880,ACB-C002277,Personal Loan,2022-02-10,21013.76,18395.47,0.213,24.0,Current,0,0,ACB-BR031
ACB-LN0002881,ACB-C013685,Mortgage,2021-05-27,525803.15,349403.29,0.0398,48.0,Current,0,0,ACB-BR065
ACB-LN0002882,ACB-C013924,Auto Loan,2022-07-16,47075.82,41093.03,0.16,360.0,Paid Off,0,0,ACB-BR022
ACB-LN0002883,ACB-C007066,Mortgage,2023-08-28,236764.64,128658.94,0.0849,240.0,Current,0,0,ACB-BR076
ACB-LN0002884,ACB-C006204,Personal Loan,2023-04-06,13678.26,2553.65,0.24,180.0,Paid Off,0,0,ACB-BR041
ACB-LN0002885,ACB-C011659,Home Equity Loan,2025-12-06,59547.99,54359.3,0.14,12.0,Current,0,0,ACB-BR010
ACB-LN0002886,ACB-C008378,Mortgage,2019-02-03,161429.96,24998.39,0.0327,48.0,Current,0,0,ACB-BR068
ACB-LN0002887,ACB-C003395,Personal Loan,2025-12-22,12235.81,4361.3,0.1107,60.0,Paid Off,0,0,ACB-BR016
ACB-LN0002888,ACB-C002135,Home Equity Loan,2025-10-17,47202.97,23843.88,0.0838,240.0,Current,0,0,ACB-BR047
ACB-LN0002889,ACB-C012377,Personal Loan,2019-07-18,18260.88,1225.9,0.1314,240.0,60-89 DPD,83,0,ACB-BR059
ACB-LN0002890,ACB-C012575,Auto Loan,2020-08-23,14061.54,3440.6,0.098,60.0,30-59 DPD,54,0,ACB-BR032
ACB-LN0002891,ACB-C013544,Mortgage,2024-04-27,208064.88,57199.57,0.0476,12.0,Current,0,0,ACB-BR065
ACB-LN0002892,ACB-C001656,Auto Loan,2022-11-03,30288.06,10388.82,0.071,12.0,Current,0,0,ACB-BR079
ACB-LN0002893,ACB-C004178,Personal Loan,2022-08-07,12201.04,6694.2,0.1311,84.0,Paid Off,0,0,ACB-BR010
ACB-LN0002894,ACB-C004151,Home Equity Loan,2024-12-27,82354.5,75682.05,0.14,120.0,Current,0,0,ACB-BR014
ACB-LN0002895,ACB-C007094,Personal Loan,2019-12-13,23662.55,17692.29,0.095,36.0,Current,0,0,ACB-BR036
ACB-LN0002896,ACB-C004890,Home Equity Loan,2020-02-09,78550.96,23723.65,0.0592,240.0,Current,0,0,ACB-BR006
ACB-LN0002897,ACB-C008723,Auto Loan,2024-09-16,41396.73,29071.29,0.1319,24.0,Default,226,1,ACB-BR046
ACB-LN0002898,ACB-C004854,Mortgage,2021-07-12,460018.65,135461.43,0.0381,180.0,Current,0,0,ACB-BR031
ACB-LN0002899,ACB-C009535,Personal Loan,2022-04-26,30168.64,19178.26,0.1325,360.0,Current,0,0,ACB-BR079
ACB-LN0002900,ACB-C006956,Personal Loan,2024-01-22,33009.7,19886.94,0.1439,84.0,Current,0,0,ACB-BR015
ACB-LN0002901,ACB-C004386,Home Equity Loan,2025-07-09,76751.1,24890.67,0.1277,24.0,Current,0,0,ACB-BR045
ACB-LN0002902,ACB-C008868,Personal Loan,2021-07-14,30786.25,8558.2,0.158,36.0,60-89 DPD,63,0,ACB-BR034
ACB-LN0002903,ACB-C008733,Personal Loan,2024-08-16,33021.77,25607.91,0.1359,24.0,Current,0,0,ACB-BR027
ACB-LN0002904,ACB-C002432,Personal Loan,2025-01-02,34122.58,5628.06,0.2048,12.0,Current,0,0,ACB-BR007
ACB-LN0002905,ACB-C014069,Personal Loan,2022-03-22,25040.25,10892.82,0.0846,240.0,Current,0,0,ACB-BR030
ACB-LN0002906,ACB-C006199,Home Equity Loan,2025-02-13,107466.52,60564.28,0.1034,240.0,Paid Off,0,0,ACB-BR065
ACB-LN0002907,ACB-C002028,Mortgage,2023-06-16,516606.2,163918.39,0.095,48.0,Current,0,0,ACB-BR049
ACB-LN0002908,ACB-C006413,Home Equity Loan,2022-02-22,77409.05,61766.02,0.0555,180.0,Current,0,0,ACB-BR070
ACB-LN0002909,ACB-C012368,Personal Loan,2020-05-28,11303.14,873.73,0.1671,60.0,Current,0,0,ACB-BR080
ACB-LN0002910,ACB-C000941,Auto Loan,2026-02-17,37820.22,11833.96,0.16,24.0,Current,0,0,ACB-BR027
ACB-LN0002911,ACB-C006673,Personal Loan,2025-08-14,28702.4,13251.76,0.1481,120.0,Current,0,0,ACB-BR014
ACB-LN0002912,ACB-C003259,Mortgage,2025-08-21,358050.71,210001.52,0.089,48.0,Current,0,0,ACB-BR031
ACB-LN0002913,ACB-C006901,Auto Loan,2019-10-04,49355.65,41542.52,0.078,24.0,Current,0,0,ACB-BR070
ACB-LN0002914,ACB-C004022,Personal Loan,2021-11-04,16310.8,5078.06,0.1339,12.0,Current,0,0,ACB-BR006
ACB-LN0002915,ACB-C012595,Mortgage,2021-08-10,600164.39,132195.82,0.0733,24.0,Current,0,0,ACB-BR020
ACB-LN0002916,ACB-C012492,Home Equity Loan,2021-04-17,92833.98,10977.55,0.1086,240.0,Current,0,0,ACB-BR080
ACB-LN0002917,ACB-C008629,Auto Loan,2019-01-29,35901.77,7184.27,0.0957,120.0,Current,0,0,ACB-BR030
ACB-LN0002918,ACB-C010741,Personal Loan,2021-08-21,29133.56,19727.2,0.2182,24.0,Current,0,0,ACB-BR018
ACB-LN0002919,ACB-C004252,Mortgage,2020-07-21,320387.91,205942.97,0.0428,36.0,90+ DPD,144,1,ACB-BR062
ACB-LN0002920,ACB-C008372,Auto Loan,2025-11-21,28904.4,11673.09,0.066,84.0,60-89 DPD,71,0,ACB-BR039
ACB-LN0002921,ACB-C012017,Mortgage,2019-11-14,406230.34,79493.08,0.0424,240.0,Paid Off,0,0,ACB-BR043
ACB-LN0002922,ACB-C003970,Student Loan,2021-09-12,40983.19,21509.53,0.064,36.0,Current,0,0,ACB-BR017
ACB-LN0002923,ACB-C002539,Auto Loan,2022-02-08,46426.03,18076.89,0.0943,24.0,Current,0,0,ACB-BR012
ACB-LN0002924,ACB-C009609,Mortgage,2025-06-05,527706.94,138844.76,0.0896,360.0,Paid Off,0,0,ACB-BR074
ACB-LN0002925,ACB-C009595,Personal Loan,2024-03-08,20709.04,11154.28,0.1531,48.0,Current,0,0,ACB-BR034
ACB-LN0002926,ACB-C014137,Mortgage,2019-01-07,550067.17,357691.2,0.0541,24.0,Current,0,0,ACB-BR045
ACB-LN0002927,ACB-C002596,Personal Loan,2024-10-14,2297.65,549.76,0.1954,60.0,Current,0,0,ACB-BR036
ACB-LN0002928,ACB-C001519,Auto Loan,2023-12-13,44129.89,8110.81,0.0802,48.0,30-59 DPD,31,0,ACB-BR050
ACB-LN0002929,ACB-C003591,Mortgage,2024-10-23,584482.37,57007.79,0.0887,48.0,Default,362,1,ACB-BR045
ACB-LN0002930,ACB-C007083,Personal Loan,2020-09-20,5004.22,3245.95,0.1822,180.0,Current,0,0,ACB-BR051
ACB-LN0002931,ACB-C003129,Mortgage,2023-08-12,612661.66,438213.35,0.0867,60.0,Current,0,0,ACB-BR025
ACB-LN0002932,ACB-C001111,Auto Loan,2022-04-24,28659.48,25218.65,0.0686,60.0,Current,0,0,ACB-BR056
ACB-LN0002933,ACB-C001074,Home Equity Loan,2025-08-26,98586.26,37426.42,0.0799,360.0,Written Off,0,1,ACB-BR001
ACB-LN0002934,ACB-C001520,Personal Loan,2025-09-27,24940.78,5721.46,0.1972,240.0,Current,0,0,ACB-BR063
ACB-LN0002935,ACB-C005067,Auto Loan,2025-01-22,49726.84,35748.81,0.082,48.0,Paid Off,0,0,ACB-BR069
ACB-LN0002936,ACB-C008077,Auto Loan,2023-01-07,50608.89,3527.6,0.1107,360.0,Current,0,0,ACB-BR056
ACB-LN0002937,ACB-C004751,Auto Loan,2020-04-05,8834.04,8155.96,0.0914,120.0,Default,275,1,ACB-BR026
ACB-LN0002938,ACB-C013380,Mortgage,2022-06-01,364419.98,70285.56,0.0813,36.0,Paid Off,0,0,ACB-BR075
ACB-LN0002939,ACB-C010744,Auto Loan,2020-11-23,14031.73,12899.49,0.0778,360.0,Written Off,0,1,ACB-BR063
ACB-LN0002940,ACB-C006744,Mortgage,2024-02-04,145040.03,113527.87,0.0614,120.0,Current,0,0,ACB-BR002
ACB-LN0002941,ACB-C012814,Mortgage,2025-03-13,619449.91,179390.12,0.089,48.0,Current,0,0,ACB-BR054
ACB-LN0002942,ACB-C010023,Auto Loan,2019-04-28,30946.87,16298.75,0.1086,60.0,Current,0,0,ACB-BR006
ACB-LN0002943,ACB-C004808,Student Loan,2021-08-26,24098.75,9204.36,0.084,84.0,Current,0,0,ACB-BR064
ACB-LN0002944,ACB-C008063,Small Business Loan,2021-09-02,193069.15,118225.75,0.1796,24.0,Current,0,0,ACB-BR070
ACB-LN0002945,ACB-C009636,Mortgage,2021-05-01,434937.09,87119.85,0.0733,84.0,Paid Off,0,0,ACB-BR025
ACB-LN0002946,ACB-C008727,Personal Loan,2025-01-04,6138.12,4843.47,0.1896,240.0,Current,0,0,ACB-BR014
ACB-LN0002947,ACB-C010803,Mortgage,2022-08-10,183848.53,114156.41,0.0749,84.0,Current,0,0,ACB-BR028
ACB-LN0002948,ACB-C008496,Mortgage,2020-06-14,335976.13,83423.98,0.0674,120.0,90+ DPD,105,1,ACB-BR014
ACB-LN0002949,ACB-C011451,Mortgage,2022-07-18,364742.75,231119.92,0.0465,60.0,Default,134,1,ACB-BR075
ACB-LN0002950,ACB-C009060,Student Loan,2025-09-23,51430.02,17202.81,0.0905,48.0,Current,0,0,ACB-BR054
ACB-LN0002951,ACB-C005125,Mortgage,2024-10-27,566987.15,208245.62,0.0778,180.0,Current,0,0,ACB-BR070
ACB-LN0002952,ACB-C003807,Auto Loan,2022-07-20,18947.35,8693.4,0.1012,360.0,90+ DPD,139,1,ACB-BR038
ACB-LN0002953,ACB-C004577,Small Business Loan,2022-02-24,138452.01,91325.34,0.0829,12.0,Current,0,0,ACB-BR074
ACB-LN0002954,ACB-C006817,Small Business Loan,2019-12-03,120629.88,63955.34,0.1363,120.0,Current,0,0,ACB-BR001
ACB-LN0002955,ACB-C011794,Mortgage,2022-04-17,537692.71,355205.7,0.0339,84.0,Current,0,0,ACB-BR064
ACB-LN0002956,ACB-C010212,Mortgage,2022-04-29,452159.12,233455.53,0.035,180.0,Current,0,0,ACB-BR035
ACB-LN0002957,ACB-C009854,Mortgage,2021-01-19,258942.82,57513.51,0.071,36.0,Current,0,0,ACB-BR068
ACB-LN0002958,ACB-C008434,Auto Loan,2023-06-03,44435.34,21568.78,0.0846,240.0,Current,0,0,ACB-BR047
ACB-LN0002959,ACB-C005831,Personal Loan,2021-11-26,18533.27,6898.91,0.166,240.0,Current,0,0,ACB-BR072
ACB-LN0002960,ACB-C009585,Personal Loan,2020-05-02,31619.58,19128.39,0.1304,240.0,Current,0,0,ACB-BR043
ACB-LN0002961,ACB-C000955,Auto Loan,2024-07-29,32174.36,15896.45,0.1551,120.0,Paid Off,0,0,ACB-BR023
ACB-LN0002962,ACB-C012125,Auto Loan,2022-05-25,20986.58,5200.54,0.0758,240.0,Current,0,0,ACB-BR031
ACB-LN0002963,ACB-C012867,Mortgage,2023-07-13,415861.07,61545.95,0.0572,240.0,Current,0,0,ACB-BR045
ACB-LN0002964,ACB-C011173,Personal Loan,2022-11-21,31171.65,29647.12,0.1101,48.0,Current,0,0,ACB-BR023
ACB-LN0002965,ACB-C005205,Mortgage,2020-07-05,295297.58,221710.75,0.0658,36.0,Current,0,0,ACB-BR040
ACB-LN0002966,ACB-C001005,Mortgage,2024-07-01,523498.33,269173.15,0.0475,36.0,Current,0,0,ACB-BR072
ACB-LN0002967,ACB-C000674,Small Business Loan,2023-10-15,215996.02,206035.22,0.1322,60.0,Current,0,0,ACB-BR026
ACB-LN0002968,ACB-C002784,Auto Loan,2021-12-12,52502.68,38753.3,0.0963,36.0,Current,0,0,ACB-BR035
ACB-LN0002969,ACB-C002203,Personal Loan,2022-01-20,30387.92,2422.45,0.1529,240.0,Current,0,0,ACB-BR008
ACB-LN0002970,ACB-C001622,Mortgage,2026-01-02,318611.4,187326.18,0.0916,36.0,Current,0,0,ACB-BR077
ACB-LN0002971,ACB-C007470,Auto Loan,2023-07-16,48674.08,3097.83,0.1012,12.0,Current,0,0,ACB-BR040
ACB-LN0002972,ACB-C003062,Student Loan,2025-03-22,48812.33,42527.48,0.0707,120.0,Current,0,0,ACB-BR066
ACB-LN0002973,ACB-C002175,Mortgage,2023-12-17,500290.08,202466.0,0.0935,240.0,Current,0,0,ACB-BR025
ACB-LN0002974,ACB-C006825,Personal Loan,2025-10-03,18792.52,5675.26,0.2073,240.0,Current,0,0,ACB-BR042
ACB-LN0002975,ACB-C013331,Mortgage,2020-12-22,585723.15,171622.52,0.0506,24.0,Current,0,0,ACB-BR030
ACB-LN0002976,ACB-C014096,Mortgage,2025-02-02,157217.54,129064.72,0.0554,180.0,Default,343,1,ACB-BR049
ACB-LN0002977,ACB-C002092,Small Business Loan,2019-05-07,33126.6,9087.39,0.1291,84.0,60-89 DPD,65,0,ACB-BR004
ACB-LN0002978,ACB-C004572,Mortgage,2024-04-19,436417.25,211689.1,0.095,12.0,Current,0,0,ACB-BR070
ACB-LN0002979,ACB-C014789,Auto Loan,2021-03-13,17565.17,6749.96,0.102,36.0,Current,0,0,ACB-BR012
ACB-LN0002980,ACB-C013656,Personal Loan,2022-10-09,25080.36,16364.7,0.24,84.0,30-59 DPD,31,0,ACB-BR008
ACB-LN0002981,ACB-C012449,Personal Loan,2023-08-27,25608.99,22617.66,0.2311,36.0,Current,0,0,ACB-BR046
ACB-LN0002982,ACB-C003780,Small Business Loan,2024-01-12,138630.76,42096.16,0.0935,24.0,Current,0,0,ACB-BR042
ACB-LN0002983,ACB-C000859,Mortgage,2021-06-07,412006.07,66993.38,0.0596,120.0,Paid Off,0,0,ACB-BR075
ACB-LN0002984,ACB-C011046,Student Loan,2025-01-25,56287.55,27670.35,0.0755,24.0,Default,154,1,ACB-BR022
ACB-LN0002985,ACB-C003383,Personal Loan,2023-05-12,33101.12,4489.97,0.1646,180.0,Current,0,0,ACB-BR008
ACB-LN0002986,ACB-C001650,Mortgage,2020-11-25,646184.42,54296.56,0.0689,60.0,Current,0,0,ACB-BR070
ACB-LN0002987,ACB-C014697,Auto Loan,2021-09-12,48409.69,11930.11,0.1066,180.0,Current,0,0,ACB-BR018
ACB-LN0002988,ACB-C014611,Auto Loan,2025-03-08,24640.49,3185.03,0.0764,240.0,Current,0,0,ACB-BR042
ACB-LN0002989,ACB-C007889,Auto Loan,2021-04-03,39199.69,34976.71,,60.0,90+ DPD,106,1,ACB-BR002
ACB-LN0002990,ACB-C007936,Auto Loan,2022-05-01,31159.5,23930.55,0.0916,24.0,30-59 DPD,51,0,ACB-BR041
ACB-LN0002991,ACB-C010230,Mortgage,2020-12-20,613966.5,504448.23,0.0617,24.0,Paid Off,0,0,ACB-BR070
ACB-LN0002992,ACB-C010633,Home Equity Loan,2024-08-31,99225.86,52642.94,0.14,36.0,Default,121,1,ACB-BR030
ACB-LN0002993,ACB-C003800,Mortgage,2025-01-18,577365.83,127396.29,0.0855,60.0,Paid Off,0,0,ACB-BR056
ACB-LN0002994,ACB-C009186,Personal Loan,2019-03-17,31547.23,6851.46,0.1979,60.0,Current,0,0,ACB-BR014
ACB-LN0002995,ACB-C007169,Auto Loan,2019-10-17,10841.1,10621.53,0.1181,84.0,Current,0,0,ACB-BR054
ACB-LN0002996,ACB-C003097,Mortgage,2019-10-21,396196.2,207547.19,0.0669,48.0,30-59 DPD,49,0,ACB-BR073
ACB-LN0002997,ACB-C012758,Mortgage,2023-11-28,120290.29,58886.74,0.0492,,Paid Off,0,0,ACB-BR064
ACB-LN0002998,ACB-C010318,Student Loan,2019-07-21,48935.12,40038.99,0.0555,36.0,Current,0,0,ACB-BR033
ACB-LN0002999,ACB-C000230,Small Business Loan,2025-04-10,64549.26,9615.91,0.1108,84.0,Current,0,0,ACB-BR003
ACB-LN0003000,ACB-C001019,Student Loan,2024-12-14,39756.43,16582.61,0.0995,12.0,Current,0,0,ACB-BR073
ACB-LN0003001,ACB-C010126,Personal Loan,2023-04-14,8816.64,6515.44,0.12,240.0,Current,0,0,ACB-BR028
ACB-LN0003002,ACB-C011287,Mortgage,2025-01-17,498686.88,357797.56,0.0935,120.0,Current,0,0,ACB-BR062
ACB-LN0003003,ACB-C003998,Auto Loan,2025-07-10,50227.42,11862.8,0.0704,360.0,Current,0,0,ACB-BR006
ACB-LN0003004,ACB-C005049,Auto Loan,2023-07-01,40975.94,3256.14,0.16,36.0,Current,0,0,ACB-BR022
ACB-LN0003005,ACB-C004596,Small Business Loan,2021-12-09,172905.29,32410.2,0.1686,360.0,90+ DPD,146,1,ACB-BR068
ACB-LN0003006,ACB-C008396,Personal Loan,2024-03-08,33658.39,2435.94,0.1163,84.0,Paid Off,0,0,ACB-BR032
ACB-LN0003007,ACB-C010821,Auto Loan,2023-08-14,26438.35,15172.1,0.122,48.0,60-89 DPD,89,0,ACB-BR033
ACB-LN0003008,ACB-C002951,Student Loan,2022-02-06,69805.56,16321.19,0.0451,180.0,Current,0,0,ACB-BR041
ACB-LN0003009,ACB-C014618,Mortgage,2020-11-29,457305.99,438564.69,0.0586,12.0,Current,0,0,ACB-BR069
ACB-LN0003010,ACB-C000348,Auto Loan,2025-12-07,46310.02,11106.31,0.16,180.0,Current,0,0,ACB-BR052
ACB-LN0003011,ACB-C000490,Mortgage,2023-02-03,557125.8,406819.43,0.0946,120.0,Written Off,0,1,ACB-BR033
ACB-LN0003012,ACB-C006048,Auto Loan,2021-02-09,27754.9,24319.96,0.0799,12.0,60-89 DPD,77,0,ACB-BR007
ACB-LN0003013,ACB-C007281,Mortgage,2021-09-09,636390.23,343629.48,0.0392,48.0,Current,0,0,ACB-BR005
ACB-LN0003014,ACB-C009806,Personal Loan,2021-01-02,24572.12,2529.78,0.1216,12.0,Current,0,0,ACB-BR028
ACB-LN0003015,ACB-C000505,Auto Loan,2019-12-12,39474.62,34896.63,0.0899,36.0,Paid Off,0,0,ACB-BR051
ACB-LN0003016,ACB-C014395,Mortgage,2022-11-15,544154.24,427188.23,0.0671,240.0,Current,0,0,ACB-BR067
ACB-LN0003017,ACB-C004603,Home Equity Loan,2023-08-11,102355.68,87538.56,0.0912,60.0,Current,0,0,ACB-BR033
ACB-LN0003018,ACB-C001731,Home Equity Loan,2024-05-23,48168.5,29510.86,0.1036,240.0,Current,0,0,ACB-BR078
ACB-LN0003019,ACB-C012807,Mortgage,2023-01-15,305362.23,246724.52,0.0926,24.0,Current,0,0,ACB-BR073
ACB-LN0003020,ACB-C003731,Mortgage,2021-12-10,226917.22,111752.74,0.0342,360.0,60-89 DPD,81,0,ACB-BR039
ACB-LN0003021,ACB-C014740,Home Equity Loan,2022-03-10,81888.84,35375.49,0.0644,48.0,Current,0,0,ACB-BR045
ACB-LN0003022,ACB-C003416,Auto Loan,2021-07-04,17222.83,7599.28,0.0933,60.0,Current,0,0,ACB-BR069
ACB-LN0003023,ACB-C014664,Personal Loan,2020-04-30,31289.48,15570.32,0.2168,84.0,Current,0,0,ACB-BR077
ACB-LN0003024,ACB-C003213,Student Loan,2019-08-01,8383.96,4091.53,0.0651,180.0,Current,0,0,ACB-BR012
ACB-LN0003025,ACB-C007721,Mortgage,2020-03-18,548056.67,332905.24,0.0328,120.0,Current,0,0,ACB-BR023
ACB-LN0003026,ACB-C006433,Mortgage,2022-06-18,517821.02,120239.64,0.0943,60.0,Current,0,0,ACB-BR064
ACB-LN0003027,ACB-C010228,Mortgage,2022-01-07,424618.58,297195.14,0.0421,36.0,Paid Off,0,0,ACB-BR029
ACB-LN0003028,ACB-C003834,Auto Loan,2023-10-21,36932.87,12249.68,0.1307,360.0,Paid Off,0,0,ACB-BR079
ACB-LN0003029,ACB-C003770,Personal Loan,2021-04-07,15719.97,1592.82,0.1433,48.0,Current,0,0,ACB-BR048
ACB-LN0003030,ACB-C002174,Mortgage,2020-01-25,217677.56,51843.85,0.0348,84.0,30-59 DPD,37,0,ACB-BR043
ACB-LN0003031,ACB-C005029,Auto Loan,2019-06-09,12119.63,2045.41,0.1207,24.0,Current,0,0,ACB-BR022
ACB-LN0003032,ACB-C001895,Student Loan,2026-03-28,68983.43,24992.81,0.0549,24.0,90+ DPD,176,1,ACB-BR034
ACB-LN0003033,ACB-C005564,Mortgage,2021-02-07,583072.84,111549.47,0.036,24.0,Current,0,0,ACB-BR058
ACB-LN0003034,ACB-C011920,Personal Loan,2022-11-16,16113.08,2839.24,0.24,24.0,Current,0,0,ACB-BR074
ACB-LN0003035,ACB-C007526,Auto Loan,2022-04-17,48724.27,20989.74,0.0871,240.0,Current,0,0,ACB-BR007
ACB-LN0003036,ACB-C000942,Auto Loan,2026-03-04,43335.36,3623.58,0.0777,180.0,Current,0,0,ACB-BR040
ACB-LN0003037,ACB-C011022,Auto Loan,2025-09-12,10994.33,591.07,0.0756,120.0,Current,0,0,ACB-BR003
ACB-LN0003038,ACB-C002206,Small Business Loan,2019-11-08,133904.95,58774.45,0.1152,36.0,Current,0,0,ACB-BR014
ACB-LN0003039,ACB-C011016,Home Equity Loan,2025-01-12,45450.51,38356.44,0.0962,240.0,90+ DPD,157,1,ACB-BR047
ACB-LN0003040,ACB-C001641,Home Equity Loan,2022-04-10,85033.91,52264.89,0.0714,120.0,Current,0,0,ACB-BR080
ACB-LN0003041,ACB-C002683,Personal Loan,2021-11-25,15513.86,3577.46,0.2039,180.0,Current,0,0,ACB-BR063
ACB-LN0003042,ACB-C001038,Auto Loan,2022-04-17,14516.53,7272.1,0.0897,120.0,Current,0,0,ACB-BR067
ACB-LN0003043,ACB-C004361,Small Business Loan,2024-06-29,141958.24,76111.18,0.165,60.0,Current,0,0,ACB-BR038
ACB-LN0003044,ACB-C014296,Auto Loan,2019-06-27,40198.33,33781.74,0.1053,84.0,Current,0,0,ACB-BR079
ACB-LN0003045,ACB-C009158,Mortgage,2019-11-29,404868.88,382081.08,0.0556,12.0,Paid Off,0,0,ACB-BR074
ACB-LN0003046,ACB-C001362,Auto Loan,2024-05-31,13882.75,12598.6,0.0636,12.0,Default,193,1,ACB-BR065
ACB-LN0003047,ACB-C010719,Personal Loan,2022-03-01,26220.94,9996.97,,240.0,Current,0,0,ACB-BR004
ACB-LN0003048,ACB-C007914,Mortgage,2023-02-26,277265.76,216477.09,0.0704,24.0,Current,0,0,ACB-BR018
ACB-LN0003049,ACB-C007899,Mortgage,2023-06-24,633312.33,434718.34,0.0803,24.0,Current,0,0,ACB-BR002
ACB-LN0003050,ACB-C009484,Personal Loan,2021-01-09,15458.2,7252.47,0.1022,360.0,Current,0,0,ACB-BR037
ACB-LN0003051,ACB-C010724,Student Loan,2023-11-29,53938.56,41138.51,0.11,12.0,Current,0,0,ACB-BR042
ACB-LN0003052,ACB-C000917,Student Loan,2023-03-13,60038.23,31393.87,0.0816,120.0,Current,0,0,ACB-BR022
ACB-LN0003053,ACB-C007447,Auto Loan,2024-06-27,50903.57,34915.23,0.0748,60.0,Current,0,0,ACB-BR039
ACB-LN0003054,ACB-C000583,Mortgage,2025-06-23,257980.84,91647.34,0.0834,36.0,Current,0,0,ACB-BR049
ACB-LN0003055,ACB-C003844,Auto Loan,2023-02-16,25944.27,8435.61,0.0765,36.0,Current,0,0,ACB-BR028
ACB-LN0003056,ACB-C007835,Mortgage,2025-08-06,230727.03,176359.2,0.0428,24.0,90+ DPD,159,1,ACB-BR006
ACB-LN0003057,ACB-C004369,Personal Loan,2021-06-14,7978.02,2815.94,0.1083,60.0,Written Off,0,1,ACB-BR078
ACB-LN0003058,ACB-C006873,Student Loan,2019-07-01,37788.27,28785.87,0.0828,180.0,30-59 DPD,35,0,ACB-BR072
ACB-LN0003059,ACB-C014566,Mortgage,2023-07-28,574837.16,556187.21,0.0478,180.0,Paid Off,0,0,ACB-BR002
ACB-LN0003060,ACB-C002786,Mortgage,2025-11-10,604548.53,556292.49,0.0538,24.0,Paid Off,0,0,ACB-BR074
ACB-LN0003061,ACB-C008312,Mortgage,2022-03-31,400014.52,240392.49,0.0594,24.0,30-59 DPD,47,0,ACB-BR065
ACB-LN0003062,ACB-C013663,Mortgage,2024-09-12,251786.76,192125.98,0.045,60.0,Current,0,0,ACB-BR063
ACB-LN0003063,ACB-C009853,Personal Loan,2020-11-06,24363.17,12498.09,0.2184,48.0,Current,0,0,ACB-BR032
ACB-LN0003064,ACB-C013245,Personal Loan,2025-03-21,8073.23,2507.51,0.1724,240.0,Paid Off,0,0,ACB-BR041
ACB-LN0003065,ACB-C014212,Small Business Loan,2023-02-07,81074.93,57516.58,0.1504,36.0,60-89 DPD,89,0,ACB-BR042
ACB-LN0003066,ACB-C003847,Personal Loan,2021-11-21,27826.3,12453.23,0.174,120.0,Paid Off,0,0,ACB-BR022
ACB-LN0003067,ACB-C005529,Auto Loan,2022-05-17,35883.68,24249.64,0.1116,36.0,Written Off,0,1,ACB-BR079
ACB-LN0003068,ACB-C012673,Mortgage,2023-09-28,279338.74,55562.07,0.0627,180.0,Current,0,0,ACB-BR020
ACB-LN0003069,ACB-C010931,Personal Loan,2022-04-29,21999.38,7377.1,0.1495,84.0,Written Off,0,1,ACB-BR034
ACB-LN0003070,ACB-C008308,Student Loan,2019-05-17,25629.25,7813.19,0.0627,84.0,Current,0,0,ACB-BR027
ACB-LN0003071,ACB-C008677,Small Business Loan,2020-03-14,231894.97,127693.71,0.1326,240.0,Current,0,0,ACB-BR015
ACB-LN0003072,ACB-C005394,Mortgage,2022-12-01,447036.07,146751.66,0.0449,360.0,Current,0,0,ACB-BR036
ACB-LN0003073,ACB-C003516,Mortgage,2025-03-06,253043.52,44439.64,0.0413,84.0,Current,0,0,ACB-BR037
ACB-LN0003074,ACB-C012225,Home Equity Loan,2025-04-10,56987.44,18485.23,0.1362,84.0,Written Off,0,1,ACB-BR003
ACB-LN0003075,ACB-C013292,Personal Loan,2019-12-05,15929.72,5404.17,0.1968,180.0,Current,0,0,ACB-BR015
ACB-LN0003076,ACB-C003281,Mortgage,2019-04-18,400658.51,56845.31,0.0554,180.0,Paid Off,0,0,ACB-BR061
ACB-LN0003077,ACB-C006154,Home Equity Loan,2026-01-14,77981.15,55003.31,0.14,360.0,Current,0,0,ACB-BR021
ACB-LN0003078,ACB-C001697,Auto Loan,2026-01-16,14552.46,14132.18,0.1331,84.0,Current,0,0,ACB-BR007
ACB-LN0003079,ACB-C000196,Home Equity Loan,2021-08-18,78801.51,30571.71,0.0918,240.0,Current,0,0,ACB-BR042
ACB-LN0003080,ACB-C011574,Auto Loan,2021-09-15,53909.26,49384.13,0.0695,240.0,Current,0,0,ACB-BR067
ACB-LN0003081,ACB-C010655,Auto Loan,2019-02-27,9957.73,7939.26,0.1181,180.0,90+ DPD,178,1,ACB-BR070
ACB-LN0003082,ACB-C001465,Student Loan,2022-03-16,46638.13,26884.99,0.0586,12.0,Current,0,0,ACB-BR047
ACB-LN0003083,ACB-C014003,Personal Loan,2020-04-11,11553.27,6457.43,0.1203,120.0,Current,0,0,ACB-BR033
ACB-LN0003084,ACB-C012631,Auto Loan,2021-07-13,30109.97,22651.68,0.0898,12.0,Current,0,0,ACB-BR070
ACB-LN0003085,ACB-C012708,Small Business Loan,2023-03-15,102145.2,82147.09,0.2,84.0,Current,0,0,ACB-BR025
ACB-LN0003086,ACB-C003327,Auto Loan,2021-02-06,45495.91,21918.44,0.0718,12.0,Current,0,0,ACB-BR020
ACB-LN0003087,ACB-C008091,Auto Loan,2025-09-18,52348.66,31053.38,0.1189,60.0,Default,153,1,ACB-BR054
ACB-LN0003088,ACB-C006295,Auto Loan,2023-08-28,44036.46,6380.07,0.0718,24.0,Current,0,0,ACB-BR038
ACB-LN0003089,ACB-C003044,Auto Loan,2021-06-04,11347.14,7947.69,0.1013,,60-89 DPD,80,0,ACB-BR052
ACB-LN0003090,ACB-C007550,Personal Loan,2025-11-02,26011.44,7507.43,0.1102,36.0,30-59 DPD,54,0,ACB-BR063
ACB-LN0003091,ACB-C007029,Student Loan,2019-12-18,39169.26,33898.59,0.0618,120.0,Current,0,0,ACB-BR002
ACB-LN0003092,ACB-C012778,Home Equity Loan,2025-09-15,64141.49,49197.44,0.1231,240.0,Current,0,0,ACB-BR054
ACB-LN0003093,ACB-C011604,Small Business Loan,2021-10-30,211034.92,143423.53,0.0981,84.0,Current,0,0,ACB-BR044
ACB-LN0003094,ACB-C008940,Personal Loan,2021-12-27,15108.04,12185.31,0.1082,36.0,Current,0,0,ACB-BR032
ACB-LN0003095,ACB-C008417,Mortgage,2022-06-01,265638.31,244750.28,0.044,12.0,Current,0,0,ACB-BR080
ACB-LN0003096,ACB-C010187,Small Business Loan,2025-11-28,173063.86,122766.34,0.2,36.0,Current,0,0,ACB-BR036
ACB-LN0003097,ACB-C000142,Home Equity Loan,2022-08-09,54418.05,17384.8,0.0766,120.0,Current,0,0,ACB-BR034
ACB-LN0003098,ACB-C009154,Mortgage,2020-05-02,504264.64,77782.68,0.0504,24.0,Current,0,0,ACB-BR072
ACB-LN0003099,ACB-C010199,Mortgage,2020-08-22,423587.49,120670.95,0.0584,36.0,Current,0,0,ACB-BR066
ACB-LN0003100,ACB-C004178,Personal Loan,2022-02-27,16539.0,15642.39,0.2122,48.0,Current,0,0,ACB-BR077
ACB-LN0003101,ACB-C003547,Personal Loan,2024-11-10,17762.75,4986.19,0.1832,60.0,Current,0,0,ACB-BR008
ACB-LN0003102,ACB-C013095,Auto Loan,2023-03-14,28695.04,3012.25,0.0902,84.0,Current,0,0,ACB-BR067
ACB-LN0003103,ACB-C007591,Home Equity Loan,2024-08-04,61977.82,56876.47,0.1285,240.0,Written Off,0,1,ACB-BR040
ACB-LN0003104,ACB-C002161,Personal Loan,2019-01-03,31981.29,22643.38,0.2005,360.0,Current,0,0,ACB-BR059
ACB-LN0003105,ACB-C003534,Auto Loan,2025-03-05,36155.95,26425.46,0.1437,360.0,60-89 DPD,80,0,ACB-BR064
ACB-LN0003106,ACB-C002328,Mortgage,2020-10-22,632445.66,211700.75,0.0575,180.0,Current,0,0,ACB-BR038
ACB-LN0003107,ACB-C011424,Mortgage,2024-12-21,253733.4,102154.26,0.0732,24.0,Current,0,0,ACB-BR017
ACB-LN0003108,ACB-C002772,Personal Loan,2021-06-25,25342.88,1563.3,0.1971,,Current,0,0,ACB-BR037
ACB-LN0003109,ACB-C008486,Auto Loan,2023-09-07,10278.14,9416.63,0.0994,48.0,30-59 DPD,45,0,ACB-BR013
ACB-LN0003110,ACB-C007387,Student Loan,2024-07-30,55712.41,15266.21,0.0992,180.0,Current,0,0,ACB-BR027
ACB-LN0003111,ACB-C007845,Personal Loan,2022-07-15,22351.96,3564.07,0.1552,24.0,Current,0,0,ACB-BR075
ACB-LN0003112,ACB-C010488,Personal Loan,2025-06-30,18586.65,7398.9,0.1569,84.0,90+ DPD,128,1,ACB-BR018
ACB-LN0003113,ACB-C007820,Home Equity Loan,2021-02-14,113693.91,60977.13,0.0901,180.0,Current,0,0,ACB-BR040
ACB-LN0003114,ACB-C012432,Small Business Loan,2024-12-04,239299.38,63386.53,0.2,240.0,Current,0,0,ACB-BR048
ACB-LN0003115,ACB-C010499,Home Equity Loan,2024-03-17,57512.08,10515.17,0.1069,84.0,30-59 DPD,52,0,ACB-BR075
ACB-LN0003116,ACB-C008089,Mortgage,2022-02-07,357854.23,173262.32,0.0665,24.0,Current,0,0,ACB-BR030
ACB-LN0003117,ACB-C010810,Home Equity Loan,2022-06-23,46679.28,31799.72,0.1013,180.0,90+ DPD,169,1,ACB-BR066
ACB-LN0003118,ACB-C005434,Home Equity Loan,2024-10-30,17268.85,12972.76,0.0884,48.0,Current,0,0,ACB-BR010
ACB-LN0003119,ACB-C013517,Personal Loan,2022-10-05,31010.73,13410.53,0.1548,24.0,Current,0,0,ACB-BR048
ACB-LN0003120,ACB-C012855,Auto Loan,2025-05-24,29861.09,10659.81,0.16,12.0,Default,188,1,ACB-BR062
ACB-LN0003121,ACB-C003235,Personal Loan,2022-12-11,4421.78,1770.36,0.2138,36.0,Current,0,0,ACB-BR080
ACB-LN0003122,ACB-C006779,Home Equity Loan,2024-11-04,112484.23,34357.18,0.14,120.0,Current,0,0,ACB-BR002
ACB-LN0003123,ACB-C000611,Personal Loan,2023-01-25,8275.06,8032.14,0.1867,24.0,Current,0,0,ACB-BR010
ACB-LN0003124,ACB-C000745,Auto Loan,2023-03-25,16889.24,7761.37,0.1294,36.0,Current,0,0,ACB-BR049
ACB-LN0003125,ACB-C005602,Auto Loan,2023-06-04,15097.75,8869.26,0.0762,36.0,Current,0,0,ACB-BR054
ACB-LN0003126,ACB-C005292,Small Business Loan,2019-05-08,49197.07,40986.59,0.1093,60.0,Current,0,0,ACB-BR032
ACB-LN0003127,ACB-C009780,Small Business Loan,2021-04-21,142294.48,114583.43,0.1738,180.0,Current,0,0,ACB-BR064
ACB-LN0003128,ACB-C001286,Mortgage,2022-01-22,370636.82,277444.65,0.0476,36.0,Current,0,0,ACB-BR052
ACB-LN0003129,ACB-C000092,Personal Loan,2024-06-28,16104.56,5942.25,0.1737,24.0,Current,0,0,ACB-BR077
ACB-LN0003130,ACB-C006371,Auto Loan,2025-07-15,36014.27,21342.13,0.1105,180.0,Current,0,0,ACB-BR028
ACB-LN0003131,ACB-C002733,Personal Loan,2022-06-26,22156.06,16288.8,0.1425,240.0,Current,0,0,ACB-BR067
ACB-LN0003132,ACB-C011899,Home Equity Loan,2026-02-24,39554.4,24257.38,0.14,12.0,30-59 DPD,46,0,ACB-BR044
ACB-LN0003133,ACB-C014628,Auto Loan,2020-02-20,12549.77,9003.66,0.0622,24.0,Current,0,0,ACB-BR036
ACB-LN0003134,ACB-C003937,Auto Loan,2019-10-16,27820.32,18302.57,0.0721,84.0,Current,0,0,ACB-BR026
ACB-LN0003135,ACB-C000319,Personal Loan,2020-01-21,29668.69,21414.82,0.2173,180.0,Current,0,0,ACB-BR077
ACB-LN0003136,ACB-C004507,Mortgage,2025-04-30,183319.84,70459.41,0.0744,120.0,Current,0,0,ACB-BR018
ACB-LN0003137,ACB-C004836,Student Loan,2019-06-07,58719.32,21204.67,0.0711,360.0,Current,0,0,ACB-BR013
ACB-LN0003138,ACB-C009021,Personal Loan,2020-11-01,27567.42,12865.42,0.1986,180.0,Current,0,0,ACB-BR012
ACB-LN0003139,ACB-C004052,Home Equity Loan,2023-01-31,82218.66,37695.15,0.0875,36.0,60-89 DPD,87,0,ACB-BR003
ACB-LN0003140,ACB-C008206,Mortgage,2024-12-02,505601.72,155373.43,0.0615,360.0,Current,0,0,ACB-BR066
ACB-LN0003141,ACB-C006069,Mortgage,2023-03-23,339560.58,246445.91,0.0843,24.0,Current,0,0,ACB-BR002
ACB-LN0003142,ACB-C014122,Personal Loan,2021-12-16,10981.45,3255.24,0.2027,360.0,Current,0,0,ACB-BR022
ACB-LN0003143,ACB-C011689,Personal Loan,2025-01-24,24457.77,22376.94,0.1359,24.0,Current,0,0,ACB-BR010
ACB-LN0003144,ACB-C004770,Auto Loan,2022-02-28,23350.97,21751.81,0.0549,36.0,Paid Off,0,0,ACB-BR016
ACB-LN0003145,ACB-C008564,Auto Loan,2020-05-02,20335.72,5398.77,0.0483,180.0,Current,0,0,ACB-BR067
ACB-LN0003146,ACB-C005217,Mortgage,2024-03-22,192483.29,43148.18,0.0645,240.0,Current,0,0,ACB-BR029
ACB-LN0003147,ACB-C014628,Auto Loan,2025-02-02,10195.87,5361.14,0.0951,360.0,Paid Off,0,0,ACB-BR061
ACB-LN0003148,ACB-C011768,Auto Loan,2023-01-23,23160.36,9141.54,0.1093,360.0,Current,0,0,ACB-BR031
ACB-LN0003149,ACB-C008546,Auto Loan,2022-07-08,8001.42,3479.33,0.1502,36.0,Current,0,0,ACB-BR073
ACB-LN0003150,ACB-C010568,Personal Loan,2022-11-23,11606.47,11160.19,0.111,84.0,Current,0,0,ACB-BR017
ACB-LN0003151,ACB-C003411,Student Loan,2025-12-12,22467.95,19073.89,0.1084,24.0,Current,0,0,ACB-BR058
ACB-LN0003152,ACB-C006187,Personal Loan,2019-01-24,28871.5,21582.34,0.1402,240.0,Current,0,0,ACB-BR033
ACB-LN0003153,ACB-C001515,Mortgage,2020-10-30,642560.24,519097.98,0.0305,120.0,Current,0,0,ACB-BR038
ACB-LN0003154,ACB-C010388,Mortgage,2020-01-22,203920.15,148076.85,0.034,360.0,Current,0,0,ACB-BR002
ACB-LN0003155,ACB-C010896,Personal Loan,2025-08-19,3333.91,2449.99,0.2002,84.0,90+ DPD,148,1,ACB-BR020
ACB-LN0003156,ACB-C014034,Mortgage,2024-07-09,443107.36,114097.72,0.0642,240.0,Current,0,0,ACB-BR029
ACB-LN0003157,ACB-C001723,Personal Loan,2021-07-13,20815.21,15925.72,0.1684,12.0,60-89 DPD,60,0,ACB-BR076
ACB-LN0003158,ACB-C007349,Mortgage,2021-11-04,423980.82,213023.94,0.04,240.0,Current,0,0,ACB-BR080
ACB-LN0003159,ACB-C010008,Personal Loan,2025-03-25,18450.7,10899.08,0.195,360.0,Default,330,1,ACB-BR043
ACB-LN0003160,ACB-C005703,Mortgage,2019-11-14,156389.84,97872.63,0.0708,12.0,Current,0,0,ACB-BR001
ACB-LN0003161,ACB-C003977,Auto Loan,2025-09-03,31038.53,28911.99,0.0843,36.0,30-59 DPD,52,0,ACB-BR041
ACB-LN0003162,ACB-C012766,Small Business Loan,2020-12-21,82291.74,75765.94,0.0924,180.0,Current,0,0,ACB-BR034
ACB-LN0003163,ACB-C012488,Personal Loan,2025-01-03,26020.88,1664.0,0.2322,120.0,Current,0,0,ACB-BR076
ACB-LN0003164,ACB-C005112,Mortgage,2019-12-22,419984.58,383564.54,0.0467,180.0,Current,0,0,ACB-BR068
ACB-LN0003165,ACB-C012702,Auto Loan,2024-05-27,54888.35,22702.88,0.1362,180.0,Current,0,0,ACB-BR045
ACB-LN0003166,ACB-C005880,Home Equity Loan,2023-06-08,64457.63,3594.81,0.0923,60.0,Current,0,0,ACB-BR074
ACB-LN0003167,ACB-C008686,Mortgage,2020-10-17,163614.71,17572.88,0.0446,120.0,Default,312,1,ACB-BR014
ACB-LN0003168,ACB-C000930,Small Business Loan,2020-10-28,89818.54,71777.61,0.1371,60.0,Current,0,0,ACB-BR044
ACB-LN0003169,ACB-C013676,Mortgage,2020-03-21,180797.66,146302.25,0.0526,48.0,Current,0,0,ACB-BR013
ACB-LN0003170,ACB-C006200,Personal Loan,2020-05-05,5788.46,2048.89,0.1259,36.0,30-59 DPD,50,0,ACB-BR050
ACB-LN0003171,ACB-C006571,Personal Loan,2024-07-13,21833.37,17457.95,0.2285,120.0,Current,0,0,ACB-BR069
ACB-LN0003172,ACB-C004449,Student Loan,2024-11-22,46823.7,14319.23,0.0704,84.0,Paid Off,0,0,ACB-BR062
ACB-LN0003173,ACB-C006905,Personal Loan,2026-02-09,9215.7,2399.02,0.24,180.0,Current,0,0,ACB-BR072
ACB-LN0003174,ACB-C008868,Mortgage,2021-04-20,248293.8,66152.99,0.0409,84.0,Current,0,0,ACB-BR080
ACB-LN0003175,ACB-C011167,Auto Loan,2025-06-15,14076.61,7560.76,0.1311,120.0,Current,0,0,ACB-BR078
ACB-LN0003176,ACB-C010664,Small Business Loan,2019-05-18,72474.7,44391.63,0.172,360.0,Paid Off,0,0,ACB-BR034
ACB-LN0003177,ACB-C013398,Personal Loan,2023-05-09,5692.73,2603.85,0.24,240.0,60-89 DPD,71,0,ACB-BR007
ACB-LN0003178,ACB-C005388,Personal Loan,2026-01-07,20645.87,10999.49,0.24,180.0,Paid Off,0,0,ACB-BR029
ACB-LN0003179,ACB-C003510,Mortgage,2025-05-05,385629.38,84221.48,0.095,240.0,Current,0,0,ACB-BR052
ACB-LN0003180,ACB-C012151,Mortgage,2025-09-23,378216.18,220120.33,0.0773,120.0,Current,0,0,ACB-BR007
ACB-LN0003181,ACB-C001755,Personal Loan,2026-03-27,29671.53,6326.96,0.1801,120.0,Current,0,0,ACB-BR074
ACB-LN0003182,ACB-C006382,Personal Loan,2023-02-20,10545.33,7282.72,0.1362,180.0,Current,0,0,ACB-BR025
ACB-LN0003183,ACB-C012307,Mortgage,2022-04-11,401099.43,184154.26,0.0477,240.0,30-59 DPD,36,0,ACB-BR042
ACB-LN0003184,ACB-C014359,Auto Loan,2021-03-30,12653.86,7663.56,0.0527,120.0,Current,0,0,ACB-BR065
ACB-LN0003185,ACB-C005844,Auto Loan,2025-06-27,53394.18,18366.2,0.1463,12.0,Current,0,0,ACB-BR036
ACB-LN0003186,ACB-C007566,Personal Loan,2021-11-30,2162.04,2060.47,0.1346,84.0,Current,0,0,ACB-BR077
ACB-LN0003187,ACB-C004294,Student Loan,2024-02-26,17585.58,4074.93,0.0573,48.0,Current,0,0,ACB-BR043
ACB-LN0003188,ACB-C012542,Mortgage,2024-05-29,562457.38,403206.74,0.0688,180.0,30-59 DPD,51,0,ACB-BR041
ACB-LN0003189,ACB-C006924,Mortgage,2022-08-12,455174.66,291690.54,0.0752,48.0,90+ DPD,93,1,ACB-BR006
ACB-LN0003190,ACB-C008633,Auto Loan,2019-01-20,30727.8,28894.38,0.0953,120.0,Current,0,0,ACB-BR023
ACB-LN0003191,ACB-C004618,Mortgage,2025-09-25,213052.65,185953.48,0.0749,48.0,Current,0,0,ACB-BR019
ACB-LN0003192,ACB-C006590,Mortgage,2022-06-11,149621.65,14263.24,0.0495,36.0,Written Off,0,1,ACB-BR069
ACB-LN0003193,ACB-C003075,Mortgage,2020-11-09,546307.9,392825.93,0.0692,48.0,Current,0,0,ACB-BR066
ACB-LN0003194,ACB-C002089,Home Equity Loan,2020-11-11,60736.68,40421.58,0.0964,60.0,90+ DPD,178,1,ACB-BR037
ACB-LN0003195,ACB-C010662,Mortgage,2022-07-20,240519.74,138935.18,0.095,60.0,Paid Off,0,0,ACB-BR080
ACB-LN0003196,ACB-C007819,Personal Loan,2023-12-31,24952.78,11026.88,0.24,12.0,30-59 DPD,35,0,ACB-BR013
ACB-LN0003197,ACB-C000473,Personal Loan,2019-06-13,10799.56,7152.48,0.0918,36.0,Current,0,0,ACB-BR075
ACB-LN0003198,ACB-C013409,Mortgage,2023-10-26,492563.13,307985.37,0.0457,48.0,Paid Off,0,0,ACB-BR048
ACB-LN0003199,ACB-C008306,Student Loan,2020-11-29,13155.53,10997.47,0.0497,60.0,Current,0,0,ACB-BR079
ACB-LN0003200,ACB-C014691,Personal Loan,2019-10-10,11673.24,7274.92,0.1207,240.0,Current,0,0,ACB-BR028
ACB-LN0003201,ACB-C003558,Student Loan,2023-03-06,26773.64,15869.49,0.0629,12.0,Current,0,0,ACB-BR039
ACB-LN0003202,ACB-C012974,Auto Loan,2021-02-03,41176.04,21442.86,0.1235,240.0,Current,0,0,ACB-BR003
ACB-LN0003203,ACB-C013212,Mortgage,2023-05-30,509402.23,312305.56,0.0607,24.0,Current,0,0,ACB-BR040
ACB-LN0003204,ACB-C004193,Mortgage,2024-01-28,594308.03,452440.29,0.0513,360.0,Paid Off,0,0,ACB-BR048
ACB-LN0003205,ACB-C009415,Mortgage,2021-07-25,198638.12,99499.09,0.0355,48.0,30-59 DPD,42,0,ACB-BR070
ACB-LN0003206,ACB-C000102,Home Equity Loan,2019-07-03,106807.6,55866.14,0.0666,24.0,90+ DPD,141,1,ACB-BR048
ACB-LN0003207,ACB-C009926,Mortgage,2019-09-13,298502.5,47227.01,0.06,60.0,Current,0,0,ACB-BR072
ACB-LN0003208,ACB-C002009,Mortgage,2024-03-15,175412.38,102477.18,0.0842,36.0,Current,0,0,ACB-BR058
ACB-LN0003209,ACB-C007159,Mortgage,2025-07-09,362349.93,328701.19,0.048,60.0,Current,0,0,ACB-BR074
ACB-LN0003210,ACB-C005117,Mortgage,2020-01-10,371182.04,229666.74,0.0664,60.0,Current,0,0,ACB-BR017
ACB-LN0003211,ACB-C014514,Mortgage,2020-02-24,215619.24,194721.74,0.0699,84.0,Paid Off,0,0,ACB-BR048
ACB-LN0003212,ACB-C010788,Auto Loan,2025-08-25,23453.16,19419.99,0.1341,48.0,Current,0,0,ACB-BR016
ACB-LN0003213,ACB-C004868,Auto Loan,2021-01-28,41655.72,40459.76,0.1296,48.0,Current,0,0,ACB-BR032
ACB-LN0003214,ACB-C001227,Auto Loan,2019-01-05,47315.81,6211.09,0.0669,,Current,0,0,ACB-BR020
ACB-LN0003215,ACB-C003777,Small Business Loan,2024-06-19,37940.82,4105.28,0.1001,48.0,Current,0,0,ACB-BR017
ACB-LN0003216,ACB-C002089,Auto Loan,2024-05-24,47389.89,35783.26,0.0742,12.0,Current,0,0,ACB-BR042
ACB-LN0003217,ACB-C014097,Mortgage,2025-11-30,397842.72,283836.4,0.0597,12.0,Current,0,0,ACB-BR052
ACB-LN0003218,ACB-C001716,Personal Loan,2022-04-10,13995.37,4866.63,0.1711,,Current,0,0,ACB-BR032
ACB-LN0003219,ACB-C012464,Small Business Loan,2021-03-29,48436.6,12300.87,0.0957,120.0,Current,0,0,ACB-BR048
ACB-LN0003220,ACB-C005972,Personal Loan,2023-04-29,15624.94,12157.42,0.165,24.0,Written Off,0,1,ACB-BR025
ACB-LN0003221,ACB-C009318,Small Business Loan,2025-12-11,148518.71,92400.31,0.1923,360.0,Current,0,0,ACB-BR052
ACB-LN0003222,ACB-C007743,Mortgage,2024-03-22,488648.36,361741.58,0.0496,12.0,Paid Off,0,0,ACB-BR061
ACB-LN0003223,ACB-C004860,Personal Loan,2023-01-25,29996.88,26597.52,0.2166,36.0,Current,0,0,ACB-BR037
ACB-LN0003224,ACB-C004565,Mortgage,2025-08-26,301976.23,128023.32,0.0657,12.0,Current,0,0,ACB-BR077
ACB-LN0003225,ACB-C011493,Student Loan,2020-02-18,6024.22,1523.14,0.0461,24.0,Current,0,0,ACB-BR048
ACB-LN0003226,ACB-C013206,Personal Loan,2019-06-17,23721.14,21758.38,0.1377,48.0,Current,0,0,ACB-BR007
ACB-LN0003227,ACB-C003514,Personal Loan,2019-07-08,34647.65,17602.51,0.1438,180.0,Current,0,0,ACB-BR043
ACB-LN0003228,ACB-C008857,Auto Loan,2024-11-21,38473.94,13274.97,0.0612,36.0,Default,341,1,ACB-BR049
ACB-LN0003229,ACB-C013040,Auto Loan,2023-12-07,12136.06,4392.29,0.1531,48.0,Current,0,0,ACB-BR048
ACB-LN0003230,ACB-C012740,Personal Loan,2024-02-15,12897.2,3416.55,0.24,48.0,Paid Off,0,0,ACB-BR042
ACB-LN0003231,ACB-C014955,Student Loan,2024-05-24,32894.49,17463.71,0.0573,240.0,Current,0,0,ACB-BR005
ACB-LN0003232,ACB-C004686,Personal Loan,2019-12-12,20333.08,17550.08,0.1873,60.0,Paid Off,0,0,ACB-BR055
ACB-LN0003233,ACB-C009918,Home Equity Loan,2025-05-15,97077.11,21457.08,0.1355,12.0,Current,0,0,ACB-BR054
ACB-LN0003234,ACB-C010589,Auto Loan,2023-06-13,10083.4,5234.61,0.16,360.0,60-89 DPD,67,0,ACB-BR031
ACB-LN0003235,ACB-C004672,Home Equity Loan,2026-01-03,41242.67,17660.97,0.0892,60.0,Paid Off,0,0,ACB-BR019
ACB-LN0003236,ACB-C006071,Mortgage,2022-06-06,173109.99,123399.49,0.0728,240.0,Current,0,0,ACB-BR004
ACB-LN0003237,ACB-C014191,Personal Loan,2023-10-15,34361.01,26436.11,0.2355,24.0,Current,0,0,ACB-BR020
ACB-LN0003238,ACB-C000885,Home Equity Loan,2020-08-10,80145.92,16414.24,0.1129,36.0,Current,0,0,ACB-BR073
ACB-LN0003239,ACB-C009306,Home Equity Loan,2024-11-13,45640.86,40784.58,0.14,240.0,Current,0,0,ACB-BR042
ACB-LN0003240,ACB-C006648,Student Loan,2022-10-02,54991.59,30554.7,0.1021,60.0,30-59 DPD,43,0,ACB-BR010
ACB-LN0003241,ACB-C014367,Auto Loan,2021-09-01,41787.41,10768.12,0.1348,180.0,Current,0,0,ACB-BR027
ACB-LN0003242,ACB-C003198,Auto Loan,2024-07-06,39108.97,27121.62,0.1575,36.0,60-89 DPD,69,0,ACB-BR003
ACB-LN0003243,ACB-C003976,Auto Loan,2019-07-16,50986.06,13950.64,0.1098,120.0,90+ DPD,121,1,ACB-BR076
ACB-LN0003244,ACB-C014720,Mortgage,2024-08-21,643854.22,470497.02,0.0422,12.0,90+ DPD,104,1,ACB-BR044
ACB-LN0003245,ACB-C013730,Student Loan,2019-10-09,73088.73,27976.88,0.0823,360.0,30-59 DPD,47,0,ACB-BR009
ACB-LN0003246,ACB-C000907,Personal Loan,2024-04-27,19762.16,13090.62,0.24,84.0,Current,0,0,ACB-BR079
ACB-LN0003247,ACB-C009368,Personal Loan,2024-11-23,21053.8,2733.56,0.1192,360.0,Current,0,0,ACB-BR059
ACB-LN0003248,ACB-C010004,Home Equity Loan,2021-11-09,76716.78,73413.26,0.0899,12.0,Current,0,0,ACB-BR077
ACB-LN0003249,ACB-C006018,Personal Loan,2023-08-24,17534.07,2526.63,0.1369,240.0,Current,0,0,ACB-BR037
ACB-LN0003250,ACB-C007122,Personal Loan,2020-09-20,6861.52,1460.69,0.1982,60.0,Current,0,0,ACB-BR046
ACB-LN0003251,ACB-C009130,Auto Loan,2025-09-21,53281.88,36044.94,0.1514,12.0,Current,0,0,ACB-BR027
ACB-LN0003252,ACB-C006950,Personal Loan,2019-05-27,10510.34,8238.25,0.1306,12.0,90+ DPD,98,1,ACB-BR027
ACB-LN0003253,ACB-C001738,Mortgage,2024-10-03,239719.96,88776.78,0.095,120.0,Current,0,0,ACB-BR025
ACB-LN0003254,ACB-C004340,Personal Loan,2024-10-06,4286.18,384.39,0.24,360.0,60-89 DPD,87,0,ACB-BR023
ACB-LN0003255,ACB-C010874,Mortgage,2024-09-17,210217.66,11390.86,0.0635,24.0,Current,0,0,ACB-BR046
ACB-LN0003256,ACB-C005594,Personal Loan,2019-11-07,9750.46,4057.39,0.1702,240.0,Current,0,0,ACB-BR067
ACB-LN0003257,ACB-C008153,Home Equity Loan,2020-05-08,81634.37,68385.57,0.0781,240.0,60-89 DPD,77,0,ACB-BR056
ACB-LN0003258,ACB-C010506,Student Loan,2025-04-10,5764.61,815.73,0.0942,360.0,Current,0,0,ACB-BR032
ACB-LN0003259,ACB-C011926,Mortgage,2022-10-05,292334.99,51860.05,0.0819,360.0,30-59 DPD,48,0,ACB-BR056
ACB-LN0003260,ACB-C008880,Auto Loan,2019-11-11,34877.96,25392.45,0.0904,24.0,Current,0,0,ACB-BR002
ACB-LN0003261,ACB-C014207,Personal Loan,2021-07-30,21777.04,12666.45,0.0995,360.0,90+ DPD,180,1,ACB-BR036
ACB-LN0003262,ACB-C013439,Small Business Loan,2020-08-29,232838.05,101875.36,0.1325,48.0,Current,0,0,ACB-BR060
ACB-LN0003263,ACB-C011838,Home Equity Loan,2019-09-21,117909.98,90672.03,0.0922,24.0,Current,0,0,ACB-BR058
ACB-LN0003264,ACB-C010422,Home Equity Loan,2023-08-10,78379.31,13581.44,0.0822,120.0,Current,0,0,ACB-BR019
ACB-LN0003265,ACB-C009105,Personal Loan,2024-12-03,12944.73,2479.1,0.24,240.0,Current,0,0,ACB-BR027
ACB-LN0003266,ACB-C009981,Personal Loan,2024-12-30,33438.94,14739.97,0.1929,24.0,Default,345,1,ACB-BR017
ACB-LN0003267,ACB-C003913,Personal Loan,2025-04-10,14190.71,1856.69,0.2186,12.0,30-59 DPD,51,0,ACB-BR069
ACB-LN0003268,ACB-C007866,Personal Loan,2023-08-13,25627.44,2020.36,0.1185,360.0,Current,0,0,ACB-BR077
ACB-LN0003269,ACB-C006420,Auto Loan,2022-02-18,26532.58,22592.54,0.0728,24.0,Current,0,0,ACB-BR074
ACB-LN0003270,ACB-C006428,Personal Loan,2023-12-15,23539.26,10931.3,0.225,360.0,Current,0,0,ACB-BR014
ACB-LN0003271,ACB-C002196,Auto Loan,2024-10-12,36425.92,31513.26,0.1411,24.0,90+ DPD,98,1,ACB-BR002
ACB-LN0003272,ACB-C005430,Personal Loan,2019-07-08,23739.12,17424.07,0.1108,48.0,Current,0,0,ACB-BR029
ACB-LN0003273,ACB-C005149,Mortgage,2024-07-10,351655.83,47952.21,0.0754,60.0,Current,0,0,ACB-BR075
ACB-LN0003274,ACB-C006095,Mortgage,2023-04-29,469653.01,368111.42,0.079,120.0,Current,0,0,ACB-BR038
ACB-LN0003275,ACB-C008501,Personal Loan,2020-05-07,31549.14,30889.72,0.1361,36.0,Default,122,1,ACB-BR062
ACB-LN0003276,ACB-C008183,Auto Loan,2019-12-12,39688.15,10383.88,0.0921,240.0,30-59 DPD,39,0,ACB-BR022
ACB-LN0003277,ACB-C006237,Mortgage,2019-07-19,194954.78,167511.73,0.035,360.0,Current,0,0,ACB-BR069
ACB-LN0003278,ACB-C007572,Small Business Loan,2020-08-04,182783.49,51228.67,0.1235,120.0,Current,0,0,ACB-BR007
ACB-LN0003279,ACB-C013272,Auto Loan,2023-01-07,9325.25,7245.54,0.0929,12.0,Written Off,0,1,ACB-BR017
ACB-LN0003280,ACB-C001321,Home Equity Loan,2024-05-05,77971.31,21984.59,0.0874,180.0,Current,0,0,ACB-BR055
ACB-LN0003281,ACB-C007600,Student Loan,2022-07-23,47079.43,19541.54,0.11,48.0,Current,0,0,ACB-BR033
ACB-LN0003282,ACB-C000195,Personal Loan,2021-10-27,33025.66,22570.65,0.1071,84.0,Current,0,0,ACB-BR009
ACB-LN0003283,ACB-C005792,Personal Loan,2019-11-08,30300.05,7092.22,0.1858,24.0,Current,0,0,ACB-BR016
ACB-LN0003284,ACB-C001628,Auto Loan,2026-03-23,37105.25,33697.1,0.1122,24.0,Current,0,0,ACB-BR054
ACB-LN0003285,ACB-C003358,Mortgage,2021-11-17,234797.3,46214.72,0.0623,84.0,Current,0,0,ACB-BR079
ACB-LN0003286,ACB-C007513,Mortgage,2021-11-23,303602.94,21640.3,0.0587,24.0,Current,0,0,ACB-BR055
ACB-LN0003287,ACB-C008701,Mortgage,2026-03-20,376753.53,217860.54,0.0579,360.0,Current,0,0,ACB-BR070
ACB-LN0003288,ACB-C011990,Auto Loan,2019-09-04,37833.03,15056.92,0.1094,24.0,90+ DPD,136,1,ACB-BR037
ACB-LN0003289,ACB-C005119,Auto Loan,2025-03-02,24854.86,11362.25,0.1586,12.0,Current,0,0,ACB-BR033
ACB-LN0003290,ACB-C001483,Mortgage,2019-11-18,394082.2,74897.13,0.0469,360.0,Current,0,0,ACB-BR034
ACB-LN0003291,ACB-C007750,Personal Loan,2026-03-09,21620.78,17762.54,0.1248,240.0,Current,0,0,ACB-BR044
ACB-LN0003292,ACB-C002633,Auto Loan,2023-12-24,42541.74,38872.67,0.1003,120.0,30-59 DPD,33,0,ACB-BR072
ACB-LN0003293,ACB-C000290,Personal Loan,2020-11-07,7863.68,4187.16,0.1248,24.0,Default,174,1,ACB-BR061
ACB-LN0003294,ACB-C011581,Personal Loan,2022-06-22,15404.18,3423.84,0.2195,24.0,Written Off,0,1,ACB-BR052
ACB-LN0003295,ACB-C001988,Personal Loan,2020-03-31,30565.06,28057.07,0.1586,360.0,Current,0,0,ACB-BR020
ACB-LN0003296,ACB-C003987,Personal Loan,2021-08-15,28976.3,7823.82,0.145,48.0,Paid Off,0,0,ACB-BR076
ACB-LN0003297,ACB-C008326,Mortgage,2022-10-02,504620.03,272602.32,0.0727,12.0,Current,0,0,ACB-BR075
ACB-LN0003298,ACB-C005960,Auto Loan,2021-02-21,48495.05,39822.87,0.0467,48.0,30-59 DPD,55,0,ACB-BR078
ACB-LN0003299,ACB-C004388,Personal Loan,2022-04-09,5885.8,4077.08,0.1394,120.0,Default,353,1,ACB-BR028
ACB-LN0003300,ACB-C006629,Small Business Loan,2020-06-08,174801.44,46246.65,0.0721,84.0,Current,0,0,ACB-BR063
ACB-LN0003301,ACB-C008236,Auto Loan,2022-09-13,18664.19,11424.06,0.1288,120.0,Paid Off,0,0,ACB-BR066
ACB-LN0003302,ACB-C010360,Mortgage,2022-07-27,425680.72,176110.81,,360.0,30-59 DPD,34,0,ACB-BR027
ACB-LN0003303,ACB-C011904,Auto Loan,2020-08-16,45501.92,28669.53,0.0525,84.0,Current,0,0,ACB-BR072
ACB-LN0003304,ACB-C000580,Mortgage,2021-05-13,182333.31,65189.06,0.0658,24.0,60-89 DPD,66,0,ACB-BR054
ACB-LN0003305,ACB-C012317,Student Loan,2025-06-29,41827.13,9689.75,0.11,360.0,Paid Off,0,0,ACB-BR056
ACB-LN0003306,ACB-C014242,Mortgage,2023-11-22,597368.03,506655.47,0.0619,24.0,Current,0,0,ACB-BR042
ACB-LN0003307,ACB-C008187,Home Equity Loan,2026-03-17,41538.87,34056.32,0.14,84.0,Current,0,0,ACB-BR007
ACB-LN0003308,ACB-C010143,Small Business Loan,2021-05-25,240774.43,50300.61,0.0945,12.0,Current,0,0,ACB-BR046
ACB-LN0003309,ACB-C008930,Home Equity Loan,2025-10-27,84925.43,39219.78,0.1241,12.0,Current,0,0,ACB-BR025
ACB-LN0003310,ACB-C002755,Auto Loan,2020-12-01,32276.82,24334.38,0.1388,180.0,Current,0,0,ACB-BR077
ACB-LN0003311,ACB-C006144,Mortgage,2025-12-01,569065.37,112278.71,0.0517,360.0,Current,0,0,ACB-BR063
ACB-LN0003312,ACB-C005929,Mortgage,2024-09-21,321223.05,226104.14,0.0454,48.0,Current,0,0,ACB-BR038
ACB-LN0003313,ACB-C007896,Personal Loan,2024-06-24,7539.62,2079.5,0.1309,240.0,Current,0,0,ACB-BR002
ACB-LN0003314,ACB-C013818,Personal Loan,2023-10-02,33747.37,27110.98,0.2204,48.0,Current,0,0,ACB-BR054
ACB-LN0003315,ACB-C004473,Personal Loan,2022-04-13,31806.66,3020.55,0.1099,48.0,Current,0,0,ACB-BR026
ACB-LN0003316,ACB-C012321,Mortgage,2023-02-17,129899.81,45168.39,0.095,60.0,Current,0,0,ACB-BR049
ACB-LN0003317,ACB-C010746,Mortgage,2023-03-15,511063.73,80629.42,0.0749,36.0,Current,0,0,ACB-BR075
ACB-LN0003318,ACB-C003220,Personal Loan,2022-12-01,14498.0,9333.15,0.24,180.0,Current,0,0,ACB-BR025
ACB-LN0003319,ACB-C013959,Mortgage,2020-03-09,622286.61,606153.65,0.0735,36.0,Current,0,0,ACB-BR051
ACB-LN0003320,ACB-C009602,Personal Loan,2025-11-07,32755.43,25627.77,0.1336,240.0,Current,0,0,ACB-BR012
ACB-LN0003321,ACB-C014580,Small Business Loan,2023-07-23,44348.96,30617.05,0.0887,84.0,Current,0,0,ACB-BR006
ACB-LN0003322,ACB-C008396,Mortgage,2023-07-16,605648.97,511110.86,0.0949,24.0,Current,0,0,ACB-BR029
ACB-LN0003323,ACB-C008486,Mortgage,2025-09-15,569772.6,226531.98,0.095,60.0,Paid Off,0,0,ACB-BR054
ACB-LN0003324,ACB-C013268,Student Loan,2021-09-24,65830.99,62262.52,0.0835,120.0,Current,0,0,ACB-BR058
ACB-LN0003325,ACB-C006239,Auto Loan,2023-06-12,23144.63,12143.84,0.1255,60.0,Current,0,0,ACB-BR029
ACB-LN0003326,ACB-C014244,Mortgage,2025-06-20,389879.17,357776.06,0.0937,120.0,Current,0,0,ACB-BR001
ACB-LN0003327,ACB-C007379,Mortgage,2021-07-30,169494.06,88812.03,0.0555,60.0,Current,0,0,ACB-BR021
ACB-LN0003328,ACB-C005584,Student Loan,2020-03-01,71050.37,67954.67,0.072,48.0,Current,0,0,ACB-BR039
ACB-LN0003329,ACB-C001966,Mortgage,2020-07-24,587653.83,252306.7,0.0746,24.0,Current,0,0,ACB-BR054
ACB-LN0003330,ACB-C011331,Personal Loan,2021-11-03,22226.98,1895.01,0.1947,240.0,Written Off,0,1,ACB-BR077
ACB-LN0003331,ACB-C001010,Personal Loan,2023-09-25,2433.41,193.41,0.24,24.0,Current,0,0,ACB-BR056
ACB-LN0003332,ACB-C007168,Mortgage,2024-05-04,429671.37,216222.94,0.093,84.0,90+ DPD,99,1,ACB-BR065
ACB-LN0003333,ACB-C006572,Auto Loan,2021-01-25,11976.59,4305.71,0.0766,120.0,Current,0,0,ACB-BR028
ACB-LN0003334,ACB-C009840,Mortgage,2025-03-11,611167.18,44465.28,0.0918,180.0,Current,0,0,ACB-BR078
ACB-LN0003335,ACB-C000275,Mortgage,2024-04-02,586253.68,139182.68,0.0839,24.0,Current,0,0,ACB-BR016
ACB-LN0003336,ACB-C001818,Auto Loan,2019-08-02,32738.01,14789.6,0.0842,12.0,Current,0,0,ACB-BR049
ACB-LN0003337,ACB-C008134,Mortgage,2022-07-09,262233.9,82669.37,0.044,360.0,Paid Off,0,0,ACB-BR049
ACB-LN0003338,ACB-C002166,Mortgage,2019-01-28,502957.89,468714.84,0.0399,360.0,Current,0,0,ACB-BR050
ACB-LN0003339,ACB-C013035,Auto Loan,2025-01-08,40014.88,26460.55,0.1299,36.0,90+ DPD,174,1,ACB-BR035
ACB-LN0003340,ACB-C012277,Auto Loan,2024-04-13,33976.04,9306.94,0.1426,48.0,Current,0,0,ACB-BR058
ACB-LN0003341,ACB-C012653,Student Loan,2020-12-09,6862.39,5358.15,0.0574,180.0,Current,0,0,ACB-BR013
ACB-LN0003342,ACB-C009473,Home Equity Loan,2026-02-23,62969.34,53184.42,0.1097,360.0,60-89 DPD,79,0,ACB-BR050
ACB-LN0003343,ACB-C014381,Personal Loan,2020-09-09,22700.54,6701.21,0.2097,48.0,Current,0,0,ACB-BR039
ACB-LN0003344,ACB-C012211,Small Business Loan,2024-06-01,80563.29,37334.29,0.1612,60.0,Paid Off,0,0,ACB-BR062
ACB-LN0003345,ACB-C006047,Auto Loan,2021-11-07,24541.21,17861.32,0.1013,180.0,Current,0,0,ACB-BR035
ACB-LN0003346,ACB-C008579,Mortgage,2026-03-12,413630.78,162478.89,0.0406,60.0,Current,0,0,ACB-BR045
ACB-LN0003347,ACB-C010020,Personal Loan,2023-02-26,29015.41,24083.36,0.1718,60.0,Current,0,0,ACB-BR040
ACB-LN0003348,ACB-C005361,Personal Loan,2021-07-24,7041.28,903.89,0.1058,48.0,Current,0,0,ACB-BR031
ACB-LN0003349,ACB-C009624,Small Business Loan,2021-04-25,178218.71,129413.99,0.1284,360.0,Current,0,0,ACB-BR067
ACB-LN0003350,ACB-C005898,Personal Loan,2025-01-30,12107.11,6084.61,0.1304,120.0,Current,0,0,ACB-BR048
ACB-LN0003351,ACB-C012151,Mortgage,2022-09-24,176773.31,60608.6,0.0463,180.0,90+ DPD,102,1,ACB-BR079
ACB-LN0003352,ACB-C005245,Student Loan,2026-03-21,30841.57,18146.29,,360.0,Paid Off,0,0,ACB-BR069
ACB-LN0003353,ACB-C002364,Mortgage,2020-04-11,263767.96,239957.82,0.045,84.0,Current,0,0,ACB-BR020
ACB-LN0003354,ACB-C012220,Mortgage,2019-05-14,174912.64,14450.47,0.0497,180.0,Current,0,0,ACB-BR025
ACB-LN0003355,ACB-C001236,Small Business Loan,2024-11-16,139758.91,108067.31,0.1347,360.0,Current,0,0,ACB-BR045
ACB-LN0003356,ACB-C001107,Student Loan,2019-07-26,78265.0,25611.69,0.0845,120.0,Current,0,0,ACB-BR034
ACB-LN0003357,ACB-C009753,Mortgage,2023-03-17,510559.8,411053.54,0.095,60.0,30-59 DPD,51,0,ACB-BR023
ACB-LN0003358,ACB-C000455,Auto Loan,2020-03-09,25611.55,23004.92,0.045,360.0,90+ DPD,174,1,ACB-BR022
ACB-LN0003359,ACB-C014506,Personal Loan,2023-11-07,22911.45,18970.9,0.1207,24.0,90+ DPD,129,1,ACB-BR046
ACB-LN0003360,ACB-C012472,Personal Loan,2020-05-23,16313.2,15938.68,0.2063,,Current,0,0,ACB-BR020
ACB-LN0003361,ACB-C011120,Personal Loan,2023-07-21,8702.71,7400.14,0.1107,24.0,Current,0,0,ACB-BR042
ACB-LN0003362,ACB-C002177,Mortgage,2023-01-24,593562.64,101086.87,0.0943,360.0,Paid Off,0,0,ACB-BR003
ACB-LN0003363,ACB-C011506,Mortgage,2023-04-10,540281.36,342804.26,0.0737,36.0,Paid Off,0,0,ACB-BR027
ACB-LN0003364,ACB-C004820,Small Business Loan,2025-08-18,162818.45,123039.7,0.2,60.0,Current,0,0,ACB-BR031
ACB-LN0003365,ACB-C005530,Mortgage,2019-02-19,120804.44,75764.35,0.0506,48.0,Current,0,0,ACB-BR075
ACB-LN0003366,ACB-C007558,Auto Loan,2020-10-10,40425.56,16650.76,0.0725,24.0,Current,0,0,ACB-BR023
ACB-LN0003367,ACB-C007898,Auto Loan,2019-10-15,38868.69,29399.21,0.0934,48.0,Current,0,0,ACB-BR066
ACB-LN0003368,ACB-C002802,Mortgage,2022-02-08,640322.99,511684.93,0.0475,36.0,Current,0,0,ACB-BR004
ACB-LN0003369,ACB-C001292,Small Business Loan,2025-08-29,137466.7,88551.79,0.2,180.0,Current,0,0,ACB-BR001
ACB-LN0003370,ACB-C003622,Auto Loan,2025-04-05,32123.27,22064.57,0.0818,36.0,Current,0,0,ACB-BR010
ACB-LN0003371,ACB-C003301,Auto Loan,2022-01-15,23302.84,21704.0,0.1152,24.0,Current,0,0,ACB-BR035
ACB-LN0003372,ACB-C014414,Mortgage,2022-07-25,487454.59,472371.36,0.0454,36.0,Current,0,0,ACB-BR028
ACB-LN0003373,ACB-C013889,Student Loan,2019-07-25,29097.82,15540.78,0.0456,120.0,Current,0,0,ACB-BR021
ACB-LN0003374,ACB-C003494,Personal Loan,2021-08-29,25079.57,4733.03,0.0871,180.0,Paid Off,0,0,ACB-BR005
ACB-LN0003375,ACB-C009350,Mortgage,2020-05-03,129022.52,23997.37,0.0396,60.0,Current,0,0,ACB-BR029
ACB-LN0003376,ACB-C011616,Mortgage,2023-07-23,473837.72,50901.38,0.0663,12.0,60-89 DPD,82,0,ACB-BR016
ACB-LN0003377,ACB-C012010,Auto Loan,2023-06-17,33244.8,20078.99,0.1286,120.0,Paid Off,0,0,ACB-BR013
ACB-LN0003378,ACB-C008024,Mortgage,2019-04-30,383047.16,223386.79,0.0663,36.0,Current,0,0,ACB-BR074
ACB-LN0003379,ACB-C009835,Auto Loan,2024-02-09,49487.28,33001.39,0.16,60.0,Current,0,0,ACB-BR031
ACB-LN0003380,ACB-C000256,Small Business Loan,2023-04-28,49523.61,34093.97,0.1991,240.0,Current,0,0,ACB-BR038
ACB-LN0003381,ACB-C005885,Mortgage,2020-11-05,265896.12,25676.09,0.0585,24.0,Current,0,0,ACB-BR073
ACB-LN0003382,ACB-C004427,Student Loan,2020-11-10,78874.56,49418.0,0.0582,180.0,Current,0,0,ACB-BR009
ACB-LN0003383,ACB-C006226,Auto Loan,2020-10-05,21906.72,6145.37,0.1298,120.0,30-59 DPD,53,0,ACB-BR066
ACB-LN0003384,ACB-C001435,Small Business Loan,2025-10-02,188509.94,130388.95,0.1803,180.0,Current,0,0,ACB-BR065
ACB-LN0003385,ACB-C004638,Personal Loan,2020-11-04,14249.78,10100.99,0.1532,12.0,60-89 DPD,74,0,ACB-BR059
ACB-LN0003386,ACB-C008647,Personal Loan,2020-05-31,3752.13,657.94,0.1822,180.0,Current,0,0,ACB-BR065
ACB-LN0003387,ACB-C007625,Student Loan,2019-07-18,46624.72,7586.77,0.078,36.0,Current,0,0,ACB-BR032
ACB-LN0003388,ACB-C006888,Personal Loan,2020-12-22,6315.42,4470.87,0.1491,240.0,Current,0,0,ACB-BR037
ACB-LN0003389,ACB-C010733,Mortgage,2021-03-30,171930.1,167362.93,0.0539,24.0,90+ DPD,97,1,ACB-BR008
ACB-LN0003390,ACB-C008067,Mortgage,2026-03-12,507863.32,329978.43,0.0897,240.0,Current,0,0,ACB-BR042
ACB-LN0003391,ACB-C006474,Student Loan,2023-08-21,7259.87,2730.1,0.1003,12.0,Current,0,0,ACB-BR019
ACB-LN0003392,ACB-C003973,Personal Loan,2021-06-18,20389.24,19946.35,0.1605,36.0,30-59 DPD,48,0,ACB-BR009
ACB-LN0003393,ACB-C013615,Auto Loan,2023-07-08,18950.15,3777.98,0.1322,360.0,30-59 DPD,33,0,ACB-BR013
ACB-LN0003394,ACB-C003653,Mortgage,2020-08-04,438724.21,87084.51,0.0647,120.0,Current,0,0,ACB-BR078
ACB-LN0003395,ACB-C009144,Auto Loan,2020-10-16,54157.14,22875.16,0.0542,48.0,Current,0,0,ACB-BR046
ACB-LN0003396,ACB-C005395,Personal Loan,2026-02-03,21985.36,13967.3,0.2065,24.0,Default,355,1,ACB-BR012
ACB-LN0003397,ACB-C005559,Personal Loan,2024-01-27,34840.07,18775.8,0.24,180.0,Current,0,0,ACB-BR035
ACB-LN0003398,ACB-C005843,Mortgage,2023-08-26,420854.5,234407.72,0.0876,240.0,Paid Off,0,0,ACB-BR006
ACB-LN0003399,ACB-C003344,Auto Loan,2023-03-28,20536.68,2553.08,0.1587,360.0,Current,0,0,ACB-BR054
ACB-LN0003400,ACB-C009199,Auto Loan,2019-01-16,49605.81,5309.85,0.1207,24.0,Written Off,0,1,ACB-BR021
ACB-LN0003401,ACB-C013882,Student Loan,2025-02-02,51173.32,22217.62,0.091,60.0,Current,0,0,ACB-BR044
ACB-LN0003402,ACB-C012436,Home Equity Loan,2022-05-03,117887.37,15787.33,0.086,240.0,Current,0,0,ACB-BR059
ACB-LN0003403,ACB-C014126,Personal Loan,2024-03-18,30745.78,16346.21,0.2066,240.0,Current,0,0,ACB-BR029
ACB-LN0003404,ACB-C010958,Auto Loan,2021-07-27,25732.02,15693.24,0.0875,36.0,Current,0,0,ACB-BR042
ACB-LN0003405,ACB-C006825,Auto Loan,2021-05-07,8087.95,7570.8,0.0765,360.0,Current,0,0,ACB-BR034
ACB-LN0003406,ACB-C004283,Auto Loan,2022-11-15,40553.26,13953.99,0.1432,48.0,Current,0,0,ACB-BR064
ACB-LN0003407,ACB-C010939,Personal Loan,2019-02-17,22614.56,7603.02,0.1974,120.0,Written Off,0,1,ACB-BR056
ACB-LN0003408,ACB-C008247,Home Equity Loan,2020-04-26,66239.2,52451.15,0.1112,60.0,Default,252,1,ACB-BR019
ACB-LN0003409,ACB-C010552,Auto Loan,2022-11-04,54472.15,45329.02,0.0926,24.0,Current,0,0,ACB-BR042
ACB-LN0003410,ACB-C007790,Home Equity Loan,2019-03-08,119941.84,46064.36,0.0983,60.0,Current,0,0,ACB-BR005
ACB-LN0003411,ACB-C000145,Personal Loan,2025-02-14,26539.76,13483.74,0.1874,120.0,Written Off,0,1,ACB-BR006
ACB-LN0003412,ACB-C005345,Student Loan,2024-06-17,56126.38,54939.3,0.0875,36.0,Current,0,0,ACB-BR080
ACB-LN0003413,ACB-C002548,Personal Loan,2019-01-07,2288.24,1081.94,0.1043,360.0,Current,0,0,ACB-BR019
ACB-LN0003414,ACB-C014653,Student Loan,2022-08-05,68945.26,6269.22,0.093,48.0,30-59 DPD,58,0,ACB-BR040
ACB-LN0003415,ACB-C008369,Personal Loan,2019-04-11,25560.45,12816.5,0.1788,240.0,Current,0,0,ACB-BR022
ACB-LN0003416,ACB-C000079,Personal Loan,2022-06-29,5582.17,4845.15,0.2379,360.0,Current,0,0,ACB-BR064
ACB-LN0003417,ACB-C007411,Personal Loan,2021-11-02,11376.91,3544.01,0.1799,36.0,Current,0,0,ACB-BR025
ACB-LN0003418,ACB-C006826,Personal Loan,2020-04-14,11191.21,9410.1,0.1759,360.0,Paid Off,0,0,ACB-BR016
ACB-LN0003419,ACB-C014333,Mortgage,2021-12-23,210496.65,116918.34,0.0576,84.0,Current,0,0,ACB-BR056
ACB-LN0003420,ACB-C006260,Mortgage,2022-09-28,632042.4,451142.27,0.095,84.0,Current,0,0,ACB-BR069
ACB-LN0003421,ACB-C012590,Mortgage,2021-12-08,165849.47,118304.77,0.0556,12.0,Current,0,0,ACB-BR011
ACB-LN0003422,ACB-C012888,Auto Loan,2021-05-14,17299.1,1111.45,0.0716,120.0,30-59 DPD,31,0,ACB-BR039
ACB-LN0003423,ACB-C006666,Mortgage,2021-11-27,259795.89,84059.91,0.047,12.0,Current,0,0,ACB-BR062
ACB-LN0003424,ACB-C009366,Student Loan,2020-08-17,11773.82,5468.48,0.0886,60.0,Paid Off,0,0,ACB-BR033
ACB-LN0003425,ACB-C006362,Auto Loan,2022-03-14,43674.96,29934.81,0.0608,240.0,Current,0,0,ACB-BR029
ACB-LN0003426,ACB-C005777,Personal Loan,2020-02-26,20260.41,8425.21,0.1025,12.0,Current,0,0,ACB-BR040
ACB-LN0003427,ACB-C012294,Mortgage,2022-02-05,297281.65,150114.85,0.0395,240.0,Current,0,0,ACB-BR046
ACB-LN0003428,ACB-C000471,Mortgage,2024-10-24,255574.0,250248.9,0.0564,60.0,30-59 DPD,51,0,ACB-BR003
ACB-LN0003429,ACB-C004405,Student Loan,2024-01-25,68904.28,56287.64,0.0679,240.0,Current,0,0,ACB-BR025
ACB-LN0003430,ACB-C011855,Personal Loan,2025-10-01,18113.43,11340.44,0.2047,36.0,30-59 DPD,55,0,ACB-BR028
ACB-LN0003431,ACB-C009419,Personal Loan,2019-02-07,28801.91,21190.08,0.1845,48.0,Current,0,0,ACB-BR063
ACB-LN0003432,ACB-C005697,Mortgage,2022-07-22,628484.24,339649.06,0.0458,24.0,Current,0,0,ACB-BR048
ACB-LN0003433,ACB-C010377,Student Loan,2019-03-30,35258.92,4735.94,0.086,180.0,Current,0,0,ACB-BR027
ACB-LN0003434,ACB-C001313,Student Loan,2021-10-13,62666.41,61266.58,0.0538,24.0,Current,0,0,ACB-BR054
ACB-LN0003435,ACB-C007275,Personal Loan,2022-02-16,21071.09,19257.2,0.18,36.0,Current,0,0,ACB-BR013
ACB-LN0003436,ACB-C014077,Home Equity Loan,2021-08-14,25685.62,3385.69,0.0937,,Current,0,0,ACB-BR037
ACB-LN0003437,ACB-C002888,Small Business Loan,2025-05-24,61795.53,41554.3,0.1535,120.0,90+ DPD,129,1,ACB-BR001
ACB-LN0003438,ACB-C008026,Auto Loan,2022-01-10,42169.67,7995.12,0.0482,48.0,Current,0,0,ACB-BR015
ACB-LN0003439,ACB-C006907,Personal Loan,2024-12-17,18308.77,3019.21,0.176,36.0,Current,0,0,ACB-BR003
ACB-LN0003440,ACB-C002154,Small Business Loan,2020-08-31,158405.14,93266.64,0.1006,240.0,90+ DPD,146,1,ACB-BR042
ACB-LN0003441,ACB-C004985,Personal Loan,2022-08-03,27312.99,4109.53,0.24,240.0,Paid Off,0,0,ACB-BR007
ACB-LN0003442,ACB-C006973,Auto Loan,2020-05-29,25829.64,17008.36,0.0458,360.0,Current,0,0,ACB-BR046
ACB-LN0003443,ACB-C009067,Mortgage,2024-09-15,636467.98,221369.19,0.0714,84.0,Current,0,0,ACB-BR036
ACB-LN0003444,ACB-C004340,Student Loan,2024-04-17,24120.97,7290.72,0.0949,48.0,Current,0,0,ACB-BR015
ACB-LN0003445,ACB-C008251,Mortgage,2024-07-02,278082.21,216796.22,0.0866,,Default,320,1,ACB-BR003
ACB-LN0003446,ACB-C009342,Student Loan,2025-04-27,5629.28,1257.88,0.0661,36.0,Current,0,0,ACB-BR059
ACB-LN0003447,ACB-C011090,Home Equity Loan,2019-01-13,101261.77,33754.15,,120.0,Current,0,0,ACB-BR028
ACB-LN0003448,ACB-C002806,Home Equity Loan,2023-05-13,115591.53,104349.8,0.1031,240.0,Default,195,1,ACB-BR050
ACB-LN0003449,ACB-C008836,Personal Loan,2019-10-15,19640.39,1851.06,0.2114,120.0,Current,0,0,ACB-BR066
ACB-LN0003450,ACB-C009772,Auto Loan,2021-05-13,45775.61,43038.21,0.0978,48.0,Paid Off,0,0,ACB-BR025
ACB-LN0003451,ACB-C002548,Small Business Loan,2023-06-27,98350.3,71915.1,0.1907,60.0,Current,0,0,ACB-BR063
ACB-LN0003452,ACB-C007466,Home Equity Loan,2023-02-05,39690.98,28944.19,0.14,240.0,Current,0,0,ACB-BR072
ACB-LN0003453,ACB-C013548,Personal Loan,2019-01-23,30457.84,14892.26,0.1257,36.0,Current,0,0,ACB-BR045
ACB-LN0003454,ACB-C002171,Home Equity Loan,2021-01-10,96286.57,32303.65,0.1115,36.0,Current,0,0,ACB-BR030
ACB-LN0003455,ACB-C010206,Mortgage,2026-02-05,375152.23,324650.92,0.0463,240.0,Current,0,0,ACB-BR001
ACB-LN0003456,ACB-C007985,Mortgage,2022-09-19,148290.39,51498.08,0.095,36.0,Current,0,0,ACB-BR005
ACB-LN0003457,ACB-C010578,Student Loan,2024-08-11,72471.26,24947.22,0.0779,240.0,Current,0,0,ACB-BR052
ACB-LN0003458,ACB-C008016,Home Equity Loan,2023-06-04,50637.2,31938.53,0.1077,240.0,Current,0,0,ACB-BR068
ACB-LN0003459,ACB-C012045,Home Equity Loan,2019-05-16,52638.86,46951.38,0.0627,84.0,Current,0,0,ACB-BR026
ACB-LN0003460,ACB-C010740,Personal Loan,2025-04-25,11345.38,5882.91,0.1727,360.0,Current,0,0,ACB-BR075
ACB-LN0003461,ACB-C007827,Student Loan,2024-03-10,58010.57,19397.35,0.0972,12.0,Current,0,0,ACB-BR022
ACB-LN0003462,ACB-C003683,Small Business Loan,2021-10-05,162011.17,82946.19,0.1562,360.0,Current,0,0,ACB-BR077
ACB-LN0003463,ACB-C005771,Mortgage,2020-08-02,408248.83,181345.9,0.0417,60.0,Current,0,0,ACB-BR055
ACB-LN0003464,ACB-C005465,Personal Loan,2021-03-16,18874.52,9716.54,0.1633,360.0,Current,0,0,ACB-BR048
ACB-LN0003465,ACB-C000493,Small Business Loan,2022-02-16,68247.63,11539.66,0.1735,120.0,Paid Off,0,0,ACB-BR050
ACB-LN0003466,ACB-C013679,Student Loan,2024-11-25,21668.88,14172.35,0.0995,48.0,Current,0,0,ACB-BR027
ACB-LN0003467,ACB-C003768,Personal Loan,2022-12-05,17288.47,16413.51,0.24,120.0,Current,0,0,ACB-BR055
ACB-LN0003468,ACB-C002351,Auto Loan,2024-02-29,37328.99,4795.7,0.1522,120.0,Current,0,0,ACB-BR077
ACB-LN0003469,ACB-C000346,Mortgage,2025-01-15,246280.35,52187.73,0.0911,12.0,Paid Off,0,0,ACB-BR013
ACB-LN0003470,ACB-C002491,Mortgage,2023-07-23,625118.19,117630.45,0.095,240.0,Current,0,0,ACB-BR031
ACB-LN0003471,ACB-C007028,Mortgage,2024-08-24,230058.94,67077.6,0.0472,360.0,Current,0,0,ACB-BR062
ACB-LN0003472,ACB-C004177,Auto Loan,2021-11-15,36104.68,22599.08,0.139,240.0,Current,0,0,ACB-BR019
ACB-LN0003473,ACB-C005672,Personal Loan,2021-06-01,23131.47,9629.28,0.134,24.0,Current,0,0,ACB-BR027
ACB-LN0003474,ACB-C006785,Auto Loan,2020-04-14,12704.44,9291.93,0.0719,60.0,Current,0,0,ACB-BR080
ACB-LN0003475,ACB-C010409,Auto Loan,2019-03-11,24210.38,2365.46,0.0973,48.0,Current,0,0,ACB-BR021
ACB-LN0003476,ACB-C005024,Student Loan,2022-07-23,63432.13,4791.16,0.0985,240.0,Current,0,0,ACB-BR038
ACB-LN0003477,ACB-C007265,Small Business Loan,2019-01-19,112300.04,69418.24,0.1068,360.0,Current,0,0,ACB-BR002
ACB-LN0003478,ACB-C007930,Mortgage,2025-11-21,331390.38,46911.37,0.095,12.0,Current,0,0,ACB-BR025
ACB-LN0003479,ACB-C008944,Mortgage,2025-08-31,611055.36,124338.64,0.0928,120.0,Current,0,0,ACB-BR010
ACB-LN0003480,ACB-C010563,Auto Loan,2022-07-03,32190.02,20388.42,0.16,240.0,Current,0,0,ACB-BR030
ACB-LN0003481,ACB-C009916,Auto Loan,2025-09-15,26375.55,5572.59,0.0874,36.0,Current,0,0,ACB-BR075
ACB-LN0003482,ACB-C005846,Student Loan,2024-03-08,67435.57,58404.78,0.0794,84.0,Current,0,0,ACB-BR026
ACB-LN0003483,ACB-C002334,Home Equity Loan,2019-05-08,36186.76,28519.37,0.0927,36.0,Current,0,0,ACB-BR020
ACB-LN0003484,ACB-C002162,Mortgage,2020-12-16,270664.8,65113.9,0.0305,120.0,60-89 DPD,76,0,ACB-BR031
ACB-LN0003485,ACB-C010669,Mortgage,2019-08-21,260310.08,205831.81,0.0611,120.0,Default,324,1,ACB-BR042
ACB-LN0003486,ACB-C007417,Auto Loan,2019-09-21,46570.83,28437.07,0.0493,36.0,30-59 DPD,36,0,ACB-BR055
ACB-LN0003487,ACB-C012063,Personal Loan,2024-02-27,6452.1,3065.12,0.203,180.0,Current,0,0,ACB-BR042
ACB-LN0003488,ACB-C004011,Mortgage,2023-06-03,131514.13,7486.48,0.0924,12.0,Current,0,0,ACB-BR039
ACB-LN0003489,ACB-C007849,Home Equity Loan,2025-11-07,117983.05,93468.63,0.1207,120.0,Current,0,0,ACB-BR012
ACB-LN0003490,ACB-C003124,Personal Loan,2021-06-25,14195.08,5384.07,0.0978,84.0,Current,0,0,ACB-BR033
ACB-LN0003491,ACB-C005470,Student Loan,2021-11-07,51332.13,49531.43,0.0594,48.0,90+ DPD,132,1,ACB-BR064
ACB-LN0003492,ACB-C009132,Small Business Loan,2022-03-28,231456.84,48976.53,0.1021,84.0,Current,0,0,ACB-BR054
ACB-LN0003493,ACB-C002647,Personal Loan,2024-06-05,30897.64,27962.94,0.1516,180.0,Current,0,0,ACB-BR016
ACB-LN0003494,ACB-C004950,Personal Loan,2021-03-17,32175.62,28302.15,0.1071,180.0,Current,0,0,ACB-BR047
ACB-LN0003495,ACB-C006893,Student Loan,2023-11-23,68020.72,24706.69,0.0614,240.0,Current,0,0,ACB-BR078
ACB-LN0003496,ACB-C005409,Auto Loan,2020-06-17,13503.61,1867.73,0.0792,48.0,Paid Off,0,0,ACB-BR005
ACB-LN0003497,ACB-C009141,Auto Loan,2025-05-21,10205.54,7038.57,0.16,180.0,Current,0,0,ACB-BR042
ACB-LN0003498,ACB-C001093,Student Loan,2020-07-20,71069.11,37554.11,0.076,48.0,30-59 DPD,46,0,ACB-BR044
ACB-LN0003499,ACB-C001971,Mortgage,2024-02-19,648209.25,168125.24,0.0851,180.0,Current,0,0,ACB-BR068
ACB-LN0003500,ACB-C005282,Mortgage,2022-06-14,233907.93,58905.28,0.0625,240.0,60-89 DPD,65,0,ACB-BR010
ACB-LN0003501,ACB-C014376,Small Business Loan,2023-06-20,43726.37,27759.93,0.0928,24.0,Current,0,0,ACB-BR080
ACB-LN0003502,ACB-C001359,Mortgage,2020-10-14,410724.38,388233.56,0.0713,84.0,Current,0,0,ACB-BR080
ACB-LN0003503,ACB-C003140,Mortgage,2019-11-19,546364.37,209166.16,0.0586,360.0,Paid Off,0,0,ACB-BR019
ACB-LN0003504,ACB-C014782,Auto Loan,2023-11-24,8089.61,4692.75,0.0875,36.0,30-59 DPD,30,0,ACB-BR019
ACB-LN0003505,ACB-C010072,Small Business Loan,2020-12-24,30758.75,15191.47,0.1755,12.0,Current,0,0,ACB-BR008
ACB-LN0003506,ACB-C013781,Mortgage,2020-02-21,287245.59,89622.28,0.0363,360.0,90+ DPD,95,1,ACB-BR068
ACB-LN0003507,ACB-C008693,Auto Loan,2026-03-16,23686.74,12841.48,0.1381,180.0,Current,0,0,ACB-BR033
ACB-LN0003508,ACB-C013061,Personal Loan,2021-03-09,11046.49,4357.6,0.2182,240.0,Paid Off,0,0,ACB-BR014
ACB-LN0003509,ACB-C005336,Auto Loan,2019-07-09,35473.38,12149.98,0.1358,120.0,Current,0,0,ACB-BR055
ACB-LN0003510,ACB-C003444,Personal Loan,2025-09-11,11556.79,9379.74,0.24,36.0,Current,0,0,ACB-BR044
ACB-LN0003511,ACB-C004032,Auto Loan,2019-06-23,14806.47,6090.99,0.0517,12.0,Current,0,0,ACB-BR061
ACB-LN0003512,ACB-C010933,Auto Loan,2022-09-05,11146.04,4722.0,0.16,48.0,Current,0,0,ACB-BR018
ACB-LN0003513,ACB-C013383,Personal Loan,2023-10-22,14665.8,7935.23,0.1718,84.0,Current,0,0,ACB-BR039
ACB-LN0003514,ACB-C003014,Student Loan,2019-03-02,53015.96,40229.57,0.0544,12.0,90+ DPD,114,1,ACB-BR032
ACB-LN0003515,ACB-C011051,Personal Loan,2019-03-05,9158.88,2261.3,0.1025,48.0,Current,0,0,ACB-BR006
ACB-LN0003516,ACB-C000119,Auto Loan,2025-12-15,42090.48,34686.15,0.1117,360.0,Current,0,0,ACB-BR070
ACB-LN0003517,ACB-C003386,Mortgage,2021-04-25,167562.4,98989.66,0.0557,180.0,Paid Off,0,0,ACB-BR052
ACB-LN0003518,ACB-C010078,Home Equity Loan,2024-03-24,86992.98,11998.13,0.13,60.0,Current,0,0,ACB-BR048
ACB-LN0003519,ACB-C000669,Home Equity Loan,2019-11-02,110043.55,74985.18,0.1148,24.0,Current,0,0,ACB-BR065
ACB-LN0003520,ACB-C010185,Auto Loan,2024-01-30,11299.85,7978.83,0.0695,180.0,Current,0,0,ACB-BR072
ACB-LN0003521,ACB-C003154,Mortgage,2020-01-03,625498.04,145451.66,0.0348,12.0,Current,0,0,ACB-BR004
ACB-LN0003522,ACB-C013956,Personal Loan,2020-01-18,18924.85,18520.29,0.0847,12.0,Current,0,0,ACB-BR059
ACB-LN0003523,ACB-C007378,Personal Loan,2025-09-05,24565.31,13534.95,0.1131,48.0,Current,0,0,ACB-BR073
ACB-LN0003524,ACB-C005504,Student Loan,2021-07-12,62567.26,32782.93,0.0571,24.0,Current,0,0,ACB-BR022
ACB-LN0003525,ACB-C010583,Student Loan,2023-04-02,35147.84,15692.49,0.0569,48.0,Current,0,0,ACB-BR043
ACB-LN0003526,ACB-C009994,Personal Loan,2021-08-02,5141.07,4110.6,0.1581,84.0,Current,0,0,ACB-BR021
ACB-LN0003527,ACB-C007218,Personal Loan,2024-10-09,23620.89,17592.07,0.2253,120.0,Current,0,0,ACB-BR011
ACB-LN0003528,ACB-C014112,Home Equity Loan,2024-06-30,79929.47,64569.55,0.1306,60.0,Current,0,0,ACB-BR038
ACB-LN0003529,ACB-C003148,Mortgage,2024-07-06,406259.22,77643.1,0.0445,24.0,Current,0,0,ACB-BR017
ACB-LN0003530,ACB-C006604,Home Equity Loan,2022-06-01,17327.05,8984.06,0.1134,120.0,30-59 DPD,39,0,ACB-BR078
ACB-LN0003531,ACB-C003758,Auto Loan,2025-09-12,21895.78,7138.89,0.16,180.0,Current,0,0,ACB-BR028
ACB-LN0003532,ACB-C009958,Mortgage,2024-02-22,474740.37,41571.91,0.0616,60.0,Paid Off,0,0,ACB-BR025
ACB-LN0003533,ACB-C004105,Auto Loan,2023-07-17,9042.15,2995.85,0.0748,84.0,Current,0,0,ACB-BR058
ACB-LN0003534,ACB-C002418,Mortgage,2025-09-09,455131.7,321310.7,0.0535,12.0,Default,128,1,ACB-BR039
ACB-LN0003535,ACB-C005590,Auto Loan,2022-10-29,53881.75,25410.35,0.1354,36.0,Current,0,0,ACB-BR070
ACB-LN0003536,ACB-C006443,Auto Loan,2019-09-18,27876.92,8125.62,0.061,36.0,90+ DPD,174,1,ACB-BR009
ACB-LN0003537,ACB-C010839,Mortgage,2023-04-03,180527.15,40156.59,0.0486,60.0,Current,0,0,ACB-BR037
ACB-LN0003538,ACB-C000835,Mortgage,2021-02-22,129401.21,115419.35,0.0413,180.0,Written Off,0,1,ACB-BR037
ACB-LN0003539,ACB-C007026,Mortgage,2019-10-27,487844.03,126970.72,0.0588,180.0,Default,196,1,ACB-BR061
ACB-LN0003540,ACB-C008074,Personal Loan,2025-02-04,27239.59,22980.73,0.24,48.0,Current,0,0,ACB-BR051
ACB-LN0003541,ACB-C003318,Personal Loan,2022-03-07,16827.88,7223.74,0.1911,180.0,Current,0,0,ACB-BR048
ACB-LN0003542,ACB-C014070,Mortgage,2024-10-11,543553.24,433937.67,0.0628,60.0,90+ DPD,96,1,ACB-BR019
ACB-LN0003543,ACB-C003974,Personal Loan,2024-06-19,16149.03,15698.41,0.1904,24.0,Current,0,0,ACB-BR003
ACB-LN0003544,ACB-C007679,Mortgage,2025-10-30,272957.11,171283.14,0.0456,240.0,Current,0,0,ACB-BR028
ACB-LN0003545,ACB-C010025,Personal Loan,2022-12-02,21719.14,14798.34,0.1225,60.0,Current,0,0,ACB-BR046
ACB-LN0003546,ACB-C009280,Personal Loan,2025-10-21,9198.2,8053.95,0.2387,36.0,Current,0,0,ACB-BR070
ACB-LN0003547,ACB-C002786,Auto Loan,2021-05-19,11772.68,7570.21,0.0554,12.0,Current,0,0,ACB-BR078
ACB-LN0003548,ACB-C002277,Personal Loan,2019-02-05,4134.43,1018.23,0.148,48.0,Current,0,0,ACB-BR041
ACB-LN0003549,ACB-C002996,Personal Loan,2019-05-14,28194.66,26609.25,0.1601,84.0,Paid Off,0,0,ACB-BR037
ACB-LN0003550,ACB-C010335,Mortgage,2019-04-07,639011.54,593468.69,0.0498,12.0,Current,0,0,ACB-BR028
ACB-LN0003551,ACB-C009989,Mortgage,2021-09-30,421394.24,106681.8,0.0665,48.0,Current,0,0,ACB-BR065
ACB-LN0003552,ACB-C009542,Personal Loan,2023-12-15,6775.37,2060.05,0.1213,84.0,Paid Off,0,0,ACB-BR010
ACB-LN0003553,ACB-C000382,Auto Loan,2019-03-28,20456.36,6922.87,0.0895,360.0,Paid Off,0,0,ACB-BR029
ACB-LN0003554,ACB-C006057,Mortgage,2023-08-31,178527.19,23851.81,0.051,240.0,30-59 DPD,54,0,ACB-BR030
ACB-LN0003555,ACB-C012127,Personal Loan,2026-02-17,11664.63,5437.42,0.2037,48.0,Current,0,0,ACB-BR004
ACB-LN0003556,ACB-C012458,Mortgage,2024-03-24,230371.0,115133.05,0.095,120.0,Current,0,0,ACB-BR008
ACB-LN0003557,ACB-C002755,Personal Loan,2026-01-04,32775.69,31735.51,0.24,360.0,Current,0,0,ACB-BR056
ACB-LN0003558,ACB-C014238,Small Business Loan,2020-12-30,117587.03,11387.44,0.1171,60.0,Current,0,0,ACB-BR029
ACB-LN0003559,ACB-C010249,Auto Loan,2019-11-05,31442.7,28249.74,0.0705,84.0,Current,0,0,ACB-BR078
ACB-LN0003560,ACB-C005554,Mortgage,2022-09-27,469089.6,425609.76,,180.0,Current,0,0,ACB-BR012
ACB-LN0003561,ACB-C014685,Personal Loan,2021-10-01,22001.09,11071.91,0.103,120.0,30-59 DPD,55,0,ACB-BR052
ACB-LN0003562,ACB-C012197,Small Business Loan,2020-08-26,43141.25,8574.69,0.0696,360.0,Current,0,0,ACB-BR012
ACB-LN0003563,ACB-C000809,Auto Loan,2019-01-05,12666.69,3277.91,0.0621,120.0,Current,0,0,ACB-BR046
ACB-LN0003564,ACB-C002055,Personal Loan,2022-01-20,3787.23,3143.22,0.1344,60.0,30-59 DPD,54,0,ACB-BR018
ACB-LN0003565,ACB-C003390,Auto Loan,2022-03-10,15104.61,14085.23,0.1216,84.0,Current,0,0,ACB-BR023
ACB-LN0003566,ACB-C000279,Home Equity Loan,2019-02-27,115164.01,85405.55,0.1162,36.0,Current,0,0,ACB-BR035
ACB-LN0003567,ACB-C009233,Personal Loan,2022-12-20,28079.31,26153.36,0.1846,360.0,Current,0,0,ACB-BR048
ACB-LN0003568,ACB-C009166,Personal Loan,2022-03-23,18458.13,4352.28,0.1168,360.0,Current,0,0,ACB-BR078
ACB-LN0003569,ACB-C011361,Mortgage,2022-12-27,270279.02,245703.22,0.0838,36.0,Current,0,0,ACB-BR033
ACB-LN0003570,ACB-C009630,Home Equity Loan,2021-01-03,73882.42,46140.87,0.1125,24.0,Current,0,0,ACB-BR005
ACB-LN0003571,ACB-C000280,Personal Loan,2019-04-17,22084.37,3663.27,0.1466,180.0,Default,133,1,ACB-BR074
ACB-LN0003572,ACB-C002861,Home Equity Loan,2021-03-11,26506.14,22730.2,0.0635,12.0,Current,0,0,ACB-BR010
ACB-LN0003573,ACB-C000015,Home Equity Loan,2020-07-11,61004.21,9164.51,0.1029,360.0,Current,0,0,ACB-BR056
ACB-LN0003574,ACB-C007058,Personal Loan,2024-12-30,22194.72,15099.23,0.24,180.0,Current,0,0,ACB-BR076
ACB-LN0003575,ACB-C009191,Mortgage,2020-05-05,165844.22,21033.24,0.074,84.0,Current,0,0,ACB-BR072
ACB-LN0003576,ACB-C011971,Student Loan,2023-01-20,52027.7,44165.18,0.1083,60.0,Current,0,0,ACB-BR043
ACB-LN0003577,ACB-C007870,Auto Loan,2022-07-16,12634.13,4498.94,0.0951,36.0,Current,0,0,ACB-BR037
ACB-LN0003578,ACB-C008632,Mortgage,2019-07-31,632917.32,611597.81,0.0575,60.0,30-59 DPD,51,0,ACB-BR013
ACB-LN0003579,ACB-C002249,Personal Loan,2020-01-26,17798.93,11434.45,0.0868,180.0,90+ DPD,124,1,ACB-BR067
ACB-LN0003580,ACB-C000401,Mortgage,2019-12-31,287142.75,23560.18,0.0627,36.0,60-89 DPD,78,0,ACB-BR012
ACB-LN0003581,ACB-C006619,Auto Loan,2022-01-08,36623.48,26289.64,0.0467,360.0,30-59 DPD,51,0,ACB-BR018
ACB-LN0003582,ACB-C003872,Auto Loan,2019-09-26,42318.74,17307.17,0.1308,360.0,90+ DPD,143,1,ACB-BR062
ACB-LN0003583,ACB-C009076,Mortgage,2024-04-26,386525.37,79128.21,0.095,360.0,Current,0,0,ACB-BR026
ACB-LN0003584,ACB-C009441,Home Equity Loan,2023-11-12,107171.41,30937.85,0.0847,24.0,Current,0,0,ACB-BR045
ACB-LN0003585,ACB-C009112,Small Business Loan,2024-03-08,44535.66,8697.13,0.106,12.0,Current,0,0,ACB-BR025
ACB-LN0003586,ACB-C002639,Personal Loan,2025-02-20,33015.04,29182.85,0.1642,180.0,Current,0,0,ACB-BR019
ACB-LN0003587,ACB-C011068,Mortgage,2020-06-27,253085.53,115616.97,0.0355,84.0,Current,0,0,ACB-BR069
ACB-LN0003588,ACB-C006066,Personal Loan,2019-08-22,13051.39,2699.25,0.1869,360.0,60-89 DPD,80,0,ACB-BR021
ACB-LN0003589,ACB-C014111,Home Equity Loan,2023-11-02,18352.34,3219.13,0.1173,120.0,Current,0,0,ACB-BR007
ACB-LN0003590,ACB-C006463,Auto Loan,2023-01-24,49671.0,9600.16,0.1499,24.0,Current,0,0,ACB-BR025
ACB-LN0003591,ACB-C002811,Personal Loan,2024-04-28,26002.22,21802.13,0.24,,Current,0,0,ACB-BR012
ACB-LN0003592,ACB-C001858,Mortgage,2020-09-12,440317.46,414630.81,0.0656,360.0,Current,0,0,ACB-BR020
ACB-LN0003593,ACB-C002746,Personal Loan,2024-04-24,23851.89,6132.25,0.2235,240.0,90+ DPD,154,1,ACB-BR073
ACB-LN0003594,ACB-C013174,Small Business Loan,2019-06-14,99918.79,35070.79,0.0947,24.0,Paid Off,0,0,ACB-BR007
ACB-LN0003595,ACB-C009391,Personal Loan,2021-06-26,25481.26,20962.89,0.1961,84.0,Current,0,0,ACB-BR019
ACB-LN0003596,ACB-C011868,Personal Loan,2024-06-21,3273.67,306.5,0.24,60.0,Current,0,0,ACB-BR063
ACB-LN0003597,ACB-C006589,Auto Loan,2021-03-29,53142.34,19445.28,0.0474,60.0,Current,0,0,ACB-BR006
ACB-LN0003598,ACB-C001940,Mortgage,2020-04-02,309407.16,123163.77,0.0663,84.0,Current,0,0,ACB-BR014
ACB-LN0003599,ACB-C013952,Auto Loan,2019-01-13,17451.8,896.46,0.0482,84.0,Current,0,0,ACB-BR043
ACB-LN0003600,ACB-C012924,Auto Loan,2019-07-16,38502.81,29367.2,0.1151,84.0,Current,0,0,ACB-BR002
ACB-LN0003601,ACB-C004468,Personal Loan,2021-03-30,7114.35,4840.68,0.1397,84.0,Current,0,0,ACB-BR043
ACB-LN0003602,ACB-C008213,Personal Loan,2021-04-20,25272.46,6713.86,0.089,84.0,Current,0,0,ACB-BR075
ACB-LN0003603,ACB-C009968,Personal Loan,2024-09-25,12763.9,8530.19,0.2006,180.0,Current,0,0,ACB-BR065
ACB-LN0003604,ACB-C004689,Mortgage,2020-09-29,272388.93,83850.98,0.0367,36.0,Paid Off,0,0,ACB-BR047
ACB-LN0003605,ACB-C014852,Student Loan,2025-07-13,17315.34,2768.36,0.11,36.0,Current,0,0,ACB-BR067
ACB-LN0003606,ACB-C014255,Auto Loan,2021-04-11,10209.44,9071.71,0.118,84.0,Current,0,0,ACB-BR038
ACB-LN0003607,ACB-C001105,Personal Loan,2020-04-26,30975.64,22887.29,0.1436,24.0,Current,0,0,ACB-BR055
ACB-LN0003608,ACB-C002475,Mortgage,2019-06-01,629131.07,47759.57,0.0645,60.0,Current,0,0,ACB-BR061
ACB-LN0003609,ACB-C004423,Personal Loan,2025-06-17,12183.21,5860.24,0.24,12.0,Current,0,0,ACB-BR072
ACB-LN0003610,ACB-C007879,Mortgage,2023-10-19,447532.41,276654.44,0.0573,84.0,Current,0,0,ACB-BR072
ACB-LN0003611,ACB-C009008,Small Business Loan,2022-03-14,122672.87,73383.93,0.1478,12.0,Current,0,0,ACB-BR012
ACB-LN0003612,ACB-C001209,Auto Loan,2024-05-21,17626.31,3793.52,0.156,240.0,Current,0,0,ACB-BR072
ACB-LN0003613,ACB-C008798,Student Loan,2021-02-08,41078.39,10062.99,0.0759,180.0,Current,0,0,ACB-BR022
ACB-LN0003614,ACB-C011223,Mortgage,2025-03-15,223685.73,71438.58,0.095,180.0,Current,0,0,ACB-BR064
ACB-LN0003615,ACB-C007239,Personal Loan,2020-12-14,4720.26,1486.67,0.1496,48.0,90+ DPD,117,1,ACB-BR034
ACB-LN0003616,ACB-C000262,Mortgage,2020-06-04,293768.18,240764.29,0.055,180.0,Current,0,0,ACB-BR076
ACB-LN0003617,ACB-C000293,Mortgage,2025-09-01,341837.33,327197.28,0.0592,60.0,Current,0,0,ACB-BR069
ACB-LN0003618,ACB-C002349,Mortgage,2023-01-18,187493.81,90607.47,0.0597,180.0,Current,0,0,ACB-BR002
ACB-LN0003619,ACB-C007915,Personal Loan,2019-02-16,27553.74,5090.84,0.1335,120.0,Current,0,0,ACB-BR070
ACB-LN0003620,ACB-C008816,Mortgage,2022-05-31,592982.89,408081.63,0.0379,180.0,Current,0,0,ACB-BR014
ACB-LN0003621,ACB-C007970,Mortgage,2024-08-08,478877.35,379771.32,0.0824,48.0,Current,0,0,ACB-BR007
ACB-LN0003622,ACB-C001163,Auto Loan,2019-04-08,34229.9,18773.77,0.1396,180.0,Paid Off,0,0,ACB-BR009
ACB-LN0003623,ACB-C001814,Auto Loan,2023-09-23,17367.36,11154.69,0.0969,240.0,Current,0,0,ACB-BR005
ACB-LN0003624,ACB-C013832,Auto Loan,2023-06-02,38505.75,27743.11,0.0971,36.0,Current,0,0,ACB-BR027
ACB-LN0003625,ACB-C014619,Personal Loan,2020-10-01,32093.55,28982.6,0.1825,180.0,Current,0,0,ACB-BR007
ACB-LN0003626,ACB-C012616,Personal Loan,2019-11-30,27776.89,12361.18,0.1254,120.0,Current,0,0,ACB-BR073
ACB-LN0003627,ACB-C014627,Personal Loan,2023-08-23,34013.26,17563.47,0.1429,60.0,Written Off,0,1,ACB-BR008
ACB-LN0003628,ACB-C006834,Personal Loan,2022-08-10,33304.18,14601.31,0.2363,36.0,Current,0,0,ACB-BR058
ACB-LN0003629,ACB-C010941,Auto Loan,2020-04-20,29975.26,12196.28,0.0544,24.0,60-89 DPD,60,0,ACB-BR048
ACB-LN0003630,ACB-C010357,Small Business Loan,2024-08-28,198459.36,116767.04,0.1587,24.0,Current,0,0,ACB-BR051
ACB-LN0003631,ACB-C000463,Personal Loan,2021-06-24,27711.09,8278.69,0.18,48.0,Current,0,0,ACB-BR042
ACB-LN0003632,ACB-C001823,Mortgage,2022-08-03,369470.74,209814.36,0.0784,36.0,Current,0,0,ACB-BR051
ACB-LN0003633,ACB-C014819,Auto Loan,2023-08-08,43830.63,4965.78,0.0791,36.0,Current,0,0,ACB-BR067
ACB-LN0003634,ACB-C004805,Personal Loan,2021-01-25,3936.24,2384.44,0.169,84.0,Current,0,0,ACB-BR004
ACB-LN0003635,ACB-C004171,Small Business Loan,2020-07-30,215382.86,65399.74,0.1688,180.0,30-59 DPD,51,0,ACB-BR055
ACB-LN0003636,ACB-C000288,Personal Loan,2023-09-13,22665.38,7657.47,0.2139,240.0,30-59 DPD,37,0,ACB-BR052
ACB-LN0003637,ACB-C003658,Mortgage,2022-12-21,457446.8,268200.5,0.0818,240.0,Current,0,0,ACB-BR023
ACB-LN0003638,ACB-C005506,Personal Loan,2023-12-18,11148.9,1514.29,0.24,60.0,Current,0,0,ACB-BR054
ACB-LN0003639,ACB-C010371,Mortgage,2022-11-14,169658.32,72249.95,,60.0,Current,0,0,ACB-BR006
ACB-LN0003640,ACB-C012360,Personal Loan,2025-09-28,3115.57,1723.02,0.24,36.0,90+ DPD,127,1,ACB-BR010
ACB-LN0003641,ACB-C011737,Auto Loan,2020-01-17,36001.43,23212.96,0.1273,180.0,Current,0,0,ACB-BR036
ACB-LN0003642,ACB-C006623,Mortgage,2023-09-25,384378.43,34779.3,0.0546,12.0,90+ DPD,102,1,ACB-BR037
ACB-LN0003643,ACB-C014963,Personal Loan,2023-01-18,14588.17,2035.75,0.24,180.0,Current,0,0,ACB-BR005
ACB-LN0003644,ACB-C013779,Auto Loan,2023-11-17,50127.04,29916.7,0.1372,36.0,Current,0,0,ACB-BR078
ACB-LN0003645,ACB-C005645,Small Business Loan,2023-04-12,242857.21,225389.05,0.2,240.0,Current,0,0,ACB-BR079
ACB-LN0003646,ACB-C012154,Mortgage,2020-09-06,535191.13,70094.96,0.045,84.0,Current,0,0,ACB-BR026
ACB-LN0003647,ACB-C013567,Student Loan,2020-11-30,79818.38,61928.26,0.0544,360.0,Current,0,0,ACB-BR063
ACB-LN0003648,ACB-C013666,Mortgage,2024-01-13,215476.16,13573.15,0.0947,360.0,Current,0,0,ACB-BR038
ACB-LN0003649,ACB-C007215,Personal Loan,2025-02-11,33099.07,9115.89,0.24,180.0,Current,0,0,ACB-BR047
ACB-LN0003650,ACB-C002725,Mortgage,2020-06-16,209689.56,122792.93,0.0685,180.0,Current,0,0,ACB-BR046
ACB-LN0003651,ACB-C011878,Auto Loan,2026-01-18,53767.06,16595.28,0.16,120.0,Current,0,0,ACB-BR061
ACB-LN0003652,ACB-C001957,Personal Loan,2019-08-09,13709.56,11883.22,0.1502,60.0,90+ DPD,132,1,ACB-BR018
ACB-LN0003653,ACB-C009872,Small Business Loan,2025-12-11,127870.32,58116.06,0.0899,24.0,Current,0,0,ACB-BR009
ACB-LN0003654,ACB-C011419,Auto Loan,2025-06-18,52462.04,12403.92,0.1482,48.0,Default,205,1,ACB-BR029
ACB-LN0003655,ACB-C000053,Student Loan,2020-12-18,69642.07,64258.83,0.0497,12.0,Current,0,0,ACB-BR038
ACB-LN0003656,ACB-C013610,Auto Loan,2022-05-22,37486.65,3572.45,0.0745,24.0,Current,0,0,ACB-BR058
ACB-LN0003657,ACB-C010959,Home Equity Loan,2023-03-08,20257.13,16184.67,0.14,60.0,Current,0,0,ACB-BR001
ACB-LN0003658,ACB-C004076,Home Equity Loan,2023-10-03,75951.75,16478.69,0.0987,36.0,Current,0,0,ACB-BR031
ACB-LN0003659,ACB-C000672,Mortgage,2020-10-11,578071.06,368562.63,0.0306,36.0,Current,0,0,ACB-BR027
ACB-LN0003660,ACB-C013123,Personal Loan,2021-05-20,16226.36,6578.27,0.2198,84.0,Paid Off,0,0,ACB-BR011
ACB-LN0003661,ACB-C010031,Home Equity Loan,2019-01-09,57001.66,25793.08,0.0575,60.0,Current,0,0,ACB-BR037
ACB-LN0003662,ACB-C012138,Personal Loan,2024-11-23,14106.53,13136.58,0.24,36.0,30-59 DPD,40,0,ACB-BR011
ACB-LN0003663,ACB-C001246,Mortgage,2025-04-02,322175.83,92230.49,0.095,240.0,Current,0,0,ACB-BR042
ACB-LN0003664,ACB-C009947,Personal Loan,2019-09-06,16245.69,5506.85,0.1821,60.0,Paid Off,0,0,ACB-BR063
ACB-LN0003665,ACB-C009355,Mortgage,2020-12-02,505720.49,285731.99,0.0536,60.0,Current,0,0,ACB-BR040
ACB-LN0003666,ACB-C006138,Auto Loan,2019-03-24,30955.35,15872.43,0.0822,180.0,Current,0,0,ACB-BR080
ACB-LN0003667,ACB-C000650,Mortgage,2024-09-05,341105.77,234979.16,0.0676,120.0,Current,0,0,ACB-BR038
ACB-LN0003668,ACB-C014819,Mortgage,2022-11-06,377531.67,88174.98,0.0553,84.0,30-59 DPD,46,0,ACB-BR076
ACB-LN0003669,ACB-C008911,Personal Loan,2022-07-24,17133.25,6730.01,0.24,12.0,60-89 DPD,61,0,ACB-BR080
ACB-LN0003670,ACB-C006144,Mortgage,2020-09-28,159273.4,94890.99,0.0335,84.0,Current,0,0,ACB-BR022
ACB-LN0003671,ACB-C008741,Personal Loan,2021-04-25,12513.13,8802.33,0.1957,360.0,Current,0,0,ACB-BR076
ACB-LN0003672,ACB-C013922,Mortgage,2020-08-04,177260.49,36555.32,0.0309,48.0,Paid Off,0,0,ACB-BR023
ACB-LN0003673,ACB-C005916,Mortgage,2022-10-16,162650.35,138230.8,0.0464,12.0,Current,0,0,ACB-BR061
ACB-LN0003674,ACB-C003427,Mortgage,2022-09-27,140655.59,30278.44,0.0942,84.0,Current,0,0,ACB-BR002
ACB-LN0003675,ACB-C001469,Auto Loan,2019-10-11,19857.65,3761.43,0.075,60.0,Current,0,0,ACB-BR031
ACB-LN0003676,ACB-C006535,Student Loan,2019-04-30,30340.44,6393.63,0.0482,12.0,Current,0,0,ACB-BR012
ACB-LN0003677,ACB-C012756,Mortgage,2019-08-01,578868.21,490681.67,0.0461,24.0,Current,0,0,ACB-BR077
ACB-LN0003678,ACB-C000984,Personal Loan,2022-06-24,28709.36,7684.42,0.24,240.0,Current,0,0,ACB-BR034
ACB-LN0003679,ACB-C002167,Home Equity Loan,2026-01-28,51675.87,34611.08,0.0978,120.0,Paid Off,0,0,ACB-BR017
ACB-LN0003680,ACB-C001989,Mortgage,2019-08-12,533316.38,399951.75,0.0473,120.0,Current,0,0,ACB-BR076
ACB-LN0003681,ACB-C008687,Small Business Loan,2021-02-20,192460.27,135403.89,0.1393,24.0,Current,0,0,ACB-BR034
ACB-LN0003682,ACB-C011756,Home Equity Loan,2020-06-02,46980.57,45460.03,0.1078,180.0,Current,0,0,ACB-BR038
ACB-LN0003683,ACB-C008256,Personal Loan,2025-06-17,17422.95,12495.72,0.1439,240.0,Current,0,0,ACB-BR044
ACB-LN0003684,ACB-C012209,Personal Loan,2022-04-27,17544.06,1763.5,0.1695,180.0,Current,0,0,ACB-BR067
ACB-LN0003685,ACB-C014801,Home Equity Loan,2024-05-25,51969.68,35968.51,0.085,84.0,Written Off,0,1,ACB-BR062
ACB-LN0003686,ACB-C004888,Small Business Loan,2024-04-03,145363.53,135566.32,0.196,120.0,Current,0,0,ACB-BR079
ACB-LN0003687,ACB-C002130,Auto Loan,2022-03-03,30223.66,20902.45,0.1258,36.0,30-59 DPD,45,0,ACB-BR046
ACB-LN0003688,ACB-C007140,Auto Loan,2026-02-02,54301.17,14442.42,0.0679,24.0,Current,0,0,ACB-BR069
ACB-LN0003689,ACB-C008783,Auto Loan,2024-01-26,49713.57,6123.06,0.0899,120.0,Current,0,0,ACB-BR075
ACB-LN0003690,ACB-C007997,Mortgage,2024-08-21,504005.65,286522.33,0.0833,24.0,60-89 DPD,75,0,ACB-BR020
ACB-LN0003691,ACB-C011541,Student Loan,2019-10-22,63849.44,54057.72,0.0491,84.0,30-59 DPD,40,0,ACB-BR012
ACB-LN0003692,ACB-C001621,Small Business Loan,2020-10-21,47310.43,38028.31,0.0793,84.0,Current,0,0,ACB-BR067
ACB-LN0003693,ACB-C009089,Auto Loan,2020-07-19,47352.56,28556.31,0.1389,84.0,Current,0,0,ACB-BR012
ACB-LN0003694,ACB-C004134,Auto Loan,2023-07-06,35247.88,31749.56,0.0821,36.0,Current,0,0,ACB-BR039
ACB-LN0003695,ACB-C002009,Mortgage,2022-09-11,177870.68,44883.34,0.0908,180.0,Current,0,0,ACB-BR036
ACB-LN0003696,ACB-C009167,Mortgage,2020-08-22,422126.52,236083.3,0.0673,36.0,Current,0,0,ACB-BR042
ACB-LN0003697,ACB-C003694,Home Equity Loan,2026-01-15,82582.02,10252.97,0.0998,12.0,Current,0,0,ACB-BR017
ACB-LN0003698,ACB-C007345,Small Business Loan,2019-07-28,216316.06,133113.98,0.1243,180.0,Current,0,0,ACB-BR018
ACB-LN0003699,ACB-C002697,Mortgage,2022-05-08,153717.57,106858.43,0.0389,60.0,Current,0,0,ACB-BR003
ACB-LN0003700,ACB-C003936,Mortgage,2020-04-30,250112.45,200088.73,0.0374,36.0,Current,0,0,ACB-BR080
ACB-LN0003701,ACB-C004018,Home Equity Loan,2021-01-21,39063.32,32862.13,0.0819,84.0,Default,336,1,ACB-BR074
ACB-LN0003702,ACB-C010507,Personal Loan,2023-07-07,34440.67,26815.07,0.1538,12.0,Current,0,0,ACB-BR041
ACB-LN0003703,ACB-C010226,Auto Loan,2025-11-26,27569.19,9614.52,0.0687,12.0,90+ DPD,128,1,ACB-BR028
ACB-LN0003704,ACB-C000060,Personal Loan,2024-06-19,14137.61,10965.37,0.1555,48.0,Current,0,0,ACB-BR051
ACB-LN0003705,ACB-C001074,Auto Loan,2025-08-22,28834.46,9979.77,0.16,24.0,Current,0,0,ACB-BR060
ACB-LN0003706,ACB-C008510,Small Business Loan,2021-07-13,57132.8,11176.96,0.1447,180.0,Written Off,0,1,ACB-BR031
ACB-LN0003707,ACB-C000566,Mortgage,2025-08-03,201680.13,145649.09,0.0927,360.0,Current,0,0,ACB-BR058
ACB-LN0003708,ACB-C005488,Student Loan,2021-10-13,23618.22,21922.62,0.0889,24.0,Default,261,1,ACB-BR044
ACB-LN0003709,ACB-C009522,Mortgage,2021-11-11,525653.84,329299.15,0.0405,,90+ DPD,135,1,ACB-BR067
ACB-LN0003710,ACB-C000713,Home Equity Loan,2025-09-30,72173.52,46538.48,0.1199,60.0,Paid Off,0,0,ACB-BR042
ACB-LN0003711,ACB-C004752,Mortgage,2022-10-28,333190.36,228406.93,0.0733,36.0,Current,0,0,ACB-BR027
ACB-LN0003712,ACB-C010406,Mortgage,2022-12-06,245188.84,229750.92,0.0514,120.0,Current,0,0,ACB-BR012
ACB-LN0003713,ACB-C007072,Personal Loan,2023-11-05,19292.25,3464.49,0.2058,24.0,Current,0,0,ACB-BR035
ACB-LN0003714,ACB-C008498,Auto Loan,2022-07-24,27494.38,2291.09,0.1169,12.0,Current,0,0,ACB-BR067
ACB-LN0003715,ACB-C007492,Student Loan,2019-12-06,39080.13,13251.24,0.0817,240.0,Current,0,0,ACB-BR065
ACB-LN0003716,ACB-C002714,Personal Loan,2023-12-02,7783.96,2302.32,0.1466,24.0,Current,0,0,ACB-BR034
ACB-LN0003717,ACB-C010894,Auto Loan,2021-03-20,16108.1,2842.58,0.0675,36.0,Current,0,0,ACB-BR027
ACB-LN0003718,ACB-C008210,Student Loan,2026-03-08,34538.62,20682.27,0.0945,60.0,Current,0,0,ACB-BR060
ACB-LN0003719,ACB-C005763,Mortgage,2022-10-28,323737.49,282272.05,0.0675,24.0,Current,0,0,ACB-BR065
ACB-LN0003720,ACB-C001089,Mortgage,2025-02-02,363253.32,334488.55,0.066,24.0,Current,0,0,ACB-BR034
ACB-LN0003721,ACB-C014532,Personal Loan,2025-08-16,26575.35,18633.0,0.24,240.0,Current,0,0,ACB-BR012
ACB-LN0003722,ACB-C007334,Personal Loan,2020-09-12,12661.04,6258.63,0.1102,240.0,Paid Off,0,0,ACB-BR018
ACB-LN0003723,ACB-C010604,Auto Loan,2025-09-30,19108.71,13171.3,0.1397,24.0,Current,0,0,ACB-BR070
ACB-LN0003724,ACB-C010560,Mortgage,2019-02-22,376643.31,146003.18,0.0313,240.0,Paid Off,0,0,ACB-BR075
ACB-LN0003725,ACB-C006692,Personal Loan,2024-09-21,13396.25,5691.64,0.24,36.0,90+ DPD,111,1,ACB-BR021
ACB-LN0003726,ACB-C013935,Personal Loan,2024-02-15,17329.34,5368.97,0.2304,,Current,0,0,ACB-BR006
ACB-LN0003727,ACB-C008097,Mortgage,2020-04-14,260399.23,36222.16,0.0468,24.0,Current,0,0,ACB-BR062
ACB-LN0003728,ACB-C005550,Auto Loan,2020-04-12,46628.08,45352.94,0.0625,360.0,Current,0,0,ACB-BR070
ACB-LN0003729,ACB-C008426,Auto Loan,2023-04-09,46838.26,25985.54,0.16,24.0,Current,0,0,ACB-BR026
ACB-LN0003730,ACB-C009230,Home Equity Loan,2023-12-29,98107.66,71514.5,0.1087,240.0,30-59 DPD,45,0,ACB-BR050
ACB-LN0003731,ACB-C011539,Auto Loan,2022-12-22,15302.37,11374.58,0.16,24.0,Current,0,0,ACB-BR042
ACB-LN0003732,ACB-C014193,Home Equity Loan,2026-03-16,42544.36,11635.64,0.112,120.0,Current,0,0,ACB-BR002
ACB-LN0003733,ACB-C011368,Mortgage,2023-05-28,445356.99,171605.85,0.0437,36.0,Current,0,0,ACB-BR007
ACB-LN0003734,ACB-C013467,Personal Loan,2024-02-20,4411.06,2349.26,0.24,180.0,Current,0,0,ACB-BR069
ACB-LN0003735,ACB-C009682,Mortgage,2024-12-15,333857.49,24021.34,0.095,60.0,Current,0,0,ACB-BR041
ACB-LN0003736,ACB-C005023,Mortgage,2023-08-21,125936.7,97955.05,0.0646,24.0,Current,0,0,ACB-BR029
ACB-LN0003737,ACB-C013095,Home Equity Loan,2025-06-24,91079.3,74223.94,0.14,180.0,Current,0,0,ACB-BR049
ACB-LN0003738,ACB-C014790,Student Loan,2022-06-12,25080.18,16529.04,0.0626,240.0,Paid Off,0,0,ACB-BR038
ACB-LN0003739,ACB-C002405,Mortgage,2025-09-18,213532.07,28849.4,0.047,240.0,Current,0,0,ACB-BR012
ACB-LN0003740,ACB-C014654,Auto Loan,2025-06-14,47503.16,9504.07,0.16,180.0,Current,0,0,ACB-BR014
ACB-LN0003741,ACB-C005704,Small Business Loan,2026-03-01,194553.16,38712.45,0.1851,12.0,Current,0,0,ACB-BR020
ACB-LN0003742,ACB-C013710,Mortgage,2024-08-31,300021.61,126076.36,0.062,120.0,Paid Off,0,0,ACB-BR047
ACB-LN0003743,ACB-C008144,Auto Loan,2021-06-03,45816.58,33674.36,0.0857,120.0,30-59 DPD,43,0,ACB-BR039
ACB-LN0003744,ACB-C014448,Personal Loan,2025-12-02,5760.98,2425.88,0.236,24.0,30-59 DPD,57,0,ACB-BR016
ACB-LN0003745,ACB-C005108,Small Business Loan,2021-05-23,151815.9,89635.61,0.1162,360.0,Written Off,0,1,ACB-BR051
ACB-LN0003746,ACB-C012973,Personal Loan,2022-08-19,11169.82,7698.93,0.1209,36.0,Current,0,0,ACB-BR001
ACB-LN0003747,ACB-C014948,Home Equity Loan,2021-11-16,117065.58,12481.21,0.0785,120.0,Paid Off,0,0,ACB-BR039
ACB-LN0003748,ACB-C009839,Personal Loan,2024-10-12,15472.85,14411.24,0.1914,12.0,Current,0,0,ACB-BR003
ACB-LN0003749,ACB-C007812,Mortgage,2022-10-28,603371.91,573274.69,0.0708,180.0,Current,0,0,ACB-BR077
ACB-LN0003750,ACB-C009256,Personal Loan,2025-11-04,20537.59,6025.35,,48.0,Current,0,0,ACB-BR042
ACB-LN0003751,ACB-C011915,Home Equity Loan,2026-01-11,101289.75,84644.83,0.0999,84.0,30-59 DPD,35,0,ACB-BR017
ACB-LN0003752,ACB-C008277,Mortgage,2024-08-22,268215.27,259978.89,0.0671,120.0,Current,0,0,ACB-BR073
ACB-LN0003753,ACB-C011951,Mortgage,2022-06-20,613765.43,182351.03,0.0469,24.0,Current,0,0,ACB-BR005
ACB-LN0003754,ACB-C008551,Mortgage,2023-11-01,404703.52,186283.34,0.0944,84.0,Current,0,0,ACB-BR035
ACB-LN0003755,ACB-C007350,Personal Loan,2021-04-15,31921.37,15143.81,0.2047,240.0,Current,0,0,ACB-BR041
ACB-LN0003756,ACB-C007513,Student Loan,2022-12-10,18406.39,6241.08,0.0666,12.0,30-59 DPD,57,0,ACB-BR003
ACB-LN0003757,ACB-C002403,Personal Loan,2024-12-09,22655.09,10375.15,0.24,240.0,Current,0,0,ACB-BR016
ACB-LN0003758,ACB-C002312,Mortgage,2023-03-02,302606.85,84673.2,0.0412,24.0,Current,0,0,ACB-BR017
ACB-LN0003759,ACB-C008799,Auto Loan,2025-01-24,42831.73,34094.35,0.1054,240.0,Current,0,0,ACB-BR041
ACB-LN0003760,ACB-C002993,Personal Loan,2025-08-07,34100.77,15081.37,0.1409,48.0,60-89 DPD,75,0,ACB-BR001
ACB-LN0003761,ACB-C002421,Mortgage,2022-08-17,551605.09,514384.29,0.0645,,Current,0,0,ACB-BR049
ACB-LN0003762,ACB-C010794,Auto Loan,2020-09-08,15961.93,12666.3,0.109,84.0,Current,0,0,ACB-BR052
ACB-LN0003763,ACB-C010759,Personal Loan,2025-08-14,7923.99,4652.44,0.2328,36.0,Current,0,0,ACB-BR014
ACB-LN0003764,ACB-C001753,Personal Loan,2020-10-22,6381.47,2598.44,0.1446,180.0,Current,0,0,ACB-BR046
ACB-LN0003765,ACB-C010257,Auto Loan,2020-10-21,25678.98,12180.56,0.0707,84.0,Current,0,0,ACB-BR068
ACB-LN0003766,ACB-C001427,Small Business Loan,2025-03-20,38764.55,8947.18,0.2,240.0,Current,0,0,ACB-BR068
ACB-LN0003767,ACB-C010637,Auto Loan,2021-04-28,16619.86,8903.77,0.0934,84.0,Current,0,0,ACB-BR047
ACB-LN0003768,ACB-C004279,Mortgage,2022-04-15,623420.4,154412.52,0.0626,24.0,Current,0,0,ACB-BR016
ACB-LN0003769,ACB-C007605,Auto Loan,2021-01-19,48996.06,21787.42,0.1065,120.0,Current,0,0,ACB-BR075
ACB-LN0003770,ACB-C001753,Small Business Loan,2024-09-19,90055.81,11217.45,0.2,360.0,Current,0,0,ACB-BR033
ACB-LN0003771,ACB-C010676,Auto Loan,2020-06-07,28519.35,15762.24,0.083,120.0,Current,0,0,ACB-BR048
ACB-LN0003772,ACB-C002473,Mortgage,2023-10-30,222743.95,99910.16,0.0749,12.0,Current,0,0,ACB-BR040
ACB-LN0003773,ACB-C002764,Personal Loan,2024-06-07,14070.16,6630.28,0.1825,120.0,Current,0,0,ACB-BR009
ACB-LN0003774,ACB-C001239,Student Loan,2022-07-23,24030.28,10851.8,0.0954,120.0,Current,0,0,ACB-BR041
ACB-LN0003775,ACB-C009657,Home Equity Loan,2021-09-25,94006.6,26562.27,0.0808,36.0,Current,0,0,ACB-BR070
ACB-LN0003776,ACB-C014870,Auto Loan,2023-09-12,21191.6,7916.33,0.0957,60.0,Current,0,0,ACB-BR029
ACB-LN0003777,ACB-C001434,Personal Loan,2021-03-13,17698.81,13599.24,0.1939,12.0,Current,0,0,ACB-BR037
ACB-LN0003778,ACB-C009148,Auto Loan,2024-03-26,32778.94,20557.79,0.0721,360.0,30-59 DPD,51,0,ACB-BR075
ACB-LN0003779,ACB-C010964,Home Equity Loan,2025-05-22,102845.85,72755.81,0.1029,36.0,Paid Off,0,0,ACB-BR011
ACB-LN0003780,ACB-C014429,Mortgage,2025-01-17,284133.89,202043.18,0.0573,180.0,Paid Off,0,0,ACB-BR017
ACB-LN0003781,ACB-C009043,Personal Loan,2019-12-08,18006.18,16112.02,0.1645,84.0,Current,0,0,ACB-BR062
ACB-LN0003782,ACB-C003918,Auto Loan,2020-10-26,15715.44,1851.07,0.0789,36.0,Current,0,0,ACB-BR048
ACB-LN0003783,ACB-C003298,Auto Loan,2023-04-11,36515.41,9626.08,0.093,84.0,Current,0,0,ACB-BR015
ACB-LN0003784,ACB-C007428,Mortgage,2021-02-23,450057.29,206450.54,0.062,36.0,Current,0,0,ACB-BR058
ACB-LN0003785,ACB-C002743,Personal Loan,2023-09-12,34288.8,14806.51,0.1546,360.0,Current,0,0,ACB-BR072
ACB-LN0003786,ACB-C010086,Mortgage,2026-03-12,454765.45,99854.01,0.0576,12.0,Current,0,0,ACB-BR058
ACB-LN0003787,ACB-C004835,Small Business Loan,2025-05-02,150769.76,120319.53,0.1392,60.0,Written Off,0,1,ACB-BR065
ACB-LN0003788,ACB-C009790,Home Equity Loan,2020-11-29,99230.48,56587.51,0.1051,360.0,Paid Off,0,0,ACB-BR012
ACB-LN0003789,ACB-C013583,Student Loan,2023-01-22,77280.53,53424.42,0.0988,48.0,Current,0,0,ACB-BR013
ACB-LN0003790,ACB-C012926,Personal Loan,2022-11-22,14706.4,14249.81,0.24,240.0,Current,0,0,ACB-BR017
ACB-LN0003791,ACB-C000859,Small Business Loan,2019-07-27,187912.84,49609.93,0.1619,60.0,Current,0,0,ACB-BR079
ACB-LN0003792,ACB-C013604,Mortgage,2020-08-04,280970.58,56902.11,0.0496,12.0,Current,0,0,ACB-BR008
ACB-LN0003793,ACB-C009896,Auto Loan,2025-02-18,17517.19,13691.26,0.062,36.0,Current,0,0,ACB-BR065
ACB-LN0003794,ACB-C007329,Student Loan,2020-11-25,58523.52,41697.71,0.0688,120.0,Current,0,0,ACB-BR020
ACB-LN0003795,ACB-C000334,Personal Loan,2022-09-27,3454.11,497.18,0.1296,84.0,Current,0,0,ACB-BR036
ACB-LN0003796,ACB-C002187,Small Business Loan,2019-12-07,217739.45,123819.24,0.098,48.0,30-59 DPD,52,0,ACB-BR079
ACB-LN0003797,ACB-C007372,Personal Loan,2019-07-31,30230.45,3947.05,0.1847,360.0,Paid Off,0,0,ACB-BR062
ACB-LN0003798,ACB-C003341,Mortgage,2022-08-08,382385.0,180010.26,,120.0,Current,0,0,ACB-BR051
ACB-LN0003799,ACB-C009757,Small Business Loan,2019-11-11,117609.0,41003.78,,84.0,Current,0,0,ACB-BR048
ACB-LN0003800,ACB-C009966,Mortgage,2022-08-18,454639.64,23874.69,0.0884,24.0,Current,0,0,ACB-BR021
ACB-LN0003801,ACB-C006959,Mortgage,2020-03-04,121786.91,61075.56,0.0321,24.0,Current,0,0,ACB-BR006
ACB-LN0003802,ACB-C005887,Mortgage,2022-10-25,189680.05,79166.27,0.0448,84.0,Current,0,0,ACB-BR072
ACB-LN0003803,ACB-C005752,Auto Loan,2021-05-19,29985.25,18196.28,0.0711,360.0,Paid Off,0,0,ACB-BR039
ACB-LN0003804,ACB-C000598,Mortgage,2019-01-01,196890.65,28724.27,0.0581,12.0,Current,0,0,ACB-BR041
ACB-LN0003805,ACB-C010811,Personal Loan,2022-10-13,9785.59,1785.38,0.1085,240.0,Current,0,0,ACB-BR074
ACB-LN0003806,ACB-C009058,Personal Loan,2020-11-24,21457.25,3234.38,0.1386,60.0,Current,0,0,ACB-BR008
ACB-LN0003807,ACB-C010708,Personal Loan,2020-11-19,19827.52,16361.99,0.1651,36.0,Current,0,0,ACB-BR026
ACB-LN0003808,ACB-C005033,Auto Loan,2023-01-09,10799.35,10071.32,0.1556,60.0,Current,0,0,ACB-BR010
ACB-LN0003809,ACB-C008632,Personal Loan,2025-03-31,24609.88,2830.31,0.24,60.0,Current,0,0,ACB-BR051
ACB-LN0003810,ACB-C008366,Home Equity Loan,2021-03-28,72655.4,20544.77,0.1,84.0,60-89 DPD,89,0,ACB-BR031
ACB-LN0003811,ACB-C006231,Auto Loan,2019-07-28,30859.67,17346.52,0.1313,60.0,Current,0,0,ACB-BR065
ACB-LN0003812,ACB-C003274,Personal Loan,2022-11-10,14459.79,3945.54,0.24,240.0,Paid Off,0,0,ACB-BR076
ACB-LN0003813,ACB-C014755,Personal Loan,2023-04-11,5475.2,2387.85,0.2036,60.0,Current,0,0,ACB-BR064
ACB-LN0003814,ACB-C014520,Mortgage,2021-05-11,559830.63,501643.04,0.0473,36.0,Current,0,0,ACB-BR014
ACB-LN0003815,ACB-C005336,Mortgage,2021-07-17,202511.81,60216.03,0.0717,180.0,Current,0,0,ACB-BR012
ACB-LN0003816,ACB-C003706,Mortgage,2024-03-16,549405.36,97762.57,0.0791,240.0,Current,0,0,ACB-BR060
ACB-LN0003817,ACB-C005134,Mortgage,2021-02-05,137009.33,74258.46,0.0307,48.0,Paid Off,0,0,ACB-BR021
ACB-LN0003818,ACB-C009516,Personal Loan,2021-07-03,5465.94,2684.14,0.1417,180.0,Current,0,0,ACB-BR036
ACB-LN0003819,ACB-C010005,Personal Loan,2023-03-31,11033.75,3289.16,0.24,24.0,Current,0,0,ACB-BR065
ACB-LN0003820,ACB-C004262,Mortgage,2022-03-05,524894.17,309479.06,0.0438,360.0,Current,0,0,ACB-BR019
ACB-LN0003821,ACB-C005168,Mortgage,2022-06-17,220529.1,95183.79,0.0728,60.0,Current,0,0,ACB-BR056
ACB-LN0003822,ACB-C007133,Mortgage,2023-05-06,482031.89,208477.23,0.0896,36.0,Current,0,0,ACB-BR016
ACB-LN0003823,ACB-C000765,Small Business Loan,2025-10-05,129119.37,50439.93,0.1852,240.0,30-59 DPD,37,0,ACB-BR025
ACB-LN0003824,ACB-C000278,Personal Loan,2024-03-08,24807.34,7679.17,0.1095,360.0,Current,0,0,ACB-BR022
ACB-LN0003825,ACB-C013671,Auto Loan,2020-02-23,29200.2,1685.05,0.1204,360.0,Current,0,0,ACB-BR046
ACB-LN0003826,ACB-C003083,Auto Loan,2021-09-22,38247.59,31897.44,0.0455,48.0,Written Off,0,1,ACB-BR050
ACB-LN0003827,ACB-C008127,Personal Loan,2023-08-21,15082.91,1764.97,0.24,12.0,Current,0,0,ACB-BR058
ACB-LN0003828,ACB-C001822,Home Equity Loan,2022-01-09,72528.92,37119.4,0.099,360.0,30-59 DPD,30,0,ACB-BR043
ACB-LN0003829,ACB-C010885,Mortgage,2024-09-04,420822.8,305501.51,0.0572,84.0,Current,0,0,ACB-BR029
ACB-LN0003830,ACB-C000118,Auto Loan,2020-07-26,17717.55,7292.66,0.0626,36.0,Current,0,0,ACB-BR074
ACB-LN0003831,ACB-C010604,Student Loan,2024-05-08,17109.57,1819.68,0.0887,36.0,Current,0,0,ACB-BR032
ACB-LN0003832,ACB-C007583,Auto Loan,2019-07-22,35892.24,11921.38,0.0984,240.0,Current,0,0,ACB-BR044
ACB-LN0003833,ACB-C010691,Student Loan,2021-10-28,11009.59,5631.1,0.0625,180.0,90+ DPD,92,1,ACB-BR040
ACB-LN0003834,ACB-C000477,Auto Loan,2019-11-30,45669.64,33843.27,0.1038,360.0,Current,0,0,ACB-BR049
ACB-LN0003835,ACB-C002100,Mortgage,2019-08-05,506823.32,281899.41,0.0383,120.0,Current,0,0,ACB-BR044
ACB-LN0003836,ACB-C001115,Mortgage,2019-04-11,581238.79,369230.02,0.0326,60.0,Current,0,0,ACB-BR030
ACB-LN0003837,ACB-C012041,Mortgage,2020-10-24,248611.17,212525.59,0.0516,48.0,Current,0,0,ACB-BR014
ACB-LN0003838,ACB-C002222,Mortgage,2020-09-15,254247.71,28546.7,0.0403,48.0,Current,0,0,ACB-BR028
ACB-LN0003839,ACB-C003699,Mortgage,2020-08-12,421239.44,51738.19,0.0673,12.0,Current,0,0,ACB-BR074
ACB-LN0003840,ACB-C010625,Mortgage,2024-01-09,532414.56,513889.86,0.0488,240.0,Current,0,0,ACB-BR062
ACB-LN0003841,ACB-C008788,Personal Loan,2022-10-26,30279.19,8175.7,0.24,180.0,Current,0,0,ACB-BR060
ACB-LN0003842,ACB-C001362,Auto Loan,2026-01-04,15601.46,2625.44,0.145,180.0,Current,0,0,ACB-BR007
ACB-LN0003843,ACB-C013409,Personal Loan,2019-05-19,27209.49,7234.16,0.1138,60.0,90+ DPD,128,1,ACB-BR063
ACB-LN0003844,ACB-C005278,Home Equity Loan,2025-08-12,36061.38,12682.16,0.0797,180.0,Current,0,0,ACB-BR013
ACB-LN0003845,ACB-C006105,Mortgage,2019-12-09,517576.08,399264.42,0.0316,36.0,Paid Off,0,0,ACB-BR006
ACB-LN0003846,ACB-C011887,Personal Loan,2022-11-08,27912.88,10885.5,0.1353,48.0,Current,0,0,ACB-BR015
ACB-LN0003847,ACB-C010589,Student Loan,2025-02-21,70333.22,29843.24,0.0568,60.0,Current,0,0,ACB-BR001
ACB-LN0003848,ACB-C000822,Mortgage,2024-07-21,249375.95,166355.8,0.0571,360.0,90+ DPD,156,1,ACB-BR034
ACB-LN0003849,ACB-C004601,Auto Loan,2019-01-27,31752.36,19659.68,0.0519,240.0,Current,0,0,ACB-BR019
ACB-LN0003850,ACB-C000553,Mortgage,2021-10-08,152145.89,74865.33,0.0371,84.0,Current,0,0,ACB-BR043
ACB-LN0003851,ACB-C003762,Home Equity Loan,2024-08-05,116027.35,28826.65,0.1087,48.0,Current,0,0,ACB-BR003
ACB-LN0003852,ACB-C011129,Small Business Loan,2019-04-20,155205.89,21477.88,0.1333,60.0,Current,0,0,ACB-BR072
ACB-LN0003853,ACB-C002995,Home Equity Loan,2023-02-10,91044.93,44221.52,0.1021,360.0,Paid Off,0,0,ACB-BR035
ACB-LN0003854,ACB-C006499,Auto Loan,2022-06-26,51919.46,27739.64,0.084,180.0,Current,0,0,ACB-BR070
ACB-LN0003855,ACB-C012584,Small Business Loan,2024-09-13,209969.3,44955.09,0.2,84.0,Current,0,0,ACB-BR003
ACB-LN0003856,ACB-C013649,Auto Loan,2025-04-03,23232.73,4160.93,0.1344,48.0,Current,0,0,ACB-BR054
ACB-LN0003857,ACB-C009741,Auto Loan,2021-08-10,23418.11,4950.18,0.1095,48.0,Current,0,0,ACB-BR026
ACB-LN0003858,ACB-C012419,Personal Loan,2023-11-11,5782.51,2854.37,0.24,12.0,Current,0,0,ACB-BR037
ACB-LN0003859,ACB-C004005,Personal Loan,2020-02-21,14924.29,1085.95,0.0875,36.0,Current,0,0,ACB-BR021
ACB-LN0003860,ACB-C008923,Mortgage,2024-12-18,293810.29,100053.79,0.0789,240.0,Current,0,0,ACB-BR004
ACB-LN0003861,ACB-C004406,Personal Loan,2024-03-21,11766.66,5317.35,0.1429,360.0,Current,0,0,ACB-BR034
ACB-LN0003862,ACB-C004045,Student Loan,2022-07-11,30990.82,21440.78,0.0565,60.0,Default,125,1,ACB-BR020
ACB-LN0003863,ACB-C000183,Mortgage,2023-12-16,630668.77,434398.93,0.0752,36.0,Current,0,0,ACB-BR027
ACB-LN0003864,ACB-C013197,Auto Loan,2022-11-25,54443.1,28754.57,0.0951,36.0,Current,0,0,ACB-BR016
ACB-LN0003865,ACB-C007193,Personal Loan,2019-01-20,11758.26,7605.65,0.1031,180.0,Current,0,0,ACB-BR014
ACB-LN0003866,ACB-C011464,Mortgage,2021-07-10,159980.83,136646.41,0.0377,120.0,Current,0,0,ACB-BR059
ACB-LN0003867,ACB-C014956,Personal Loan,2021-08-22,12167.18,3470.22,0.1676,60.0,Current,0,0,ACB-BR065
ACB-LN0003868,ACB-C008351,Auto Loan,2024-10-18,31406.86,13585.04,,240.0,Current,0,0,ACB-BR023
ACB-LN0003869,ACB-C008476,Small Business Loan,2022-03-04,234243.14,185258.93,0.0814,240.0,Default,144,1,ACB-BR049
ACB-LN0003870,ACB-C012631,Mortgage,2025-06-06,502743.15,210673.02,0.0448,360.0,Current,0,0,ACB-BR008
ACB-LN0003871,ACB-C006818,Personal Loan,2023-10-16,32979.69,22682.94,0.1838,240.0,30-59 DPD,31,0,ACB-BR076
ACB-LN0003872,ACB-C003107,Mortgage,2021-09-20,517519.34,71054.01,0.0349,12.0,Paid Off,0,0,ACB-BR080
ACB-LN0003873,ACB-C003290,Mortgage,2024-02-29,647581.18,179226.03,0.0505,,Current,0,0,ACB-BR022
ACB-LN0003874,ACB-C005730,Home Equity Loan,2025-10-20,33491.39,24931.85,0.1199,24.0,Current,0,0,ACB-BR041
ACB-LN0003875,ACB-C013283,Mortgage,2019-08-29,336836.08,322171.42,0.0725,60.0,Current,0,0,ACB-BR004
ACB-LN0003876,ACB-C005858,Auto Loan,2019-10-17,21868.53,17104.19,0.061,180.0,Default,172,1,ACB-BR018
ACB-LN0003877,ACB-C005971,Auto Loan,2025-10-01,47927.82,40350.91,0.1414,36.0,Default,280,1,ACB-BR034
ACB-LN0003878,ACB-C003603,Home Equity Loan,2021-05-20,75572.09,24621.86,0.1189,60.0,Paid Off,0,0,ACB-BR031
ACB-LN0003879,ACB-C010514,Personal Loan,2024-11-24,32983.27,23202.29,0.24,48.0,Current,0,0,ACB-BR016
ACB-LN0003880,ACB-C014496,Auto Loan,2020-04-03,42404.31,6059.98,0.1023,12.0,Written Off,0,1,ACB-BR038
ACB-LN0003881,ACB-C013766,Personal Loan,2020-07-30,2889.37,523.21,0.1824,12.0,Current,0,0,ACB-BR011
ACB-LN0003882,ACB-C007918,Student Loan,2019-07-14,5977.46,1000.34,,60.0,Current,0,0,ACB-BR030
ACB-LN0003883,ACB-C001580,Mortgage,2020-05-15,416387.76,362096.98,0.0671,360.0,Current,0,0,ACB-BR013
ACB-LN0003884,ACB-C008243,Personal Loan,2021-05-25,29492.95,2629.07,0.0835,180.0,Paid Off,0,0,ACB-BR061
ACB-LN0003885,ACB-C010109,Mortgage,2020-03-10,284544.07,38881.41,0.0395,12.0,Current,0,0,ACB-BR066
ACB-LN0003886,ACB-C013739,Auto Loan,2019-12-15,17070.91,10261.39,0.048,180.0,Current,0,0,ACB-BR054
ACB-LN0003887,ACB-C005947,Auto Loan,2022-12-30,33236.83,21784.79,0.1425,48.0,Current,0,0,ACB-BR064
ACB-LN0003888,ACB-C003355,Mortgage,2022-07-28,280926.92,89284.32,0.087,120.0,Current,0,0,ACB-BR054
ACB-LN0003889,ACB-C000668,Mortgage,2021-10-06,122423.96,29215.79,0.045,84.0,Current,0,0,ACB-BR036
ACB-LN0003890,ACB-C010980,Auto Loan,2024-06-22,40776.12,39345.45,0.16,60.0,Current,0,0,ACB-BR006
ACB-LN0003891,ACB-C001888,Home Equity Loan,2020-12-08,29202.69,6644.61,0.0885,36.0,Paid Off,0,0,ACB-BR045
ACB-LN0003892,ACB-C000094,Mortgage,2026-01-14,290909.13,86118.86,0.095,84.0,Current,0,0,ACB-BR016
ACB-LN0003893,ACB-C008586,Personal Loan,2019-06-05,27217.93,4314.01,0.1568,24.0,Current,0,0,ACB-BR046
ACB-LN0003894,ACB-C006647,Mortgage,2022-12-01,599421.3,136833.27,0.0678,12.0,Current,0,0,ACB-BR028
ACB-LN0003895,ACB-C000032,Mortgage,2019-01-06,249060.8,16838.5,0.0681,36.0,Current,0,0,ACB-BR067
ACB-LN0003896,ACB-C011731,Auto Loan,2023-12-23,14743.69,3862.2,0.0714,60.0,Current,0,0,ACB-BR008
ACB-LN0003897,ACB-C014694,Personal Loan,2022-12-19,5020.56,1026.92,0.24,,Current,0,0,ACB-BR029
ACB-LN0003898,ACB-C006001,Auto Loan,2019-01-30,51176.0,28115.43,0.0705,12.0,90+ DPD,171,1,ACB-BR017
ACB-LN0003899,ACB-C002233,Mortgage,2021-08-25,606207.0,504751.6,0.0742,84.0,Current,0,0,ACB-BR055
ACB-LN0003900,ACB-C013132,Auto Loan,2022-06-23,26022.03,17764.64,0.0907,120.0,Current,0,0,ACB-BR041
ACB-LN0003901,ACB-C012255,Mortgage,2022-03-13,209337.83,138209.6,0.0391,360.0,Current,0,0,ACB-BR008
ACB-LN0003902,ACB-C004359,Personal Loan,2021-01-13,34989.07,32897.38,,60.0,Paid Off,0,0,ACB-BR036
ACB-LN0003903,ACB-C008392,Small Business Loan,2020-10-21,73978.9,44478.97,0.1577,360.0,Current,0,0,ACB-BR048
ACB-LN0003904,ACB-C001428,Student Loan,2022-02-14,76952.92,5244.62,0.076,360.0,Current,0,0,ACB-BR026
ACB-LN0003905,ACB-C000161,Auto Loan,2025-06-04,23641.03,15973.61,0.1418,48.0,Current,0,0,ACB-BR079
ACB-LN0003906,ACB-C004898,Mortgage,2024-05-23,148499.78,73443.79,0.078,120.0,Paid Off,0,0,ACB-BR048
ACB-LN0003907,ACB-C012832,Personal Loan,2025-01-28,18716.93,2073.81,0.24,24.0,Current,0,0,ACB-BR080
ACB-LN0003908,ACB-C010144,Auto Loan,2021-09-13,40734.01,31328.58,0.1382,84.0,Current,0,0,ACB-BR044
ACB-LN0003909,ACB-C004894,Auto Loan,2024-04-08,16343.79,12603.02,0.16,180.0,Written Off,0,1,ACB-BR042
ACB-LN0003910,ACB-C005621,Personal Loan,2025-03-08,24858.54,5314.74,0.1619,84.0,Current,0,0,ACB-BR009
ACB-LN0003911,ACB-C003101,Personal Loan,2022-09-08,9514.02,1440.35,0.24,84.0,Current,0,0,ACB-BR015
ACB-LN0003912,ACB-C008422,Mortgage,2026-03-01,428214.02,325847.82,0.0604,84.0,Current,0,0,ACB-BR065
ACB-LN0003913,ACB-C012672,Personal Loan,2022-02-20,20540.18,13424.23,0.182,240.0,Current,0,0,ACB-BR051
ACB-LN0003914,ACB-C013689,Mortgage,2021-02-28,552418.44,496334.46,0.0354,24.0,Current,0,0,ACB-BR012
ACB-LN0003915,ACB-C000439,Mortgage,2020-12-20,395820.96,273863.51,0.0695,60.0,Current,0,0,ACB-BR029
ACB-LN0003916,ACB-C014245,Mortgage,2020-09-04,514607.0,312673.77,0.0447,48.0,Current,0,0,ACB-BR031
ACB-LN0003917,ACB-C006882,Personal Loan,2019-12-18,16168.69,4393.46,0.2041,36.0,Current,0,0,ACB-BR016
ACB-LN0003918,ACB-C011726,Mortgage,2022-01-27,186153.95,121933.24,0.0689,12.0,60-89 DPD,61,0,ACB-BR070
ACB-LN0003919,ACB-C014948,Student Loan,2020-10-04,52968.51,15002.99,0.0863,120.0,Paid Off,0,0,ACB-BR006
ACB-LN0003920,ACB-C013573,Personal Loan,2020-04-20,23684.36,16109.42,0.2137,48.0,Paid Off,0,0,ACB-BR003
ACB-LN0003921,ACB-C002640,Mortgage,2020-10-27,430397.62,165395.54,0.0382,24.0,30-59 DPD,42,0,ACB-BR067
ACB-LN0003922,ACB-C014347,Mortgage,2024-02-10,429521.95,117209.81,0.0422,24.0,Current,0,0,ACB-BR038
ACB-LN0003923,ACB-C014226,Mortgage,2020-06-06,591951.51,536452.62,0.0564,12.0,30-59 DPD,55,0,ACB-BR077
ACB-LN0003924,ACB-C011782,Personal Loan,2025-03-28,7177.27,4554.14,0.24,240.0,Current,0,0,ACB-BR073
ACB-LN0003925,ACB-C006279,Personal Loan,2026-01-12,19794.52,3064.73,0.206,36.0,Current,0,0,ACB-BR051
ACB-LN0003926,ACB-C010890,Mortgage,2022-05-25,340125.11,220571.42,0.0583,24.0,Current,0,0,ACB-BR010
ACB-LN0003927,ACB-C001184,Mortgage,2023-08-28,461111.09,418589.84,0.0655,48.0,Current,0,0,ACB-BR074
ACB-LN0003928,ACB-C011353,Student Loan,2019-01-07,37433.41,23198.47,0.0844,60.0,Current,0,0,ACB-BR061
ACB-LN0003929,ACB-C005581,Personal Loan,2021-09-22,16225.61,2670.25,0.1898,84.0,Paid Off,0,0,ACB-BR067
ACB-LN0003930,ACB-C009023,Auto Loan,2022-04-09,43084.6,39330.77,0.1157,36.0,Current,0,0,ACB-BR080
ACB-LN0003931,ACB-C004600,Auto Loan,2022-10-22,12564.88,3814.36,0.1342,120.0,Current,0,0,ACB-BR005
ACB-LN0003932,ACB-C014160,Home Equity Loan,2024-12-13,26418.66,10380.44,0.1124,180.0,Current,0,0,ACB-BR039
ACB-LN0003933,ACB-C008498,Mortgage,2020-11-04,648849.3,74623.03,0.0477,24.0,Current,0,0,ACB-BR058
ACB-LN0003934,ACB-C000219,Mortgage,2024-03-23,146974.23,48841.47,0.0692,360.0,90+ DPD,146,1,ACB-BR080
ACB-LN0003935,ACB-C007669,Small Business Loan,2021-03-06,139277.72,103077.73,0.0856,360.0,Current,0,0,ACB-BR040
ACB-LN0003936,ACB-C002594,Personal Loan,2023-05-29,12961.24,6100.34,0.1903,120.0,Paid Off,0,0,ACB-BR017
ACB-LN0003937,ACB-C014032,Mortgage,2021-01-14,372991.36,341691.77,0.0709,48.0,60-89 DPD,84,0,ACB-BR065
ACB-LN0003938,ACB-C002414,Personal Loan,2026-03-05,17099.44,11233.85,0.2041,24.0,Current,0,0,ACB-BR007
ACB-LN0003939,ACB-C013116,Personal Loan,2020-08-11,33410.21,29947.5,0.1115,36.0,Current,0,0,ACB-BR049
ACB-LN0003940,ACB-C002706,Personal Loan,2023-06-28,20657.18,2916.15,0.2356,36.0,Current,0,0,ACB-BR065
ACB-LN0003941,ACB-C003111,Student Loan,2023-11-07,7092.52,4309.1,0.0795,360.0,Current,0,0,ACB-BR033
ACB-LN0003942,ACB-C004935,Home Equity Loan,2025-12-23,118397.03,75318.56,0.1329,360.0,30-59 DPD,32,0,ACB-BR038
ACB-LN0003943,ACB-C006845,Personal Loan,2021-11-10,21142.43,3427.55,0.1692,12.0,Current,0,0,ACB-BR076
ACB-LN0003944,ACB-C007136,Mortgage,2019-04-14,153349.02,115121.82,0.0353,84.0,Current,0,0,ACB-BR062
ACB-LN0003945,ACB-C008609,Mortgage,2024-02-04,219405.85,172498.95,0.0664,60.0,60-89 DPD,64,0,ACB-BR055
ACB-LN0003946,ACB-C012083,Mortgage,2024-07-09,520392.58,492006.75,0.0899,36.0,90+ DPD,113,1,ACB-BR051
ACB-LN0003947,ACB-C012756,Mortgage,2025-07-11,443864.13,134577.86,0.0897,48.0,Paid Off,0,0,ACB-BR055
ACB-LN0003948,ACB-C001063,Personal Loan,2026-03-14,4973.8,3471.53,0.2322,48.0,Current,0,0,ACB-BR067
ACB-LN0003949,ACB-C007338,Small Business Loan,2021-04-22,130718.42,108699.73,0.0667,240.0,90+ DPD,165,1,ACB-BR003
ACB-LN0003950,ACB-C014735,Mortgage,2023-12-09,475578.13,100848.84,0.0757,60.0,Current,0,0,ACB-BR009
ACB-LN0003951,ACB-C012877,Mortgage,2022-05-09,347534.6,22867.53,0.0429,24.0,Current,0,0,ACB-BR007
ACB-LN0003952,ACB-C000462,Mortgage,2019-12-04,345661.78,334015.65,0.053,24.0,Current,0,0,ACB-BR048
ACB-LN0003953,ACB-C001115,Student Loan,2025-12-30,9611.98,3678.21,0.0681,120.0,Current,0,0,ACB-BR056
ACB-LN0003954,ACB-C001454,Auto Loan,2025-07-18,47423.26,34896.53,0.1153,120.0,Current,0,0,ACB-BR055
ACB-LN0003955,ACB-C003271,Student Loan,2025-12-05,15108.29,2673.5,0.0927,12.0,Current,0,0,ACB-BR012
ACB-LN0003956,ACB-C004309,Auto Loan,2022-05-17,13479.11,11039.22,0.1366,120.0,Paid Off,0,0,ACB-BR014
ACB-LN0003957,ACB-C013955,Student Loan,2023-10-18,34244.12,1798.81,0.11,360.0,Current,0,0,ACB-BR027
ACB-LN0003958,ACB-C004424,Mortgage,2025-07-17,629506.05,539243.76,0.0825,12.0,Current,0,0,ACB-BR062
ACB-LN0003959,ACB-C004178,Small Business Loan,2023-11-29,98325.72,15522.51,0.1723,360.0,Current,0,0,ACB-BR045
ACB-LN0003960,ACB-C003237,Auto Loan,2022-08-18,38519.76,33568.63,0.1425,360.0,60-89 DPD,86,0,ACB-BR059
ACB-LN0003961,ACB-C000687,Home Equity Loan,2019-08-22,113311.14,99531.56,0.0947,24.0,Paid Off,0,0,ACB-BR016
ACB-LN0003962,ACB-C007242,Personal Loan,2021-09-25,5197.6,1098.3,0.18,36.0,60-89 DPD,67,0,ACB-BR010
ACB-LN0003963,ACB-C014525,Home Equity Loan,2024-04-20,84213.87,67581.18,0.0945,180.0,Current,0,0,ACB-BR067
ACB-LN0003964,ACB-C001371,Auto Loan,2019-03-24,25979.06,12422.26,0.106,12.0,90+ DPD,176,1,ACB-BR067
ACB-LN0003965,ACB-C001243,Auto Loan,2019-03-16,33269.69,30470.96,0.0556,180.0,Current,0,0,ACB-BR072
ACB-LN0003966,ACB-C010117,Auto Loan,2022-11-28,9086.36,7870.8,0.089,48.0,Current,0,0,ACB-BR035
ACB-LN0003967,ACB-C002019,Home Equity Loan,2024-08-30,92743.37,76242.01,0.1064,48.0,Current,0,0,ACB-BR066
ACB-LN0003968,ACB-C010864,Auto Loan,2019-09-21,15588.28,10405.37,0.1304,240.0,Current,0,0,ACB-BR067
ACB-LN0003969,ACB-C002082,Auto Loan,2023-12-31,47653.27,32498.86,0.16,,Current,0,0,ACB-BR014
ACB-LN0003970,ACB-C009332,Mortgage,2023-09-28,453115.39,386302.71,0.0614,84.0,Paid Off,0,0,ACB-BR011
ACB-LN0003971,ACB-C000183,Mortgage,2024-05-04,218743.55,140269.68,0.066,360.0,Default,304,1,ACB-BR077
ACB-LN0003972,ACB-C005438,Home Equity Loan,2026-03-23,96557.08,24917.45,0.0795,60.0,Current,0,0,ACB-BR056
ACB-LN0003973,ACB-C012937,Small Business Loan,2019-08-09,175826.01,119782.61,0.0697,360.0,Current,0,0,ACB-BR052
ACB-LN0003974,ACB-C012299,Auto Loan,2019-07-20,25840.76,13356.35,0.055,240.0,Written Off,0,1,ACB-BR059
ACB-LN0003975,ACB-C008534,Personal Loan,2022-08-03,4303.03,1737.19,0.24,240.0,Current,0,0,ACB-BR019
ACB-LN0003976,ACB-C002703,Auto Loan,2019-01-13,23678.73,12813.51,0.1338,48.0,90+ DPD,100,1,ACB-BR044
ACB-LN0003977,ACB-C001209,Personal Loan,2023-02-23,20674.09,5355.63,0.1661,36.0,Current,0,0,ACB-BR062
ACB-LN0003978,ACB-C010164,Home Equity Loan,2024-11-16,61092.37,41368.04,0.075,120.0,Current,0,0,ACB-BR036
ACB-LN0003979,ACB-C002280,Auto Loan,2023-04-17,47366.31,19029.02,0.16,24.0,Current,0,0,ACB-BR048
ACB-LN0003980,ACB-C004621,Mortgage,2025-03-18,311273.11,106468.66,0.0832,12.0,Current,0,0,ACB-BR027
ACB-LN0003981,ACB-C007172,Home Equity Loan,2020-12-23,81644.76,75531.54,0.1099,60.0,Current,0,0,ACB-BR052
ACB-LN0003982,ACB-C011510,Mortgage,2024-05-18,384866.87,87885.82,0.0614,240.0,30-59 DPD,58,0,ACB-BR031
ACB-LN0003983,ACB-C012148,Personal Loan,2024-04-08,13837.3,948.2,0.24,180.0,Current,0,0,ACB-BR029
ACB-LN0003984,ACB-C012547,Mortgage,2022-05-06,128604.24,109069.11,0.0566,360.0,Current,0,0,ACB-BR074
ACB-LN0003985,ACB-C010816,Student Loan,2025-08-09,35097.78,9800.63,0.11,180.0,Current,0,0,ACB-BR060
ACB-LN0003986,ACB-C006672,Mortgage,2025-09-30,329146.53,170526.08,0.0443,180.0,Paid Off,0,0,ACB-BR016
ACB-LN0003987,ACB-C003561,Auto Loan,2020-06-13,47258.29,32581.56,0.1203,36.0,Current,0,0,ACB-BR008
ACB-LN0003988,ACB-C010149,Auto Loan,2021-08-27,51843.01,19303.83,0.1355,12.0,30-59 DPD,38,0,ACB-BR064
ACB-LN0003989,ACB-C003514,Auto Loan,2023-06-16,52998.71,13005.66,0.1476,120.0,Current,0,0,ACB-BR002
ACB-LN0003990,ACB-C004053,Auto Loan,2023-12-22,28452.42,24565.96,0.16,60.0,Current,0,0,ACB-BR003
ACB-LN0003991,ACB-C006400,Personal Loan,2020-08-27,12113.77,9436.17,0.0815,12.0,Current,0,0,ACB-BR070
ACB-LN0003992,ACB-C002822,Home Equity Loan,2020-04-20,90414.54,51842.66,0.1145,36.0,Current,0,0,ACB-BR010
ACB-LN0003993,ACB-C013452,Mortgage,2023-07-30,396817.79,354056.41,0.0412,36.0,Current,0,0,ACB-BR032
ACB-LN0003994,ACB-C005312,Personal Loan,2022-10-05,6038.01,3929.54,0.24,36.0,Paid Off,0,0,ACB-BR079
ACB-LN0003995,ACB-C010860,Personal Loan,2023-07-14,5006.56,3748.17,0.1955,360.0,Current,0,0,ACB-BR040
ACB-LN0003996,ACB-C009439,Mortgage,2024-02-26,237587.14,172455.76,0.095,60.0,Current,0,0,ACB-BR044
ACB-LN0003997,ACB-C008716,Home Equity Loan,2020-01-01,116126.17,105429.01,0.1088,12.0,Current,0,0,ACB-BR018
ACB-LN0003998,ACB-C001468,Personal Loan,2019-02-05,24112.71,4323.38,0.1255,180.0,Current,0,0,ACB-BR013
ACB-LN0003999,ACB-C012054,Mortgage,2021-02-28,242957.4,15056.59,0.0512,36.0,Current,0,0,ACB-BR042
ACB-LN0004000,ACB-C004408,Small Business Loan,2022-07-09,59332.89,8528.86,0.1938,48.0,Current,0,0,ACB-BR037
ACB-LN0004001,ACB-C013181,Mortgage,2023-10-04,508391.36,61578.72,0.0849,48.0,Current,0,0,ACB-BR068
ACB-LN0004002,ACB-C002470,Auto Loan,2025-06-30,38744.4,34098.06,0.1087,84.0,Current,0,0,ACB-BR038
ACB-LN0004003,ACB-C004516,Mortgage,2025-07-24,576063.38,376652.97,0.0791,240.0,Current,0,0,ACB-BR010
ACB-LN0004004,ACB-C012070,Home Equity Loan,2019-10-28,29549.28,13708.42,0.1037,36.0,Current,0,0,ACB-BR006
ACB-LN0004005,ACB-C006369,Auto Loan,2022-09-23,13569.37,3829.01,0.1421,24.0,Paid Off,0,0,ACB-BR030
ACB-LN0004006,ACB-C005307,Personal Loan,2022-06-11,32045.43,5842.58,0.1946,48.0,Current,0,0,ACB-BR007
ACB-LN0004007,ACB-C011871,Personal Loan,2019-01-17,7970.06,1452.13,0.1992,60.0,Current,0,0,ACB-BR072
ACB-LN0004008,ACB-C003543,Auto Loan,2021-05-09,22841.51,20544.43,0.1125,60.0,Current,0,0,ACB-BR044
ACB-LN0004009,ACB-C000103,Auto Loan,2024-05-25,49807.41,14363.98,0.0631,240.0,Current,0,0,ACB-BR042
ACB-LN0004010,ACB-C000678,Auto Loan,2025-11-14,34368.43,26639.81,0.1047,84.0,Current,0,0,ACB-BR078
ACB-LN0004011,ACB-C004553,Student Loan,2025-03-10,79872.98,11148.19,0.081,24.0,Current,0,0,ACB-BR035
ACB-LN0004012,ACB-C000553,Auto Loan,2020-02-26,42601.37,37329.75,0.1106,60.0,Current,0,0,ACB-BR015
ACB-LN0004013,ACB-C002053,Personal Loan,2025-09-06,12494.54,7777.62,0.24,84.0,Current,0,0,ACB-BR005
ACB-LN0004014,ACB-C014652,Personal Loan,2022-12-30,4304.22,2321.63,0.24,48.0,Current,0,0,ACB-BR059
ACB-LN0004015,ACB-C010125,Personal Loan,2022-01-21,33995.86,17292.01,0.1669,240.0,Current,0,0,ACB-BR067
ACB-LN0004016,ACB-C003654,Mortgage,2019-03-22,402482.45,392147.61,0.0409,360.0,60-89 DPD,61,0,ACB-BR060
ACB-LN0004017,ACB-C010474,Auto Loan,2023-07-26,13610.35,12518.03,0.16,12.0,Current,0,0,ACB-BR078
ACB-LN0004018,ACB-C012794,Auto Loan,2022-02-12,19594.08,2478.35,0.1081,36.0,Default,172,1,ACB-BR029
ACB-LN0004019,ACB-C012982,Home Equity Loan,2025-05-03,76982.44,42731.93,0.1082,120.0,60-89 DPD,80,0,ACB-BR036
ACB-LN0004020,ACB-C003904,Mortgage,2023-07-31,123464.2,113611.42,0.057,240.0,Current,0,0,ACB-BR040
ACB-LN0004021,ACB-C010710,Auto Loan,2025-05-11,43210.88,10471.65,0.1559,24.0,Current,0,0,ACB-BR054
ACB-LN0004022,ACB-C012855,Home Equity Loan,2020-04-04,112875.3,44634.96,0.0587,60.0,Current,0,0,ACB-BR075
ACB-LN0004023,ACB-C013585,Personal Loan,2020-02-12,17424.62,7262.4,0.1673,240.0,Current,0,0,ACB-BR028
ACB-LN0004024,ACB-C003858,Auto Loan,2024-08-31,40758.07,6860.72,0.0865,24.0,Current,0,0,ACB-BR022
ACB-LN0004025,ACB-C004299,Student Loan,2024-11-19,26690.84,12917.06,0.1051,240.0,Default,236,1,ACB-BR020
ACB-LN0004026,ACB-C009426,Personal Loan,2021-11-11,7682.37,2211.45,0.0926,48.0,Paid Off,0,0,ACB-BR064
ACB-LN0004027,ACB-C008650,Mortgage,2025-03-13,423284.54,156012.71,0.0458,240.0,Current,0,0,ACB-BR056
ACB-LN0004028,ACB-C001297,Small Business Loan,2024-12-18,83765.13,24094.76,0.1059,,30-59 DPD,50,0,ACB-BR022
ACB-LN0004029,ACB-C002220,Mortgage,2020-10-04,267407.22,134839.1,0.0376,48.0,Current,0,0,ACB-BR072
ACB-LN0004030,ACB-C011942,Personal Loan,2022-04-03,33146.16,21311.19,0.2016,360.0,Current,0,0,ACB-BR049
ACB-LN0004031,ACB-C012272,Home Equity Loan,2019-11-01,40544.21,7582.99,0.0604,120.0,Current,0,0,ACB-BR066
ACB-LN0004032,ACB-C011051,Mortgage,2026-01-12,639338.92,546518.91,0.0618,24.0,Current,0,0,ACB-BR070
ACB-LN0004033,ACB-C012042,Auto Loan,2021-12-23,41208.12,34919.81,0.0729,12.0,Current,0,0,ACB-BR011
ACB-LN0004034,ACB-C008431,Home Equity Loan,2023-08-28,19538.83,17775.13,0.14,360.0,Current,0,0,ACB-BR065
ACB-LN0004035,ACB-C004480,Personal Loan,2023-09-13,20799.07,20071.29,0.1419,360.0,Current,0,0,ACB-BR076
ACB-LN0004036,ACB-C010254,Student Loan,2025-04-26,26294.57,11764.01,0.1045,36.0,Paid Off,0,0,ACB-BR008
ACB-LN0004037,ACB-C014551,Mortgage,2020-07-23,342195.69,50230.13,0.07,360.0,Current,0,0,ACB-BR019
ACB-LN0004038,ACB-C005723,Personal Loan,2019-06-22,9749.14,7407.01,0.1788,240.0,Current,0,0,ACB-BR021
ACB-LN0004039,ACB-C003923,Auto Loan,2022-02-27,50840.23,31242.21,0.0799,180.0,Current,0,0,ACB-BR040
ACB-LN0004040,ACB-C011960,Student Loan,2025-01-20,45595.7,27859.44,0.0819,36.0,Current,0,0,ACB-BR065
ACB-LN0004041,ACB-C002360,Personal Loan,2025-09-02,32461.55,14524.1,0.1593,84.0,Current,0,0,ACB-BR021
ACB-LN0004042,ACB-C008140,Personal Loan,2021-05-16,23174.85,5289.34,0.1746,240.0,Current,0,0,ACB-BR062
ACB-LN0004043,ACB-C003179,Personal Loan,2023-07-13,14227.48,1022.53,0.1303,12.0,Current,0,0,ACB-BR005
ACB-LN0004044,ACB-C010590,Personal Loan,2020-08-12,2957.88,2689.67,,84.0,Current,0,0,ACB-BR014
ACB-LN0004045,ACB-C004874,Student Loan,2025-09-25,26526.19,9732.59,0.0831,36.0,Paid Off,0,0,ACB-BR068
ACB-LN0004046,ACB-C010189,Auto Loan,2025-12-18,23548.2,17711.92,0.0706,120.0,Current,0,0,ACB-BR004
ACB-LN0004047,ACB-C004732,Personal Loan,2021-11-22,15556.63,8642.16,0.2059,36.0,Current,0,0,ACB-BR077
ACB-LN0004048,ACB-C001262,Mortgage,2020-12-19,281391.73,148256.84,0.0576,84.0,Current,0,0,ACB-BR062
ACB-LN0004049,ACB-C006187,Mortgage,2024-03-13,380035.67,350260.67,0.0456,36.0,Paid Off,0,0,ACB-BR002
ACB-LN0004050,ACB-C008411,Student Loan,2026-01-26,29021.07,20511.35,0.11,36.0,Current,0,0,ACB-BR021
ACB-LN0004051,ACB-C010562,Auto Loan,2024-07-08,40865.25,21125.17,0.1359,60.0,60-89 DPD,69,0,ACB-BR018
ACB-LN0004052,ACB-C012293,Home Equity Loan,2021-08-22,108136.44,13539.19,0.0589,120.0,Current,0,0,ACB-BR056
ACB-LN0004053,ACB-C010883,Mortgage,2019-10-05,143847.96,137432.78,0.0592,60.0,Current,0,0,ACB-BR001
ACB-LN0004054,ACB-C013363,Small Business Loan,2025-05-03,170780.96,80907.83,0.0879,60.0,Current,0,0,ACB-BR058
ACB-LN0004055,ACB-C008587,Student Loan,2021-11-06,43834.91,27856.5,0.0537,84.0,Default,204,1,ACB-BR028
ACB-LN0004056,ACB-C008646,Home Equity Loan,2026-01-04,16635.54,12574.34,0.1047,36.0,Current,0,0,ACB-BR014
ACB-LN0004057,ACB-C006460,Personal Loan,2021-05-30,19066.23,9937.12,0.1652,48.0,90+ DPD,176,1,ACB-BR045
ACB-LN0004058,ACB-C001438,Mortgage,2020-03-03,141990.92,103660.06,0.0383,12.0,Current,0,0,ACB-BR007
ACB-LN0004059,ACB-C013489,Auto Loan,2020-06-01,8993.31,887.77,0.0562,48.0,Current,0,0,ACB-BR042
ACB-LN0004060,ACB-C005448,Mortgage,2025-11-18,596882.96,355122.03,0.0639,240.0,Current,0,0,ACB-BR030
ACB-LN0004061,ACB-C011475,Small Business Loan,2019-11-17,80761.23,38934.1,0.1594,48.0,Current,0,0,ACB-BR019
ACB-LN0004062,ACB-C013818,Student Loan,2020-06-22,20085.79,1596.55,0.0769,84.0,Current,0,0,ACB-BR029
ACB-LN0004063,ACB-C012148,Mortgage,2025-01-11,452484.53,299678.79,0.066,120.0,Current,0,0,ACB-BR068
ACB-LN0004064,ACB-C005348,Auto Loan,2022-09-03,46875.99,36873.09,0.16,12.0,Current,0,0,ACB-BR043
ACB-LN0004065,ACB-C003984,Personal Loan,2021-12-28,29831.5,25255.47,0.1818,84.0,Current,0,0,ACB-BR045
ACB-LN0004066,ACB-C013668,Auto Loan,2019-03-15,45257.26,5330.98,0.0505,48.0,Current,0,0,ACB-BR015
ACB-LN0004067,ACB-C011933,Mortgage,2019-06-22,399445.6,333850.22,0.0587,240.0,Current,0,0,ACB-BR060
ACB-LN0004068,ACB-C011008,Auto Loan,2020-01-25,51331.48,18874.56,0.0635,48.0,Current,0,0,ACB-BR040
ACB-LN0004069,ACB-C005954,Home Equity Loan,2023-12-18,26905.16,20923.4,0.1165,360.0,Current,0,0,ACB-BR041
ACB-LN0004070,ACB-C012943,Personal Loan,2020-01-18,6154.04,2498.14,0.1133,48.0,Current,0,0,ACB-BR041
ACB-LN0004071,ACB-C003314,Personal Loan,2024-03-15,6371.49,1714.09,0.24,120.0,Current,0,0,ACB-BR075
ACB-LN0004072,ACB-C008818,Mortgage,2021-08-14,188174.45,174809.87,0.0556,84.0,Current,0,0,ACB-BR045
ACB-LN0004073,ACB-C005775,Personal Loan,2024-05-06,8280.86,2630.75,0.2387,360.0,Current,0,0,ACB-BR076
ACB-LN0004074,ACB-C006629,Student Loan,2026-01-10,36611.85,5123.11,0.0906,36.0,Current,0,0,ACB-BR014
ACB-LN0004075,ACB-C012272,Personal Loan,2021-01-28,11459.18,3784.05,0.1129,180.0,Current,0,0,ACB-BR077
ACB-LN0004076,ACB-C005163,Mortgage,2021-05-31,419047.84,187194.44,0.0579,36.0,30-59 DPD,44,0,ACB-BR068
ACB-LN0004077,ACB-C005567,Personal Loan,2020-08-21,28593.52,27932.9,0.0851,120.0,Current,0,0,ACB-BR038
ACB-LN0004078,ACB-C003786,Personal Loan,2019-12-10,27447.02,17786.39,0.1522,240.0,Current,0,0,ACB-BR032
ACB-LN0004079,ACB-C010004,Small Business Loan,2020-01-02,91451.99,57132.48,0.1208,12.0,60-89 DPD,65,0,ACB-BR009
ACB-LN0004080,ACB-C007153,Mortgage,2025-05-19,293933.57,250996.54,0.0872,48.0,Current,0,0,ACB-BR051
ACB-LN0004081,ACB-C001739,Mortgage,2020-02-12,532625.84,225700.87,0.0473,60.0,Current,0,0,ACB-BR075
ACB-LN0004082,ACB-C005404,Personal Loan,2021-10-15,11211.89,5569.35,,60.0,Current,0,0,ACB-BR046
ACB-LN0004083,ACB-C012497,Student Loan,2021-06-12,34761.59,27967.71,0.064,120.0,Current,0,0,ACB-BR012
ACB-LN0004084,ACB-C005455,Personal Loan,2020-06-19,14068.4,5172.57,0.1593,360.0,60-89 DPD,67,0,ACB-BR056
ACB-LN0004085,ACB-C014579,Student Loan,2024-05-19,70846.97,23560.42,0.0731,360.0,Current,0,0,ACB-BR030
ACB-LN0004086,ACB-C004088,Personal Loan,2023-09-08,24852.7,20099.92,0.2395,48.0,90+ DPD,169,1,ACB-BR036
ACB-LN0004087,ACB-C005935,Auto Loan,2024-09-17,31185.2,28638.96,0.0838,120.0,Current,0,0,ACB-BR069
ACB-LN0004088,ACB-C002186,Auto Loan,2021-05-18,14664.81,13278.13,0.0545,240.0,Current,0,0,ACB-BR061
ACB-LN0004089,ACB-C004201,Mortgage,2024-04-08,333902.01,132858.05,0.0412,60.0,Current,0,0,ACB-BR021
ACB-LN0004090,ACB-C007148,Small Business Loan,2025-04-13,248809.7,51905.09,0.1453,84.0,Current,0,0,ACB-BR038
ACB-LN0004091,ACB-C004977,Mortgage,2024-07-08,495588.58,415912.09,0.0542,120.0,Paid Off,0,0,ACB-BR005
ACB-LN0004092,ACB-C011245,Small Business Loan,2026-03-16,192999.29,183176.25,0.1063,48.0,Current,0,0,ACB-BR008
ACB-LN0004093,ACB-C002795,Personal Loan,2023-05-19,29807.0,18288.88,0.1123,84.0,Current,0,0,ACB-BR079
ACB-LN0004094,ACB-C004131,Mortgage,2023-03-30,151396.3,52859.88,0.0921,180.0,Current,0,0,ACB-BR026
ACB-LN0004095,ACB-C003687,Mortgage,2022-07-31,201804.01,45800.27,0.0873,60.0,60-89 DPD,69,0,ACB-BR008
ACB-LN0004096,ACB-C009151,Personal Loan,2020-03-10,29595.8,9680.48,0.2128,180.0,60-89 DPD,65,0,ACB-BR021
ACB-LN0004097,ACB-C009612,Home Equity Loan,2023-05-11,53137.45,52014.61,0.0914,120.0,Current,0,0,ACB-BR022
ACB-LN0004098,ACB-C004233,Auto Loan,2025-02-25,33160.13,26799.47,0.0776,36.0,Current,0,0,ACB-BR030
ACB-LN0004099,ACB-C002252,Personal Loan,2024-05-02,19642.42,12923.61,0.1465,360.0,Current,0,0,ACB-BR036
ACB-LN0004100,ACB-C004126,Mortgage,2021-11-03,260210.37,244214.29,0.0528,240.0,Current,0,0,ACB-BR035
ACB-LN0004101,ACB-C000812,Auto Loan,2019-06-18,49693.9,43733.09,0.0644,12.0,Current,0,0,ACB-BR047
ACB-LN0004102,ACB-C005771,Home Equity Loan,2026-02-26,15029.91,6474.77,0.1293,120.0,Current,0,0,ACB-BR025
ACB-LN0004103,ACB-C013401,Home Equity Loan,2019-08-26,53764.31,45386.79,0.0735,36.0,Current,0,0,ACB-BR012
ACB-LN0004104,ACB-C004727,Small Business Loan,2025-01-09,50310.35,43973.63,0.1739,84.0,Current,0,0,ACB-BR023
ACB-LN0004105,ACB-C000731,Auto Loan,2022-06-19,26612.62,12200.34,0.129,60.0,Current,0,0,ACB-BR006
ACB-LN0004106,ACB-C011129,Personal Loan,2025-01-23,20497.8,5812.42,0.24,180.0,Current,0,0,ACB-BR034
ACB-LN0004107,ACB-C005766,Auto Loan,2022-08-03,49192.07,24180.64,0.109,360.0,Current,0,0,ACB-BR073
ACB-LN0004108,ACB-C009864,Mortgage,2025-08-11,511217.97,185267.9,0.0743,120.0,Current,0,0,ACB-BR030
ACB-LN0004109,ACB-C010081,Auto Loan,2019-09-11,19297.93,17331.99,0.1346,12.0,Current,0,0,ACB-BR062
ACB-LN0004110,ACB-C005646,Home Equity Loan,2025-12-24,116687.6,15220.59,0.14,240.0,Current,0,0,ACB-BR015
ACB-LN0004111,ACB-C011595,Mortgage,2024-10-08,294198.36,150977.92,0.0444,84.0,Current,0,0,ACB-BR054
ACB-LN0004112,ACB-C005639,Mortgage,2026-02-01,150921.68,76386.54,0.0846,12.0,Current,0,0,ACB-BR003
ACB-LN0004113,ACB-C006226,Personal Loan,2021-06-22,8850.02,1252.13,0.1289,12.0,Current,0,0,ACB-BR045
ACB-LN0004114,ACB-C009622,Mortgage,2021-02-27,649208.99,624575.12,0.058,60.0,30-59 DPD,33,0,ACB-BR074
ACB-LN0004115,ACB-C010631,Personal Loan,2023-03-20,33482.77,18179.4,0.1173,240.0,Current,0,0,ACB-BR061
ACB-LN0004116,ACB-C014028,Mortgage,2023-11-28,317976.0,184693.1,0.075,360.0,Paid Off,0,0,ACB-BR031
ACB-LN0004117,ACB-C002159,Mortgage,2019-01-14,437920.84,225717.41,0.0377,360.0,Current,0,0,ACB-BR032
ACB-LN0004118,ACB-C006155,Student Loan,2022-01-19,36889.75,18904.42,0.047,48.0,30-59 DPD,39,0,ACB-BR049
ACB-LN0004119,ACB-C006111,Small Business Loan,2024-01-26,34413.81,3038.5,0.1262,120.0,Current,0,0,ACB-BR062
ACB-LN0004120,ACB-C010371,Mortgage,2024-06-06,243146.24,48414.21,0.0842,24.0,Current,0,0,ACB-BR061
ACB-LN0004121,ACB-C007765,Auto Loan,2024-11-09,21309.39,17903.68,0.1201,240.0,60-89 DPD,65,0,ACB-BR059
ACB-LN0004122,ACB-C010344,Personal Loan,2024-06-09,4590.51,580.46,0.1539,48.0,Current,0,0,ACB-BR050
ACB-LN0004123,ACB-C011181,Home Equity Loan,2020-05-10,64135.1,56669.28,0.1133,60.0,30-59 DPD,40,0,ACB-BR003
ACB-LN0004124,ACB-C005726,Personal Loan,2025-03-10,34787.05,25491.23,0.24,36.0,90+ DPD,121,1,ACB-BR018
ACB-LN0004125,ACB-C013420,Auto Loan,2020-06-28,43266.21,4549.35,0.0956,84.0,Current,0,0,ACB-BR080
ACB-LN0004126,ACB-C003349,Personal Loan,2022-12-20,10654.18,1664.08,0.1889,48.0,Paid Off,0,0,ACB-BR028
ACB-LN0004127,ACB-C008930,Home Equity Loan,2019-01-16,34908.47,14391.88,0.0865,12.0,Current,0,0,ACB-BR048
ACB-LN0004128,ACB-C008521,Student Loan,2021-01-01,79865.64,70089.7,0.0705,60.0,Current,0,0,ACB-BR001
ACB-LN0004129,ACB-C007185,Auto Loan,2025-01-20,17745.82,15955.98,0.0972,180.0,30-59 DPD,54,0,ACB-BR060
ACB-LN0004130,ACB-C013535,Mortgage,2020-12-22,253929.1,213941.03,0.0433,36.0,Default,249,1,ACB-BR029
ACB-LN0004131,ACB-C003609,Small Business Loan,2023-01-13,98235.5,94594.56,0.1612,180.0,Current,0,0,ACB-BR032
ACB-LN0004132,ACB-C003422,Personal Loan,2023-04-24,9371.51,2908.24,0.1266,24.0,Current,0,0,ACB-BR074
ACB-LN0004133,ACB-C013477,Student Loan,2020-03-05,46063.89,14373.2,0.0768,24.0,Current,0,0,ACB-BR073
ACB-LN0004134,ACB-C009947,Small Business Loan,2023-09-16,150808.04,145775.4,0.1559,48.0,Current,0,0,ACB-BR069
ACB-LN0004135,ACB-C014533,Auto Loan,2025-09-13,37445.19,25567.63,0.16,24.0,Paid Off,0,0,ACB-BR010
ACB-LN0004136,ACB-C003359,Student Loan,2022-02-21,49494.29,22244.56,0.0621,36.0,Current,0,0,ACB-BR028
ACB-LN0004137,ACB-C014269,Mortgage,2019-04-04,636276.78,337905.71,0.0664,60.0,Current,0,0,ACB-BR073
ACB-LN0004138,ACB-C013756,Mortgage,2022-10-20,198778.19,151145.65,0.095,24.0,90+ DPD,163,1,ACB-BR015
ACB-LN0004139,ACB-C011497,Personal Loan,2024-09-09,5651.54,473.28,0.2247,120.0,Current,0,0,ACB-BR015
ACB-LN0004140,ACB-C012256,Auto Loan,2021-11-06,29580.24,12742.37,0.0553,240.0,Current,0,0,ACB-BR007
ACB-LN0004141,ACB-C014058,Student Loan,2020-05-19,43274.63,14337.29,0.0662,84.0,Current,0,0,ACB-BR019
ACB-LN0004142,ACB-C011257,Auto Loan,2024-12-14,20793.5,15807.82,0.16,24.0,Current,0,0,ACB-BR011
ACB-LN0004143,ACB-C005420,Auto Loan,2021-05-10,31489.19,18728.92,0.1046,360.0,Current,0,0,ACB-BR063
ACB-LN0004144,ACB-C006626,Home Equity Loan,2019-09-23,23830.76,16402.88,0.0833,36.0,Current,0,0,ACB-BR065
ACB-LN0004145,ACB-C008960,Personal Loan,2022-01-14,17438.52,15633.83,0.1111,240.0,Current,0,0,ACB-BR080
ACB-LN0004146,ACB-C009788,Small Business Loan,2025-08-21,232394.79,82819.79,0.1957,24.0,30-59 DPD,40,0,ACB-BR029
ACB-LN0004147,ACB-C003500,Mortgage,2020-04-27,495778.59,447587.39,0.0446,60.0,60-89 DPD,61,0,ACB-BR007
ACB-LN0004148,ACB-C008404,Home Equity Loan,2020-09-24,106331.36,45071.61,0.0821,48.0,Current,0,0,ACB-BR004
ACB-LN0004149,ACB-C004549,Mortgage,2022-08-29,552025.81,463662.63,0.0847,180.0,Current,0,0,ACB-BR055
ACB-LN0004150,ACB-C012895,Auto Loan,2023-02-11,35587.14,31150.62,0.1102,36.0,Current,0,0,ACB-BR056
ACB-LN0004151,ACB-C007339,Mortgage,2021-02-14,312058.81,109034.33,0.0596,120.0,Default,349,1,ACB-BR055
ACB-LN0004152,ACB-C012398,Auto Loan,2023-07-13,53498.08,37843.35,0.1019,48.0,Current,0,0,ACB-BR027
ACB-LN0004153,ACB-C002115,Mortgage,2020-08-19,274124.05,178470.74,0.0447,48.0,Current,0,0,ACB-BR030
ACB-LN0004154,ACB-C013482,Mortgage,2022-04-04,192308.88,89560.95,0.0507,240.0,Paid Off,0,0,ACB-BR072
ACB-LN0004155,ACB-C002003,Mortgage,2023-02-26,580190.92,328215.67,0.0791,180.0,Current,0,0,ACB-BR018
ACB-LN0004156,ACB-C000206,Personal Loan,2021-04-12,10864.9,2315.87,0.1343,180.0,Current,0,0,ACB-BR073
ACB-LN0004157,ACB-C007642,Auto Loan,2022-05-11,38198.43,33207.62,0.0913,48.0,Current,0,0,ACB-BR032
ACB-LN0004158,ACB-C011789,Auto Loan,2020-01-07,43754.27,22060.0,0.0908,84.0,Paid Off,0,0,ACB-BR046
ACB-LN0004159,ACB-C010409,Personal Loan,2023-03-09,8374.29,1225.26,0.132,120.0,Current,0,0,ACB-BR018
ACB-LN0004160,ACB-C000319,Personal Loan,2020-04-30,4728.72,679.1,0.2038,120.0,Current,0,0,ACB-BR043
ACB-LN0004161,ACB-C000160,Mortgage,2023-04-09,139970.86,54429.45,0.095,84.0,Current,0,0,ACB-BR067
ACB-LN0004162,ACB-C010183,Personal Loan,2023-04-30,9305.74,1957.52,0.161,180.0,Current,0,0,ACB-BR059
ACB-LN0004163,ACB-C005036,Personal Loan,2025-08-18,23734.16,2957.97,0.2071,240.0,Current,0,0,ACB-BR037
ACB-LN0004164,ACB-C006515,Mortgage,2020-09-12,406579.95,267751.82,0.045,180.0,Paid Off,0,0,ACB-BR025
ACB-LN0004165,ACB-C011901,Small Business Loan,2023-04-16,50587.51,5198.03,0.2,12.0,Written Off,0,1,ACB-BR054
ACB-LN0004166,ACB-C013903,Mortgage,2022-02-03,479772.12,31075.83,0.0709,84.0,Paid Off,0,0,ACB-BR006
ACB-LN0004167,ACB-C005523,Auto Loan,2021-04-11,11208.46,10286.14,0.1094,180.0,Current,0,0,ACB-BR060
ACB-LN0004168,ACB-C008386,Home Equity Loan,2024-03-24,68242.38,3937.21,0.1312,120.0,30-59 DPD,57,0,ACB-BR067
ACB-LN0004169,ACB-C003081,Personal Loan,2022-11-08,14791.02,2155.92,0.1925,24.0,60-89 DPD,85,0,ACB-BR025
ACB-LN0004170,ACB-C011531,Home Equity Loan,2022-06-24,19024.55,1132.23,0.1045,180.0,Current,0,0,ACB-BR064
ACB-LN0004171,ACB-C008516,Auto Loan,2023-01-27,52632.22,7563.06,0.16,60.0,Current,0,0,ACB-BR029
ACB-LN0004172,ACB-C006253,Mortgage,2024-05-29,139846.17,42494.91,0.0534,120.0,Current,0,0,ACB-BR031
ACB-LN0004173,ACB-C000862,Small Business Loan,2019-07-14,205009.99,169643.14,,180.0,Current,0,0,ACB-BR046
ACB-LN0004174,ACB-C006595,Mortgage,2021-03-01,297924.13,118825.96,0.0345,360.0,Current,0,0,ACB-BR058
ACB-LN0004175,ACB-C008700,Mortgage,2022-06-29,317111.57,169465.16,0.0599,84.0,Current,0,0,ACB-BR030
ACB-LN0004176,ACB-C010257,Personal Loan,2021-01-22,29194.92,25260.67,0.1551,240.0,30-59 DPD,52,0,ACB-BR040
ACB-LN0004177,ACB-C011802,Personal Loan,2022-03-24,31066.94,13399.11,0.1093,360.0,Current,0,0,ACB-BR047
ACB-LN0004178,ACB-C009846,Personal Loan,2023-01-30,6231.29,4455.41,0.24,36.0,Current,0,0,ACB-BR072
ACB-LN0004179,ACB-C013195,Mortgage,2020-10-05,361424.78,153775.9,0.0633,84.0,Current,0,0,ACB-BR072
ACB-LN0004180,ACB-C010325,Mortgage,2020-04-28,423273.34,70074.24,0.0641,12.0,Current,0,0,ACB-BR049
ACB-LN0004181,ACB-C005590,Auto Loan,2021-08-30,39253.78,11850.09,0.0754,24.0,Default,227,1,ACB-BR032
ACB-LN0004182,ACB-C004154,Mortgage,2019-04-10,577593.18,65179.54,0.071,180.0,Current,0,0,ACB-BR019
ACB-LN0004183,ACB-C003915,Auto Loan,2023-09-23,50268.15,39721.63,0.1216,120.0,Current,0,0,ACB-BR061
ACB-LN0004184,ACB-C014232,Personal Loan,2023-11-02,2707.62,1248.32,0.24,360.0,Current,0,0,ACB-BR033
ACB-LN0004185,ACB-C002988,Mortgage,2023-12-26,389839.02,52422.91,0.0795,84.0,Current,0,0,ACB-BR066
ACB-LN0004186,ACB-C003720,Home Equity Loan,2021-09-21,46983.21,43969.21,0.0938,24.0,Default,215,1,ACB-BR036
ACB-LN0004187,ACB-C000248,Student Loan,2019-06-04,20773.22,7441.44,0.0401,60.0,Current,0,0,ACB-BR017
ACB-LN0004188,ACB-C013868,Mortgage,2019-08-10,572994.88,144086.13,0.0665,240.0,Current,0,0,ACB-BR060
ACB-LN0004189,ACB-C008806,Mortgage,2025-01-02,233936.09,75945.84,0.0475,24.0,Current,0,0,ACB-BR046
ACB-LN0004190,ACB-C001028,Auto Loan,2020-03-23,8250.14,5422.01,0.1173,180.0,Paid Off,0,0,ACB-BR019
ACB-LN0004191,ACB-C012978,Personal Loan,2020-01-29,32442.1,24611.28,0.1251,60.0,Current,0,0,ACB-BR069
ACB-LN0004192,ACB-C003603,Home Equity Loan,2023-09-24,69076.45,59424.55,0.0902,60.0,Current,0,0,ACB-BR042
ACB-LN0004193,ACB-C006666,Student Loan,2019-02-13,68136.87,16129.35,0.082,84.0,Current,0,0,ACB-BR050
ACB-LN0004194,ACB-C002158,Home Equity Loan,2022-05-18,36866.89,27031.72,0.0573,12.0,Current,0,0,ACB-BR029
ACB-LN0004195,ACB-C003987,Home Equity Loan,2023-11-22,41815.68,19469.73,0.1141,60.0,Current,0,0,ACB-BR080
ACB-LN0004196,ACB-C011079,Personal Loan,2024-11-17,23715.37,8066.69,0.1274,36.0,Current,0,0,ACB-BR029
ACB-LN0004197,ACB-C003395,Personal Loan,2024-07-22,32821.78,17217.49,0.1508,360.0,30-59 DPD,34,0,ACB-BR044
ACB-LN0004198,ACB-C000456,Mortgage,2022-09-14,549782.94,499496.54,0.0936,48.0,Current,0,0,ACB-BR042
ACB-LN0004199,ACB-C005011,Personal Loan,2022-05-10,28532.42,8239.08,0.1835,48.0,30-59 DPD,58,0,ACB-BR003
ACB-LN0004200,ACB-C001644,Home Equity Loan,2024-04-01,108785.53,95740.28,0.14,360.0,90+ DPD,151,1,ACB-BR015
ACB-LN0004201,ACB-C011867,Small Business Loan,2023-07-22,76793.35,9104.87,0.1695,12.0,Current,0,0,ACB-BR066
ACB-LN0004202,ACB-C008647,Mortgage,2019-02-13,490138.83,117784.78,0.0488,36.0,60-89 DPD,88,0,ACB-BR050
ACB-LN0004203,ACB-C008095,Mortgage,2019-01-09,295495.63,230027.28,0.0698,24.0,Current,0,0,ACB-BR037
ACB-LN0004204,ACB-C002903,Mortgage,2023-10-10,431525.71,416014.29,0.0491,60.0,Current,0,0,ACB-BR041
ACB-LN0004205,ACB-C007589,Personal Loan,2021-03-24,9402.66,1934.32,,360.0,Current,0,0,ACB-BR027
ACB-LN0004206,ACB-C006443,Student Loan,2020-12-17,20931.84,2771.18,0.0858,120.0,Current,0,0,ACB-BR001
ACB-LN0004207,ACB-C004121,Student Loan,2024-10-18,26824.33,25169.12,0.1078,180.0,Current,0,0,ACB-BR015
ACB-LN0004208,ACB-C013498,Auto Loan,2021-01-02,23578.96,5546.84,0.048,24.0,30-59 DPD,42,0,ACB-BR009
ACB-LN0004209,ACB-C010756,Home Equity Loan,2023-05-03,96845.02,71686.97,0.0898,360.0,Current,0,0,ACB-BR035
ACB-LN0004210,ACB-C002655,Home Equity Loan,2019-05-02,111027.16,49043.67,0.1008,84.0,Current,0,0,ACB-BR040
ACB-LN0004211,ACB-C005533,Home Equity Loan,2023-09-15,33596.73,18370.84,0.1261,12.0,Current,0,0,ACB-BR050
ACB-LN0004212,ACB-C000653,Personal Loan,2019-06-04,31304.5,29957.78,0.1232,84.0,Current,0,0,ACB-BR072
ACB-LN0004213,ACB-C003182,Small Business Loan,2023-07-12,35354.82,4488.88,,240.0,Current,0,0,ACB-BR063
ACB-LN0004214,ACB-C013167,Personal Loan,2025-01-19,22696.35,6195.12,0.24,12.0,Current,0,0,ACB-BR017
ACB-LN0004215,ACB-C001355,Auto Loan,2022-12-29,25714.11,9837.67,0.1101,36.0,Current,0,0,ACB-BR061
ACB-LN0004216,ACB-C001548,Mortgage,2019-04-18,470020.33,305583.73,0.0443,12.0,30-59 DPD,52,0,ACB-BR014
ACB-LN0004217,ACB-C009492,Personal Loan,2025-12-17,10554.6,3885.39,0.2315,,Current,0,0,ACB-BR038
ACB-LN0004218,ACB-C001594,Auto Loan,2022-07-30,49621.01,26677.3,0.0962,24.0,90+ DPD,180,1,ACB-BR042
ACB-LN0004219,ACB-C001569,Small Business Loan,2020-04-09,47905.76,24801.34,0.1751,24.0,Current,0,0,ACB-BR013
ACB-LN0004220,ACB-C001541,Home Equity Loan,2022-01-15,80262.1,21771.7,0.082,360.0,90+ DPD,119,1,ACB-BR013
ACB-LN0004221,ACB-C003873,Auto Loan,2019-05-07,28261.7,21244.05,0.1069,120.0,Current,0,0,ACB-BR008
ACB-LN0004222,ACB-C013367,Mortgage,2024-07-07,266529.85,132688.58,0.0565,180.0,Current,0,0,ACB-BR051
ACB-LN0004223,ACB-C008123,Mortgage,2025-03-11,206120.75,152436.55,0.0641,60.0,Current,0,0,ACB-BR005
ACB-LN0004224,ACB-C010976,Personal Loan,2022-12-01,22099.45,10026.01,0.1759,84.0,Paid Off,0,0,ACB-BR061
ACB-LN0004225,ACB-C007842,Personal Loan,2025-02-13,12181.21,2220.99,0.2041,240.0,90+ DPD,157,1,ACB-BR063
ACB-LN0004226,ACB-C009878,Small Business Loan,2023-08-04,147171.98,126399.51,0.1544,36.0,Written Off,0,1,ACB-BR074
ACB-LN0004227,ACB-C009054,Mortgage,2025-05-06,607154.7,499777.71,0.0409,48.0,Current,0,0,ACB-BR075
ACB-LN0004228,ACB-C007631,Auto Loan,2021-11-04,27354.3,23606.59,0.1301,36.0,Current,0,0,ACB-BR027
ACB-LN0004229,ACB-C003262,Personal Loan,2021-07-22,20641.97,12215.49,0.1331,60.0,Paid Off,0,0,ACB-BR055
ACB-LN0004230,ACB-C012378,Personal Loan,2024-07-01,20888.78,8472.24,0.1228,60.0,Current,0,0,ACB-BR003
ACB-LN0004231,ACB-C002868,Mortgage,2019-03-08,636729.96,400913.94,0.0489,12.0,Current,0,0,ACB-BR075
ACB-LN0004232,ACB-C008152,Personal Loan,2022-04-01,26263.02,17658.37,0.1695,240.0,Current,0,0,ACB-BR003
ACB-LN0004233,ACB-C007147,Personal Loan,2024-12-22,6291.95,890.91,0.1703,84.0,Current,0,0,ACB-BR043
ACB-LN0004234,ACB-C008511,Home Equity Loan,2019-05-04,80217.65,53318.55,0.0665,84.0,Current,0,0,ACB-BR032
ACB-LN0004235,ACB-C006351,Personal Loan,2025-07-02,7687.58,2784.88,0.1993,24.0,30-59 DPD,51,0,ACB-BR066
ACB-LN0004236,ACB-C006747,Mortgage,2022-09-11,175618.13,128298.3,0.0462,240.0,Current,0,0,ACB-BR056
ACB-LN0004237,ACB-C004867,Mortgage,2023-12-08,196497.25,20624.78,0.0816,12.0,Current,0,0,ACB-BR011
ACB-LN0004238,ACB-C014230,Auto Loan,2020-11-20,18782.7,14842.85,0.1259,24.0,Paid Off,0,0,ACB-BR062
ACB-LN0004239,ACB-C009158,Student Loan,2021-06-12,21975.11,6180.37,0.0673,180.0,Current,0,0,ACB-BR060
ACB-LN0004240,ACB-C008242,Personal Loan,2022-05-14,23709.94,12000.66,0.1321,24.0,90+ DPD,149,1,ACB-BR054
ACB-LN0004241,ACB-C001421,Auto Loan,2024-12-28,16172.95,7574.44,0.0622,12.0,Current,0,0,ACB-BR010
ACB-LN0004242,ACB-C010436,Student Loan,2019-09-06,55570.66,32869.3,0.0454,12.0,Current,0,0,ACB-BR054
ACB-LN0004243,ACB-C003417,Personal Loan,2019-04-16,9515.25,1129.38,0.15,84.0,Default,154,1,ACB-BR026
ACB-LN0004244,ACB-C001574,Small Business Loan,2020-05-15,108585.96,51468.62,0.1731,120.0,Current,0,0,ACB-BR073
ACB-LN0004245,ACB-C004994,Auto Loan,2023-09-17,35094.3,17011.29,,180.0,Current,0,0,ACB-BR041
ACB-LN0004246,ACB-C003649,Auto Loan,2022-03-23,52229.5,42894.35,0.0456,360.0,Current,0,0,ACB-BR010
ACB-LN0004247,ACB-C013987,Personal Loan,2024-06-22,8877.31,5673.08,0.2013,180.0,Paid Off,0,0,ACB-BR040
ACB-LN0004248,ACB-C014460,Mortgage,2025-10-25,570485.52,423773.31,0.095,,Written Off,0,1,ACB-BR070
ACB-LN0004249,ACB-C012685,Home Equity Loan,2022-10-07,102864.93,92325.58,0.1236,240.0,Current,0,0,ACB-BR055
ACB-LN0004250,ACB-C008258,Small Business Loan,2020-08-30,69264.07,22689.09,0.0702,60.0,Current,0,0,ACB-BR013
ACB-LN0004251,ACB-C000162,Home Equity Loan,2025-08-06,115066.2,12613.19,0.1341,360.0,Current,0,0,ACB-BR011
ACB-LN0004252,ACB-C002628,Personal Loan,2022-01-02,13385.43,781.32,0.1774,240.0,Current,0,0,ACB-BR042
ACB-LN0004253,ACB-C009603,Auto Loan,2025-11-29,49639.83,30663.45,0.1396,240.0,Paid Off,0,0,ACB-BR020
ACB-LN0004254,ACB-C011444,Auto Loan,2026-01-02,23417.32,18303.66,0.0717,360.0,Current,0,0,ACB-BR041
ACB-LN0004255,ACB-C004662,Mortgage,2019-12-15,225447.69,197303.01,0.0521,48.0,Current,0,0,ACB-BR038
ACB-LN0004256,ACB-C004085,Home Equity Loan,2023-04-23,20459.63,10552.06,0.1026,12.0,Current,0,0,ACB-BR078
ACB-LN0004257,ACB-C003432,Student Loan,2020-10-16,42354.41,3969.25,0.0439,12.0,Current,0,0,ACB-BR006
ACB-LN0004258,ACB-C007124,Auto Loan,2019-11-01,16585.46,6503.72,0.1198,12.0,Current,0,0,ACB-BR078
ACB-LN0004259,ACB-C001574,Home Equity Loan,2023-12-09,67550.03,58497.06,0.1071,48.0,Paid Off,0,0,ACB-BR026
ACB-LN0004260,ACB-C013860,Small Business Loan,2024-05-08,244306.11,164938.3,0.1061,36.0,Current,0,0,ACB-BR059
ACB-LN0004261,ACB-C003633,Home Equity Loan,2021-01-03,18139.36,11362.07,0.1037,12.0,Current,0,0,ACB-BR077
ACB-LN0004262,ACB-C012516,Mortgage,2020-03-28,498535.7,356711.37,0.0672,36.0,Current,0,0,ACB-BR003
ACB-LN0004263,ACB-C001150,Personal Loan,2022-01-12,13720.72,7828.67,0.1174,240.0,60-89 DPD,89,0,ACB-BR066
ACB-LN0004264,ACB-C008344,Mortgage,2025-03-13,253639.01,240856.36,0.095,360.0,Current,0,0,ACB-BR019
ACB-LN0004265,ACB-C005617,Personal Loan,2023-01-02,11991.54,6495.87,0.24,120.0,Current,0,0,ACB-BR051
ACB-LN0004266,ACB-C013249,Personal Loan,2020-06-23,26782.06,23363.47,0.081,120.0,Current,0,0,ACB-BR063
ACB-LN0004267,ACB-C003741,Home Equity Loan,2022-02-01,90305.46,24418.12,0.0892,120.0,60-89 DPD,68,0,ACB-BR052
ACB-LN0004268,ACB-C009037,Home Equity Loan,2025-10-25,97639.89,47651.79,0.1182,24.0,Default,305,1,ACB-BR070
ACB-LN0004269,ACB-C002984,Auto Loan,2022-12-24,13713.07,7122.22,0.0709,48.0,Current,0,0,ACB-BR013
ACB-LN0004270,ACB-C006981,Mortgage,2024-10-03,552428.1,74849.89,0.0447,240.0,Current,0,0,ACB-BR015
ACB-LN0004271,ACB-C006238,Auto Loan,2021-03-26,25579.38,11763.93,0.097,84.0,Current,0,0,ACB-BR010
ACB-LN0004272,ACB-C000987,Home Equity Loan,2019-10-25,67694.4,27490.83,0.0638,24.0,Current,0,0,ACB-BR016
ACB-LN0004273,ACB-C014247,Auto Loan,2021-09-25,20420.82,14909.85,0.0851,12.0,Current,0,0,ACB-BR032
ACB-LN0004274,ACB-C001116,Personal Loan,2019-01-01,31796.1,10475.46,0.1779,,Current,0,0,ACB-BR019
ACB-LN0004275,ACB-C013692,Mortgage,2020-12-05,391748.17,22547.61,0.0697,60.0,Current,0,0,ACB-BR052
ACB-LN0004276,ACB-C001084,Personal Loan,2019-09-17,25962.97,10847.17,0.1293,60.0,Current,0,0,ACB-BR077
ACB-LN0004277,ACB-C002233,Personal Loan,2019-02-14,27256.23,8645.01,0.1409,48.0,Written Off,0,1,ACB-BR005
ACB-LN0004278,ACB-C009179,Personal Loan,2026-02-21,30631.48,30008.39,0.1556,12.0,30-59 DPD,35,0,ACB-BR068
ACB-LN0004279,ACB-C002769,Auto Loan,2021-12-28,20722.91,15675.34,,120.0,Default,352,1,ACB-BR008
ACB-LN0004280,ACB-C010718,Student Loan,2020-12-08,60703.99,19298.45,0.0501,360.0,Current,0,0,ACB-BR061
ACB-LN0004281,ACB-C013026,Auto Loan,2023-04-26,18818.19,4874.37,0.0621,36.0,Paid Off,0,0,ACB-BR049
ACB-LN0004282,ACB-C009755,Auto Loan,2021-03-23,37564.57,36036.45,0.127,60.0,Current,0,0,ACB-BR026
ACB-LN0004283,ACB-C004771,Home Equity Loan,2023-01-22,105011.0,83600.14,0.14,24.0,Current,0,0,ACB-BR004
ACB-LN0004284,ACB-C012755,Auto Loan,2023-01-11,34503.58,11833.96,0.0954,240.0,Written Off,0,1,ACB-BR004
ACB-LN0004285,ACB-C009815,Personal Loan,2020-02-01,20367.49,14140.75,0.1516,84.0,Current,0,0,ACB-BR013
ACB-LN0004286,ACB-C001929,Personal Loan,2019-03-16,28542.36,11867.58,0.2078,84.0,30-59 DPD,46,0,ACB-BR031
ACB-LN0004287,ACB-C010230,Personal Loan,2020-11-22,22745.29,10901.92,0.1772,60.0,Current,0,0,ACB-BR047
ACB-LN0004288,ACB-C003406,Auto Loan,2025-07-08,16962.17,16502.14,,120.0,Current,0,0,ACB-BR060
ACB-LN0004289,ACB-C014359,Auto Loan,2020-10-14,40565.61,24821.28,0.1324,120.0,Current,0,0,ACB-BR014
ACB-LN0004290,ACB-C009308,Mortgage,2021-07-18,502152.52,100761.77,0.0463,12.0,Current,0,0,ACB-BR030
ACB-LN0004291,ACB-C007214,Mortgage,2022-08-27,606904.73,457303.86,0.0791,60.0,Default,326,1,ACB-BR004
ACB-LN0004292,ACB-C009599,Small Business Loan,2023-01-13,64358.24,61992.17,0.2,360.0,Current,0,0,ACB-BR006
ACB-LN0004293,ACB-C008362,Mortgage,2024-08-18,247332.73,178669.63,0.0437,360.0,Current,0,0,ACB-BR067
ACB-LN0004294,ACB-C002035,Personal Loan,2021-03-14,5578.08,1476.08,0.1305,12.0,Current,0,0,ACB-BR007
ACB-LN0004295,ACB-C014954,Mortgage,2021-01-03,615685.63,579742.05,0.0334,360.0,Current,0,0,ACB-BR005
ACB-LN0004296,ACB-C012051,Small Business Loan,2020-08-01,203748.87,195897.95,,360.0,Current,0,0,ACB-BR063
ACB-LN0004297,ACB-C014093,Mortgage,2021-11-15,359605.6,306304.91,0.0363,12.0,Written Off,0,1,ACB-BR060
ACB-LN0004298,ACB-C004612,Auto Loan,2022-07-02,46180.07,16029.58,0.1306,120.0,Current,0,0,ACB-BR031
ACB-LN0004299,ACB-C010120,Mortgage,2025-02-06,448853.53,405019.74,0.0759,240.0,Current,0,0,ACB-BR077
ACB-LN0004300,ACB-C004872,Student Loan,2022-05-29,31125.08,5062.35,0.0431,48.0,Current,0,0,ACB-BR077
ACB-LN0004301,ACB-C007158,Mortgage,2026-02-02,126947.81,16909.09,0.0937,24.0,Current,0,0,ACB-BR075
ACB-LN0004302,ACB-C013374,Mortgage,2020-02-14,519281.14,467106.6,0.0482,120.0,Current,0,0,ACB-BR061
ACB-LN0004303,ACB-C012072,Personal Loan,2025-04-26,26860.62,25095.49,0.24,120.0,Current,0,0,ACB-BR037
ACB-LN0004304,ACB-C014471,Mortgage,2021-04-12,646777.39,407652.35,0.0627,60.0,60-89 DPD,65,0,ACB-BR075
ACB-LN0004305,ACB-C004213,Personal Loan,2025-08-30,32866.67,14400.04,0.1144,240.0,Current,0,0,ACB-BR054
ACB-LN0004306,ACB-C004420,Mortgage,2019-04-24,190269.41,113675.25,0.0336,120.0,Current,0,0,ACB-BR018
ACB-LN0004307,ACB-C009768,Personal Loan,2021-07-18,3536.44,630.68,0.1811,84.0,Current,0,0,ACB-BR010
ACB-LN0004308,ACB-C003704,Mortgage,2020-01-13,458040.42,292598.98,0.0729,60.0,Default,284,1,ACB-BR004
ACB-LN0004309,ACB-C004722,Student Loan,2024-12-13,75673.18,7814.74,0.1046,24.0,Paid Off,0,0,ACB-BR030
ACB-LN0004310,ACB-C006163,Personal Loan,2024-11-14,22150.15,21001.5,0.24,60.0,Default,270,1,ACB-BR065
ACB-LN0004311,ACB-C009459,Mortgage,2021-11-04,608127.45,113370.94,0.0562,180.0,Current,0,0,ACB-BR025
ACB-LN0004312,ACB-C012330,Auto Loan,2019-06-08,52956.46,9453.16,0.0505,12.0,Current,0,0,ACB-BR039
ACB-LN0004313,ACB-C004183,Personal Loan,2023-03-01,5628.09,2750.25,0.1227,48.0,Current,0,0,ACB-BR063
ACB-LN0004314,ACB-C002044,Small Business Loan,2022-08-04,199897.03,190932.8,0.093,36.0,Current,0,0,ACB-BR040
ACB-LN0004315,ACB-C012791,Mortgage,2023-01-28,485945.1,296948.94,0.0939,60.0,Current,0,0,ACB-BR048
ACB-LN0004316,ACB-C014402,Mortgage,2020-07-24,336430.39,163300.56,0.0612,60.0,Current,0,0,ACB-BR039
ACB-LN0004317,ACB-C010775,Home Equity Loan,2025-02-10,55241.97,37376.04,0.14,60.0,Current,0,0,ACB-BR046
ACB-LN0004318,ACB-C004536,Auto Loan,2022-04-15,41671.47,8666.81,0.135,48.0,90+ DPD,135,1,ACB-BR072
ACB-LN0004319,ACB-C011095,Auto Loan,2023-08-13,34817.52,13939.68,0.0687,240.0,Current,0,0,ACB-BR008
ACB-LN0004320,ACB-C011612,Auto Loan,2022-07-23,39828.49,17657.31,,240.0,Current,0,0,ACB-BR037
ACB-LN0004321,ACB-C004191,Mortgage,2019-01-29,187776.88,94520.73,0.0474,360.0,Current,0,0,ACB-BR028
ACB-LN0004322,ACB-C009434,Mortgage,2024-02-10,425673.62,190190.16,0.0651,180.0,Current,0,0,ACB-BR034
ACB-LN0004323,ACB-C012884,Student Loan,2020-05-12,58769.64,39850.54,0.0792,360.0,Paid Off,0,0,ACB-BR066
ACB-LN0004324,ACB-C005794,Small Business Loan,2019-06-09,28387.12,25306.2,0.0937,240.0,Current,0,0,ACB-BR061
ACB-LN0004325,ACB-C009083,Auto Loan,2019-12-02,11215.52,5811.2,0.0619,24.0,Current,0,0,ACB-BR014
ACB-LN0004326,ACB-C004890,Small Business Loan,2025-12-31,149190.11,81255.3,0.1425,180.0,Current,0,0,ACB-BR040
ACB-LN0004327,ACB-C013716,Student Loan,2024-11-24,56393.39,49295.69,0.11,180.0,Current,0,0,ACB-BR004
ACB-LN0004328,ACB-C013282,Personal Loan,2020-08-24,20361.84,13836.49,0.0972,60.0,Current,0,0,ACB-BR076
ACB-LN0004329,ACB-C011740,Personal Loan,2021-07-01,31797.13,3778.04,0.1959,24.0,30-59 DPD,57,0,ACB-BR006
ACB-LN0004330,ACB-C011022,Personal Loan,2020-07-09,13950.61,3249.23,0.1688,180.0,Current,0,0,ACB-BR048
ACB-LN0004331,ACB-C012250,Auto Loan,2019-11-28,32651.58,8333.55,0.1358,48.0,Current,0,0,ACB-BR010
ACB-LN0004332,ACB-C008944,Mortgage,2020-08-25,217295.23,145835.53,0.0692,60.0,Current,0,0,ACB-BR025
ACB-LN0004333,ACB-C004774,Personal Loan,2024-10-13,7267.58,4686.66,0.1259,48.0,Current,0,0,ACB-BR020
ACB-LN0004334,ACB-C010822,Mortgage,2020-02-28,442115.4,237380.79,0.0587,180.0,Current,0,0,ACB-BR059
ACB-LN0004335,ACB-C005145,Auto Loan,2025-07-22,49857.61,26546.88,0.16,48.0,Current,0,0,ACB-BR010
ACB-LN0004336,ACB-C000450,Mortgage,2020-12-24,512139.03,287949.31,0.0422,36.0,Current,0,0,ACB-BR048
ACB-LN0004337,ACB-C011087,Mortgage,2024-04-07,288607.42,145312.82,0.0544,24.0,Current,0,0,ACB-BR049
ACB-LN0004338,ACB-C005281,Personal Loan,2022-11-14,14418.51,13131.02,0.1931,36.0,Current,0,0,ACB-BR009
ACB-LN0004339,ACB-C013614,Personal Loan,2023-08-25,18058.71,11912.77,0.1251,60.0,Paid Off,0,0,ACB-BR032
ACB-LN0004340,ACB-C013038,Student Loan,2025-10-07,48053.11,30924.07,0.11,240.0,60-89 DPD,74,0,ACB-BR059
ACB-LN0004341,ACB-C007769,Auto Loan,2022-06-10,38215.85,27981.58,0.1088,240.0,Current,0,0,ACB-BR049
ACB-LN0004342,ACB-C009086,Personal Loan,2020-06-04,34257.9,20399.71,0.1442,240.0,Current,0,0,ACB-BR009
ACB-LN0004343,ACB-C006322,Mortgage,2019-08-19,272612.24,232447.99,0.0715,24.0,Current,0,0,ACB-BR031
ACB-LN0004344,ACB-C000309,Mortgage,2024-11-18,297882.72,211612.06,0.0766,48.0,Current,0,0,ACB-BR003
ACB-LN0004345,ACB-C014097,Auto Loan,2024-12-31,28586.84,27138.69,0.1468,60.0,30-59 DPD,48,0,ACB-BR074
ACB-LN0004346,ACB-C013286,Mortgage,2019-02-02,444327.13,245701.83,0.0718,180.0,30-59 DPD,45,0,ACB-BR041
ACB-LN0004347,ACB-C000114,Auto Loan,2019-08-11,48369.79,10414.82,0.0565,360.0,30-59 DPD,39,0,ACB-BR075
ACB-LN0004348,ACB-C006605,Personal Loan,2025-12-18,9090.32,4695.25,0.1538,240.0,Current,0,0,ACB-BR043
ACB-LN0004349,ACB-C008172,Student Loan,2022-10-27,72202.19,11236.13,0.1095,24.0,Current,0,0,ACB-BR059
ACB-LN0004350,ACB-C007227,Student Loan,2023-01-05,45463.26,9568.15,0.0597,180.0,Current,0,0,ACB-BR035
ACB-LN0004351,ACB-C014364,Auto Loan,2025-05-23,32220.23,7753.65,0.142,120.0,Current,0,0,ACB-BR034
ACB-LN0004352,ACB-C011357,Home Equity Loan,2022-03-16,84834.46,27797.83,0.1151,48.0,Current,0,0,ACB-BR049
ACB-LN0004353,ACB-C003114,Home Equity Loan,2024-01-12,25127.4,3420.46,0.14,84.0,Current,0,0,ACB-BR049
ACB-LN0004354,ACB-C010479,Mortgage,2023-01-27,591414.77,96320.09,0.0487,180.0,Current,0,0,ACB-BR020
ACB-LN0004355,ACB-C007683,Student Loan,2021-02-23,57313.44,36824.24,0.0708,240.0,90+ DPD,120,1,ACB-BR011
ACB-LN0004356,ACB-C009205,Auto Loan,2022-09-15,13302.49,10223.33,0.1086,12.0,Current,0,0,ACB-BR055
ACB-LN0004357,ACB-C012782,Mortgage,2019-09-19,240971.72,179291.03,0.0604,120.0,Current,0,0,ACB-BR025
ACB-LN0004358,ACB-C008551,Personal Loan,2023-07-28,4179.94,3002.35,0.1327,360.0,Current,0,0,ACB-BR069
ACB-LN0004359,ACB-C003028,Mortgage,2019-06-02,456912.27,29363.18,0.0351,48.0,Current,0,0,ACB-BR017
ACB-LN0004360,ACB-C011704,Mortgage,2023-04-06,189448.84,110469.73,0.0515,84.0,Current,0,0,ACB-BR036
ACB-LN0004361,ACB-C005857,Mortgage,2025-08-29,364291.79,323236.29,0.0549,360.0,Current,0,0,ACB-BR055
ACB-LN0004362,ACB-C014670,Personal Loan,2024-11-13,6197.62,1020.69,0.2308,60.0,Current,0,0,ACB-BR068
ACB-LN0004363,ACB-C006028,Personal Loan,2025-07-21,3196.25,1086.18,0.2278,240.0,Current,0,0,ACB-BR037
ACB-LN0004364,ACB-C001699,Mortgage,2024-03-13,311743.04,199550.68,0.0642,12.0,Current,0,0,ACB-BR038
ACB-LN0004365,ACB-C012717,Mortgage,2021-06-19,230035.62,213303.64,0.0409,12.0,Current,0,0,ACB-BR047
ACB-LN0004366,ACB-C007251,Mortgage,2024-02-06,376345.37,64976.95,0.0486,84.0,Current,0,0,ACB-BR073
ACB-LN0004367,ACB-C000569,Auto Loan,2024-11-17,48106.05,2943.01,0.1409,84.0,90+ DPD,155,1,ACB-BR032
ACB-LN0004368,ACB-C011621,Home Equity Loan,2025-11-19,114625.3,89400.07,0.14,180.0,Current,0,0,ACB-BR026
ACB-LN0004369,ACB-C005371,Auto Loan,2023-04-04,17985.54,10533.05,0.0978,60.0,Current,0,0,ACB-BR080
ACB-LN0004370,ACB-C002385,Personal Loan,2024-08-27,16499.65,10388.1,0.1716,120.0,Current,0,0,ACB-BR068
ACB-LN0004371,ACB-C001244,Auto Loan,2020-08-08,27470.06,14941.81,0.0529,84.0,Current,0,0,ACB-BR076
ACB-LN0004372,ACB-C003656,Student Loan,2020-08-30,60385.12,18994.15,0.0817,24.0,Current,0,0,ACB-BR046
ACB-LN0004373,ACB-C000503,Small Business Loan,2022-02-06,154232.66,115103.39,0.1509,360.0,Current,0,0,ACB-BR061
ACB-LN0004374,ACB-C014056,Mortgage,2021-05-23,406113.43,244196.38,0.033,36.0,Current,0,0,ACB-BR050
ACB-LN0004375,ACB-C010674,Personal Loan,2024-10-26,29128.8,23701.01,0.1702,24.0,Current,0,0,ACB-BR046
ACB-LN0004376,ACB-C005427,Student Loan,2024-04-11,51192.03,39738.4,0.0727,240.0,Current,0,0,ACB-BR047
ACB-LN0004377,ACB-C010910,Home Equity Loan,2024-02-19,55864.89,29513.91,0.14,48.0,90+ DPD,129,1,ACB-BR030
ACB-LN0004378,ACB-C012944,Personal Loan,2019-09-26,13577.79,3877.47,0.1374,48.0,Current,0,0,ACB-BR046
ACB-LN0004379,ACB-C002811,Mortgage,2021-11-03,339907.14,119135.39,0.049,120.0,Current,0,0,ACB-BR025
ACB-LN0004380,ACB-C011094,Personal Loan,2023-12-14,17193.77,11796.09,0.2369,36.0,Current,0,0,ACB-BR020
ACB-LN0004381,ACB-C009623,Small Business Loan,2020-05-18,65825.72,52583.54,0.0954,60.0,Current,0,0,ACB-BR077
ACB-LN0004382,ACB-C012048,Personal Loan,2024-07-26,9794.12,9524.91,0.1935,120.0,90+ DPD,137,1,ACB-BR076
ACB-LN0004383,ACB-C011792,Mortgage,2022-06-14,350675.4,198734.96,0.0555,48.0,Current,0,0,ACB-BR063
ACB-LN0004384,ACB-C003814,Student Loan,2024-08-15,47906.44,13902.67,0.11,180.0,Current,0,0,ACB-BR015
ACB-LN0004385,ACB-C000941,Personal Loan,2025-02-04,13754.97,1949.92,0.2147,84.0,Current,0,0,ACB-BR005
ACB-LN0004386,ACB-C007800,Student Loan,2025-01-12,37318.81,13400.58,0.1014,48.0,Current,0,0,ACB-BR055
ACB-LN0004387,ACB-C005575,Auto Loan,2019-09-24,9009.61,8770.23,0.0837,180.0,Current,0,0,ACB-BR005
ACB-LN0004388,ACB-C007208,Small Business Loan,2022-10-27,205829.2,19413.25,0.0951,60.0,Current,0,0,ACB-BR031
ACB-LN0004389,ACB-C012295,Auto Loan,2020-08-21,24989.49,8182.72,0.0497,36.0,Paid Off,0,0,ACB-BR022
ACB-LN0004390,ACB-C013745,Personal Loan,2023-03-26,21234.2,15970.65,0.24,36.0,Paid Off,0,0,ACB-BR010
ACB-LN0004391,ACB-C014487,Student Loan,2023-10-12,7990.71,2264.19,0.11,240.0,Current,0,0,ACB-BR059
ACB-LN0004392,ACB-C001989,Personal Loan,2024-04-13,4242.98,3858.77,,24.0,Current,0,0,ACB-BR035
ACB-LN0004393,ACB-C005386,Student Loan,2019-07-29,45802.35,18446.12,0.0736,24.0,Current,0,0,ACB-BR079
ACB-LN0004394,ACB-C000666,Student Loan,2022-03-27,15776.87,14127.34,0.086,24.0,Current,0,0,ACB-BR077
ACB-LN0004395,ACB-C005224,Home Equity Loan,2025-06-13,111962.91,23269.25,0.1335,24.0,Current,0,0,ACB-BR004
ACB-LN0004396,ACB-C007181,Student Loan,2019-07-05,71267.58,18905.82,0.0875,,Current,0,0,ACB-BR059
ACB-LN0004397,ACB-C003652,Auto Loan,2022-04-04,24505.71,21062.59,0.1059,24.0,Current,0,0,ACB-BR043
ACB-LN0004398,ACB-C013052,Auto Loan,2019-03-10,34978.75,8688.7,,48.0,Current,0,0,ACB-BR062
ACB-LN0004399,ACB-C013916,Auto Loan,2024-09-03,40409.61,10786.76,0.0815,48.0,Current,0,0,ACB-BR040
ACB-LN0004400,ACB-C007390,Student Loan,2025-08-15,17770.11,14870.12,0.0716,60.0,Current,0,0,ACB-BR070
ACB-LN0004401,ACB-C008245,Personal Loan,2020-02-19,33866.65,12903.87,0.1064,120.0,Current,0,0,ACB-BR033
ACB-LN0004402,ACB-C002608,Personal Loan,2023-05-15,12291.79,10177.58,0.2307,60.0,Current,0,0,ACB-BR074
ACB-LN0004403,ACB-C013008,Student Loan,2022-09-15,54773.25,19949.49,0.0721,240.0,Current,0,0,ACB-BR060
ACB-LN0004404,ACB-C009738,Student Loan,2020-12-13,5969.43,2065.55,0.0577,36.0,Current,0,0,ACB-BR076
ACB-LN0004405,ACB-C000734,Auto Loan,2019-04-21,39616.45,38150.51,0.0816,360.0,Written Off,0,1,ACB-BR030
ACB-LN0004406,ACB-C004955,Mortgage,2023-05-02,414578.65,337387.74,0.095,120.0,Current,0,0,ACB-BR058
ACB-LN0004407,ACB-C007341,Auto Loan,2024-02-27,38721.06,12817.63,0.16,12.0,Paid Off,0,0,ACB-BR051
ACB-LN0004408,ACB-C007701,Personal Loan,2022-10-23,14485.61,1916.22,0.2067,120.0,90+ DPD,108,1,ACB-BR074
ACB-LN0004409,ACB-C007699,Auto Loan,2024-03-24,39704.78,24237.63,0.1222,60.0,90+ DPD,137,1,ACB-BR039
ACB-LN0004410,ACB-C013013,Auto Loan,2021-05-01,41751.65,24300.98,0.0813,48.0,Paid Off,0,0,ACB-BR014
ACB-LN0004411,ACB-C010008,Home Equity Loan,2019-01-27,35078.4,7500.5,0.1096,12.0,Current,0,0,ACB-BR048
ACB-LN0004412,ACB-C011908,Mortgage,2021-01-24,192568.27,73589.32,0.0406,84.0,Current,0,0,ACB-BR060
ACB-LN0004413,ACB-C003039,Personal Loan,2021-08-31,22003.57,13082.05,0.1009,36.0,Current,0,0,ACB-BR014
ACB-LN0004414,ACB-C004833,Mortgage,2020-10-05,323159.36,308562.24,0.047,24.0,Current,0,0,ACB-BR060
ACB-LN0004415,ACB-C001327,Small Business Loan,2025-10-22,31881.84,6409.79,0.2,48.0,Current,0,0,ACB-BR078
ACB-LN0004416,ACB-C009264,Small Business Loan,2020-04-13,155243.93,45063.36,0.0904,84.0,Current,0,0,ACB-BR065
ACB-LN0004417,ACB-C011709,Small Business Loan,2024-10-14,95353.31,37218.22,0.1133,180.0,Current,0,0,ACB-BR054
ACB-LN0004418,ACB-C011062,Small Business Loan,2020-07-18,158863.43,25250.4,0.1543,120.0,Current,0,0,ACB-BR013
ACB-LN0004419,ACB-C001729,Home Equity Loan,2022-06-18,94203.36,35952.2,0.1313,24.0,Current,0,0,ACB-BR041
ACB-LN0004420,ACB-C014406,Mortgage,2025-06-17,602775.0,436568.29,0.0695,360.0,30-59 DPD,44,0,ACB-BR050
ACB-LN0004421,ACB-C012568,Auto Loan,2022-06-26,28145.83,9334.82,0.1366,120.0,30-59 DPD,30,0,ACB-BR027
ACB-LN0004422,ACB-C008113,Small Business Loan,2023-03-08,197580.2,189300.27,0.1656,180.0,Current,0,0,ACB-BR009
ACB-LN0004423,ACB-C008191,Home Equity Loan,2022-08-13,103019.98,22640.08,0.14,360.0,Current,0,0,ACB-BR065
ACB-LN0004424,ACB-C000745,Mortgage,2020-11-17,479347.6,213567.29,0.0718,360.0,Paid Off,0,0,ACB-BR048
ACB-LN0004425,ACB-C009359,Personal Loan,2022-04-29,10157.25,4442.98,0.126,360.0,30-59 DPD,45,0,ACB-BR012
ACB-LN0004426,ACB-C013022,Mortgage,2019-10-18,330909.22,22810.42,0.0426,48.0,90+ DPD,102,1,ACB-BR050
ACB-LN0004427,ACB-C010478,Auto Loan,2019-06-08,25175.31,20962.33,0.0617,120.0,Current,0,0,ACB-BR020
ACB-LN0004428,ACB-C014290,Personal Loan,2023-12-10,21211.29,2222.33,0.1502,24.0,Current,0,0,ACB-BR064
ACB-LN0004429,ACB-C010479,Auto Loan,2020-09-05,43245.91,19205.73,0.0491,180.0,Current,0,0,ACB-BR050
ACB-LN0004430,ACB-C008121,Auto Loan,2021-12-08,35427.54,5250.34,0.0862,24.0,Current,0,0,ACB-BR045
ACB-LN0004431,ACB-C000721,Home Equity Loan,2019-08-06,43849.83,26401.76,0.0806,360.0,Written Off,0,1,ACB-BR002
ACB-LN0004432,ACB-C011299,Personal Loan,2023-04-28,16584.46,15713.71,0.1526,120.0,Current,0,0,ACB-BR044
ACB-LN0004433,ACB-C002335,Personal Loan,2019-08-30,26884.57,25881.45,0.0913,60.0,Current,0,0,ACB-BR035
ACB-LN0004434,ACB-C014959,Mortgage,2023-05-06,136505.53,89659.14,0.095,360.0,Current,0,0,ACB-BR059
ACB-LN0004435,ACB-C006348,Home Equity Loan,2020-01-18,114840.51,75480.79,0.1017,120.0,Current,0,0,ACB-BR025
ACB-LN0004436,ACB-C001451,Auto Loan,2020-04-30,52366.85,29489.97,0.0928,240.0,Current,0,0,ACB-BR076
ACB-LN0004437,ACB-C011314,Auto Loan,2020-08-18,41168.45,30520.06,0.1058,12.0,Current,0,0,ACB-BR006
ACB-LN0004438,ACB-C000807,Mortgage,2022-10-10,428685.97,200486.05,0.095,360.0,60-89 DPD,80,0,ACB-BR033
ACB-LN0004439,ACB-C004728,Mortgage,2019-11-16,580255.75,172957.84,0.0465,360.0,90+ DPD,111,1,ACB-BR068
ACB-LN0004440,ACB-C004921,Mortgage,2023-05-14,229106.07,65266.46,0.0705,24.0,Current,0,0,ACB-BR012
ACB-LN0004441,ACB-C011915,Home Equity Loan,2021-08-03,16952.28,7966.83,0.0644,240.0,Current,0,0,ACB-BR036
ACB-LN0004442,ACB-C012616,Auto Loan,2023-01-08,42108.79,16804.41,0.0929,360.0,Current,0,0,ACB-BR074
ACB-LN0004443,ACB-C013030,Mortgage,2019-05-05,337051.01,37921.29,0.0364,60.0,Current,0,0,ACB-BR063
ACB-LN0004444,ACB-C008420,Personal Loan,2022-08-09,14142.42,8112.29,0.24,48.0,Current,0,0,ACB-BR038
ACB-LN0004445,ACB-C004559,Auto Loan,2019-08-05,29511.51,17426.92,0.0469,36.0,Current,0,0,ACB-BR021
ACB-LN0004446,ACB-C005246,Personal Loan,2021-09-04,32227.76,9527.2,0.0951,360.0,Current,0,0,ACB-BR046
ACB-LN0004447,ACB-C008306,Student Loan,2020-02-02,75565.55,66287.01,0.0536,48.0,Current,0,0,ACB-BR046
ACB-LN0004448,ACB-C005176,Personal Loan,2024-07-28,21381.6,9493.58,0.1364,360.0,Paid Off,0,0,ACB-BR051
ACB-LN0004449,ACB-C011286,Auto Loan,2025-05-18,53743.38,31816.99,0.1514,12.0,30-59 DPD,52,0,ACB-BR070
ACB-LN0004450,ACB-C011304,Auto Loan,2025-03-21,13256.97,3183.98,0.16,120.0,Current,0,0,ACB-BR035
ACB-LN0004451,ACB-C012498,Mortgage,2023-03-30,648222.74,113029.42,0.0776,240.0,Current,0,0,ACB-BR035
ACB-LN0004452,ACB-C012281,Mortgage,2020-07-04,571053.28,290211.22,0.0691,240.0,Current,0,0,ACB-BR011
ACB-LN0004453,ACB-C007096,Mortgage,2019-06-01,258305.7,85990.1,0.0709,120.0,Current,0,0,ACB-BR006
ACB-LN0004454,ACB-C006445,Mortgage,2019-01-29,610072.59,191288.92,0.0323,360.0,Current,0,0,ACB-BR046
ACB-LN0004455,ACB-C005578,Home Equity Loan,2021-10-23,86275.38,52942.54,0.0765,120.0,Current,0,0,ACB-BR054
ACB-LN0004456,ACB-C003202,Personal Loan,2020-02-01,17448.57,17014.0,0.1976,48.0,Current,0,0,ACB-BR070
ACB-LN0004457,ACB-C010550,Personal Loan,2020-04-18,27427.56,21195.35,0.1789,12.0,Current,0,0,ACB-BR064
ACB-LN0004458,ACB-C009212,Mortgage,2021-05-15,483647.12,350390.74,0.0392,12.0,Current,0,0,ACB-BR008
ACB-LN0004459,ACB-C007325,Auto Loan,2019-06-05,37560.19,11067.27,0.0817,120.0,60-89 DPD,84,0,ACB-BR049
ACB-LN0004460,ACB-C011414,Auto Loan,2019-10-18,28547.51,8092.33,0.13,36.0,Current,0,0,ACB-BR021
ACB-LN0004461,ACB-C008546,Personal Loan,2025-02-13,33496.56,21316.49,0.142,180.0,90+ DPD,157,1,ACB-BR010
ACB-LN0004462,ACB-C011866,Auto Loan,2023-04-05,18759.89,13982.25,0.16,240.0,Current,0,0,ACB-BR004
ACB-LN0004463,ACB-C014530,Small Business Loan,2020-12-26,44277.02,17875.63,0.0855,48.0,Current,0,0,ACB-BR049
ACB-LN0004464,ACB-C005653,Auto Loan,2024-04-23,31436.51,11906.38,,60.0,Current,0,0,ACB-BR041
ACB-LN0004465,ACB-C014298,Auto Loan,2022-05-18,23095.88,16398.47,0.0478,240.0,60-89 DPD,76,0,ACB-BR013
ACB-LN0004466,ACB-C011840,Mortgage,2022-11-21,270542.13,84407.35,0.0803,180.0,Default,171,1,ACB-BR059
ACB-LN0004467,ACB-C007466,Student Loan,2020-07-18,60389.65,57987.98,0.0494,60.0,Current,0,0,ACB-BR015
ACB-LN0004468,ACB-C007217,Personal Loan,2020-10-29,18992.99,13097.29,0.1616,360.0,Default,350,1,ACB-BR037
ACB-LN0004469,ACB-C009932,Small Business Loan,2026-03-04,35188.7,28687.3,0.1174,84.0,30-59 DPD,30,0,ACB-BR035
ACB-LN0004470,ACB-C013522,Personal Loan,2023-04-21,22207.8,16591.0,0.1845,12.0,Current,0,0,ACB-BR018
ACB-LN0004471,ACB-C010868,Auto Loan,2019-03-21,17704.71,13979.74,0.0513,84.0,Current,0,0,ACB-BR002
ACB-LN0004472,ACB-C007110,Mortgage,2022-11-21,551809.51,240712.79,0.0408,120.0,Current,0,0,ACB-BR058
ACB-LN0004473,ACB-C004657,Auto Loan,2024-05-24,23537.59,17407.01,0.1422,48.0,30-59 DPD,46,0,ACB-BR008
ACB-LN0004474,ACB-C009682,Auto Loan,2019-01-14,10857.33,8331.54,0.1001,240.0,30-59 DPD,33,0,ACB-BR046
ACB-LN0004475,ACB-C005036,Student Loan,2025-02-18,42833.63,20966.41,0.11,48.0,Current,0,0,ACB-BR075
ACB-LN0004476,ACB-C004807,Personal Loan,2026-01-15,21145.47,6728.94,0.1111,360.0,Current,0,0,ACB-BR060
ACB-LN0004477,ACB-C010446,Personal Loan,2025-02-03,33873.72,12519.56,0.1255,84.0,90+ DPD,154,1,ACB-BR018
ACB-LN0004478,ACB-C007030,Mortgage,2020-12-11,256075.6,83080.41,0.0714,12.0,Current,0,0,ACB-BR002
ACB-LN0004479,ACB-C014927,Mortgage,2021-05-14,471663.12,156653.81,0.0341,48.0,90+ DPD,102,1,ACB-BR026
ACB-LN0004480,ACB-C002053,Auto Loan,2025-03-25,51363.94,42644.86,0.1246,180.0,Current,0,0,ACB-BR036
ACB-LN0004481,ACB-C005639,Mortgage,2025-07-04,596414.48,299010.5,0.0539,48.0,Current,0,0,ACB-BR054
ACB-LN0004482,ACB-C012632,Small Business Loan,2025-05-08,32690.75,5511.69,0.1933,84.0,Current,0,0,ACB-BR077
ACB-LN0004483,ACB-C009356,Small Business Loan,2019-03-23,213074.93,205551.37,0.1,120.0,Current,0,0,ACB-BR025
ACB-LN0004484,ACB-C010737,Auto Loan,2024-05-10,13739.81,5178.78,0.0809,120.0,Current,0,0,ACB-BR070
ACB-LN0004485,ACB-C007328,Mortgage,2024-07-07,194726.57,166309.86,0.095,36.0,Current,0,0,ACB-BR038
ACB-LN0004486,ACB-C009532,Auto Loan,2019-01-22,32887.55,27257.43,0.1067,24.0,Paid Off,0,0,ACB-BR001
ACB-LN0004487,ACB-C009578,Personal Loan,2025-11-28,23096.44,1251.6,0.1173,360.0,Current,0,0,ACB-BR033
ACB-LN0004488,ACB-C000622,Auto Loan,2025-12-25,34248.17,15896.31,0.0703,180.0,Current,0,0,ACB-BR026
ACB-LN0004489,ACB-C013194,Personal Loan,2023-09-30,23060.03,4112.56,0.1086,24.0,Current,0,0,ACB-BR070
ACB-LN0004490,ACB-C013591,Home Equity Loan,2024-08-25,103176.97,10892.15,0.14,36.0,Current,0,0,ACB-BR039
ACB-LN0004491,ACB-C002159,Mortgage,2019-06-02,528064.89,223029.12,0.0532,36.0,Current,0,0,ACB-BR038
ACB-LN0004492,ACB-C014626,Mortgage,2025-03-18,436188.85,98393.84,0.0466,24.0,Current,0,0,ACB-BR063
ACB-LN0004493,ACB-C010814,Small Business Loan,2019-10-22,67874.39,62863.72,0.1686,24.0,Current,0,0,ACB-BR030
ACB-LN0004494,ACB-C002487,Student Loan,2021-10-12,9914.79,2183.34,0.0461,48.0,Current,0,0,ACB-BR039
ACB-LN0004495,ACB-C002341,Mortgage,2024-03-19,400116.19,124566.1,0.0479,180.0,30-59 DPD,38,0,ACB-BR054
ACB-LN0004496,ACB-C007079,Mortgage,2024-09-27,563452.57,226516.39,0.0844,180.0,Current,0,0,ACB-BR080
ACB-LN0004497,ACB-C007848,Auto Loan,2025-02-02,49870.59,34845.87,0.1485,24.0,Default,151,1,ACB-BR067
ACB-LN0004498,ACB-C013232,Personal Loan,2020-09-11,25744.58,17253.82,0.1805,36.0,Current,0,0,ACB-BR003
ACB-LN0004499,ACB-C012133,Mortgage,2019-08-09,594585.72,122238.36,0.0746,240.0,30-59 DPD,41,0,ACB-BR056
ACB-LN0004500,ACB-C014104,Mortgage,2023-07-18,211265.97,53635.54,0.0871,48.0,Current,0,0,ACB-BR052
ACB-LN0004501,ACB-C012471,Auto Loan,2021-07-26,20076.14,18343.95,0.1126,60.0,90+ DPD,169,1,ACB-BR063
ACB-LN0004502,ACB-C008238,Personal Loan,2025-04-07,8394.42,6090.28,0.1765,48.0,Current,0,0,ACB-BR040
ACB-LN0004503,ACB-C011096,Auto Loan,2021-03-24,12795.72,11000.97,0.0862,84.0,30-59 DPD,36,0,ACB-BR011
ACB-LN0004504,ACB-C012176,Mortgage,2021-10-17,217708.06,159936.72,0.0546,120.0,Current,0,0,ACB-BR074
ACB-LN0004505,ACB-C001691,Mortgage,2025-04-22,246528.64,155787.73,0.076,24.0,Current,0,0,ACB-BR016
ACB-LN0004506,ACB-C013315,Auto Loan,2019-05-31,28636.19,23487.63,0.0902,180.0,Current,0,0,ACB-BR058
ACB-LN0004507,ACB-C013693,Auto Loan,2020-06-09,42870.04,8759.86,,24.0,Default,174,1,ACB-BR048
ACB-LN0004508,ACB-C006891,Personal Loan,2025-06-03,8112.03,5393.8,0.24,36.0,Paid Off,0,0,ACB-BR047
ACB-LN0004509,ACB-C012960,Home Equity Loan,2025-06-27,35538.98,34721.41,0.0892,360.0,Current,0,0,ACB-BR043
ACB-LN0004510,ACB-C014403,Personal Loan,2022-07-06,32222.71,29509.03,0.1543,84.0,30-59 DPD,57,0,ACB-BR072
ACB-LN0004511,ACB-C013727,Mortgage,2023-11-03,305073.05,279940.74,0.0818,60.0,Current,0,0,ACB-BR017
ACB-LN0004512,ACB-C010119,Personal Loan,2024-08-02,3236.76,754.53,0.24,240.0,Current,0,0,ACB-BR078
ACB-LN0004513,ACB-C013981,Home Equity Loan,2022-10-22,42596.07,26480.69,0.0862,180.0,60-89 DPD,81,0,ACB-BR038
ACB-LN0004514,ACB-C006895,Small Business Loan,2019-12-03,30234.76,22217.24,0.0824,12.0,Current,0,0,ACB-BR066
ACB-LN0004515,ACB-C002505,Personal Loan,2024-08-14,34921.97,24043.98,0.24,48.0,Current,0,0,ACB-BR073
ACB-LN0004516,ACB-C002452,Mortgage,2022-10-06,258016.29,229646.02,0.0769,360.0,60-89 DPD,89,0,ACB-BR010
ACB-LN0004517,ACB-C011696,Student Loan,2024-06-23,17646.86,12974.99,0.0707,360.0,Current,0,0,ACB-BR004
ACB-LN0004518,ACB-C009336,Auto Loan,2021-06-11,50028.89,11818.3,0.1047,120.0,Current,0,0,ACB-BR029
ACB-LN0004519,ACB-C013668,Personal Loan,2024-07-08,9360.22,1346.68,0.1278,12.0,Current,0,0,ACB-BR030
ACB-LN0004520,ACB-C013229,Personal Loan,2024-04-17,29942.96,15275.9,0.24,240.0,Current,0,0,ACB-BR040
ACB-LN0004521,ACB-C005395,Auto Loan,2022-10-26,33945.74,29523.06,0.16,24.0,Current,0,0,ACB-BR022
ACB-LN0004522,ACB-C014636,Auto Loan,2022-03-26,19740.48,4132.45,0.0882,360.0,60-89 DPD,85,0,ACB-BR018
ACB-LN0004523,ACB-C004831,Student Loan,2025-09-15,79438.77,22998.68,0.1029,48.0,Current,0,0,ACB-BR077
ACB-LN0004524,ACB-C012211,Mortgage,2019-11-14,309828.25,170010.34,0.0497,360.0,Current,0,0,ACB-BR075
ACB-LN0004525,ACB-C003925,Personal Loan,2019-01-02,3050.18,1201.15,0.1844,84.0,Current,0,0,ACB-BR012
ACB-LN0004526,ACB-C012740,Mortgage,2021-02-22,128482.34,53930.61,0.0648,180.0,Current,0,0,ACB-BR051
ACB-LN0004527,ACB-C008747,Mortgage,2024-08-21,529724.39,260584.92,0.0835,84.0,Current,0,0,ACB-BR070
ACB-LN0004528,ACB-C011129,Student Loan,2023-01-26,6491.34,4776.32,0.0909,240.0,Current,0,0,ACB-BR058
ACB-LN0004529,ACB-C002345,Small Business Loan,2022-02-19,41567.32,3816.1,0.1761,48.0,Current,0,0,ACB-BR010
ACB-LN0004530,ACB-C005189,Small Business Loan,2025-01-02,84611.06,76729.61,0.1768,180.0,Current,0,0,ACB-BR002
ACB-LN0004531,ACB-C011077,Personal Loan,2022-11-04,34669.28,28046.93,0.24,60.0,Current,0,0,ACB-BR020
ACB-LN0004532,ACB-C006751,Auto Loan,2021-09-03,42613.58,3384.39,0.0846,180.0,Current,0,0,ACB-BR036
ACB-LN0004533,ACB-C005658,Personal Loan,2020-05-06,13202.71,11103.86,0.1328,36.0,Current,0,0,ACB-BR004
ACB-LN0004534,ACB-C007789,Mortgage,2022-06-04,545323.35,321666.48,0.0948,120.0,Current,0,0,ACB-BR060
ACB-LN0004535,ACB-C010473,Mortgage,2020-09-17,137484.43,34571.87,0.0465,12.0,Current,0,0,ACB-BR004
ACB-LN0004536,ACB-C002568,Auto Loan,2020-06-29,9349.69,5153.52,0.0509,84.0,30-59 DPD,57,0,ACB-BR010
ACB-LN0004537,ACB-C003131,Home Equity Loan,2025-09-19,119410.86,90090.05,0.1223,360.0,Current,0,0,ACB-BR005
ACB-LN0004538,ACB-C010814,Home Equity Loan,2025-07-24,60121.9,19669.18,0.1107,360.0,Current,0,0,ACB-BR004
ACB-LN0004539,ACB-C002299,Auto Loan,2020-09-09,53508.5,34335.48,0.0566,240.0,Current,0,0,ACB-BR033
ACB-LN0004540,ACB-C004027,Personal Loan,2023-08-06,10883.45,7623.74,0.1351,240.0,30-59 DPD,48,0,ACB-BR046
ACB-LN0004541,ACB-C009992,Home Equity Loan,2022-06-29,48719.4,6893.9,0.14,12.0,30-59 DPD,32,0,ACB-BR044
ACB-LN0004542,ACB-C000290,Auto Loan,2020-02-18,53507.31,20461.27,0.0753,240.0,Paid Off,0,0,ACB-BR035
ACB-LN0004543,ACB-C009806,Mortgage,2022-02-15,311926.76,191519.61,0.0547,60.0,Current,0,0,ACB-BR028
ACB-LN0004544,ACB-C007505,Home Equity Loan,2020-08-29,99978.49,66233.9,0.0912,12.0,Current,0,0,ACB-BR028
ACB-LN0004545,ACB-C014358,Mortgage,2024-09-27,475781.68,106896.61,0.095,240.0,Current,0,0,ACB-BR061
ACB-LN0004546,ACB-C011800,Mortgage,2020-02-19,450440.98,160875.7,0.0436,120.0,Default,291,1,ACB-BR066
ACB-LN0004547,ACB-C000582,Auto Loan,2023-10-17,25852.57,10414.88,0.1017,12.0,Current,0,0,ACB-BR073
ACB-LN0004548,ACB-C011616,Mortgage,2019-12-08,199132.09,129283.67,0.0302,24.0,Written Off,0,1,ACB-BR069
ACB-LN0004549,ACB-C005192,Student Loan,2019-01-24,30377.27,12497.03,0.069,240.0,60-89 DPD,72,0,ACB-BR042
ACB-LN0004550,ACB-C012164,Mortgage,2022-05-04,294367.5,187316.5,0.0488,36.0,60-89 DPD,75,0,ACB-BR009
ACB-LN0004551,ACB-C007753,Auto Loan,2022-03-06,36818.54,17746.23,0.0782,36.0,Current,0,0,ACB-BR065
ACB-LN0004552,ACB-C007007,Auto Loan,2025-12-25,28965.85,21153.18,0.1126,60.0,Current,0,0,ACB-BR075
ACB-LN0004553,ACB-C007901,Auto Loan,2023-07-16,19510.54,8338.45,0.127,36.0,Current,0,0,ACB-BR012
ACB-LN0004554,ACB-C001621,Personal Loan,2024-11-15,15716.11,1040.32,0.24,120.0,Current,0,0,ACB-BR080
ACB-LN0004555,ACB-C013872,Mortgage,2024-07-19,167882.9,11660.21,0.0846,180.0,Current,0,0,ACB-BR061
ACB-LN0004556,ACB-C011834,Personal Loan,2024-07-27,12698.22,7257.31,0.1249,36.0,Current,0,0,ACB-BR061
ACB-LN0004557,ACB-C013967,Auto Loan,2024-03-05,20372.08,5750.41,0.1167,48.0,Current,0,0,ACB-BR062
ACB-LN0004558,ACB-C008046,Mortgage,2021-02-24,396415.34,252203.68,0.0472,48.0,Current,0,0,ACB-BR076
ACB-LN0004559,ACB-C014622,Mortgage,2024-09-21,240567.43,54909.17,0.0477,180.0,Current,0,0,ACB-BR046
ACB-LN0004560,ACB-C002638,Student Loan,2023-08-30,74329.38,35615.76,0.0659,84.0,Written Off,0,1,ACB-BR065
ACB-LN0004561,ACB-C002629,Mortgage,2025-12-28,265121.77,211070.06,0.0485,24.0,Current,0,0,ACB-BR038
ACB-LN0004562,ACB-C004245,Home Equity Loan,2021-05-14,111471.17,77034.64,0.0917,12.0,Current,0,0,ACB-BR060
ACB-LN0004563,ACB-C000708,Home Equity Loan,2019-03-16,88466.91,47551.06,0.0602,36.0,Paid Off,0,0,ACB-BR028
ACB-LN0004564,ACB-C000475,Personal Loan,2022-05-14,16888.45,5733.88,0.177,360.0,Current,0,0,ACB-BR017
ACB-LN0004565,ACB-C013141,Student Loan,2019-12-01,72387.61,8357.57,0.0786,48.0,Current,0,0,ACB-BR075
ACB-LN0004566,ACB-C009273,Personal Loan,2025-04-21,29075.18,26997.22,0.1929,60.0,Current,0,0,ACB-BR021
ACB-LN0004567,ACB-C001531,Mortgage,2019-03-09,218616.54,101893.34,0.048,36.0,Current,0,0,ACB-BR001
ACB-LN0004568,ACB-C009442,Personal Loan,2022-10-19,16319.16,13090.12,0.1307,12.0,Current,0,0,ACB-BR069
ACB-LN0004569,ACB-C005325,Personal Loan,2023-11-11,19325.93,17591.24,0.24,240.0,Paid Off,0,0,ACB-BR075
ACB-LN0004570,ACB-C003380,Personal Loan,2022-07-05,23684.65,10560.82,0.24,84.0,Current,0,0,ACB-BR055
ACB-LN0004571,ACB-C010324,Personal Loan,2024-07-07,11922.55,10438.78,0.1765,48.0,Current,0,0,ACB-BR044
ACB-LN0004572,ACB-C013272,Auto Loan,2022-07-20,32342.07,27523.47,0.1258,240.0,Current,0,0,ACB-BR067
ACB-LN0004573,ACB-C000921,Personal Loan,2026-03-24,17591.75,16827.11,0.24,84.0,Current,0,0,ACB-BR073
ACB-LN0004574,ACB-C011352,Personal Loan,2023-06-06,28405.33,13000.06,0.1253,180.0,Current,0,0,ACB-BR070
ACB-LN0004575,ACB-C014496,Mortgage,2020-12-15,149535.01,142281.1,0.0711,12.0,Paid Off,0,0,ACB-BR041
ACB-LN0004576,ACB-C000758,Student Loan,2025-07-20,77514.2,26445.41,0.1068,240.0,Current,0,0,ACB-BR079
ACB-LN0004577,ACB-C006098,Auto Loan,2020-05-08,43413.93,33654.79,0.085,48.0,Current,0,0,ACB-BR035
ACB-LN0004578,ACB-C007141,Auto Loan,2019-09-11,42036.36,41098.99,0.1143,360.0,Current,0,0,ACB-BR079
ACB-LN0004579,ACB-C003839,Mortgage,2022-01-02,289701.61,240353.82,0.0717,240.0,Current,0,0,ACB-BR070
ACB-LN0004580,ACB-C000419,Home Equity Loan,2024-12-14,73155.31,7086.46,0.14,180.0,Default,226,1,ACB-BR051
ACB-LN0004581,ACB-C008702,Small Business Loan,2021-01-09,141505.37,111675.17,0.1276,36.0,Default,333,1,ACB-BR065
ACB-LN0004582,ACB-C003457,Small Business Loan,2019-04-16,144863.75,51443.65,0.0689,12.0,Current,0,0,ACB-BR077
ACB-LN0004583,ACB-C013833,Personal Loan,2019-04-06,18507.49,7955.51,0.1804,48.0,Paid Off,0,0,ACB-BR075
ACB-LN0004584,ACB-C003329,Home Equity Loan,2019-10-23,59943.95,18383.6,0.1127,120.0,30-59 DPD,57,0,ACB-BR002
ACB-LN0004585,ACB-C008015,Small Business Loan,2024-08-04,205923.5,11421.39,0.1645,360.0,Current,0,0,ACB-BR002
ACB-LN0004586,ACB-C007072,Personal Loan,2023-06-10,7461.57,936.9,0.24,360.0,Current,0,0,ACB-BR035
ACB-LN0004587,ACB-C012631,Auto Loan,2023-04-03,49212.9,15706.95,0.16,36.0,30-59 DPD,37,0,ACB-BR073
ACB-LN0004588,ACB-C003920,Personal Loan,2024-12-08,29957.23,14003.83,0.1902,60.0,60-89 DPD,67,0,ACB-BR080
ACB-LN0004589,ACB-C005339,Mortgage,2020-12-08,239909.09,171678.98,0.0328,180.0,Current,0,0,ACB-BR003
ACB-LN0004590,ACB-C003850,Personal Loan,2022-06-30,4918.29,3454.89,0.1265,180.0,Current,0,0,ACB-BR026
ACB-LN0004591,ACB-C003765,Personal Loan,2019-09-19,8095.6,5280.67,0.1119,360.0,Current,0,0,ACB-BR034
ACB-LN0004592,ACB-C013502,Student Loan,2023-09-19,21439.44,2191.13,0.0616,360.0,Current,0,0,ACB-BR036
ACB-LN0004593,ACB-C009811,Mortgage,2024-01-29,549625.03,471378.04,0.0423,120.0,Paid Off,0,0,ACB-BR044
ACB-LN0004594,ACB-C009752,Auto Loan,2024-05-18,25544.1,18317.63,0.1522,240.0,Current,0,0,ACB-BR010
ACB-LN0004595,ACB-C011855,Personal Loan,2020-10-20,2535.1,726.74,0.1303,12.0,30-59 DPD,43,0,ACB-BR048
ACB-LN0004596,ACB-C012239,Auto Loan,2024-09-23,36100.66,22583.93,0.0983,360.0,Current,0,0,ACB-BR047
ACB-LN0004597,ACB-C003981,Home Equity Loan,2020-12-30,85135.5,23055.87,0.1001,12.0,Paid Off,0,0,ACB-BR080
ACB-LN0004598,ACB-C010553,Student Loan,2019-06-15,24331.13,2010.77,0.0537,60.0,Current,0,0,ACB-BR059
ACB-LN0004599,ACB-C004060,Auto Loan,2022-02-07,54825.93,40376.07,0.1076,360.0,Current,0,0,ACB-BR059
ACB-LN0004600,ACB-C004551,Auto Loan,2021-04-28,9696.78,1470.04,0.127,36.0,Current,0,0,ACB-BR043
ACB-LN0004601,ACB-C004884,Mortgage,2023-12-11,502258.0,77115.07,0.0831,180.0,Current,0,0,ACB-BR035
ACB-LN0004602,ACB-C000307,Personal Loan,2021-07-08,16850.39,6009.85,0.1893,180.0,Current,0,0,ACB-BR034
ACB-LN0004603,ACB-C009547,Mortgage,2022-09-06,367295.83,352107.62,0.0875,12.0,Current,0,0,ACB-BR045
ACB-LN0004604,ACB-C002508,Student Loan,2023-05-19,25345.55,11239.69,0.066,60.0,90+ DPD,135,1,ACB-BR008
ACB-LN0004605,ACB-C006077,Home Equity Loan,2021-12-11,49484.33,44485.87,0.0869,360.0,60-89 DPD,63,0,ACB-BR045
ACB-LN0004606,ACB-C010013,Mortgage,2023-05-19,169438.47,50067.58,0.0937,24.0,Current,0,0,ACB-BR047
ACB-LN0004607,ACB-C000990,Mortgage,2020-02-29,607114.95,570745.42,0.0379,240.0,Current,0,0,ACB-BR048
ACB-LN0004608,ACB-C007744,Mortgage,2022-01-08,122488.66,24790.24,0.069,84.0,Current,0,0,ACB-BR005
ACB-LN0004609,ACB-C012943,Personal Loan,2026-03-17,26236.2,23400.34,0.24,36.0,Current,0,0,ACB-BR021
ACB-LN0004610,ACB-C008100,Personal Loan,2022-07-28,34133.42,15851.32,0.1536,360.0,Paid Off,0,0,ACB-BR064
ACB-LN0004611,ACB-C002543,Mortgage,2020-06-30,132464.12,113591.41,0.0732,120.0,Current,0,0,ACB-BR014
ACB-LN0004612,ACB-C011195,Auto Loan,2020-05-02,13417.8,8383.34,0.1117,24.0,Current,0,0,ACB-BR019
ACB-LN0004613,ACB-C008540,Auto Loan,2020-11-17,51106.22,37901.56,0.1007,180.0,Current,0,0,ACB-BR063
ACB-LN0004614,ACB-C010004,Auto Loan,2021-02-28,43146.11,17858.04,0.0549,24.0,Current,0,0,ACB-BR064
ACB-LN0004615,ACB-C002300,Mortgage,2019-12-21,527320.77,375050.5,0.0522,24.0,30-59 DPD,31,0,ACB-BR039
ACB-LN0004616,ACB-C001571,Student Loan,2024-12-28,62080.44,43207.5,0.1076,360.0,Paid Off,0,0,ACB-BR051
ACB-LN0004617,ACB-C006558,Small Business Loan,2019-06-13,65681.18,20746.76,0.1778,240.0,30-59 DPD,52,0,ACB-BR063
ACB-LN0004618,ACB-C003146,Home Equity Loan,2024-10-03,60830.82,57070.64,0.1119,12.0,Current,0,0,ACB-BR068
ACB-LN0004619,ACB-C013895,Mortgage,2022-09-09,284445.08,137924.55,0.0767,48.0,Current,0,0,ACB-BR055
ACB-LN0004620,ACB-C013799,Mortgage,2021-12-22,628598.73,507278.73,0.0378,24.0,Current,0,0,ACB-BR013
ACB-LN0004621,ACB-C000855,Auto Loan,2019-10-12,39334.79,32627.65,0.1059,48.0,Current,0,0,ACB-BR015
ACB-LN0004622,ACB-C008942,Mortgage,2024-04-22,248786.35,73500.12,0.0835,48.0,Current,0,0,ACB-BR042
ACB-LN0004623,ACB-C005069,Home Equity Loan,2025-03-05,50399.74,26454.95,0.0822,48.0,90+ DPD,103,1,ACB-BR032
ACB-LN0004624,ACB-C002042,Auto Loan,2023-12-31,23518.85,14192.0,0.1536,12.0,Current,0,0,ACB-BR070
ACB-LN0004625,ACB-C011530,Small Business Loan,2020-02-06,217758.51,95526.13,0.0917,36.0,Current,0,0,ACB-BR068
ACB-LN0004626,ACB-C008556,Small Business Loan,2019-09-03,188655.24,55082.78,0.1748,84.0,Current,0,0,ACB-BR023
ACB-LN0004627,ACB-C000404,Auto Loan,2026-03-26,44859.8,22990.19,0.102,60.0,Current,0,0,ACB-BR019
ACB-LN0004628,ACB-C003509,Mortgage,2023-03-29,354187.87,101936.97,0.0702,180.0,Paid Off,0,0,ACB-BR038
ACB-LN0004629,ACB-C009680,Auto Loan,2019-04-23,8288.44,1699.7,0.0523,180.0,Current,0,0,ACB-BR011
ACB-LN0004630,ACB-C011301,Auto Loan,2022-05-15,18243.53,13337.48,0.0789,36.0,Current,0,0,ACB-BR061
ACB-LN0004631,ACB-C011765,Personal Loan,2025-02-13,15278.47,10176.4,0.24,12.0,Current,0,0,ACB-BR076
ACB-LN0004632,ACB-C001830,Auto Loan,2024-04-29,49346.68,41472.51,0.0809,360.0,Current,0,0,ACB-BR016
ACB-LN0004633,ACB-C004411,Personal Loan,2023-06-17,9753.38,7552.33,0.167,240.0,Current,0,0,ACB-BR061
ACB-LN0004634,ACB-C004083,Personal Loan,2020-05-06,12932.76,2665.99,0.1959,360.0,Default,187,1,ACB-BR019
ACB-LN0004635,ACB-C006809,Small Business Loan,2021-02-06,229643.13,143857.64,0.0783,240.0,Current,0,0,ACB-BR018
ACB-LN0004636,ACB-C002158,Auto Loan,2020-01-09,45373.29,15298.08,0.1043,120.0,Current,0,0,ACB-BR075
ACB-LN0004637,ACB-C005909,Auto Loan,2019-06-24,39841.28,28938.74,0.1023,60.0,30-59 DPD,39,0,ACB-BR028
ACB-LN0004638,ACB-C003555,Personal Loan,2025-09-20,19658.11,15767.07,0.24,240.0,Current,0,0,ACB-BR009
ACB-LN0004639,ACB-C004344,Mortgage,2025-11-27,367976.05,76973.51,0.0543,48.0,Current,0,0,ACB-BR016
ACB-LN0004640,ACB-C001402,Personal Loan,2022-11-07,22419.91,14804.34,0.24,36.0,Current,0,0,ACB-BR074
ACB-LN0004641,ACB-C006867,Student Loan,2020-12-01,58986.86,15159.87,0.055,60.0,Default,327,1,ACB-BR065
ACB-LN0004642,ACB-C003837,Auto Loan,2020-06-19,39493.17,13125.26,0.1339,48.0,Current,0,0,ACB-BR068
ACB-LN0004643,ACB-C008567,Mortgage,2025-08-19,531402.72,181231.43,,48.0,Current,0,0,ACB-BR037
ACB-LN0004644,ACB-C010549,Student Loan,2023-10-23,5288.93,2426.98,0.0976,24.0,Paid Off,0,0,ACB-BR042
ACB-LN0004645,ACB-C000238,Mortgage,2019-10-22,359725.55,322072.55,0.0489,24.0,30-59 DPD,52,0,ACB-BR035
ACB-LN0004646,ACB-C012386,Mortgage,2021-08-11,265821.89,155020.58,0.0527,120.0,Current,0,0,ACB-BR034
ACB-LN0004647,ACB-C005773,Personal Loan,2024-04-02,8300.19,1630.55,0.1876,120.0,Current,0,0,ACB-BR076
ACB-LN0004648,ACB-C008865,Student Loan,2020-10-04,60443.4,16021.06,0.0672,12.0,Current,0,0,ACB-BR031
ACB-LN0004649,ACB-C006974,Small Business Loan,2022-03-12,108020.27,94725.32,0.1635,360.0,Current,0,0,ACB-BR017
ACB-LN0004650,ACB-C010051,Personal Loan,2022-09-13,6971.2,2639.48,0.1706,360.0,Current,0,0,ACB-BR070
ACB-LN0004651,ACB-C009862,Student Loan,2025-10-01,18827.9,8169.73,0.1096,120.0,Current,0,0,ACB-BR020
ACB-LN0004652,ACB-C002603,Auto Loan,2021-05-01,15670.24,14008.5,0.1331,84.0,Current,0,0,ACB-BR058
ACB-LN0004653,ACB-C014818,Mortgage,2019-10-22,128363.07,88478.08,0.038,120.0,Current,0,0,ACB-BR008
ACB-LN0004654,ACB-C005337,Home Equity Loan,2019-08-09,43777.78,30744.12,0.0769,60.0,Current,0,0,ACB-BR001
ACB-LN0004655,ACB-C000646,Mortgage,2025-07-01,292541.04,251430.21,0.056,48.0,90+ DPD,171,1,ACB-BR054
ACB-LN0004656,ACB-C006387,Mortgage,2019-05-21,511126.33,482210.07,0.0564,12.0,Current,0,0,ACB-BR019
ACB-LN0004657,ACB-C003490,Auto Loan,2022-05-28,45176.38,33189.17,0.0518,48.0,Paid Off,0,0,ACB-BR043
ACB-LN0004658,ACB-C003088,Mortgage,2024-10-31,204976.48,129607.5,0.0474,360.0,Current,0,0,ACB-BR029
ACB-LN0004659,ACB-C008484,Personal Loan,2024-05-11,5554.24,940.67,0.121,24.0,Current,0,0,ACB-BR037
ACB-LN0004660,ACB-C012514,Home Equity Loan,2022-08-17,79410.54,36551.0,0.1077,48.0,Current,0,0,ACB-BR023
ACB-LN0004661,ACB-C013746,Personal Loan,2025-02-25,18047.42,2646.19,0.131,12.0,Paid Off,0,0,ACB-BR011
ACB-LN0004662,ACB-C013448,Small Business Loan,2022-05-15,216762.14,86549.44,0.1358,24.0,Current,0,0,ACB-BR069
ACB-LN0004663,ACB-C009780,Student Loan,2019-04-19,56217.08,25905.6,0.0558,240.0,Current,0,0,ACB-BR059
ACB-LN0004664,ACB-C013054,Personal Loan,2024-03-13,22356.61,18719.81,0.1925,120.0,Current,0,0,ACB-BR080
ACB-LN0004665,ACB-C013390,Student Loan,2019-04-10,22901.69,4615.77,0.0676,24.0,Paid Off,0,0,ACB-BR007
ACB-LN0004666,ACB-C001268,Personal Loan,2021-02-03,18452.72,5066.59,0.2035,24.0,Current,0,0,ACB-BR038
ACB-LN0004667,ACB-C001980,Auto Loan,2024-12-05,27789.8,12419.41,0.0944,120.0,Current,0,0,ACB-BR075
ACB-LN0004668,ACB-C000802,Small Business Loan,2025-03-13,141065.6,58606.48,0.1201,84.0,Current,0,0,ACB-BR067
ACB-LN0004669,ACB-C004966,Personal Loan,2026-02-12,17123.86,1588.2,0.2077,120.0,Current,0,0,ACB-BR069
ACB-LN0004670,ACB-C002474,Student Loan,2025-10-27,53330.62,40874.85,0.0755,84.0,Written Off,0,1,ACB-BR043
ACB-LN0004671,ACB-C009804,Mortgage,2021-03-10,400912.06,52845.69,0.0679,24.0,Current,0,0,ACB-BR011
ACB-LN0004672,ACB-C010244,Student Loan,2019-02-01,7260.31,6012.68,0.0678,84.0,Current,0,0,ACB-BR074
ACB-LN0004673,ACB-C002614,Personal Loan,2024-05-28,30196.86,27205.2,0.114,180.0,Current,0,0,ACB-BR080
ACB-LN0004674,ACB-C001058,Student Loan,2024-11-22,53315.48,50501.57,0.0565,180.0,Current,0,0,ACB-BR046
ACB-LN0004675,ACB-C002534,Auto Loan,2019-05-22,40412.64,20220.7,0.1364,120.0,Current,0,0,ACB-BR013
ACB-LN0004676,ACB-C012100,Mortgage,2021-12-30,157443.7,110910.29,0.0367,180.0,Written Off,0,1,ACB-BR074
ACB-LN0004677,ACB-C005622,Auto Loan,2026-01-20,34767.19,27071.87,0.16,360.0,Current,0,0,ACB-BR056
ACB-LN0004678,ACB-C001493,Auto Loan,2020-11-15,53692.0,24705.7,0.0922,60.0,Current,0,0,ACB-BR018
ACB-LN0004679,ACB-C012919,Mortgage,2023-06-21,273632.01,95144.05,0.095,360.0,30-59 DPD,34,0,ACB-BR011
ACB-LN0004680,ACB-C002218,Personal Loan,2023-02-10,21015.24,18470.81,0.1858,12.0,Current,0,0,ACB-BR042
ACB-LN0004681,ACB-C001559,Mortgage,2019-12-31,527458.08,487013.92,0.055,240.0,Current,0,0,ACB-BR012
ACB-LN0004682,ACB-C000626,Small Business Loan,2019-01-07,177204.23,105886.2,0.0694,48.0,Current,0,0,ACB-BR051
ACB-LN0004683,ACB-C008332,Mortgage,2023-12-30,379472.43,51981.26,,12.0,Paid Off,0,0,ACB-BR058
ACB-LN0004684,ACB-C011361,Auto Loan,2019-02-20,54727.59,16137.55,0.0822,84.0,Paid Off,0,0,ACB-BR078
ACB-LN0004685,ACB-C006926,Small Business Loan,2022-12-07,194857.93,153287.15,0.1228,24.0,Current,0,0,ACB-BR063
ACB-LN0004686,ACB-C008341,Mortgage,2026-01-05,573195.19,74472.84,0.0843,36.0,Current,0,0,ACB-BR020
ACB-LN0004687,ACB-C013625,Mortgage,2021-10-23,601947.88,545808.73,0.0558,12.0,Current,0,0,ACB-BR031
ACB-LN0004688,ACB-C009540,Student Loan,2024-07-20,64044.84,33105.44,0.0616,180.0,Current,0,0,ACB-BR044
ACB-LN0004689,ACB-C002615,Personal Loan,2026-01-04,8887.68,3700.88,0.1848,60.0,Current,0,0,ACB-BR051
ACB-LN0004690,ACB-C011774,Mortgage,2021-01-08,457570.06,117648.62,0.0375,84.0,Current,0,0,ACB-BR072
ACB-LN0004691,ACB-C007504,Personal Loan,2024-09-10,3428.92,2076.58,,60.0,90+ DPD,158,1,ACB-BR021
ACB-LN0004692,ACB-C005698,Mortgage,2019-11-04,589844.85,337467.38,0.0422,48.0,Current,0,0,ACB-BR023
ACB-LN0004693,ACB-C000002,Auto Loan,2024-05-06,35348.83,10113.84,0.16,360.0,Current,0,0,ACB-BR039
ACB-LN0004694,ACB-C010235,Mortgage,2026-03-05,452451.25,315855.82,0.0786,36.0,Current,0,0,ACB-BR047
ACB-LN0004695,ACB-C007142,Small Business Loan,2023-06-20,150557.27,70460.97,0.1792,240.0,60-89 DPD,70,0,ACB-BR070
ACB-LN0004696,ACB-C009565,Mortgage,2020-02-20,629549.83,305153.32,0.0702,180.0,Current,0,0,ACB-BR056
ACB-LN0004697,ACB-C011251,Auto Loan,2025-04-19,8735.06,6671.56,0.0819,60.0,Current,0,0,ACB-BR068
ACB-LN0004698,ACB-C011976,Auto Loan,2025-12-26,9816.6,8007.62,0.16,84.0,Current,0,0,ACB-BR032
ACB-LN0004699,ACB-C006721,Personal Loan,2022-12-02,12663.59,8135.07,0.1634,180.0,Current,0,0,ACB-BR007
ACB-LN0004700,ACB-C001313,Mortgage,2024-08-18,324219.1,65491.31,0.0435,360.0,30-59 DPD,39,0,ACB-BR075
ACB-LN0004701,ACB-C002097,Personal Loan,2021-08-26,10912.74,1569.31,,36.0,30-59 DPD,31,0,ACB-BR064
ACB-LN0004702,ACB-C010256,Auto Loan,2025-11-26,28169.93,10561.94,0.0755,60.0,60-89 DPD,63,0,ACB-BR029
ACB-LN0004703,ACB-C013609,Personal Loan,2022-12-24,31767.24,6446.71,0.24,120.0,Current,0,0,ACB-BR075
ACB-LN0004704,ACB-C008713,Mortgage,2020-02-06,601588.93,495111.9,0.0333,48.0,Current,0,0,ACB-BR011
ACB-LN0004705,ACB-C000876,Home Equity Loan,2024-09-10,113045.97,6187.14,0.1071,180.0,Current,0,0,ACB-BR002
ACB-LN0004706,ACB-C004323,Auto Loan,2019-08-27,48260.1,32622.27,0.1123,12.0,Current,0,0,ACB-BR068
ACB-LN0004707,ACB-C011496,Home Equity Loan,2020-10-23,100185.47,46734.15,0.1048,180.0,30-59 DPD,41,0,ACB-BR008
ACB-LN0004708,ACB-C004706,Auto Loan,2024-02-23,28708.73,24494.81,0.16,240.0,Current,0,0,ACB-BR037
ACB-LN0004709,ACB-C002865,Personal Loan,2025-09-12,23927.53,8552.83,0.1901,12.0,Current,0,0,ACB-BR061
ACB-LN0004710,ACB-C010510,Auto Loan,2024-03-30,16503.18,11769.8,0.081,180.0,Current,0,0,ACB-BR067
ACB-LN0004711,ACB-C004632,Home Equity Loan,2023-12-19,79536.88,22495.01,0.0948,240.0,Current,0,0,ACB-BR059
ACB-LN0004712,ACB-C012381,Small Business Loan,2020-11-30,125871.91,12749.88,0.1125,360.0,Current,0,0,ACB-BR033
ACB-LN0004713,ACB-C006606,Small Business Loan,2023-06-28,70763.66,28432.13,0.0958,12.0,Current,0,0,ACB-BR009
ACB-LN0004714,ACB-C009988,Mortgage,2023-10-12,291234.03,173843.03,0.0661,84.0,Current,0,0,ACB-BR074
ACB-LN0004715,ACB-C000109,Small Business Loan,2021-04-15,127694.64,123946.01,0.1768,12.0,Default,338,1,ACB-BR054
ACB-LN0004716,ACB-C010399,Personal Loan,2024-12-09,7627.71,4250.49,0.2258,240.0,Current,0,0,ACB-BR079
ACB-LN0004717,ACB-C003906,Auto Loan,2021-12-24,39356.89,28422.39,0.1396,48.0,Current,0,0,ACB-BR058
ACB-LN0004718,ACB-C013566,Personal Loan,2020-02-08,22505.74,1416.02,0.1888,180.0,60-89 DPD,88,0,ACB-BR036
ACB-LN0004719,ACB-C000622,Personal Loan,2023-12-15,10478.07,8223.83,0.1455,24.0,Current,0,0,ACB-BR078
ACB-LN0004720,ACB-C005400,Mortgage,2019-02-05,331278.32,156451.29,0.0617,60.0,Current,0,0,ACB-BR040
ACB-LN0004721,ACB-C012405,Personal Loan,2021-01-23,11924.72,6620.74,0.1491,180.0,Current,0,0,ACB-BR066
ACB-LN0004722,ACB-C006128,Mortgage,2021-07-14,615500.8,563573.08,0.0631,24.0,90+ DPD,166,1,ACB-BR050
ACB-LN0004723,ACB-C010441,Auto Loan,2024-05-19,34240.79,31293.12,0.0686,48.0,30-59 DPD,46,0,ACB-BR021
ACB-LN0004724,ACB-C003184,Mortgage,2023-06-01,306104.55,144613.26,0.0878,36.0,Default,192,1,ACB-BR016
ACB-LN0004725,ACB-C006575,Home Equity Loan,2025-11-20,48071.35,4763.12,0.14,60.0,Default,153,1,ACB-BR020
ACB-LN0004726,ACB-C001283,Mortgage,2025-07-06,178082.88,87073.57,0.0832,24.0,Current,0,0,ACB-BR020
ACB-LN0004727,ACB-C011606,Personal Loan,2025-05-20,33004.41,7257.52,0.24,180.0,Current,0,0,ACB-BR019
ACB-LN0004728,ACB-C007063,Auto Loan,2022-07-30,8365.97,5193.38,0.0771,84.0,Current,0,0,ACB-BR044
ACB-LN0004729,ACB-C014647,Personal Loan,2024-09-05,28153.98,21042.39,0.24,84.0,Current,0,0,ACB-BR015
ACB-LN0004730,ACB-C014081,Home Equity Loan,2025-01-18,38539.05,13514.57,0.0837,36.0,Paid Off,0,0,ACB-BR017
ACB-LN0004731,ACB-C003862,Personal Loan,2025-02-26,29132.42,3604.64,0.1287,180.0,Current,0,0,ACB-BR064
ACB-LN0004732,ACB-C001167,Personal Loan,2023-11-22,6813.03,6060.49,0.24,120.0,Current,0,0,ACB-BR017
ACB-LN0004733,ACB-C010338,Auto Loan,2024-01-11,34866.73,2476.15,0.16,60.0,60-89 DPD,85,0,ACB-BR021
ACB-LN0004734,ACB-C014167,Mortgage,2023-11-02,485033.62,45255.29,0.0422,36.0,Current,0,0,ACB-BR027
ACB-LN0004735,ACB-C001721,Student Loan,2019-01-07,42970.3,2333.14,0.0711,,Current,0,0,ACB-BR005
ACB-LN0004736,ACB-C013799,Home Equity Loan,2020-03-07,87295.96,39339.35,0.0555,180.0,Current,0,0,ACB-BR068
ACB-LN0004737,ACB-C009036,Small Business Loan,2024-05-29,233000.97,172103.75,0.2,84.0,Current,0,0,ACB-BR030
ACB-LN0004738,ACB-C008483,Home Equity Loan,2021-07-24,88282.27,86257.09,0.1059,360.0,Current,0,0,ACB-BR009
ACB-LN0004739,ACB-C014415,Small Business Loan,2020-12-14,111834.77,87046.24,0.1091,360.0,90+ DPD,110,1,ACB-BR038
ACB-LN0004740,ACB-C009068,Auto Loan,2019-04-13,50580.22,7810.91,0.0466,84.0,Current,0,0,ACB-BR019
ACB-LN0004741,ACB-C002427,Mortgage,2025-01-25,133461.97,46035.94,0.0875,36.0,60-89 DPD,63,0,ACB-BR022
ACB-LN0004742,ACB-C000753,Mortgage,2020-11-05,185775.57,20647.63,0.0372,36.0,Current,0,0,ACB-BR005
ACB-LN0004743,ACB-C009148,Mortgage,2023-02-20,309217.43,81394.62,0.042,60.0,Current,0,0,ACB-BR050
ACB-LN0004744,ACB-C000103,Small Business Loan,2025-07-12,32700.41,8763.76,0.1705,24.0,Current,0,0,ACB-BR014
ACB-LN0004745,ACB-C010954,Auto Loan,2025-07-10,20608.64,17350.74,0.111,24.0,Current,0,0,ACB-BR016
ACB-LN0004746,ACB-C001822,Personal Loan,2020-11-26,5287.15,1588.84,0.2116,180.0,Current,0,0,ACB-BR060
ACB-LN0004747,ACB-C008013,Mortgage,2024-05-30,416714.18,406274.23,0.044,48.0,Current,0,0,ACB-BR080
ACB-LN0004748,ACB-C010474,Mortgage,2023-10-29,350823.68,312480.29,0.0615,36.0,Current,0,0,ACB-BR060
ACB-LN0004749,ACB-C005811,Mortgage,2024-06-05,594485.41,319144.25,0.0713,180.0,Current,0,0,ACB-BR070
ACB-LN0004750,ACB-C003602,Auto Loan,2024-07-08,44790.24,25595.66,0.16,180.0,Current,0,0,ACB-BR034
ACB-LN0004751,ACB-C011400,Mortgage,2023-12-15,400430.44,20258.77,0.0708,120.0,Current,0,0,ACB-BR005
ACB-LN0004752,ACB-C007893,Mortgage,2021-12-29,600528.62,260701.76,0.0455,240.0,Current,0,0,ACB-BR042
ACB-LN0004753,ACB-C008853,Small Business Loan,2019-07-30,233868.46,83620.54,0.1106,180.0,Paid Off,0,0,ACB-BR060
ACB-LN0004754,ACB-C011867,Personal Loan,2021-07-28,5367.67,3713.72,0.1304,360.0,Current,0,0,ACB-BR050
ACB-LN0004755,ACB-C014302,Personal Loan,2023-11-13,13810.98,8076.08,0.24,180.0,Current,0,0,ACB-BR059
ACB-LN0004756,ACB-C002879,Auto Loan,2021-02-19,17544.22,9825.6,0.0525,36.0,Current,0,0,ACB-BR073
ACB-LN0004757,ACB-C014775,Home Equity Loan,2025-06-16,65504.47,49611.48,0.1104,240.0,Paid Off,0,0,ACB-BR035
ACB-LN0004758,ACB-C009480,Home Equity Loan,2019-07-08,45248.93,24217.85,0.0672,48.0,Current,0,0,ACB-BR008
ACB-LN0004759,ACB-C010024,Auto Loan,2025-09-30,29838.04,25707.78,0.16,48.0,Current,0,0,ACB-BR070
ACB-LN0004760,ACB-C000386,Personal Loan,2022-10-13,10153.41,1465.31,0.2085,120.0,Current,0,0,ACB-BR077
ACB-LN0004761,ACB-C000231,Mortgage,2021-07-11,385450.33,162400.63,0.0669,240.0,Current,0,0,ACB-BR074
ACB-LN0004762,ACB-C009732,Auto Loan,2021-02-04,25833.01,21006.17,0.1207,24.0,30-59 DPD,42,0,ACB-BR010
ACB-LN0004763,ACB-C002694,Personal Loan,2023-08-25,4258.08,4111.18,0.24,84.0,Current,0,0,ACB-BR050
ACB-LN0004764,ACB-C000052,Mortgage,2020-03-17,592044.95,281841.42,0.0443,36.0,Current,0,0,ACB-BR033
ACB-LN0004765,ACB-C002092,Mortgage,2021-05-14,295599.98,143337.87,0.0578,12.0,Current,0,0,ACB-BR033
ACB-LN0004766,ACB-C008253,Student Loan,2020-07-09,58920.78,36264.61,0.0506,60.0,Current,0,0,ACB-BR025
ACB-LN0004767,ACB-C009348,Personal Loan,2024-12-18,13841.04,6779.15,0.1713,240.0,Current,0,0,ACB-BR074
ACB-LN0004768,ACB-C001551,Auto Loan,2021-07-27,26474.44,17963.15,0.0986,120.0,30-59 DPD,58,0,ACB-BR013
ACB-LN0004769,ACB-C014765,Auto Loan,2020-06-07,48223.19,29579.8,0.0863,60.0,Current,0,0,ACB-BR067
ACB-LN0004770,ACB-C011195,Student Loan,2020-08-25,21034.68,3137.75,0.0408,180.0,Written Off,0,1,ACB-BR059
ACB-LN0004771,ACB-C006068,Personal Loan,2019-03-14,15207.24,14671.69,0.1501,12.0,Paid Off,0,0,ACB-BR025
ACB-LN0004772,ACB-C008093,Home Equity Loan,2019-01-30,28967.0,2180.3,0.0787,240.0,Current,0,0,ACB-BR060
ACB-LN0004773,ACB-C004863,Mortgage,2022-04-19,406351.88,64274.98,0.0663,60.0,Current,0,0,ACB-BR072
ACB-LN0004774,ACB-C009573,Auto Loan,2025-10-11,49040.46,12983.25,0.1214,12.0,30-59 DPD,58,0,ACB-BR020
ACB-LN0004775,ACB-C014271,Student Loan,2020-09-14,34187.93,33357.17,0.0739,84.0,Current,0,0,ACB-BR002
ACB-LN0004776,ACB-C007469,Auto Loan,2023-08-28,39424.72,14907.83,0.16,48.0,90+ DPD,152,1,ACB-BR044
ACB-LN0004777,ACB-C006333,Personal Loan,2025-07-12,23291.8,22404.7,0.1977,36.0,Current,0,0,ACB-BR033
ACB-LN0004778,ACB-C006102,Personal Loan,2025-07-19,14639.23,8880.05,0.1868,60.0,Current,0,0,ACB-BR026
ACB-LN0004779,ACB-C003193,Home Equity Loan,2025-06-08,43599.94,18401.02,0.0948,48.0,Current,0,0,ACB-BR009
ACB-LN0004780,ACB-C008019,Auto Loan,2021-08-12,41067.23,35947.81,0.1046,36.0,Current,0,0,ACB-BR030
ACB-LN0004781,ACB-C005543,Auto Loan,2025-01-16,30563.95,8748.24,0.0889,48.0,Current,0,0,ACB-BR067
ACB-LN0004782,ACB-C010922,Mortgage,2022-01-31,388526.05,92980.78,0.0332,360.0,Current,0,0,ACB-BR006
ACB-LN0004783,ACB-C003883,Home Equity Loan,2025-01-09,36681.15,13438.81,0.1038,180.0,Current,0,0,ACB-BR022
ACB-LN0004784,ACB-C005956,Mortgage,2021-08-06,495331.7,116687.62,0.0589,120.0,Current,0,0,ACB-BR030
ACB-LN0004785,ACB-C005267,Mortgage,2025-01-15,292809.16,56310.18,0.0876,360.0,30-59 DPD,39,0,ACB-BR059
ACB-LN0004786,ACB-C010488,Small Business Loan,2022-04-08,158704.81,46098.09,0.089,84.0,Current,0,0,ACB-BR001
ACB-LN0004787,ACB-C006540,Personal Loan,2020-02-15,16867.54,8914.34,0.1273,360.0,60-89 DPD,67,0,ACB-BR028
ACB-LN0004788,ACB-C009956,Personal Loan,2023-04-21,32455.84,12094.04,0.2332,12.0,Current,0,0,ACB-BR050
ACB-LN0004789,ACB-C013276,Auto Loan,2019-01-07,10298.65,8026.69,0.0876,60.0,Current,0,0,ACB-BR063
ACB-LN0004790,ACB-C010468,Auto Loan,2020-08-05,24895.13,4892.97,0.0622,12.0,Current,0,0,ACB-BR061
ACB-LN0004791,ACB-C008181,Mortgage,2022-08-25,540066.3,203009.42,0.0592,84.0,Current,0,0,ACB-BR056
ACB-LN0004792,ACB-C009276,Mortgage,2022-08-15,407793.35,201267.04,0.095,12.0,Current,0,0,ACB-BR075
ACB-LN0004793,ACB-C004437,Personal Loan,2021-03-17,32955.14,17129.28,0.1687,120.0,Current,0,0,ACB-BR002
ACB-LN0004794,ACB-C011248,Auto Loan,2025-02-15,35562.02,8531.67,0.1408,240.0,Current,0,0,ACB-BR067
ACB-LN0004795,ACB-C009349,Auto Loan,2024-09-10,33677.15,28698.25,0.1329,48.0,Current,0,0,ACB-BR005
ACB-LN0004796,ACB-C000503,Mortgage,2025-03-05,349977.3,119069.67,0.095,84.0,Current,0,0,ACB-BR028
ACB-LN0004797,ACB-C012762,Mortgage,2022-11-30,618701.37,162218.47,0.095,36.0,Default,148,1,ACB-BR047
ACB-LN0004798,ACB-C011376,Mortgage,2021-07-21,153105.38,62298.07,,60.0,Paid Off,0,0,ACB-BR064
ACB-LN0004799,ACB-C001155,Mortgage,2022-05-23,512142.12,344275.06,0.0414,360.0,Current,0,0,ACB-BR067
ACB-LN0004800,ACB-C001617,Student Loan,2023-03-19,70685.59,36635.34,0.1035,60.0,Current,0,0,ACB-BR045
ACB-LN0004801,ACB-C003629,Personal Loan,2023-07-03,10940.78,9516.82,0.157,60.0,Paid Off,0,0,ACB-BR018
ACB-LN0004802,ACB-C000860,Small Business Loan,2022-11-29,178119.72,83493.6,0.1965,240.0,30-59 DPD,48,0,ACB-BR021
ACB-LN0004803,ACB-C006922,Auto Loan,2024-01-12,34552.66,23019.22,0.0954,12.0,Paid Off,0,0,ACB-BR038
ACB-LN0004804,ACB-C000656,Auto Loan,2024-06-27,36032.11,16990.34,0.091,360.0,Current,0,0,ACB-BR012
ACB-LN0004805,ACB-C003764,Mortgage,2025-12-01,462105.21,378789.3,0.095,24.0,Current,0,0,ACB-BR009
ACB-LN0004806,ACB-C002666,Auto Loan,2019-06-20,31266.0,11315.04,0.0875,120.0,Current,0,0,ACB-BR073
ACB-LN0004807,ACB-C012604,Personal Loan,2024-02-10,3553.99,2311.56,0.1479,120.0,Current,0,0,ACB-BR050
ACB-LN0004808,ACB-C000828,Auto Loan,2024-07-27,13566.63,1554.55,0.1409,12.0,Current,0,0,ACB-BR021
ACB-LN0004809,ACB-C001121,Personal Loan,2021-10-12,9869.67,931.33,0.1661,24.0,Current,0,0,ACB-BR020
ACB-LN0004810,ACB-C014297,Mortgage,2025-04-10,597712.01,554237.93,0.0426,60.0,30-59 DPD,41,0,ACB-BR037
ACB-LN0004811,ACB-C010638,Small Business Loan,2022-06-17,160883.14,52760.07,0.0958,180.0,Paid Off,0,0,ACB-BR059
ACB-LN0004812,ACB-C010327,Mortgage,2021-04-08,465953.62,126743.61,0.0304,240.0,Current,0,0,ACB-BR029
ACB-LN0004813,ACB-C001884,Personal Loan,2021-08-31,18715.01,16264.74,0.2078,360.0,Current,0,0,ACB-BR002
ACB-LN0004814,ACB-C012089,Mortgage,2023-05-23,236444.41,197078.71,0.0725,240.0,Current,0,0,ACB-BR073
ACB-LN0004815,ACB-C008991,Student Loan,2020-09-23,16315.14,13480.91,0.0598,24.0,60-89 DPD,72,0,ACB-BR033
ACB-LN0004816,ACB-C001783,Mortgage,2019-04-06,602193.41,497253.02,0.0414,240.0,Current,0,0,ACB-BR016
ACB-LN0004817,ACB-C009443,Personal Loan,2021-06-03,6491.64,1117.65,0.1922,240.0,90+ DPD,106,1,ACB-BR079
ACB-LN0004818,ACB-C004668,Auto Loan,2021-08-02,42034.65,26800.61,0.1008,120.0,Current,0,0,ACB-BR074
ACB-LN0004819,ACB-C000713,Mortgage,2020-09-23,374513.39,120180.43,0.0347,240.0,Current,0,0,ACB-BR014
ACB-LN0004820,ACB-C013895,Auto Loan,2025-08-02,27200.88,15717.56,0.16,36.0,Current,0,0,ACB-BR033
ACB-LN0004821,ACB-C008055,Auto Loan,2025-09-15,15489.93,6078.83,0.0658,180.0,60-89 DPD,85,0,ACB-BR008
ACB-LN0004822,ACB-C008573,Mortgage,2021-07-23,246783.32,191329.9,0.0312,120.0,Current,0,0,ACB-BR051
ACB-LN0004823,ACB-C003143,Mortgage,2025-12-28,130971.34,83005.53,0.0545,120.0,Current,0,0,ACB-BR072
ACB-LN0004824,ACB-C007190,Small Business Loan,2020-08-20,170221.31,33059.42,0.1386,120.0,Current,0,0,ACB-BR078
ACB-LN0004825,ACB-C006583,Mortgage,2021-06-18,518834.93,299447.82,0.0302,36.0,Current,0,0,ACB-BR062
ACB-LN0004826,ACB-C010418,Personal Loan,2023-01-18,24162.8,20037.77,0.1467,12.0,Current,0,0,ACB-BR021
ACB-LN0004827,ACB-C007132,Personal Loan,2022-09-09,15721.09,15107.36,0.24,36.0,Current,0,0,ACB-BR052
ACB-LN0004828,ACB-C005514,Mortgage,2024-11-28,437465.54,207100.89,0.0608,240.0,Current,0,0,ACB-BR059
ACB-LN0004829,ACB-C014492,Mortgage,2025-01-02,481421.45,160191.16,0.0691,240.0,90+ DPD,91,1,ACB-BR042
ACB-LN0004830,ACB-C008414,Student Loan,2021-11-25,25562.77,24355.36,0.0697,180.0,Written Off,0,1,ACB-BR066
ACB-LN0004831,ACB-C001213,Auto Loan,2024-06-28,9952.75,7311.93,0.068,48.0,Current,0,0,ACB-BR017
ACB-LN0004832,ACB-C010288,Auto Loan,2025-10-23,42274.26,6228.24,0.0698,24.0,Written Off,0,1,ACB-BR028
ACB-LN0004833,ACB-C010724,Personal Loan,2025-09-27,23068.85,14435.66,0.24,360.0,Current,0,0,ACB-BR014
ACB-LN0004834,ACB-C002530,Mortgage,2024-02-10,441053.76,417254.52,0.0671,84.0,Current,0,0,ACB-BR004
ACB-LN0004835,ACB-C005952,Student Loan,2021-12-19,27364.1,6684.99,0.0869,240.0,Current,0,0,ACB-BR048
ACB-LN0004836,ACB-C000233,Student Loan,2023-07-15,32722.17,2881.03,0.0899,12.0,Current,0,0,ACB-BR065
ACB-LN0004837,ACB-C002708,Personal Loan,2020-09-08,23729.23,18151.21,0.1138,84.0,Current,0,0,ACB-BR060
ACB-LN0004838,ACB-C003753,Home Equity Loan,2025-05-30,21897.23,5931.74,0.1029,24.0,30-59 DPD,44,0,ACB-BR029
ACB-LN0004839,ACB-C010130,Auto Loan,2021-04-15,24657.67,15787.02,0.0912,84.0,Paid Off,0,0,ACB-BR074
ACB-LN0004840,ACB-C007766,Mortgage,2021-05-14,338475.04,94434.46,0.0529,48.0,Current,0,0,ACB-BR010
ACB-LN0004841,ACB-C006443,Personal Loan,2019-08-07,4386.97,3837.33,0.1505,24.0,Paid Off,0,0,ACB-BR075
ACB-LN0004842,ACB-C003891,Personal Loan,2020-07-28,15669.28,4246.7,0.1986,60.0,60-89 DPD,60,0,ACB-BR038
ACB-LN0004843,ACB-C010876,Mortgage,2023-05-09,300566.5,133180.95,0.084,360.0,Current,0,0,ACB-BR079
ACB-LN0004844,ACB-C003428,Home Equity Loan,2024-01-16,91942.14,70169.44,0.1395,48.0,Paid Off,0,0,ACB-BR044
ACB-LN0004845,ACB-C009236,Mortgage,2022-02-10,437234.46,22483.07,0.0597,84.0,Current,0,0,ACB-BR040
ACB-LN0004846,ACB-C005481,Mortgage,2025-02-11,188656.45,177184.3,0.0677,36.0,Paid Off,0,0,ACB-BR029
ACB-LN0004847,ACB-C002010,Auto Loan,2021-10-03,31308.4,22908.15,0.128,360.0,Current,0,0,ACB-BR014
ACB-LN0004848,ACB-C005533,Small Business Loan,2021-09-27,37559.91,28453.37,0.1715,180.0,Current,0,0,ACB-BR019
ACB-LN0004849,ACB-C013885,Auto Loan,2023-07-01,38828.8,7391.43,0.1586,180.0,Current,0,0,ACB-BR027
ACB-LN0004850,ACB-C012651,Auto Loan,2025-03-08,8178.63,4127.36,0.072,60.0,Paid Off,0,0,ACB-BR018
ACB-LN0004851,ACB-C002679,Auto Loan,2020-06-14,29382.04,25998.62,0.1132,84.0,Current,0,0,ACB-BR063
ACB-LN0004852,ACB-C003824,Auto Loan,2023-03-23,27710.13,1853.6,0.1583,60.0,Current,0,0,ACB-BR001
ACB-LN0004853,ACB-C004322,Mortgage,2019-10-11,227485.33,182109.1,0.0644,84.0,Current,0,0,ACB-BR009
ACB-LN0004854,ACB-C006394,Mortgage,2023-01-13,548471.33,243118.11,0.0412,12.0,Current,0,0,ACB-BR016
ACB-LN0004855,ACB-C009071,Personal Loan,2022-11-06,33860.06,4685.69,0.2305,12.0,Paid Off,0,0,ACB-BR002
ACB-LN0004856,ACB-C008775,Student Loan,2020-11-10,9026.65,1638.6,0.0685,180.0,Paid Off,0,0,ACB-BR074
ACB-LN0004857,ACB-C003021,Home Equity Loan,2021-07-20,81769.56,9578.22,0.1013,60.0,Current,0,0,ACB-BR044
ACB-LN0004858,ACB-C010266,Home Equity Loan,2023-12-23,42301.65,35181.87,0.1,240.0,Current,0,0,ACB-BR063
ACB-LN0004859,ACB-C010479,Student Loan,2024-11-30,49686.94,2841.54,0.079,12.0,Current,0,0,ACB-BR008
ACB-LN0004860,ACB-C004268,Student Loan,2025-01-11,52685.26,15349.32,0.0958,12.0,Current,0,0,ACB-BR061
ACB-LN0004861,ACB-C006823,Home Equity Loan,2020-09-04,84884.24,25456.07,0.0784,180.0,60-89 DPD,88,0,ACB-BR061
ACB-LN0004862,ACB-C011685,Mortgage,2025-08-20,639209.09,160857.45,0.0944,180.0,Current,0,0,ACB-BR003
ACB-LN0004863,ACB-C014894,Home Equity Loan,2020-09-12,34236.82,15830.06,0.0983,120.0,30-59 DPD,54,0,ACB-BR066
ACB-LN0004864,ACB-C000908,Student Loan,2020-10-09,43463.51,19695.6,0.0799,240.0,Current,0,0,ACB-BR027
ACB-LN0004865,ACB-C008887,Auto Loan,2023-08-16,26856.99,1605.35,0.0987,24.0,Current,0,0,ACB-BR007
ACB-LN0004866,ACB-C013160,Personal Loan,2026-02-27,31534.71,9866.51,0.24,120.0,Paid Off,0,0,ACB-BR072
ACB-LN0004867,ACB-C003130,Personal Loan,2023-07-24,34038.83,20907.89,,12.0,Current,0,0,ACB-BR016
ACB-LN0004868,ACB-C014065,Personal Loan,2025-12-31,8808.94,696.75,0.1655,360.0,30-59 DPD,50,0,ACB-BR015
ACB-LN0004869,ACB-C005945,Personal Loan,2019-07-21,2694.16,2036.46,0.1139,120.0,Written Off,0,1,ACB-BR035
ACB-LN0004870,ACB-C001337,Student Loan,2020-04-27,46673.06,28698.98,0.0773,36.0,Current,0,0,ACB-BR056
ACB-LN0004871,ACB-C002971,Personal Loan,2024-12-19,34391.41,32327.24,0.24,60.0,90+ DPD,159,1,ACB-BR012
ACB-LN0004872,ACB-C007919,Student Loan,2020-05-07,71994.08,24673.36,0.0823,24.0,Current,0,0,ACB-BR046
ACB-LN0004873,ACB-C001661,Personal Loan,2022-05-23,22223.32,10111.91,0.153,24.0,Current,0,0,ACB-BR058
ACB-LN0004874,ACB-C013978,Home Equity Loan,2021-09-10,40776.39,10967.88,0.0587,24.0,90+ DPD,110,1,ACB-BR080
ACB-LN0004875,ACB-C008348,Mortgage,2022-01-03,279814.27,185229.35,0.0315,60.0,90+ DPD,126,1,ACB-BR003
ACB-LN0004876,ACB-C000482,Personal Loan,2019-03-06,13228.75,12510.57,0.0813,180.0,Current,0,0,ACB-BR058
ACB-LN0004877,ACB-C011805,Mortgage,2021-05-13,381902.9,82882.92,0.0443,60.0,Current,0,0,ACB-BR021
ACB-LN0004878,ACB-C014016,Personal Loan,2023-09-23,31499.03,26212.2,0.24,120.0,Current,0,0,ACB-BR044
ACB-LN0004879,ACB-C009899,Personal Loan,2025-08-03,29584.1,12068.32,0.1415,180.0,Current,0,0,ACB-BR056
ACB-LN0004880,ACB-C009805,Auto Loan,2025-08-15,40153.18,29157.08,0.16,240.0,Paid Off,0,0,ACB-BR027
ACB-LN0004881,ACB-C009522,Personal Loan,2020-09-11,6860.13,2613.1,0.1522,12.0,Current,0,0,ACB-BR058
ACB-LN0004882,ACB-C002564,Mortgage,2024-09-22,487616.65,155480.28,0.095,48.0,60-89 DPD,78,0,ACB-BR025
ACB-LN0004883,ACB-C014539,Student Loan,2019-07-21,38120.85,14016.57,0.0768,60.0,60-89 DPD,89,0,ACB-BR045
ACB-LN0004884,ACB-C010150,Auto Loan,2024-05-23,40118.52,7037.37,0.16,36.0,Current,0,0,ACB-BR018
ACB-LN0004885,ACB-C003097,Personal Loan,2023-06-29,32421.46,29833.9,0.24,48.0,Current,0,0,ACB-BR034
ACB-LN0004886,ACB-C013749,Student Loan,2021-08-11,68567.37,44647.61,0.0777,84.0,Current,0,0,ACB-BR025
ACB-LN0004887,ACB-C005581,Mortgage,2022-11-28,294926.43,113189.43,,180.0,30-59 DPD,46,0,ACB-BR043
ACB-LN0004888,ACB-C004933,Mortgage,2026-03-21,544825.85,454052.97,0.0775,240.0,Current,0,0,ACB-BR001
ACB-LN0004889,ACB-C010475,Mortgage,2025-03-06,155108.64,25986.6,0.095,24.0,Current,0,0,ACB-BR023
ACB-LN0004890,ACB-C000589,Personal Loan,2020-07-25,20942.24,4123.85,0.0981,36.0,90+ DPD,157,1,ACB-BR038
ACB-LN0004891,ACB-C005942,Small Business Loan,2021-07-30,207732.03,70222.28,0.1409,120.0,Paid Off,0,0,ACB-BR041
ACB-LN0004892,ACB-C010603,Mortgage,2021-09-13,625239.29,140228.64,0.0645,84.0,90+ DPD,104,1,ACB-BR023
ACB-LN0004893,ACB-C009597,Auto Loan,2022-11-09,45986.21,14973.28,0.1496,12.0,Current,0,0,ACB-BR003
ACB-LN0004894,ACB-C008910,Auto Loan,2024-03-13,40162.02,34652.82,0.1594,360.0,Current,0,0,ACB-BR019
ACB-LN0004895,ACB-C001283,Auto Loan,2021-07-17,40529.29,24657.18,0.0544,180.0,Current,0,0,ACB-BR025
ACB-LN0004896,ACB-C003353,Personal Loan,2021-01-27,5387.49,1275.09,0.1063,12.0,Paid Off,0,0,ACB-BR054
ACB-LN0004897,ACB-C001538,Mortgage,2021-07-02,377706.28,353774.23,0.0427,48.0,Current,0,0,ACB-BR021
ACB-LN0004898,ACB-C008527,Mortgage,2019-10-22,135114.66,18413.34,0.031,12.0,Paid Off,0,0,ACB-BR038
ACB-LN0004899,ACB-C006308,Home Equity Loan,2025-06-11,107387.93,39844.1,0.14,240.0,Paid Off,0,0,ACB-BR063
ACB-LN0004900,ACB-C010091,Auto Loan,2023-01-26,51579.59,29277.58,0.0991,240.0,Paid Off,0,0,ACB-BR056
ACB-LN0004901,ACB-C011395,Personal Loan,2021-04-13,33153.25,17349.79,0.1375,48.0,Current,0,0,ACB-BR005
ACB-LN0004902,ACB-C001081,Mortgage,2019-11-10,386662.66,119982.0,0.0559,84.0,Current,0,0,ACB-BR046
ACB-LN0004903,ACB-C003110,Auto Loan,2024-04-07,38594.04,4314.98,0.155,180.0,30-59 DPD,33,0,ACB-BR058
ACB-LN0004904,ACB-C001471,Personal Loan,2022-09-01,6381.87,2555.68,0.2005,24.0,Current,0,0,ACB-BR004
ACB-LN0004905,ACB-C013850,Personal Loan,2025-08-05,17019.09,12376.34,0.2001,48.0,Paid Off,0,0,ACB-BR004
ACB-LN0004906,ACB-C014468,Personal Loan,2020-11-29,18828.71,13141.58,,24.0,60-89 DPD,70,0,ACB-BR050
ACB-LN0004907,ACB-C001934,Mortgage,2024-07-14,470884.16,195313.36,0.0503,48.0,Current,0,0,ACB-BR077
ACB-LN0004908,ACB-C012086,Small Business Loan,2021-12-07,212104.47,97916.82,0.1394,360.0,Current,0,0,ACB-BR050
ACB-LN0004909,ACB-C001266,Auto Loan,2025-04-18,27089.96,15541.11,0.0984,84.0,Current,0,0,ACB-BR039
ACB-LN0004910,ACB-C007172,Auto Loan,2021-01-21,51860.98,46912.28,0.1152,84.0,Paid Off,0,0,ACB-BR015
ACB-LN0004911,ACB-C012829,Auto Loan,2025-08-17,47318.29,35644.46,0.1445,48.0,Current,0,0,ACB-BR070
ACB-LN0004912,ACB-C000416,Personal Loan,2023-11-07,15521.77,15078.84,0.2245,24.0,Current,0,0,ACB-BR069
ACB-LN0004913,ACB-C005620,Auto Loan,2019-10-20,8326.59,6587.12,0.0855,120.0,Current,0,0,ACB-BR036
ACB-LN0004914,ACB-C000103,Personal Loan,2025-11-27,27010.06,4662.92,0.24,60.0,60-89 DPD,74,0,ACB-BR018
ACB-LN0004915,ACB-C011853,Home Equity Loan,2024-09-02,61314.72,34169.22,0.1082,48.0,Current,0,0,ACB-BR077
ACB-LN0004916,ACB-C003167,Small Business Loan,2023-01-14,118861.15,13678.27,0.0944,12.0,Written Off,0,1,ACB-BR074
ACB-LN0004917,ACB-C012028,Home Equity Loan,2022-05-06,63607.39,62015.95,0.107,60.0,90+ DPD,114,1,ACB-BR036
ACB-LN0004918,ACB-C003270,Small Business Loan,2020-07-24,127364.83,96472.48,0.1655,240.0,Current,0,0,ACB-BR068
ACB-LN0004919,ACB-C000136,Home Equity Loan,2021-04-28,35638.9,6034.82,0.1098,240.0,Current,0,0,ACB-BR043
ACB-LN0004920,ACB-C000379,Student Loan,2023-12-22,76228.89,59655.62,0.0902,240.0,Paid Off,0,0,ACB-BR045
ACB-LN0004921,ACB-C012127,Mortgage,2019-10-09,430754.6,86992.0,0.0579,48.0,Paid Off,0,0,ACB-BR065
ACB-LN0004922,ACB-C012322,Personal Loan,2025-05-07,20461.57,15778.79,0.1541,240.0,Current,0,0,ACB-BR026
ACB-LN0004923,ACB-C006416,Student Loan,2024-02-20,13388.4,2958.92,0.0743,24.0,Current,0,0,ACB-BR021
ACB-LN0004924,ACB-C012527,Personal Loan,2021-06-14,22692.38,6688.16,0.0975,84.0,Current,0,0,ACB-BR067
ACB-LN0004925,ACB-C014882,Auto Loan,2021-08-01,26999.1,18553.63,0.1143,180.0,Written Off,0,1,ACB-BR028
ACB-LN0004926,ACB-C002194,Small Business Loan,2019-12-13,209743.98,50149.51,0.1254,84.0,Current,0,0,ACB-BR076
ACB-LN0004927,ACB-C014741,Personal Loan,2020-02-04,7101.98,1950.44,0.0889,360.0,Current,0,0,ACB-BR035
ACB-LN0004928,ACB-C007346,Home Equity Loan,2025-10-03,19779.56,8786.57,0.14,240.0,Current,0,0,ACB-BR065
ACB-LN0004929,ACB-C010857,Mortgage,2022-11-22,157496.24,144606.19,0.0679,24.0,Current,0,0,ACB-BR018
ACB-LN0004930,ACB-C011499,Mortgage,2021-05-12,504260.74,71251.71,0.0472,24.0,Current,0,0,ACB-BR030
ACB-LN0004931,ACB-C005186,Personal Loan,2024-08-11,3661.1,3528.21,0.24,12.0,Current,0,0,ACB-BR035
ACB-LN0004932,ACB-C004050,Home Equity Loan,2025-09-04,53796.42,11303.41,0.1309,240.0,Current,0,0,ACB-BR052
ACB-LN0004933,ACB-C011925,Mortgage,2025-06-27,539271.13,346168.75,0.095,36.0,Current,0,0,ACB-BR007
ACB-LN0004934,ACB-C011822,Home Equity Loan,2021-01-27,61273.31,26715.13,0.0722,180.0,90+ DPD,136,1,ACB-BR034
ACB-LN0004935,ACB-C011170,Mortgage,2022-02-05,377081.63,223085.96,0.0518,60.0,Current,0,0,ACB-BR062
ACB-LN0004936,ACB-C009225,Personal Loan,2020-11-24,10100.76,7002.89,0.138,60.0,Current,0,0,ACB-BR013
ACB-LN0004937,ACB-C008667,Small Business Loan,2022-12-16,248872.21,96550.82,0.1407,360.0,Current,0,0,ACB-BR031
ACB-LN0004938,ACB-C005226,Mortgage,2023-08-19,417191.29,258246.02,0.0588,120.0,Default,250,1,ACB-BR062
ACB-LN0004939,ACB-C008732,Mortgage,2020-09-22,553202.32,230313.05,0.0465,240.0,Current,0,0,ACB-BR065
ACB-LN0004940,ACB-C014086,Mortgage,2026-03-27,279357.07,230781.4,0.095,48.0,Current,0,0,ACB-BR003
ACB-LN0004941,ACB-C014736,Personal Loan,2021-12-11,20398.89,18362.34,0.1439,36.0,30-59 DPD,46,0,ACB-BR052
ACB-LN0004942,ACB-C002402,Personal Loan,2022-07-22,24954.11,22238.04,0.1148,48.0,Current,0,0,ACB-BR060
ACB-LN0004943,ACB-C010867,Personal Loan,2025-01-15,23630.65,10079.31,0.1775,180.0,Current,0,0,ACB-BR048
ACB-LN0004944,ACB-C001690,Personal Loan,2020-05-15,28133.18,14736.04,0.1044,240.0,Current,0,0,ACB-BR076
ACB-LN0004945,ACB-C005358,Auto Loan,2025-04-08,46283.24,18308.9,0.0811,120.0,90+ DPD,134,1,ACB-BR009
ACB-LN0004946,ACB-C011742,Auto Loan,2023-09-06,48577.02,25617.14,0.16,48.0,Current,0,0,ACB-BR035
ACB-LN0004947,ACB-C004490,Mortgage,2022-07-09,577500.48,66497.36,0.0457,120.0,Current,0,0,ACB-BR055
ACB-LN0004948,ACB-C003179,Auto Loan,2025-07-16,9336.46,7854.66,0.064,240.0,Current,0,0,ACB-BR050
ACB-LN0004949,ACB-C010654,Home Equity Loan,2023-11-25,24889.17,24111.4,0.1356,360.0,Written Off,0,1,ACB-BR045
ACB-LN0004950,ACB-C006461,Personal Loan,2021-03-28,4098.93,1924.89,0.1878,60.0,Current,0,0,ACB-BR048
ACB-LN0004951,ACB-C013697,Auto Loan,2020-11-10,35757.12,18384.94,0.0596,84.0,Current,0,0,ACB-BR019
ACB-LN0004952,ACB-C005007,Personal Loan,2019-02-17,15272.83,6023.1,0.1168,12.0,Current,0,0,ACB-BR010
ACB-LN0004953,ACB-C004409,Mortgage,2022-02-13,633374.66,116711.97,0.0466,360.0,Current,0,0,ACB-BR006
ACB-LN0004954,ACB-C002291,Personal Loan,2020-11-05,11923.47,8443.64,0.1108,360.0,Paid Off,0,0,ACB-BR062
ACB-LN0004955,ACB-C009494,Mortgage,2021-08-18,157035.09,88536.82,0.0627,48.0,Current,0,0,ACB-BR037
ACB-LN0004956,ACB-C005218,Home Equity Loan,2024-09-26,52052.35,12568.69,0.1174,60.0,Current,0,0,ACB-BR026
ACB-LN0004957,ACB-C011068,Auto Loan,2024-02-17,52026.54,16560.71,0.0851,36.0,Current,0,0,ACB-BR038
ACB-LN0004958,ACB-C009701,Personal Loan,2020-01-01,22006.62,15594.51,0.0828,,Current,0,0,ACB-BR048
ACB-LN0004959,ACB-C002645,Auto Loan,2022-09-22,46469.96,16220.79,0.0651,12.0,30-59 DPD,47,0,ACB-BR062
ACB-LN0004960,ACB-C007778,Auto Loan,2023-03-10,28521.35,12564.57,0.1136,84.0,Paid Off,0,0,ACB-BR011
ACB-LN0004961,ACB-C005547,Student Loan,2023-04-29,71591.14,31762.36,0.1018,12.0,Paid Off,0,0,ACB-BR037
ACB-LN0004962,ACB-C002187,Auto Loan,2024-11-08,43420.18,16152.79,0.16,24.0,Current,0,0,ACB-BR027
ACB-LN0004963,ACB-C004583,Personal Loan,2024-04-26,5795.24,4904.89,0.1088,36.0,Current,0,0,ACB-BR036
ACB-LN0004964,ACB-C014500,Personal Loan,2024-04-03,17146.64,3895.72,0.1895,240.0,Current,0,0,ACB-BR014
ACB-LN0004965,ACB-C000422,Mortgage,2025-01-10,507783.66,312209.52,0.0868,36.0,Current,0,0,ACB-BR069
ACB-LN0004966,ACB-C003418,Auto Loan,2024-03-02,52201.79,22352.79,,36.0,Paid Off,0,0,ACB-BR076
ACB-LN0004967,ACB-C011602,Mortgage,2021-05-17,622664.07,427115.89,0.0331,12.0,Current,0,0,ACB-BR061
ACB-LN0004968,ACB-C012133,Mortgage,2024-08-11,540585.54,388324.08,0.0903,360.0,Current,0,0,ACB-BR023
ACB-LN0004969,ACB-C014146,Mortgage,2022-11-03,617114.43,532257.77,0.0603,60.0,Current,0,0,ACB-BR042
ACB-LN0004970,ACB-C009895,Mortgage,2022-06-25,272959.77,242437.69,0.0529,12.0,Current,0,0,ACB-BR047
ACB-LN0004971,ACB-C013777,Student Loan,2024-12-08,21866.97,11296.76,0.0805,24.0,Current,0,0,ACB-BR001
ACB-LN0004972,ACB-C006981,Personal Loan,2024-08-01,3874.74,1380.02,0.1443,60.0,Current,0,0,ACB-BR069
ACB-LN0004973,ACB-C013734,Personal Loan,2025-01-01,19027.42,9648.39,0.24,240.0,Current,0,0,ACB-BR060
ACB-LN0004974,ACB-C007756,Auto Loan,2021-04-06,49198.04,10681.66,0.0746,84.0,Current,0,0,ACB-BR043
ACB-LN0004975,ACB-C004387,Mortgage,2020-05-16,425552.79,149282.86,0.0523,60.0,Current,0,0,ACB-BR017
ACB-LN0004976,ACB-C002140,Auto Loan,2021-03-03,9221.94,2348.73,0.0981,120.0,Current,0,0,ACB-BR060
ACB-LN0004977,ACB-C010407,Auto Loan,2023-11-14,53004.18,49245.11,0.16,180.0,90+ DPD,146,1,ACB-BR010
ACB-LN0004978,ACB-C008530,Auto Loan,2022-07-01,35064.18,22499.83,0.1091,36.0,90+ DPD,100,1,ACB-BR006
ACB-LN0004979,ACB-C007532,Mortgage,2024-09-17,438808.05,382486.03,0.0709,36.0,Current,0,0,ACB-BR080
ACB-LN0004980,ACB-C013847,Mortgage,2026-03-24,348975.73,192635.22,0.0942,60.0,Current,0,0,ACB-BR025
ACB-LN0004981,ACB-C000864,Auto Loan,2025-04-25,39342.74,12820.28,0.16,60.0,Current,0,0,ACB-BR079
ACB-LN0004982,ACB-C000995,Auto Loan,2019-02-04,10868.83,8329.56,0.0968,60.0,Current,0,0,ACB-BR043
ACB-LN0004983,ACB-C009109,Personal Loan,2022-08-10,9910.23,1527.36,0.1369,24.0,Current,0,0,ACB-BR058
ACB-LN0004984,ACB-C001028,Auto Loan,2024-07-05,31013.38,26753.05,0.1168,240.0,Paid Off,0,0,ACB-BR054
ACB-LN0004985,ACB-C001493,Personal Loan,2020-12-29,25391.36,12651.66,0.0896,36.0,Default,154,1,ACB-BR004
ACB-LN0004986,ACB-C000148,Student Loan,2024-09-03,23772.6,7255.28,0.0803,84.0,60-89 DPD,83,0,ACB-BR026
ACB-LN0004987,ACB-C003528,Mortgage,2019-07-18,591405.61,47941.9,0.0739,36.0,90+ DPD,148,1,ACB-BR074
ACB-LN0004988,ACB-C001536,Student Loan,2019-03-01,35831.94,11228.23,0.0744,180.0,Current,0,0,ACB-BR063
ACB-LN0004989,ACB-C007932,Mortgage,2024-03-08,628149.42,582830.18,0.0494,84.0,Written Off,0,1,ACB-BR041
ACB-LN0004990,ACB-C000248,Mortgage,2026-02-17,550658.18,97679.17,,48.0,Paid Off,0,0,ACB-BR032
ACB-LN0004991,ACB-C009366,Personal Loan,2022-10-11,16625.35,3549.09,0.24,240.0,Current,0,0,ACB-BR073
ACB-LN0004992,ACB-C002072,Personal Loan,2025-02-24,28662.93,27725.51,0.174,180.0,Current,0,0,ACB-BR042
ACB-LN0004993,ACB-C009418,Auto Loan,2024-02-22,36039.07,11175.08,0.1328,24.0,Current,0,0,ACB-BR029
ACB-LN0004994,ACB-C007740,Mortgage,2022-12-21,252687.47,77576.1,0.067,24.0,Current,0,0,ACB-BR028
ACB-LN0004995,ACB-C000603,Personal Loan,2025-06-30,11979.12,2541.63,0.1752,240.0,90+ DPD,159,1,ACB-BR010
ACB-LN0004996,ACB-C005155,Mortgage,2021-06-23,335721.01,102861.82,0.0561,24.0,Current,0,0,ACB-BR066
ACB-LN0004997,ACB-C005811,Personal Loan,2022-05-24,17143.69,9687.35,0.0945,24.0,Current,0,0,ACB-BR039
ACB-LN0004998,ACB-C006360,Auto Loan,2025-01-12,53108.23,25219.14,0.0639,84.0,90+ DPD,153,1,ACB-BR080
ACB-LN0004999,ACB-C003336,Personal Loan,2021-12-16,9379.54,8203.32,0.1198,60.0,Current,0,0,ACB-BR002
ACB-LN0005000,ACB-C013849,Personal Loan,2023-12-26,26203.55,8439.73,0.2007,84.0,Current,0,0,ACB-BR026
ACB-LN0005001,ACB-C003866,Mortgage,2026-03-19,236214.7,30690.14,,180.0,Current,0,0,ACB-BR022
ACB-LN0005002,ACB-C013581,Small Business Loan,2021-11-17,186692.87,67839.07,0.1066,120.0,Current,0,0,ACB-BR064
ACB-LN0005003,ACB-C010704,Auto Loan,2024-05-15,50821.72,15867.21,0.1209,240.0,Current,0,0,ACB-BR009
ACB-LN0005004,ACB-C012872,Mortgage,2019-04-25,127141.58,64927.76,0.0402,,Current,0,0,ACB-BR069
ACB-LN0005005,ACB-C010284,Mortgage,2019-07-18,131787.02,59503.92,0.0373,12.0,60-89 DPD,88,0,ACB-BR026
ACB-LN0005006,ACB-C004050,Mortgage,2020-01-18,291638.32,272611.85,0.0571,120.0,Current,0,0,ACB-BR001
ACB-LN0005007,ACB-C003426,Mortgage,2025-03-10,308929.14,256996.28,0.0435,360.0,Current,0,0,ACB-BR005
ACB-LN0005008,ACB-C010294,Personal Loan,2024-12-21,12795.86,897.39,0.108,48.0,Current,0,0,ACB-BR015
ACB-LN0005009,ACB-C008875,Personal Loan,2020-07-04,16143.99,9165.97,0.0961,240.0,Current,0,0,ACB-BR033
ACB-LN0005010,ACB-C003309,Mortgage,2024-08-03,519730.45,502880.35,0.095,24.0,Current,0,0,ACB-BR016
ACB-LN0005011,ACB-C007511,Personal Loan,2024-01-30,13842.58,7340.09,0.24,180.0,Current,0,0,ACB-BR055
ACB-LN0005012,ACB-C012428,Mortgage,2024-06-10,189010.85,168002.39,0.0452,48.0,90+ DPD,178,1,ACB-BR006
ACB-LN0005013,ACB-C009314,Personal Loan,2026-01-26,22288.45,6649.74,0.2064,84.0,Current,0,0,ACB-BR021
ACB-LN0005014,ACB-C012607,Auto Loan,2021-05-12,28829.91,25928.48,0.0584,84.0,Paid Off,0,0,ACB-BR032
ACB-LN0005015,ACB-C006646,Personal Loan,2023-12-15,11526.4,9824.09,0.24,360.0,Current,0,0,ACB-BR043
ACB-LN0005016,ACB-C014497,Student Loan,2020-05-24,61219.66,7321.5,0.0753,60.0,Current,0,0,ACB-BR048
ACB-LN0005017,ACB-C013113,Mortgage,2023-05-11,634626.57,536426.16,0.0912,240.0,90+ DPD,109,1,ACB-BR038
ACB-LN0005018,ACB-C009533,Small Business Loan,2022-12-21,199953.99,166626.42,0.1571,180.0,Current,0,0,ACB-BR035
ACB-LN0005019,ACB-C006154,Personal Loan,2023-06-26,19312.29,10329.48,0.1431,60.0,30-59 DPD,56,0,ACB-BR041
ACB-LN0005020,ACB-C013231,Personal Loan,2024-08-21,8289.57,1818.68,0.1562,180.0,Current,0,0,ACB-BR077
ACB-LN0005021,ACB-C000138,Auto Loan,2024-12-06,10150.63,5777.07,0.1596,24.0,30-59 DPD,57,0,ACB-BR048
ACB-LN0005022,ACB-C009781,Auto Loan,2024-03-11,49760.81,31689.17,0.0895,36.0,60-89 DPD,78,0,ACB-BR031
ACB-LN0005023,ACB-C007797,Personal Loan,2022-10-12,19073.43,18423.65,0.1953,60.0,Current,0,0,ACB-BR062
ACB-LN0005024,ACB-C012575,Home Equity Loan,2023-04-25,24222.8,17799.75,0.106,240.0,Current,0,0,ACB-BR067
ACB-LN0005025,ACB-C011732,Home Equity Loan,2019-06-09,100422.78,58634.45,0.1007,24.0,Current,0,0,ACB-BR040
ACB-LN0005026,ACB-C013134,Auto Loan,2021-01-18,34830.69,20336.71,0.0744,12.0,30-59 DPD,56,0,ACB-BR013
ACB-LN0005027,ACB-C014744,Personal Loan,2021-08-07,11948.45,2106.38,0.0832,84.0,Current,0,0,ACB-BR068
ACB-LN0005028,ACB-C002067,Mortgage,2022-10-27,463798.62,172820.0,0.0609,12.0,Current,0,0,ACB-BR018
ACB-LN0005029,ACB-C013364,Small Business Loan,2025-04-28,49459.04,7545.72,0.181,24.0,Current,0,0,ACB-BR032
ACB-LN0005030,ACB-C002217,Personal Loan,2024-10-01,30601.14,9327.1,0.24,60.0,Current,0,0,ACB-BR059
ACB-LN0005031,ACB-C006220,Home Equity Loan,2020-08-07,76375.68,10284.85,0.1072,120.0,Current,0,0,ACB-BR067
ACB-LN0005032,ACB-C012631,Auto Loan,2023-06-05,33469.3,11766.24,0.0613,180.0,Current,0,0,ACB-BR042
ACB-LN0005033,ACB-C013031,Auto Loan,2021-12-07,23209.12,1881.25,0.1098,,Current,0,0,ACB-BR016
ACB-LN0005034,ACB-C008386,Personal Loan,2019-12-22,34531.94,24394.63,0.0949,360.0,Current,0,0,ACB-BR066
ACB-LN0005035,ACB-C000934,Personal Loan,2024-01-01,23423.18,7499.88,0.2097,12.0,Current,0,0,ACB-BR029
ACB-LN0005036,ACB-C003253,Personal Loan,2020-11-14,21595.59,12448.4,0.0928,24.0,Current,0,0,ACB-BR038
ACB-LN0005037,ACB-C013617,Auto Loan,2022-05-29,31199.24,24241.3,0.0601,48.0,Current,0,0,ACB-BR030
ACB-LN0005038,ACB-C001352,Home Equity Loan,2019-11-21,74476.32,45037.51,0.0769,48.0,Current,0,0,ACB-BR049
ACB-LN0005039,ACB-C000050,Personal Loan,2019-09-01,19172.31,5246.91,0.1604,180.0,Current,0,0,ACB-BR046
ACB-LN0005040,ACB-C006431,Home Equity Loan,2022-08-12,103455.79,18460.21,0.14,240.0,Current,0,0,ACB-BR015
ACB-LN0005041,ACB-C001470,Mortgage,2024-09-06,172946.69,119038.21,0.0639,240.0,Current,0,0,ACB-BR075
ACB-LN0005042,ACB-C008354,Small Business Loan,2025-06-10,123837.32,39705.93,0.2,48.0,Current,0,0,ACB-BR073
ACB-LN0005043,ACB-C000758,Home Equity Loan,2025-11-27,64667.33,39510.62,0.0863,360.0,Current,0,0,ACB-BR017
ACB-LN0005044,ACB-C003660,Personal Loan,2023-07-15,10445.85,5781.87,0.2317,84.0,Current,0,0,ACB-BR003
ACB-LN0005045,ACB-C008934,Home Equity Loan,2024-01-20,95015.65,51357.42,0.128,84.0,Current,0,0,ACB-BR041
ACB-LN0005046,ACB-C011082,Small Business Loan,2022-12-23,210107.15,202505.28,0.2,180.0,Current,0,0,ACB-BR075
ACB-LN0005047,ACB-C004160,Student Loan,2020-01-07,18039.04,15262.6,0.0653,120.0,Current,0,0,ACB-BR052
ACB-LN0005048,ACB-C005823,Small Business Loan,2020-08-26,31735.02,19738.77,0.1644,180.0,Current,0,0,ACB-BR051
ACB-LN0005049,ACB-C004652,Auto Loan,2022-11-21,20386.23,7121.19,0.16,48.0,Current,0,0,ACB-BR004
ACB-LN0005050,ACB-C002171,Mortgage,2019-04-16,261588.95,50112.49,0.0446,84.0,Current,0,0,ACB-BR005
ACB-LN0005051,ACB-C000384,Personal Loan,2019-11-10,33820.35,23894.43,0.1034,12.0,Current,0,0,ACB-BR015
ACB-LN0005052,ACB-C001002,Mortgage,2020-06-09,264296.39,150147.96,0.0476,24.0,30-59 DPD,43,0,ACB-BR028
ACB-LN0005053,ACB-C014302,Mortgage,2020-07-01,459761.55,283249.59,0.0543,240.0,Default,288,1,ACB-BR022
ACB-LN0005054,ACB-C005164,Auto Loan,2026-01-20,46069.65,31771.87,0.16,240.0,Current,0,0,ACB-BR055
ACB-LN0005055,ACB-C006055,Mortgage,2019-07-11,463127.16,68623.86,0.0733,36.0,Current,0,0,ACB-BR077
ACB-LN0005056,ACB-C006357,Personal Loan,2020-07-06,8578.48,3540.92,0.1702,24.0,Current,0,0,ACB-BR039
ACB-LN0005057,ACB-C009938,Personal Loan,2023-03-11,26285.24,17867.69,0.1668,84.0,Current,0,0,ACB-BR035
ACB-LN0005058,ACB-C000463,Student Loan,2022-07-07,57302.32,26490.25,0.0851,36.0,Current,0,0,ACB-BR048
ACB-LN0005059,ACB-C008321,Small Business Loan,2019-01-11,27779.31,24917.47,0.1077,12.0,Written Off,0,1,ACB-BR049
ACB-LN0005060,ACB-C010355,Mortgage,2024-05-22,306789.05,205420.4,0.0714,36.0,Current,0,0,ACB-BR027
ACB-LN0005061,ACB-C003219,Personal Loan,2025-06-03,8739.1,1946.87,0.1784,360.0,30-59 DPD,44,0,ACB-BR022
ACB-LN0005062,ACB-C013016,Student Loan,2023-12-06,66167.33,11537.33,0.096,24.0,Current,0,0,ACB-BR033
ACB-LN0005063,ACB-C001051,Personal Loan,2025-06-18,4707.16,2004.01,0.1578,360.0,Current,0,0,ACB-BR061
ACB-LN0005064,ACB-C010522,Mortgage,2023-10-31,212075.76,163883.23,0.0453,60.0,Current,0,0,ACB-BR002
ACB-LN0005065,ACB-C000785,Student Loan,2019-09-29,45123.83,34921.47,0.0822,36.0,Current,0,0,ACB-BR014
ACB-LN0005066,ACB-C002279,Personal Loan,2022-07-03,27536.13,16368.06,0.1883,36.0,Current,0,0,ACB-BR007
ACB-LN0005067,ACB-C012231,Auto Loan,2025-04-13,46617.93,41756.15,0.16,240.0,Current,0,0,ACB-BR050
ACB-LN0005068,ACB-C009541,Mortgage,2020-05-18,442229.23,279843.22,0.0325,84.0,Current,0,0,ACB-BR033
ACB-LN0005069,ACB-C013751,Personal Loan,2022-01-20,28454.76,19045.77,0.1798,36.0,Current,0,0,ACB-BR011
ACB-LN0005070,ACB-C011964,Auto Loan,2020-02-17,54745.75,26502.4,0.0509,48.0,Current,0,0,ACB-BR067
ACB-LN0005071,ACB-C012971,Student Loan,2021-09-11,54084.22,27960.94,0.0876,360.0,Current,0,0,ACB-BR023
ACB-LN0005072,ACB-C000719,Mortgage,2019-06-17,291208.33,17797.14,0.0353,36.0,Current,0,0,ACB-BR039
ACB-LN0005073,ACB-C013685,Home Equity Loan,2020-06-25,25499.64,19672.05,0.0683,120.0,Current,0,0,ACB-BR028
ACB-LN0005074,ACB-C007472,Home Equity Loan,2022-05-30,113743.41,28917.27,0.0862,60.0,Written Off,0,1,ACB-BR052
ACB-LN0005075,ACB-C006913,Home Equity Loan,2023-05-16,108858.82,50209.28,0.1038,84.0,Current,0,0,ACB-BR039
ACB-LN0005076,ACB-C006383,Personal Loan,2019-01-26,3073.04,2803.01,0.2093,180.0,Current,0,0,ACB-BR048
ACB-LN0005077,ACB-C011430,Mortgage,2023-12-01,449919.88,73429.83,0.0584,60.0,Current,0,0,ACB-BR041
ACB-LN0005078,ACB-C010200,Personal Loan,2021-04-17,28566.11,17638.92,0.2125,48.0,30-59 DPD,38,0,ACB-BR040
ACB-LN0005079,ACB-C006969,Personal Loan,2025-01-25,9526.55,5476.27,0.1461,12.0,Default,265,1,ACB-BR011
ACB-LN0005080,ACB-C004300,Mortgage,2024-06-18,227423.13,112548.0,0.0584,24.0,Current,0,0,ACB-BR002
ACB-LN0005081,ACB-C010942,Small Business Loan,2019-11-25,38529.41,13754.14,0.1781,360.0,Current,0,0,ACB-BR045
ACB-LN0005082,ACB-C014483,Auto Loan,2023-05-06,26303.33,6584.27,0.1393,180.0,Paid Off,0,0,ACB-BR030
ACB-LN0005083,ACB-C004142,Student Loan,2023-03-24,41157.38,17838.19,0.0671,36.0,Current,0,0,ACB-BR059
ACB-LN0005084,ACB-C005266,Home Equity Loan,2022-05-10,108855.61,72564.58,0.0872,240.0,Current,0,0,ACB-BR027
ACB-LN0005085,ACB-C013533,Personal Loan,2022-12-25,18171.76,5586.6,0.2076,120.0,Current,0,0,ACB-BR073
ACB-LN0005086,ACB-C010494,Mortgage,2022-06-11,564546.16,262075.26,0.0816,180.0,Current,0,0,ACB-BR007
ACB-LN0005087,ACB-C001549,Mortgage,2022-06-21,224952.76,92373.95,0.0921,180.0,Current,0,0,ACB-BR011
ACB-LN0005088,ACB-C009239,Mortgage,2023-01-19,370576.58,220244.73,0.0676,240.0,Written Off,0,1,ACB-BR031
ACB-LN0005089,ACB-C013500,Mortgage,2025-04-29,405237.07,282145.94,0.0686,84.0,Current,0,0,ACB-BR063
ACB-LN0005090,ACB-C012110,Personal Loan,2026-03-18,2565.46,1174.31,0.1748,360.0,Current,0,0,ACB-BR004
ACB-LN0005091,ACB-C000368,Auto Loan,2023-07-27,27501.87,12253.2,0.1396,24.0,Current,0,0,ACB-BR061
ACB-LN0005092,ACB-C005072,Auto Loan,2020-02-04,25007.29,6899.79,0.0567,240.0,Current,0,0,ACB-BR070
ACB-LN0005093,ACB-C005424,Mortgage,2023-05-18,296995.97,225639.01,0.0429,84.0,Current,0,0,ACB-BR015
ACB-LN0005094,ACB-C004037,Small Business Loan,2024-04-15,127508.86,123089.24,0.2,24.0,30-59 DPD,40,0,ACB-BR036
ACB-LN0005095,ACB-C007120,Student Loan,2023-08-06,73997.32,60966.82,0.0634,60.0,Current,0,0,ACB-BR050
ACB-LN0005096,ACB-C004250,Home Equity Loan,2019-04-19,56792.33,36980.62,0.0938,36.0,Current,0,0,ACB-BR055
ACB-LN0005097,ACB-C012308,Mortgage,2023-07-19,264764.54,237169.79,0.095,180.0,90+ DPD,148,1,ACB-BR077
ACB-LN0005098,ACB-C007953,Auto Loan,2020-05-05,13988.96,6518.8,0.1129,36.0,Current,0,0,ACB-BR047
ACB-LN0005099,ACB-C002601,Personal Loan,2023-03-21,13138.96,8964.88,0.24,36.0,Current,0,0,ACB-BR046
ACB-LN0005100,ACB-C002633,Mortgage,2019-07-16,602876.73,195367.17,0.0435,60.0,Current,0,0,ACB-BR041
ACB-LN0005101,ACB-C002188,Personal Loan,2021-05-19,26279.6,22142.52,0.179,84.0,30-59 DPD,35,0,ACB-BR033
ACB-LN0005102,ACB-C002613,Mortgage,2019-09-01,129726.31,73750.51,0.0357,24.0,Current,0,0,ACB-BR070
ACB-LN0005103,ACB-C009232,Personal Loan,2024-05-11,28708.17,17479.47,0.1255,240.0,Paid Off,0,0,ACB-BR068
ACB-LN0005104,ACB-C003428,Personal Loan,2022-01-21,16402.21,3638.72,0.0975,12.0,Paid Off,0,0,ACB-BR030
ACB-LN0005105,ACB-C012537,Mortgage,2025-03-10,334983.99,57791.22,0.0747,84.0,Current,0,0,ACB-BR054
ACB-LN0005106,ACB-C009827,Personal Loan,2025-03-29,24065.82,6727.32,0.23,24.0,Current,0,0,ACB-BR054
ACB-LN0005107,ACB-C014369,Mortgage,2020-01-21,277369.97,114053.99,0.0468,360.0,Current,0,0,ACB-BR029
ACB-LN0005108,ACB-C003096,Personal Loan,2021-06-23,8640.0,7118.27,0.1062,24.0,90+ DPD,167,1,ACB-BR063
ACB-LN0005109,ACB-C013141,Personal Loan,2024-11-07,4346.89,4064.49,0.1118,360.0,Current,0,0,ACB-BR021
ACB-LN0005110,ACB-C011310,Personal Loan,2021-02-17,13666.11,6946.96,0.2131,60.0,Current,0,0,ACB-BR044
ACB-LN0005111,ACB-C004737,Home Equity Loan,2025-02-12,106398.88,24344.62,0.1059,240.0,Paid Off,0,0,ACB-BR025
ACB-LN0005112,ACB-C007946,Auto Loan,2025-02-03,14414.42,4745.54,0.0692,48.0,Paid Off,0,0,ACB-BR039
ACB-LN0005113,ACB-C012902,Personal Loan,2022-05-29,10688.63,2982.24,0.1419,12.0,Current,0,0,ACB-BR048
ACB-LN0005114,ACB-C012419,Personal Loan,2021-01-07,13763.05,9111.08,0.1399,24.0,Current,0,0,ACB-BR080
ACB-LN0005115,ACB-C007244,Home Equity Loan,2023-06-05,110079.07,64374.75,0.1357,12.0,Current,0,0,ACB-BR010
ACB-LN0005116,ACB-C007966,Home Equity Loan,2024-01-25,109138.77,12113.6,0.1323,12.0,Paid Off,0,0,ACB-BR046
ACB-LN0005117,ACB-C010689,Personal Loan,2023-07-06,32827.66,21507.76,,48.0,Current,0,0,ACB-BR031
ACB-LN0005118,ACB-C008329,Student Loan,2020-11-18,66481.97,4738.58,0.0561,36.0,Paid Off,0,0,ACB-BR044
ACB-LN0005119,ACB-C008003,Auto Loan,2024-04-18,13134.69,10179.4,0.1544,60.0,Current,0,0,ACB-BR073
ACB-LN0005120,ACB-C010093,Auto Loan,2025-12-24,26957.75,24268.47,0.16,12.0,Current,0,0,ACB-BR010
ACB-LN0005121,ACB-C014552,Mortgage,2024-10-10,200008.66,44346.63,0.095,36.0,Paid Off,0,0,ACB-BR052
ACB-LN0005122,ACB-C011146,Personal Loan,2024-05-14,20765.66,12077.31,0.24,48.0,Current,0,0,ACB-BR025
ACB-LN0005123,ACB-C001723,Personal Loan,2023-01-06,34363.86,11633.38,0.1673,60.0,Current,0,0,ACB-BR029
ACB-LN0005124,ACB-C002896,Auto Loan,2022-10-07,53376.18,36698.74,0.1411,240.0,Current,0,0,ACB-BR012
ACB-LN0005125,ACB-C002420,Home Equity Loan,2023-01-31,108924.95,33933.4,0.1008,240.0,Current,0,0,ACB-BR007
ACB-LN0005126,ACB-C003779,Personal Loan,2025-01-08,16987.5,12005.22,0.1866,48.0,Current,0,0,ACB-BR073
ACB-LN0005127,ACB-C005753,Personal Loan,2020-08-16,5471.37,3778.81,0.1311,120.0,Current,0,0,ACB-BR010
ACB-LN0005128,ACB-C001147,Personal Loan,2019-05-23,10342.48,4231.54,0.1424,48.0,Current,0,0,ACB-BR054
ACB-LN0005129,ACB-C010762,Mortgage,2021-04-18,578585.73,520905.17,0.0399,48.0,Paid Off,0,0,ACB-BR051
ACB-LN0005130,ACB-C006733,Personal Loan,2025-01-05,5596.88,4526.66,0.24,36.0,Current,0,0,ACB-BR059
ACB-LN0005131,ACB-C007737,Auto Loan,2025-06-24,37696.38,2524.57,0.1191,60.0,Current,0,0,ACB-BR017
ACB-LN0005132,ACB-C005138,Mortgage,2020-01-20,348009.38,41472.14,0.0381,,Current,0,0,ACB-BR073
ACB-LN0005133,ACB-C009752,Mortgage,2023-06-27,306889.6,114951.87,0.0933,84.0,Current,0,0,ACB-BR019
ACB-LN0005134,ACB-C000885,Mortgage,2024-06-12,438739.13,344494.75,0.0806,120.0,Current,0,0,ACB-BR011
ACB-LN0005135,ACB-C009388,Personal Loan,2026-02-01,15758.14,2921.33,0.24,36.0,60-89 DPD,78,0,ACB-BR006
ACB-LN0005136,ACB-C014599,Mortgage,2025-08-25,526497.88,172068.67,0.0759,360.0,30-59 DPD,52,0,ACB-BR034
ACB-LN0005137,ACB-C000033,Mortgage,2020-01-20,494121.9,252322.64,0.0582,60.0,Current,0,0,ACB-BR073
ACB-LN0005138,ACB-C007638,Personal Loan,2021-06-03,11735.39,9088.81,0.0886,240.0,Current,0,0,ACB-BR044
ACB-LN0005139,ACB-C009961,Student Loan,2026-03-28,10739.67,7245.62,0.0952,36.0,Default,173,1,ACB-BR064
ACB-LN0005140,ACB-C011855,Small Business Loan,2023-11-15,94373.71,14642.61,0.2,60.0,60-89 DPD,68,0,ACB-BR068
ACB-LN0005141,ACB-C011451,Home Equity Loan,2022-05-10,68558.07,21584.66,0.0687,360.0,Current,0,0,ACB-BR076
ACB-LN0005142,ACB-C001282,Home Equity Loan,2023-12-11,58084.15,41862.04,0.0877,240.0,Current,0,0,ACB-BR008
ACB-LN0005143,ACB-C000341,Mortgage,2022-01-02,402942.59,150700.83,0.0518,36.0,Current,0,0,ACB-BR055
ACB-LN0005144,ACB-C008770,Student Loan,2025-09-05,16930.93,6553.65,0.11,84.0,Current,0,0,ACB-BR079
ACB-LN0005145,ACB-C001263,Mortgage,2021-04-15,308346.7,125196.88,0.0334,48.0,Written Off,0,1,ACB-BR068
ACB-LN0005146,ACB-C013646,Personal Loan,2026-01-27,12764.29,9953.9,0.1231,360.0,Paid Off,0,0,ACB-BR045
ACB-LN0005147,ACB-C007586,Mortgage,2023-01-10,170402.06,135054.45,0.095,360.0,30-59 DPD,55,0,ACB-BR036
ACB-LN0005148,ACB-C000774,Home Equity Loan,2020-05-02,66637.1,12024.79,0.1089,84.0,Paid Off,0,0,ACB-BR019
ACB-LN0005149,ACB-C008783,Personal Loan,2020-03-10,8023.98,870.59,0.1878,,Current,0,0,ACB-BR006
ACB-LN0005150,ACB-C000700,Personal Loan,2021-08-23,12950.25,3904.01,0.1184,48.0,Current,0,0,ACB-BR074
ACB-LN0005151,ACB-C000583,Personal Loan,2025-11-15,11666.33,9869.49,0.2211,120.0,Current,0,0,ACB-BR007
ACB-LN0005152,ACB-C010902,Home Equity Loan,2019-12-28,87690.27,77206.34,0.0985,360.0,Paid Off,0,0,ACB-BR056
ACB-LN0005153,ACB-C009677,Mortgage,2019-06-14,478183.89,437187.92,0.0593,240.0,Paid Off,0,0,ACB-BR029
ACB-LN0005154,ACB-C007631,Personal Loan,2023-06-14,20854.43,18939.05,0.1546,60.0,Current,0,0,ACB-BR076
ACB-LN0005155,ACB-C013110,Mortgage,2019-05-19,591856.82,282174.42,0.052,60.0,Current,0,0,ACB-BR043
ACB-LN0005156,ACB-C004603,Mortgage,2023-11-03,642780.88,416070.2,0.0824,24.0,Current,0,0,ACB-BR054
ACB-LN0005157,ACB-C004002,Personal Loan,2022-09-30,17246.24,11252.76,0.24,360.0,Current,0,0,ACB-BR035
ACB-LN0005158,ACB-C008512,Small Business Loan,2021-06-27,214398.42,140343.36,0.0715,120.0,Current,0,0,ACB-BR061
ACB-LN0005159,ACB-C001265,Personal Loan,2022-10-07,6743.65,5884.24,0.1445,360.0,60-89 DPD,71,0,ACB-BR020
ACB-LN0005160,ACB-C005338,Mortgage,2022-11-10,447565.18,73921.95,0.0633,360.0,Current,0,0,ACB-BR019
ACB-LN0005161,ACB-C005871,Auto Loan,2021-12-26,25049.23,7673.81,0.0649,48.0,Current,0,0,ACB-BR035
ACB-LN0005162,ACB-C002537,Mortgage,2023-05-11,582692.6,527071.21,0.0917,36.0,Current,0,0,ACB-BR031
ACB-LN0005163,ACB-C012619,Auto Loan,2024-08-27,44942.37,28344.39,0.1524,180.0,Current,0,0,ACB-BR027
ACB-LN0005164,ACB-C011656,Mortgage,2022-04-05,606696.0,212088.17,0.0635,48.0,Current,0,0,ACB-BR003
ACB-LN0005165,ACB-C005196,Mortgage,2026-03-14,500470.29,205870.92,0.095,48.0,Default,267,1,ACB-BR058
ACB-LN0005166,ACB-C014020,Auto Loan,2022-06-15,40299.39,30645.58,0.0708,360.0,Current,0,0,ACB-BR049
ACB-LN0005167,ACB-C005014,Mortgage,2026-01-28,271353.77,105164.97,0.0818,12.0,Paid Off,0,0,ACB-BR055
ACB-LN0005168,ACB-C002618,Personal Loan,2025-01-04,27732.33,7214.06,0.2066,12.0,Current,0,0,ACB-BR009
ACB-LN0005169,ACB-C011047,Auto Loan,2019-01-10,40443.99,26898.74,0.0625,48.0,Current,0,0,ACB-BR009
ACB-LN0005170,ACB-C005443,Student Loan,2019-06-14,60673.95,19627.23,0.0748,84.0,Current,0,0,ACB-BR065
ACB-LN0005171,ACB-C006795,Mortgage,2023-10-08,542366.9,381470.3,0.0726,120.0,Current,0,0,ACB-BR073
ACB-LN0005172,ACB-C007476,Student Loan,2020-03-21,11271.79,7885.54,0.0729,60.0,Current,0,0,ACB-BR030
ACB-LN0005173,ACB-C007673,Auto Loan,2023-07-18,35647.88,15642.73,0.16,48.0,90+ DPD,134,1,ACB-BR003
ACB-LN0005174,ACB-C013059,Mortgage,2019-10-07,224072.48,134579.98,0.0517,240.0,Current,0,0,ACB-BR003
ACB-LN0005175,ACB-C012069,Mortgage,2023-05-19,497463.77,472799.56,0.052,48.0,90+ DPD,95,1,ACB-BR054
ACB-LN0005176,ACB-C004709,Auto Loan,2023-12-19,8088.64,2470.34,0.1079,180.0,Current,0,0,ACB-BR001
ACB-LN0005177,ACB-C009148,Home Equity Loan,2024-03-06,53728.21,48432.17,0.1367,48.0,Paid Off,0,0,ACB-BR026
ACB-LN0005178,ACB-C000844,Home Equity Loan,2023-05-22,111251.58,23572.02,0.107,180.0,Current,0,0,ACB-BR076
ACB-LN0005179,ACB-C002622,Mortgage,2021-08-23,391358.38,230089.76,0.0316,60.0,60-89 DPD,89,0,ACB-BR012
ACB-LN0005180,ACB-C005914,Auto Loan,2025-10-21,53633.58,6778.25,0.1592,180.0,Current,0,0,ACB-BR041
ACB-LN0005181,ACB-C005867,Mortgage,2020-06-29,586970.29,147060.68,0.072,180.0,Current,0,0,ACB-BR033
ACB-LN0005182,ACB-C013422,Personal Loan,2021-12-31,8876.89,1232.92,0.0856,84.0,60-89 DPD,87,0,ACB-BR040
ACB-LN0005183,ACB-C003036,Auto Loan,2022-07-03,15803.61,3258.25,0.1135,84.0,Current,0,0,ACB-BR079
ACB-LN0005184,ACB-C011251,Personal Loan,2026-02-24,3228.78,3075.85,0.2083,60.0,30-59 DPD,42,0,ACB-BR036
ACB-LN0005185,ACB-C014807,Auto Loan,2025-12-18,11180.18,741.37,0.16,36.0,Current,0,0,ACB-BR013
ACB-LN0005186,ACB-C011229,Home Equity Loan,2026-03-01,66689.72,20319.09,0.117,12.0,Paid Off,0,0,ACB-BR058
ACB-LN0005187,ACB-C010674,Mortgage,2024-05-28,544343.96,151594.31,,36.0,Current,0,0,ACB-BR032
ACB-LN0005188,ACB-C013804,Personal Loan,2022-02-02,23586.34,4178.49,0.1086,36.0,Current,0,0,ACB-BR069
ACB-LN0005189,ACB-C002172,Auto Loan,2020-06-26,29918.32,20238.75,0.1127,24.0,Paid Off,0,0,ACB-BR060
ACB-LN0005190,ACB-C000572,Mortgage,2021-05-10,423757.21,413938.15,0.0375,24.0,Default,331,1,ACB-BR026
ACB-LN0005191,ACB-C007779,Student Loan,2021-07-23,16667.15,7296.25,0.0724,12.0,Current,0,0,ACB-BR066
ACB-LN0005192,ACB-C008801,Home Equity Loan,2026-02-10,36019.19,24922.08,0.0922,360.0,Current,0,0,ACB-BR041
ACB-LN0005193,ACB-C014010,Auto Loan,2024-07-03,34309.04,16477.96,0.1565,48.0,Current,0,0,ACB-BR061
ACB-LN0005194,ACB-C007689,Personal Loan,2024-10-24,16256.89,15254.26,0.145,120.0,60-89 DPD,65,0,ACB-BR038
ACB-LN0005195,ACB-C004944,Mortgage,2022-04-19,471721.09,251256.14,0.075,12.0,Current,0,0,ACB-BR068
ACB-LN0005196,ACB-C013719,Small Business Loan,2021-01-16,194131.42,87434.68,0.1545,60.0,Current,0,0,ACB-BR031
ACB-LN0005197,ACB-C007693,Personal Loan,2022-07-23,4687.22,3284.81,0.24,12.0,Current,0,0,ACB-BR036
ACB-LN0005198,ACB-C001154,Auto Loan,2024-03-09,34743.32,14804.7,0.1347,36.0,Current,0,0,ACB-BR005
ACB-LN0005199,ACB-C009727,Mortgage,2020-07-20,294526.49,63750.35,0.0675,24.0,Current,0,0,ACB-BR022
ACB-LN0005200,ACB-C014254,Small Business Loan,2019-05-15,38113.03,15843.1,0.079,48.0,Current,0,0,ACB-BR062
ACB-LN0005201,ACB-C002978,Home Equity Loan,2021-05-06,58989.7,21792.08,0.1053,84.0,Current,0,0,ACB-BR068
ACB-LN0005202,ACB-C013310,Personal Loan,2022-11-02,2219.94,1287.45,0.1114,84.0,Current,0,0,ACB-BR016
ACB-LN0005203,ACB-C005487,Auto Loan,2021-01-22,52646.66,14339.47,0.0862,36.0,90+ DPD,125,1,ACB-BR010
ACB-LN0005204,ACB-C008599,Student Loan,2022-03-07,44788.23,21005.76,0.0754,24.0,Current,0,0,ACB-BR061
ACB-LN0005205,ACB-C007430,Personal Loan,2020-04-01,17848.06,14482.37,0.0971,12.0,Paid Off,0,0,ACB-BR029
ACB-LN0005206,ACB-C013696,Mortgage,2019-03-28,452294.72,51332.27,0.0583,24.0,30-59 DPD,36,0,ACB-BR040
ACB-LN0005207,ACB-C000983,Home Equity Loan,2020-11-10,117234.1,29158.22,0.0604,60.0,Current,0,0,ACB-BR003
ACB-LN0005208,ACB-C007740,Auto Loan,2026-02-07,48615.75,44598.45,0.121,24.0,Current,0,0,ACB-BR025
ACB-LN0005209,ACB-C007616,Small Business Loan,2021-12-06,215470.45,87730.64,0.1591,12.0,30-59 DPD,51,0,ACB-BR066
ACB-LN0005210,ACB-C006995,Auto Loan,2019-11-06,32270.57,5519.58,0.0504,120.0,Current,0,0,ACB-BR063
ACB-LN0005211,ACB-C010055,Personal Loan,2023-05-17,10593.35,6262.45,0.127,180.0,Current,0,0,ACB-BR003
ACB-LN0005212,ACB-C010918,Mortgage,2022-03-12,272086.19,226535.09,0.0712,36.0,Current,0,0,ACB-BR079
ACB-LN0005213,ACB-C009870,Student Loan,2019-08-10,78882.99,62215.28,0.086,84.0,Current,0,0,ACB-BR033
ACB-LN0005214,ACB-C000260,Personal Loan,2025-06-11,25660.33,23235.24,0.1529,180.0,Current,0,0,ACB-BR065
ACB-LN0005215,ACB-C012962,Student Loan,2023-07-19,13068.74,4565.29,0.0808,24.0,Current,0,0,ACB-BR026
ACB-LN0005216,ACB-C013950,Home Equity Loan,2019-08-15,64210.72,50300.07,0.0666,360.0,Current,0,0,ACB-BR052
ACB-LN0005217,ACB-C005498,Mortgage,2023-09-10,298426.24,155867.49,0.074,36.0,Current,0,0,ACB-BR013
ACB-LN0005218,ACB-C008405,Mortgage,2022-03-02,177572.0,142637.07,0.0473,24.0,Current,0,0,ACB-BR072
ACB-LN0005219,ACB-C004808,Auto Loan,2019-08-07,15837.92,8520.58,0.1265,60.0,60-89 DPD,89,0,ACB-BR003
ACB-LN0005220,ACB-C011503,Mortgage,2019-02-21,445887.6,133490.97,0.0374,48.0,Current,0,0,ACB-BR004
ACB-LN0005221,ACB-C012738,Mortgage,2023-07-19,406832.91,279259.29,0.0441,180.0,Current,0,0,ACB-BR065
ACB-LN0005222,ACB-C004277,Home Equity Loan,2025-01-08,105516.36,94922.84,0.0934,60.0,Current,0,0,ACB-BR002
ACB-LN0005223,ACB-C009123,Mortgage,2025-03-15,262679.35,196928.92,0.0549,36.0,Current,0,0,ACB-BR031
ACB-LN0005224,ACB-C008864,Home Equity Loan,2020-04-15,55680.67,21953.86,0.0988,180.0,Current,0,0,ACB-BR066
ACB-LN0005225,ACB-C011496,Home Equity Loan,2024-05-08,86034.37,65981.57,0.14,240.0,Current,0,0,ACB-BR068
ACB-LN0005226,ACB-C012703,Auto Loan,2026-01-02,36810.25,21835.05,0.1568,24.0,Current,0,0,ACB-BR023
ACB-LN0005227,ACB-C000933,Personal Loan,2019-06-21,29991.71,12627.4,0.1659,12.0,Current,0,0,ACB-BR006
ACB-LN0005228,ACB-C003162,Personal Loan,2024-07-20,4538.89,1680.25,0.2332,120.0,Current,0,0,ACB-BR074
ACB-LN0005229,ACB-C008095,Auto Loan,2020-03-25,43934.99,38295.51,0.0764,84.0,Current,0,0,ACB-BR002
ACB-LN0005230,ACB-C009647,Personal Loan,2025-08-14,31469.66,3723.04,0.24,60.0,Current,0,0,ACB-BR007
ACB-LN0005231,ACB-C001836,Mortgage,2024-11-24,304566.72,277020.4,0.0695,60.0,Written Off,0,1,ACB-BR072
ACB-LN0005232,ACB-C014081,Auto Loan,2024-12-05,27794.32,21324.06,0.1402,240.0,Current,0,0,ACB-BR073
ACB-LN0005233,ACB-C008294,Mortgage,2024-12-27,439464.77,124867.44,0.0503,48.0,Current,0,0,ACB-BR041
ACB-LN0005234,ACB-C001860,Mortgage,2025-02-04,301061.92,180996.37,0.0567,48.0,Current,0,0,ACB-BR025
ACB-LN0005235,ACB-C001431,Personal Loan,2022-07-02,15713.11,12953.43,0.1336,36.0,Current,0,0,ACB-BR046
ACB-LN0005236,ACB-C009873,Personal Loan,2019-11-23,11690.37,2677.26,0.1375,36.0,Default,155,1,ACB-BR002
ACB-LN0005237,ACB-C003763,Personal Loan,2023-07-21,34234.62,4934.26,0.1302,24.0,Current,0,0,ACB-BR065
ACB-LN0005238,ACB-C013974,Personal Loan,2023-04-24,4726.76,2363.36,0.24,60.0,Current,0,0,ACB-BR080
ACB-LN0005239,ACB-C001292,Small Business Loan,2023-10-10,184584.77,121770.55,0.1347,240.0,Current,0,0,ACB-BR059
ACB-LN0005240,ACB-C009009,Mortgage,2023-09-22,406216.4,382021.36,0.0595,120.0,Current,0,0,ACB-BR064
ACB-LN0005241,ACB-C002618,Mortgage,2021-06-03,401990.28,391012.39,0.0659,360.0,Current,0,0,ACB-BR008
ACB-LN0005242,ACB-C001131,Personal Loan,2021-04-17,11365.37,6780.48,0.163,240.0,Current,0,0,ACB-BR014
ACB-LN0005243,ACB-C007257,Mortgage,2024-10-10,565394.98,367700.47,0.045,36.0,Current,0,0,ACB-BR045
ACB-LN0005244,ACB-C011998,Personal Loan,2021-07-01,27757.4,11868.89,0.1681,24.0,30-59 DPD,38,0,ACB-BR067
ACB-LN0005245,ACB-C010082,Personal Loan,2020-08-22,14644.41,2438.7,0.1138,24.0,30-59 DPD,43,0,ACB-BR009
ACB-LN0005246,ACB-C000842,Mortgage,2019-11-19,254628.16,146353.85,0.05,360.0,Current,0,0,ACB-BR033
ACB-LN0005247,ACB-C002110,Mortgage,2025-02-06,207894.91,82721.26,0.093,180.0,Current,0,0,ACB-BR036
ACB-LN0005248,ACB-C008788,Mortgage,2021-01-16,360285.02,180580.94,0.0607,180.0,Current,0,0,ACB-BR065
ACB-LN0005249,ACB-C000317,Auto Loan,2022-12-14,16816.08,13086.74,0.16,120.0,Current,0,0,ACB-BR060
ACB-LN0005250,ACB-C005702,Small Business Loan,2024-09-05,158123.26,147366.76,0.1747,180.0,Current,0,0,ACB-BR011
ACB-LN0005251,ACB-C004572,Home Equity Loan,2025-03-27,40066.58,16264.63,0.14,60.0,Current,0,0,ACB-BR025
ACB-LN0005252,ACB-C001960,Personal Loan,2019-11-09,24472.05,16117.87,0.1027,48.0,Current,0,0,ACB-BR016
ACB-LN0005253,ACB-C002933,Home Equity Loan,2020-07-19,43076.28,40046.15,0.0559,36.0,60-89 DPD,72,0,ACB-BR018
ACB-LN0005254,ACB-C010500,Personal Loan,2021-08-14,19520.13,17473.38,0.1897,240.0,Current,0,0,ACB-BR014
ACB-LN0005255,ACB-C007851,Auto Loan,2019-10-23,11872.74,791.43,0.0951,84.0,Paid Off,0,0,ACB-BR054
ACB-LN0005256,ACB-C008720,Auto Loan,2022-06-24,37106.4,27045.24,0.0926,360.0,Current,0,0,ACB-BR078
ACB-LN0005257,ACB-C013087,Home Equity Loan,2023-06-21,77969.84,38178.07,0.12,48.0,Current,0,0,ACB-BR079
ACB-LN0005258,ACB-C009071,Home Equity Loan,2022-12-11,15348.12,14486.77,0.14,360.0,Current,0,0,ACB-BR060
ACB-LN0005259,ACB-C014079,Mortgage,2020-04-06,174852.62,108773.08,0.0385,180.0,Current,0,0,ACB-BR066
ACB-LN0005260,ACB-C001050,Auto Loan,2020-11-18,23934.98,5301.36,0.0511,240.0,Current,0,0,ACB-BR054
ACB-LN0005261,ACB-C000827,Mortgage,2023-11-27,604625.73,387058.51,0.0739,60.0,Paid Off,0,0,ACB-BR030
ACB-LN0005262,ACB-C014292,Personal Loan,2020-05-25,5865.99,4241.31,0.2152,360.0,Current,0,0,ACB-BR045
ACB-LN0005263,ACB-C006938,Mortgage,2024-05-28,228846.64,140009.2,0.0591,48.0,Current,0,0,ACB-BR047
ACB-LN0005264,ACB-C013823,Small Business Loan,2020-09-25,159072.48,57488.26,0.1292,84.0,Current,0,0,ACB-BR059
ACB-LN0005265,ACB-C005639,Personal Loan,2022-12-18,5858.42,4565.01,0.2274,360.0,60-89 DPD,72,0,ACB-BR046
ACB-LN0005266,ACB-C012905,Student Loan,2019-09-14,79854.93,59607.7,0.0531,12.0,Current,0,0,ACB-BR007
ACB-LN0005267,ACB-C008363,Auto Loan,2021-08-27,52068.18,35796.67,0.1193,360.0,Current,0,0,ACB-BR075
ACB-LN0005268,ACB-C014769,Auto Loan,2020-10-05,14121.34,3334.14,0.0892,84.0,Current,0,0,ACB-BR020
ACB-LN0005269,ACB-C012399,Auto Loan,2024-02-26,15988.1,5536.02,0.16,360.0,Default,242,1,ACB-BR067
ACB-LN0005270,ACB-C004109,Auto Loan,2022-06-07,23213.37,2422.74,0.0649,180.0,Current,0,0,ACB-BR021
ACB-LN0005271,ACB-C009376,Auto Loan,2019-08-06,49347.57,23410.64,0.0887,180.0,Current,0,0,ACB-BR064
ACB-LN0005272,ACB-C011358,Auto Loan,2024-07-24,13809.47,6425.25,0.16,120.0,Current,0,0,ACB-BR011
ACB-LN0005273,ACB-C009282,Home Equity Loan,2022-05-30,43712.46,23719.58,0.0976,60.0,Current,0,0,ACB-BR064
ACB-LN0005274,ACB-C001158,Auto Loan,2025-05-24,34247.66,21442.96,0.16,36.0,Current,0,0,ACB-BR051
ACB-LN0005275,ACB-C001648,Mortgage,2020-09-29,493633.1,378617.42,0.054,36.0,Current,0,0,ACB-BR038
ACB-LN0005276,ACB-C008114,Auto Loan,2019-01-23,46347.99,39008.47,0.0861,240.0,Current,0,0,ACB-BR059
ACB-LN0005277,ACB-C012237,Home Equity Loan,2019-07-22,27710.73,22744.36,0.1126,24.0,Current,0,0,ACB-BR056
ACB-LN0005278,ACB-C000894,Home Equity Loan,2023-09-09,15287.57,9147.58,0.1002,120.0,Current,0,0,ACB-BR011
ACB-LN0005279,ACB-C007310,Mortgage,2025-12-18,638068.82,360224.29,0.0655,60.0,30-59 DPD,52,0,ACB-BR064
ACB-LN0005280,ACB-C008784,Personal Loan,2024-09-13,12013.54,3166.2,0.1143,12.0,Current,0,0,ACB-BR041
ACB-LN0005281,ACB-C007376,Personal Loan,2024-04-11,15286.62,6718.1,0.24,24.0,Current,0,0,ACB-BR049
ACB-LN0005282,ACB-C005579,Mortgage,2022-09-18,400000.44,57768.77,0.0466,360.0,Written Off,0,1,ACB-BR019
ACB-LN0005283,ACB-C005063,Small Business Loan,2021-04-01,92873.58,65434.3,0.1227,48.0,Current,0,0,ACB-BR032
ACB-LN0005284,ACB-C000878,Personal Loan,2019-01-18,10036.49,2605.87,,84.0,Current,0,0,ACB-BR015
ACB-LN0005285,ACB-C005812,Mortgage,2019-10-14,253403.45,30307.08,0.0487,120.0,Current,0,0,ACB-BR005
ACB-LN0005286,ACB-C009060,Personal Loan,2019-01-14,19458.82,7582.04,0.1181,360.0,Current,0,0,ACB-BR060
ACB-LN0005287,ACB-C001004,Mortgage,2022-09-18,552801.8,247813.52,0.0583,48.0,Current,0,0,ACB-BR080
ACB-LN0005288,ACB-C012104,Personal Loan,2024-03-23,31975.85,17154.51,0.1472,48.0,Current,0,0,ACB-BR040
ACB-LN0005289,ACB-C013299,Auto Loan,2020-04-04,27439.18,6262.06,0.0502,12.0,Current,0,0,ACB-BR038
ACB-LN0005290,ACB-C009633,Home Equity Loan,2020-01-14,75898.31,58486.15,0.0816,180.0,Current,0,0,ACB-BR064
ACB-LN0005291,ACB-C013642,Mortgage,2019-03-28,271372.37,44450.71,0.0641,60.0,Current,0,0,ACB-BR050
ACB-LN0005292,ACB-C007452,Personal Loan,2024-01-10,30039.7,18139.88,0.24,120.0,Paid Off,0,0,ACB-BR079
ACB-LN0005293,ACB-C008700,Auto Loan,2021-05-12,34229.79,18495.05,0.1274,24.0,Current,0,0,ACB-BR015
ACB-LN0005294,ACB-C001559,Home Equity Loan,2025-11-08,23757.87,17321.64,0.14,,Current,0,0,ACB-BR008
ACB-LN0005295,ACB-C004947,Mortgage,2023-06-01,597169.43,448684.77,0.095,84.0,Written Off,0,1,ACB-BR056
ACB-LN0005296,ACB-C001326,Home Equity Loan,2023-06-03,86444.64,10428.53,0.1395,36.0,Current,0,0,ACB-BR073
ACB-LN0005297,ACB-C010614,Personal Loan,2023-12-11,15896.05,4481.08,0.2181,24.0,Current,0,0,ACB-BR046
ACB-LN0005298,ACB-C008587,Mortgage,2023-11-12,323641.84,141271.43,0.09,240.0,Current,0,0,ACB-BR066
ACB-LN0005299,ACB-C014162,Auto Loan,2021-08-10,11941.5,7457.61,0.052,12.0,Current,0,0,ACB-BR021
ACB-LN0005300,ACB-C001165,Student Loan,2024-06-02,5191.97,4973.63,0.11,120.0,Paid Off,0,0,ACB-BR059
ACB-LN0005301,ACB-C014662,Student Loan,2023-09-19,70701.35,26491.54,0.0977,360.0,Current,0,0,ACB-BR062
ACB-LN0005302,ACB-C009489,Student Loan,2025-02-11,41853.76,25608.09,0.11,120.0,60-89 DPD,73,0,ACB-BR032
ACB-LN0005303,ACB-C006208,Personal Loan,2021-08-27,4630.59,3139.79,0.1738,84.0,Current,0,0,ACB-BR007
ACB-LN0005304,ACB-C014902,Small Business Loan,2019-01-13,30831.26,4433.77,0.1304,84.0,Current,0,0,ACB-BR063
ACB-LN0005305,ACB-C005766,Auto Loan,2026-03-28,14210.57,13925.48,0.1433,120.0,Paid Off,0,0,ACB-BR078
ACB-LN0005306,ACB-C008811,Auto Loan,2019-06-30,39369.26,33688.53,0.0588,60.0,Current,0,0,ACB-BR002
ACB-LN0005307,ACB-C008779,Personal Loan,2021-01-03,10174.84,2340.24,0.1998,120.0,Current,0,0,ACB-BR026
ACB-LN0005308,ACB-C005960,Home Equity Loan,2019-04-13,88149.14,9699.66,0.0669,12.0,Current,0,0,ACB-BR051
ACB-LN0005309,ACB-C013103,Personal Loan,2021-12-10,4796.1,4258.9,0.1761,360.0,Current,0,0,ACB-BR020
ACB-LN0005310,ACB-C011955,Mortgage,2025-01-14,513035.8,454829.09,0.0912,180.0,Current,0,0,ACB-BR066
ACB-LN0005311,ACB-C002009,Personal Loan,2019-04-17,28869.11,2725.99,0.1393,240.0,Paid Off,0,0,ACB-BR007
ACB-LN0005312,ACB-C004203,Auto Loan,2025-10-20,18235.0,12528.29,0.0692,120.0,Current,0,0,ACB-BR076
ACB-LN0005313,ACB-C010114,Personal Loan,2024-11-29,13122.36,4588.05,0.1138,60.0,Current,0,0,ACB-BR077
ACB-LN0005314,ACB-C002444,Mortgage,2020-06-24,175428.08,85950.57,0.053,180.0,Paid Off,0,0,ACB-BR014
ACB-LN0005315,ACB-C000601,Auto Loan,2022-05-16,23843.9,4524.4,0.0934,60.0,Paid Off,0,0,ACB-BR010
ACB-LN0005316,ACB-C014549,Auto Loan,2021-10-31,40113.44,10358.04,0.0542,24.0,Paid Off,0,0,ACB-BR017
ACB-LN0005317,ACB-C003464,Student Loan,2019-10-21,49156.15,15185.38,0.0652,60.0,Current,0,0,ACB-BR019
ACB-LN0005318,ACB-C002293,Personal Loan,2020-12-28,34611.89,27094.89,0.1392,24.0,Current,0,0,ACB-BR013
ACB-LN0005319,ACB-C002290,Home Equity Loan,2021-03-22,34664.22,6844.03,0.1177,24.0,Paid Off,0,0,ACB-BR074
ACB-LN0005320,ACB-C001405,Personal Loan,2020-03-17,7561.29,3983.03,0.219,36.0,Current,0,0,ACB-BR067
ACB-LN0005321,ACB-C002240,Auto Loan,2022-09-23,40751.38,8671.91,0.088,240.0,Current,0,0,ACB-BR070
ACB-LN0005322,ACB-C007174,Small Business Loan,2025-04-15,177851.1,81800.1,0.1543,60.0,Default,197,1,ACB-BR078
ACB-LN0005323,ACB-C011750,Mortgage,2021-03-10,552058.41,308626.92,0.0491,120.0,Current,0,0,ACB-BR068
ACB-LN0005324,ACB-C006441,Personal Loan,2020-01-16,7654.03,3668.46,0.1954,12.0,Current,0,0,ACB-BR006
ACB-LN0005325,ACB-C006750,Auto Loan,2022-03-23,30504.42,2386.17,0.1145,84.0,Current,0,0,ACB-BR001
ACB-LN0005326,ACB-C009094,Mortgage,2022-06-08,201143.62,138259.8,0.0531,120.0,Current,0,0,ACB-BR073
ACB-LN0005327,ACB-C000068,Mortgage,2023-02-04,376526.71,311914.4,0.0457,240.0,Current,0,0,ACB-BR051
ACB-LN0005328,ACB-C013287,Auto Loan,2022-10-28,22051.59,16691.13,0.16,36.0,Current,0,0,ACB-BR061
ACB-LN0005329,ACB-C007636,Mortgage,2020-05-10,495161.19,90827.0,0.0443,240.0,Current,0,0,ACB-BR015
ACB-LN0005330,ACB-C003015,Personal Loan,2022-12-09,21832.64,15680.52,0.1516,48.0,Current,0,0,ACB-BR013
ACB-LN0005331,ACB-C010607,Personal Loan,2025-12-25,17699.76,5048.03,0.2007,180.0,Written Off,0,1,ACB-BR076
ACB-LN0005332,ACB-C007186,Mortgage,2023-04-09,254613.55,20267.22,0.0864,12.0,Current,0,0,ACB-BR054
ACB-LN0005333,ACB-C004449,Personal Loan,2024-09-05,28897.41,11735.01,0.24,360.0,Current,0,0,ACB-BR017
ACB-LN0005334,ACB-C013910,Mortgage,2021-11-05,471509.46,217150.81,0.0418,,90+ DPD,174,1,ACB-BR078
ACB-LN0005335,ACB-C005416,Personal Loan,2023-04-01,17446.31,13098.62,0.213,48.0,Current,0,0,ACB-BR052
ACB-LN0005336,ACB-C013284,Mortgage,2022-09-10,252133.96,85038.7,0.045,84.0,Current,0,0,ACB-BR014
ACB-LN0005337,ACB-C013779,Personal Loan,2019-01-02,9149.94,5977.98,0.1427,12.0,Current,0,0,ACB-BR015
ACB-LN0005338,ACB-C000945,Mortgage,2025-02-14,147189.06,57995.17,0.045,180.0,Current,0,0,ACB-BR050
ACB-LN0005339,ACB-C005977,Mortgage,2021-09-15,475202.23,147682.85,0.0344,180.0,Current,0,0,ACB-BR022
ACB-LN0005340,ACB-C008975,Mortgage,2020-03-23,541324.91,60531.91,0.0692,24.0,Current,0,0,ACB-BR080
ACB-LN0005341,ACB-C000332,Personal Loan,2021-01-07,10990.77,9733.51,0.1427,24.0,Current,0,0,ACB-BR011
ACB-LN0005342,ACB-C013830,Home Equity Loan,2023-12-02,110062.4,88038.74,0.1277,240.0,Current,0,0,ACB-BR058
ACB-LN0005343,ACB-C007774,Auto Loan,2023-05-08,26125.78,13557.2,0.16,180.0,Current,0,0,ACB-BR079
ACB-LN0005344,ACB-C013829,Mortgage,2024-05-22,463839.23,324992.05,0.095,84.0,60-89 DPD,70,0,ACB-BR041
ACB-LN0005345,ACB-C007388,Auto Loan,2019-04-01,34066.02,13535.9,0.0587,36.0,Current,0,0,ACB-BR035
ACB-LN0005346,ACB-C002087,Mortgage,2022-06-13,335816.71,115808.3,0.0879,84.0,90+ DPD,152,1,ACB-BR047
ACB-LN0005347,ACB-C007176,Mortgage,2025-08-29,250903.18,70613.53,0.091,84.0,Current,0,0,ACB-BR022
ACB-LN0005348,ACB-C001717,Auto Loan,2020-08-19,16618.11,9652.25,0.0842,180.0,90+ DPD,96,1,ACB-BR018
ACB-LN0005349,ACB-C005279,Home Equity Loan,2025-10-12,86425.67,37874.28,0.1278,120.0,Current,0,0,ACB-BR046
ACB-LN0005350,ACB-C014342,Auto Loan,2022-05-30,41747.76,13111.4,0.0881,48.0,Paid Off,0,0,ACB-BR058
ACB-LN0005351,ACB-C014682,Mortgage,2020-01-06,505798.46,383858.45,0.0694,60.0,90+ DPD,128,1,ACB-BR007
ACB-LN0005352,ACB-C013120,Auto Loan,2023-07-11,28088.14,13912.81,0.16,120.0,Current,0,0,ACB-BR013
ACB-LN0005353,ACB-C012142,Home Equity Loan,2022-07-11,113844.53,8850.6,0.0844,24.0,Current,0,0,ACB-BR049
ACB-LN0005354,ACB-C002596,Mortgage,2026-03-08,596821.11,176368.09,0.0555,24.0,Current,0,0,ACB-BR074
ACB-LN0005355,ACB-C013690,Mortgage,2019-12-24,179259.83,138171.9,0.0312,240.0,90+ DPD,141,1,ACB-BR023
ACB-LN0005356,ACB-C002184,Auto Loan,2025-12-19,54296.29,28385.55,0.0792,12.0,30-59 DPD,54,0,ACB-BR039
ACB-LN0005357,ACB-C014262,Small Business Loan,2020-09-08,123805.37,11868.69,0.0719,24.0,Current,0,0,ACB-BR025
ACB-LN0005358,ACB-C008666,Small Business Loan,2020-02-17,195447.71,79904.08,0.1777,36.0,Current,0,0,ACB-BR029
ACB-LN0005359,ACB-C007742,Personal Loan,2021-02-20,16355.8,6072.46,0.1211,36.0,Current,0,0,ACB-BR026
ACB-LN0005360,ACB-C002245,Personal Loan,2023-01-12,32270.28,29124.59,0.1804,24.0,Current,0,0,ACB-BR018
ACB-LN0005361,ACB-C005354,Student Loan,2020-05-24,8450.5,5864.66,0.0701,60.0,Current,0,0,ACB-BR043
ACB-LN0005362,ACB-C001168,Mortgage,2021-11-25,172916.39,155285.28,0.0714,240.0,30-59 DPD,52,0,ACB-BR013
ACB-LN0005363,ACB-C004525,Home Equity Loan,2023-06-12,89552.9,77141.3,0.14,360.0,Current,0,0,ACB-BR064
ACB-LN0005364,ACB-C004693,Auto Loan,2026-03-09,9613.38,2537.85,0.103,12.0,Current,0,0,ACB-BR002
ACB-LN0005365,ACB-C009382,Auto Loan,2025-09-10,40653.73,33900.05,0.1344,48.0,Current,0,0,ACB-BR032
ACB-LN0005366,ACB-C010660,Personal Loan,2021-04-05,29406.43,8383.39,0.173,240.0,Current,0,0,ACB-BR036
ACB-LN0005367,ACB-C005256,Mortgage,2024-11-04,248107.95,219214.08,0.0897,48.0,Current,0,0,ACB-BR043
ACB-LN0005368,ACB-C001945,Mortgage,2019-01-02,280785.48,135402.41,0.0424,60.0,Current,0,0,ACB-BR002
ACB-LN0005369,ACB-C010496,Auto Loan,2023-11-30,14715.55,13584.15,0.1469,84.0,Current,0,0,ACB-BR076
ACB-LN0005370,ACB-C005591,Small Business Loan,2022-05-20,100654.45,35675.99,0.1668,120.0,Current,0,0,ACB-BR013
ACB-LN0005371,ACB-C003348,Mortgage,2025-12-05,182377.64,160100.08,0.08,12.0,Current,0,0,ACB-BR079
ACB-LN0005372,ACB-C005437,Small Business Loan,2022-01-29,245621.69,221955.09,0.1453,12.0,Paid Off,0,0,ACB-BR074
ACB-LN0005373,ACB-C000378,Personal Loan,2020-11-13,25045.11,3474.85,0.1838,180.0,Current,0,0,ACB-BR064
ACB-LN0005374,ACB-C010486,Personal Loan,2022-07-12,11683.14,6522.89,0.1998,24.0,Current,0,0,ACB-BR029
ACB-LN0005375,ACB-C001344,Personal Loan,2024-02-11,34444.67,30516.8,0.1187,36.0,60-89 DPD,77,0,ACB-BR035
ACB-LN0005376,ACB-C009944,Mortgage,2019-08-13,452949.46,238364.54,0.0497,36.0,Current,0,0,ACB-BR008
ACB-LN0005377,ACB-C013489,Auto Loan,2021-01-30,27310.65,2714.26,0.047,,Current,0,0,ACB-BR034
ACB-LN0005378,ACB-C000113,Personal Loan,2025-06-24,10641.64,3220.25,0.193,120.0,Current,0,0,ACB-BR032
ACB-LN0005379,ACB-C014181,Auto Loan,2022-06-12,13480.83,10605.44,0.0976,24.0,Current,0,0,ACB-BR041
ACB-LN0005380,ACB-C008290,Mortgage,2025-09-02,186630.31,69699.15,0.0666,36.0,Current,0,0,ACB-BR073
ACB-LN0005381,ACB-C006952,Personal Loan,2023-05-24,3207.9,1030.82,0.1706,24.0,Paid Off,0,0,ACB-BR027
ACB-LN0005382,ACB-C007138,Mortgage,2023-02-24,181106.18,15584.13,0.0761,60.0,Current,0,0,ACB-BR080
ACB-LN0005383,ACB-C006784,Personal Loan,2022-03-22,21418.95,14788.88,0.1499,120.0,30-59 DPD,48,0,ACB-BR065
ACB-LN0005384,ACB-C002644,Personal Loan,2021-09-10,8709.51,6438.92,0.182,84.0,Current,0,0,ACB-BR026
ACB-LN0005385,ACB-C009617,Home Equity Loan,2020-07-19,20680.4,15685.1,0.0596,360.0,Current,0,0,ACB-BR045
ACB-LN0005386,ACB-C012754,Auto Loan,2022-01-03,34973.13,23972.79,0.0523,48.0,Current,0,0,ACB-BR021
ACB-LN0005387,ACB-C013914,Auto Loan,2021-04-21,42470.42,23706.23,0.065,360.0,Current,0,0,ACB-BR064
ACB-LN0005388,ACB-C012855,Personal Loan,2021-11-03,7349.44,4518.92,0.1476,240.0,Paid Off,0,0,ACB-BR041
ACB-LN0005389,ACB-C014397,Personal Loan,2023-05-03,28429.57,23640.85,0.24,180.0,Current,0,0,ACB-BR007
ACB-LN0005390,ACB-C004830,Auto Loan,2019-01-17,30234.28,18344.66,0.0636,180.0,Current,0,0,ACB-BR044
ACB-LN0005391,ACB-C013745,Student Loan,2024-01-26,35740.12,26159.54,0.0609,12.0,30-59 DPD,47,0,ACB-BR036
ACB-LN0005392,ACB-C004436,Mortgage,2023-10-08,304659.95,221797.53,0.0423,36.0,Current,0,0,ACB-BR042
ACB-LN0005393,ACB-C010861,Home Equity Loan,2022-04-22,84039.04,61496.84,0.0657,360.0,30-59 DPD,32,0,ACB-BR078
ACB-LN0005394,ACB-C009757,Auto Loan,2023-01-03,50104.82,46374.51,0.0815,240.0,30-59 DPD,48,0,ACB-BR006
ACB-LN0005395,ACB-C012198,Mortgage,2024-08-22,574087.17,173956.49,0.0939,48.0,60-89 DPD,86,0,ACB-BR061
ACB-LN0005396,ACB-C002160,Personal Loan,2025-12-10,12138.25,2540.74,0.1201,120.0,Paid Off,0,0,ACB-BR063
ACB-LN0005397,ACB-C013144,Personal Loan,2023-12-02,11096.77,1986.48,0.24,360.0,Current,0,0,ACB-BR073
ACB-LN0005398,ACB-C002860,Auto Loan,2025-12-15,37319.56,2883.26,0.1264,12.0,Current,0,0,ACB-BR040
ACB-LN0005399,ACB-C009801,Mortgage,2020-07-19,218166.17,78219.68,,48.0,Paid Off,0,0,ACB-BR048
ACB-LN0005400,ACB-C009168,Personal Loan,2021-04-02,34948.83,5777.58,0.1122,360.0,Current,0,0,ACB-BR056
ACB-LN0005401,ACB-C004672,Personal Loan,2024-11-06,29778.07,22607.73,0.2316,36.0,Current,0,0,ACB-BR041
ACB-LN0005402,ACB-C010293,Personal Loan,2019-11-14,10744.58,2950.18,0.1609,,Paid Off,0,0,ACB-BR032
ACB-LN0005403,ACB-C003264,Mortgage,2019-09-11,479127.83,363550.07,0.0427,360.0,Current,0,0,ACB-BR013
ACB-LN0005404,ACB-C012891,Home Equity Loan,2021-12-05,88440.93,22230.9,0.0627,12.0,60-89 DPD,71,0,ACB-BR026
ACB-LN0005405,ACB-C000714,Auto Loan,2022-08-28,50807.05,35971.97,0.0841,24.0,60-89 DPD,75,0,ACB-BR075
ACB-LN0005406,ACB-C014523,Personal Loan,2024-03-03,14095.91,11075.49,,60.0,Current,0,0,ACB-BR067
ACB-LN0005407,ACB-C003854,Personal Loan,2021-09-23,23305.08,9404.32,0.1658,48.0,Paid Off,0,0,ACB-BR061
ACB-LN0005408,ACB-C004037,Small Business Loan,2026-03-23,78266.9,32747.39,0.1062,24.0,Current,0,0,ACB-BR067
ACB-LN0005409,ACB-C013774,Mortgage,2024-08-02,434737.53,154671.64,0.0717,84.0,Current,0,0,ACB-BR076
ACB-LN0005410,ACB-C010410,Home Equity Loan,2020-08-22,74945.36,6804.42,0.094,36.0,Current,0,0,ACB-BR061
ACB-LN0005411,ACB-C003365,Student Loan,2025-09-03,32852.73,19396.3,0.1054,180.0,Current,0,0,ACB-BR079
ACB-LN0005412,ACB-C008425,Personal Loan,2022-01-29,22829.58,17614.09,0.0855,36.0,Current,0,0,ACB-BR027
ACB-LN0005413,ACB-C008838,Mortgage,2020-08-21,449500.24,253094.15,0.0666,120.0,Current,0,0,ACB-BR049
ACB-LN0005414,ACB-C002324,Mortgage,2024-07-17,200043.77,146016.76,0.0427,180.0,Current,0,0,ACB-BR009
ACB-LN0005415,ACB-C006516,Mortgage,2019-10-28,623480.16,607392.33,0.06,48.0,Current,0,0,ACB-BR037
ACB-LN0005416,ACB-C007095,Personal Loan,2021-06-12,24514.49,8475.58,0.2167,240.0,30-59 DPD,55,0,ACB-BR003
ACB-LN0005417,ACB-C003593,Auto Loan,2025-12-25,51701.15,28261.81,0.1382,360.0,Current,0,0,ACB-BR067
ACB-LN0005418,ACB-C014127,Personal Loan,2021-11-27,20829.7,7401.76,0.1236,84.0,Current,0,0,ACB-BR072
ACB-LN0005419,ACB-C002424,Auto Loan,2020-04-23,22897.03,5491.01,0.0805,120.0,30-59 DPD,30,0,ACB-BR006
ACB-LN0005420,ACB-C001835,Student Loan,2021-05-18,13919.13,11703.76,0.0688,36.0,Current,0,0,ACB-BR019
ACB-LN0005421,ACB-C008250,Personal Loan,2023-12-26,11616.61,4464.26,0.1721,12.0,Current,0,0,ACB-BR050
ACB-LN0005422,ACB-C002588,Auto Loan,2025-12-09,36678.35,4739.05,0.16,120.0,Current,0,0,ACB-BR038
ACB-LN0005423,ACB-C010220,Student Loan,2023-10-22,14883.53,12310.29,0.0569,180.0,Current,0,0,ACB-BR069
ACB-LN0005424,ACB-C011895,Home Equity Loan,2020-05-15,79241.46,60691.79,0.0853,240.0,30-59 DPD,32,0,ACB-BR061
ACB-LN0005425,ACB-C014707,Personal Loan,2024-08-01,31141.86,19463.59,0.1236,24.0,Current,0,0,ACB-BR001
ACB-LN0005426,ACB-C005258,Auto Loan,2023-09-23,20650.58,9469.71,0.1136,36.0,Current,0,0,ACB-BR048
ACB-LN0005427,ACB-C013973,Auto Loan,2025-09-22,9055.66,6589.2,0.16,36.0,90+ DPD,92,1,ACB-BR040
ACB-LN0005428,ACB-C009229,Personal Loan,2023-04-04,34768.85,11557.73,0.1898,120.0,Current,0,0,ACB-BR045
ACB-LN0005429,ACB-C004348,Home Equity Loan,2020-01-09,83034.79,48384.32,0.0802,360.0,Current,0,0,ACB-BR048
ACB-LN0005430,ACB-C011205,Personal Loan,2022-05-20,32159.09,28097.41,0.1489,240.0,Current,0,0,ACB-BR065
ACB-LN0005431,ACB-C011399,Mortgage,2022-09-13,624449.81,49380.16,0.0637,180.0,Current,0,0,ACB-BR041
ACB-LN0005432,ACB-C003568,Home Equity Loan,2024-02-12,112323.32,38615.68,0.0931,24.0,Current,0,0,ACB-BR020
ACB-LN0005433,ACB-C005680,Small Business Loan,2025-12-12,115606.59,33352.25,0.0905,60.0,Current,0,0,ACB-BR044
ACB-LN0005434,ACB-C010970,Personal Loan,2025-05-13,26589.54,7724.25,0.24,360.0,Current,0,0,ACB-BR061
ACB-LN0005435,ACB-C012761,Auto Loan,2025-10-05,13442.43,7396.11,0.1038,24.0,Current,0,0,ACB-BR026
ACB-LN0005436,ACB-C011310,Personal Loan,2019-01-22,10642.6,2601.0,0.1531,120.0,Current,0,0,ACB-BR025
ACB-LN0005437,ACB-C009620,Auto Loan,2025-10-29,30944.11,28434.04,0.16,120.0,Current,0,0,ACB-BR040
ACB-LN0005438,ACB-C014526,Personal Loan,2021-01-27,22191.33,11528.07,0.206,180.0,Current,0,0,ACB-BR003
ACB-LN0005439,ACB-C006565,Small Business Loan,2022-04-04,77201.55,23604.32,0.1123,120.0,Current,0,0,ACB-BR063
ACB-LN0005440,ACB-C005385,Auto Loan,2021-11-27,52324.24,20376.45,0.0901,36.0,Current,0,0,ACB-BR052
ACB-LN0005441,ACB-C004634,Mortgage,2020-05-09,321821.58,256366.5,0.0726,180.0,Current,0,0,ACB-BR074
ACB-LN0005442,ACB-C010324,Student Loan,2021-11-07,50764.63,23431.42,0.0818,84.0,Paid Off,0,0,ACB-BR037
ACB-LN0005443,ACB-C005568,Mortgage,2019-02-05,345903.91,26789.37,0.043,360.0,Default,183,1,ACB-BR051
ACB-LN0005444,ACB-C011686,Mortgage,2023-03-12,546803.23,434792.56,0.0532,24.0,30-59 DPD,38,0,ACB-BR066
ACB-LN0005445,ACB-C004045,Auto Loan,2020-12-24,49092.99,12724.92,0.1292,60.0,Current,0,0,ACB-BR022
ACB-LN0005446,ACB-C009910,Personal Loan,2025-06-09,16146.65,3059.98,0.1774,180.0,Current,0,0,ACB-BR049
ACB-LN0005447,ACB-C003580,Personal Loan,2021-07-29,19928.94,7964.71,0.0997,180.0,Paid Off,0,0,ACB-BR001
ACB-LN0005448,ACB-C004908,Personal Loan,2022-10-19,6361.98,3623.99,0.24,84.0,90+ DPD,161,1,ACB-BR058
ACB-LN0005449,ACB-C011853,Student Loan,2021-05-19,39676.77,8908.32,0.0768,12.0,Current,0,0,ACB-BR046
ACB-LN0005450,ACB-C009250,Small Business Loan,2023-04-16,42890.25,35889.5,0.0993,36.0,90+ DPD,120,1,ACB-BR076
ACB-LN0005451,ACB-C010770,Home Equity Loan,2026-03-25,111791.9,74070.44,0.1115,84.0,Current,0,0,ACB-BR050
ACB-LN0005452,ACB-C010041,Mortgage,2022-07-10,229409.22,152855.22,0.0927,84.0,30-59 DPD,45,0,ACB-BR007
ACB-LN0005453,ACB-C005593,Mortgage,2024-11-20,452429.47,208934.11,0.0422,360.0,Current,0,0,ACB-BR016
ACB-LN0005454,ACB-C002839,Student Loan,2020-10-10,30869.15,16429.85,0.0406,360.0,Current,0,0,ACB-BR077
ACB-LN0005455,ACB-C001413,Auto Loan,2023-04-25,18831.39,8612.08,0.0905,84.0,Current,0,0,ACB-BR002
ACB-LN0005456,ACB-C010042,Student Loan,2022-08-23,67273.8,31450.7,0.102,48.0,Current,0,0,ACB-BR062
ACB-LN0005457,ACB-C000286,Personal Loan,2022-11-21,19250.25,15532.43,0.1244,360.0,Current,0,0,ACB-BR072
ACB-LN0005458,ACB-C005267,Personal Loan,2020-05-25,26705.62,5619.45,0.188,12.0,Current,0,0,ACB-BR042
ACB-LN0005459,ACB-C014833,Personal Loan,2019-04-13,3415.48,2815.68,0.1944,180.0,Current,0,0,ACB-BR022
ACB-LN0005460,ACB-C012386,Mortgage,2026-01-14,188871.55,160571.08,0.0854,36.0,Paid Off,0,0,ACB-BR036
ACB-LN0005461,ACB-C001494,Small Business Loan,2020-04-19,139246.2,125265.34,0.1788,24.0,Current,0,0,ACB-BR058
ACB-LN0005462,ACB-C001243,Auto Loan,2020-09-28,16586.01,1204.62,0.0606,24.0,Current,0,0,ACB-BR004
ACB-LN0005463,ACB-C003576,Personal Loan,2020-05-13,33863.65,9949.92,0.1647,60.0,Current,0,0,ACB-BR026
ACB-LN0005464,ACB-C005549,Auto Loan,2021-09-13,27656.29,4093.95,0.1306,60.0,Current,0,0,ACB-BR002
ACB-LN0005465,ACB-C012408,Mortgage,2024-08-14,463803.65,132880.25,0.0705,360.0,90+ DPD,113,1,ACB-BR022
ACB-LN0005466,ACB-C004756,Mortgage,2019-09-11,455047.04,335726.48,0.0306,12.0,Current,0,0,ACB-BR047
ACB-LN0005467,ACB-C008104,Student Loan,2021-05-06,63435.01,23518.65,0.0701,84.0,Paid Off,0,0,ACB-BR063
ACB-LN0005468,ACB-C001108,Student Loan,2020-05-21,50954.38,25636.38,0.0668,24.0,Written Off,0,1,ACB-BR015
ACB-LN0005469,ACB-C004161,Mortgage,2019-11-11,219453.52,103157.38,0.0639,120.0,Current,0,0,ACB-BR028
ACB-LN0005470,ACB-C000033,Auto Loan,2024-05-07,8963.53,5347.18,0.1466,240.0,Current,0,0,ACB-BR073
ACB-LN0005471,ACB-C014273,Mortgage,2025-01-21,435291.8,398545.18,0.0577,84.0,Current,0,0,ACB-BR017
ACB-LN0005472,ACB-C005920,Auto Loan,2025-02-27,53259.22,38517.41,0.1244,180.0,Current,0,0,ACB-BR005
ACB-LN0005473,ACB-C000645,Personal Loan,2023-05-06,5623.46,3521.43,0.24,240.0,Current,0,0,ACB-BR039
ACB-LN0005474,ACB-C007169,Auto Loan,2020-04-06,42286.82,11691.57,0.0585,84.0,Current,0,0,ACB-BR033
ACB-LN0005475,ACB-C010972,Mortgage,2020-03-25,257564.26,221065.87,0.0747,360.0,Current,0,0,ACB-BR048
ACB-LN0005476,ACB-C012840,Mortgage,2022-04-07,322556.02,164192.61,0.0635,84.0,Paid Off,0,0,ACB-BR044
ACB-LN0005477,ACB-C013634,Personal Loan,2025-03-23,19513.9,3278.15,0.1777,24.0,Current,0,0,ACB-BR079
ACB-LN0005478,ACB-C009228,Personal Loan,2025-08-14,18355.25,9369.66,0.24,360.0,Current,0,0,ACB-BR041
ACB-LN0005479,ACB-C001047,Personal Loan,2019-02-01,11565.39,6597.98,0.1261,48.0,Current,0,0,ACB-BR060
ACB-LN0005480,ACB-C000100,Personal Loan,2024-03-27,9648.34,6969.56,0.2033,180.0,Current,0,0,ACB-BR034
ACB-LN0005481,ACB-C008172,Mortgage,2021-08-12,473685.4,179217.75,0.0625,120.0,Current,0,0,ACB-BR077
ACB-LN0005482,ACB-C010435,Student Loan,2025-10-23,64990.19,8765.16,0.1029,240.0,Current,0,0,ACB-BR013
ACB-LN0005483,ACB-C013687,Small Business Loan,2024-06-29,115967.14,31908.27,0.089,60.0,Current,0,0,ACB-BR045
ACB-LN0005484,ACB-C014575,Auto Loan,2019-03-22,27733.58,21482.51,0.0581,48.0,Current,0,0,ACB-BR036
ACB-LN0005485,ACB-C008886,Mortgage,2025-09-25,594417.63,460666.62,0.0679,240.0,Current,0,0,ACB-BR046
ACB-LN0005486,ACB-C013822,Mortgage,2025-01-26,607341.82,295149.2,0.094,12.0,Current,0,0,ACB-BR050
ACB-LN0005487,ACB-C007745,Small Business Loan,2019-06-19,233481.52,49765.17,0.1743,48.0,Current,0,0,ACB-BR038
ACB-LN0005488,ACB-C007283,Auto Loan,2023-10-12,36759.94,20188.23,0.0928,12.0,Current,0,0,ACB-BR035
ACB-LN0005489,ACB-C014395,Personal Loan,2025-12-21,14788.27,8621.36,0.24,180.0,Current,0,0,ACB-BR055
ACB-LN0005490,ACB-C000330,Auto Loan,2022-12-29,26758.39,13575.52,0.1178,48.0,Current,0,0,ACB-BR022
ACB-LN0005491,ACB-C013418,Mortgage,2023-04-08,422630.65,281850.6,0.0563,12.0,Current,0,0,ACB-BR056
ACB-LN0005492,ACB-C003129,Auto Loan,2022-09-08,33228.6,21720.57,0.0622,48.0,Current,0,0,ACB-BR076
ACB-LN0005493,ACB-C014754,Mortgage,2020-10-09,630804.88,558412.28,0.0522,240.0,Current,0,0,ACB-BR030
ACB-LN0005494,ACB-C007923,Auto Loan,2025-01-06,46985.14,22966.23,0.1118,48.0,90+ DPD,112,1,ACB-BR003
ACB-LN0005495,ACB-C003316,Student Loan,2019-07-18,64795.12,26914.39,0.0582,84.0,Current,0,0,ACB-BR022
ACB-LN0005496,ACB-C000922,Mortgage,2022-07-04,200444.36,53931.38,0.082,180.0,Current,0,0,ACB-BR001
ACB-LN0005497,ACB-C007341,Personal Loan,2024-04-16,20907.78,11387.46,0.24,24.0,Current,0,0,ACB-BR023
ACB-LN0005498,ACB-C001354,Home Equity Loan,2023-03-19,19947.31,1327.07,0.1025,12.0,Current,0,0,ACB-BR021
ACB-LN0005499,ACB-C013001,Personal Loan,2024-07-10,32841.37,24145.89,0.24,12.0,Current,0,0,ACB-BR023
ACB-LN0005500,ACB-C013417,Auto Loan,2019-01-06,31097.23,14282.52,0.1152,60.0,Current,0,0,ACB-BR013
ACB-LN0005501,ACB-C006005,Student Loan,2022-04-07,48061.57,17443.01,0.083,24.0,Current,0,0,ACB-BR054
ACB-LN0005502,ACB-C002269,Mortgage,2023-02-15,462838.91,60168.26,0.0725,24.0,60-89 DPD,65,0,ACB-BR056
ACB-LN0005503,ACB-C010746,Personal Loan,2022-06-12,7293.9,5261.79,0.2241,48.0,60-89 DPD,74,0,ACB-BR001
ACB-LN0005504,ACB-C001120,Personal Loan,2023-11-02,32557.92,12671.79,0.24,36.0,30-59 DPD,31,0,ACB-BR043
ACB-LN0005505,ACB-C007070,Auto Loan,2025-09-29,8437.01,1079.27,0.146,180.0,30-59 DPD,45,0,ACB-BR074
ACB-LN0005506,ACB-C003307,Mortgage,2023-11-28,210163.75,127236.69,0.0633,180.0,Current,0,0,ACB-BR033
ACB-LN0005507,ACB-C000124,Mortgage,2020-12-25,182561.34,63867.33,0.0394,240.0,Current,0,0,ACB-BR015
ACB-LN0005508,ACB-C008340,Mortgage,2020-07-03,423058.72,41902.38,0.0363,12.0,Current,0,0,ACB-BR021
ACB-LN0005509,ACB-C001100,Personal Loan,2024-07-23,15671.58,12745.22,0.2154,120.0,Current,0,0,ACB-BR025
ACB-LN0005510,ACB-C005206,Small Business Loan,2020-03-17,170400.58,27088.89,0.1233,84.0,Current,0,0,ACB-BR026
ACB-LN0005511,ACB-C011074,Mortgage,2019-01-16,580357.16,519874.26,0.0564,24.0,Current,0,0,ACB-BR006
ACB-LN0005512,ACB-C003812,Personal Loan,2022-07-18,29701.13,26217.42,0.24,180.0,Paid Off,0,0,ACB-BR048
ACB-LN0005513,ACB-C013457,Auto Loan,2022-02-07,54175.42,16797.56,0.0727,48.0,Current,0,0,ACB-BR066
ACB-LN0005514,ACB-C001037,Auto Loan,2021-11-21,9805.55,6591.71,0.1094,36.0,Current,0,0,ACB-BR063
ACB-LN0005515,ACB-C003229,Mortgage,2020-01-24,337838.01,105077.99,0.0388,120.0,Current,0,0,ACB-BR004
ACB-LN0005516,ACB-C011440,Home Equity Loan,2020-04-17,115880.82,44098.06,0.0557,240.0,Current,0,0,ACB-BR034
ACB-LN0005517,ACB-C005886,Personal Loan,2020-03-15,34993.97,7284.08,,12.0,Current,0,0,ACB-BR074
ACB-LN0005518,ACB-C009175,Mortgage,2021-12-09,138942.65,60249.31,0.0556,360.0,Current,0,0,ACB-BR012
ACB-LN0005519,ACB-C004602,Auto Loan,2022-12-26,14261.77,1304.66,0.1465,36.0,Current,0,0,ACB-BR075
ACB-LN0005520,ACB-C013769,Mortgage,2025-09-16,191063.37,73841.09,0.0601,60.0,Current,0,0,ACB-BR018
ACB-LN0005521,ACB-C011163,Auto Loan,2020-03-11,15990.99,3050.57,0.1307,84.0,Paid Off,0,0,ACB-BR058
ACB-LN0005522,ACB-C005938,Personal Loan,2019-09-06,12260.87,8931.08,0.1608,60.0,Current,0,0,ACB-BR044
ACB-LN0005523,ACB-C012675,Mortgage,2023-06-25,344704.48,236921.16,0.0767,48.0,Current,0,0,ACB-BR034
ACB-LN0005524,ACB-C004076,Personal Loan,2024-02-04,20955.18,15606.38,0.24,360.0,Current,0,0,ACB-BR003
ACB-LN0005525,ACB-C008326,Mortgage,2021-02-19,492273.14,177872.76,0.0418,240.0,Written Off,0,1,ACB-BR044
ACB-LN0005526,ACB-C004628,Auto Loan,2023-05-16,52165.37,45450.17,0.1105,24.0,Current,0,0,ACB-BR029
ACB-LN0005527,ACB-C014962,Mortgage,2026-03-31,320780.91,109288.31,0.091,36.0,Current,0,0,ACB-BR041
ACB-LN0005528,ACB-C007765,Small Business Loan,2024-01-01,108761.38,29122.7,0.1754,48.0,Current,0,0,ACB-BR027
ACB-LN0005529,ACB-C001878,Personal Loan,2019-10-30,26548.35,15872.39,0.1206,48.0,Current,0,0,ACB-BR072
ACB-LN0005530,ACB-C007388,Small Business Loan,2020-08-21,244087.79,43836.14,0.1183,12.0,30-59 DPD,38,0,ACB-BR004
ACB-LN0005531,ACB-C002302,Mortgage,2020-10-09,166110.0,134463.84,0.0384,180.0,Current,0,0,ACB-BR047
ACB-LN0005532,ACB-C012167,Personal Loan,2023-09-27,28353.74,16688.97,0.24,360.0,Current,0,0,ACB-BR047
ACB-LN0005533,ACB-C000739,Mortgage,2023-01-20,332705.85,324618.75,0.0932,60.0,Current,0,0,ACB-BR035
ACB-LN0005534,ACB-C004712,Mortgage,2024-05-17,233774.3,206719.34,0.0642,180.0,60-89 DPD,89,0,ACB-BR032
ACB-LN0005535,ACB-C002666,Mortgage,2022-10-14,229518.86,82422.74,0.095,36.0,Current,0,0,ACB-BR043
ACB-LN0005536,ACB-C010652,Auto Loan,2023-09-25,45395.59,37610.4,0.1572,36.0,Current,0,0,ACB-BR067
ACB-LN0005537,ACB-C010086,Small Business Loan,2022-09-13,155757.0,129847.09,0.1179,12.0,Current,0,0,ACB-BR035
ACB-LN0005538,ACB-C003068,Auto Loan,2019-05-04,8190.43,6737.29,0.137,84.0,Current,0,0,ACB-BR041
ACB-LN0005539,ACB-C001008,Student Loan,2025-03-03,67638.24,62631.63,0.0923,24.0,Current,0,0,ACB-BR062
ACB-LN0005540,ACB-C000454,Personal Loan,2025-03-24,11620.05,10872.09,0.1236,360.0,Current,0,0,ACB-BR048
ACB-LN0005541,ACB-C000914,Mortgage,2019-06-22,594631.96,138289.46,0.0315,48.0,30-59 DPD,35,0,ACB-BR069
ACB-LN0005542,ACB-C002067,Auto Loan,2020-11-18,52125.73,8399.8,0.1207,24.0,Current,0,0,ACB-BR072
ACB-LN0005543,ACB-C010985,Personal Loan,2021-05-24,31282.55,18116.19,0.1799,24.0,Current,0,0,ACB-BR014
ACB-LN0005544,ACB-C009188,Personal Loan,2023-09-03,19202.7,3876.03,0.223,48.0,Paid Off,0,0,ACB-BR054
ACB-LN0005545,ACB-C005326,Auto Loan,2020-09-14,29624.39,4140.93,0.1397,360.0,Current,0,0,ACB-BR020
ACB-LN0005546,ACB-C006006,Personal Loan,2022-01-22,3123.66,1483.81,0.1575,84.0,Default,240,1,ACB-BR019
ACB-LN0005547,ACB-C013566,Small Business Loan,2022-02-08,171033.95,121911.05,0.1386,24.0,Current,0,0,ACB-BR056
ACB-LN0005548,ACB-C013809,Mortgage,2023-06-22,563242.19,309537.23,0.0643,12.0,Current,0,0,ACB-BR056
ACB-LN0005549,ACB-C005342,Mortgage,2023-01-11,374471.43,190797.72,0.0734,180.0,Current,0,0,ACB-BR011
ACB-LN0005550,ACB-C002708,Small Business Loan,2025-04-19,213762.84,186573.36,0.1121,360.0,Current,0,0,ACB-BR070
ACB-LN0005551,ACB-C001099,Home Equity Loan,2022-06-04,57419.96,6538.54,0.14,180.0,Current,0,0,ACB-BR023
ACB-LN0005552,ACB-C012381,Auto Loan,2019-08-05,44171.39,14665.12,0.0619,84.0,90+ DPD,153,1,ACB-BR004
ACB-LN0005553,ACB-C011616,Student Loan,2020-12-06,42198.48,31667.43,0.0804,240.0,Current,0,0,ACB-BR077
ACB-LN0005554,ACB-C011967,Small Business Loan,2024-10-11,67100.59,7731.5,0.1435,84.0,Current,0,0,ACB-BR042
ACB-LN0005555,ACB-C006755,Mortgage,2020-04-06,417632.04,62353.55,0.0401,60.0,Current,0,0,ACB-BR079
ACB-LN0005556,ACB-C010922,Home Equity Loan,2021-01-17,17818.26,7333.46,0.1104,48.0,Current,0,0,ACB-BR026
ACB-LN0005557,ACB-C001762,Auto Loan,2020-11-22,9952.63,4195.5,0.0516,36.0,30-59 DPD,33,0,ACB-BR051
ACB-LN0005558,ACB-C011865,Auto Loan,2019-09-14,29120.61,7032.32,0.077,120.0,Current,0,0,ACB-BR037
ACB-LN0005559,ACB-C000562,Personal Loan,2023-10-01,26269.43,6110.31,0.24,360.0,Current,0,0,ACB-BR022
ACB-LN0005560,ACB-C007035,Mortgage,2021-10-03,406323.37,385870.65,0.0492,180.0,90+ DPD,163,1,ACB-BR033
ACB-LN0005561,ACB-C012653,Auto Loan,2022-04-24,53539.54,48009.95,0.0774,36.0,Paid Off,0,0,ACB-BR013
ACB-LN0005562,ACB-C012559,Home Equity Loan,2019-06-01,91444.8,10176.31,0.0843,36.0,Current,0,0,ACB-BR018
ACB-LN0005563,ACB-C011647,Auto Loan,2025-06-28,40360.67,32942.65,0.1071,36.0,Current,0,0,ACB-BR062
ACB-LN0005564,ACB-C012995,Personal Loan,2025-08-22,20132.08,11005.14,0.1807,60.0,Current,0,0,ACB-BR060
ACB-LN0005565,ACB-C003782,Mortgage,2020-11-27,599636.96,406611.88,0.0375,120.0,Paid Off,0,0,ACB-BR016
ACB-LN0005566,ACB-C013800,Mortgage,2023-06-18,555979.65,349700.89,0.095,240.0,Current,0,0,ACB-BR080
ACB-LN0005567,ACB-C003692,Personal Loan,2020-07-07,22927.46,18992.0,0.2017,120.0,90+ DPD,113,1,ACB-BR067
ACB-LN0005568,ACB-C000916,Home Equity Loan,2024-02-14,73873.17,8494.96,0.14,84.0,30-59 DPD,45,0,ACB-BR039
ACB-LN0005569,ACB-C001421,Mortgage,2025-06-15,270230.54,215642.89,0.0845,120.0,Default,265,1,ACB-BR078
ACB-LN0005570,ACB-C001952,Auto Loan,2023-10-10,27858.8,26448.55,0.0961,84.0,90+ DPD,168,1,ACB-BR005
ACB-LN0005571,ACB-C010551,Small Business Loan,2024-11-15,167578.62,128742.49,0.1074,84.0,60-89 DPD,70,0,ACB-BR012
ACB-LN0005572,ACB-C010216,Personal Loan,2021-04-30,34608.29,25604.56,0.1607,60.0,Current,0,0,ACB-BR022
ACB-LN0005573,ACB-C004642,Mortgage,2023-05-25,260369.36,219843.66,0.0785,360.0,Current,0,0,ACB-BR075
ACB-LN0005574,ACB-C002363,Mortgage,2024-10-07,595146.39,350434.62,0.0565,84.0,Current,0,0,ACB-BR012
ACB-LN0005575,ACB-C014624,Personal Loan,2024-04-02,11459.47,3923.4,0.213,180.0,Current,0,0,ACB-BR062
ACB-LN0005576,ACB-C010459,Personal Loan,2024-07-13,2354.8,159.23,0.24,120.0,Current,0,0,ACB-BR003
ACB-LN0005577,ACB-C004878,Personal Loan,2023-05-02,12339.44,3026.19,0.1651,180.0,Current,0,0,ACB-BR004
ACB-LN0005578,ACB-C002886,Auto Loan,2024-08-30,53874.98,48832.97,0.1335,360.0,Current,0,0,ACB-BR027
ACB-LN0005579,ACB-C005702,Student Loan,2020-10-10,65207.58,7604.82,0.0889,120.0,30-59 DPD,42,0,ACB-BR066
ACB-LN0005580,ACB-C002659,Small Business Loan,2019-02-04,55003.86,21496.21,0.0656,120.0,Current,0,0,ACB-BR069
ACB-LN0005581,ACB-C000469,Personal Loan,2019-06-08,31095.0,7349.7,0.1049,180.0,Current,0,0,ACB-BR077
ACB-LN0005582,ACB-C011027,Home Equity Loan,2024-11-26,51895.72,2765.06,0.1333,240.0,Current,0,0,ACB-BR045
ACB-LN0005583,ACB-C000225,Personal Loan,2023-04-06,20334.09,18202.25,0.24,60.0,Current,0,0,ACB-BR008
ACB-LN0005584,ACB-C009717,Auto Loan,2021-08-01,9523.17,2433.45,0.0594,60.0,Current,0,0,ACB-BR013
ACB-LN0005585,ACB-C010451,Mortgage,2025-04-29,479627.66,369033.02,0.0717,12.0,Written Off,0,1,ACB-BR032
ACB-LN0005586,ACB-C007906,Personal Loan,2022-12-12,18747.64,14655.08,0.1766,48.0,Current,0,0,ACB-BR025
ACB-LN0005587,ACB-C003127,Personal Loan,2021-09-16,16822.89,4527.4,0.1161,84.0,Current,0,0,ACB-BR056
ACB-LN0005588,ACB-C007463,Student Loan,2019-04-13,18722.76,3597.98,0.0588,36.0,Current,0,0,ACB-BR013
ACB-LN0005589,ACB-C010055,Mortgage,2019-05-29,330750.25,229442.45,0.0446,60.0,Current,0,0,ACB-BR033
ACB-LN0005590,ACB-C003069,Personal Loan,2019-10-19,17172.96,12944.21,0.1435,48.0,Current,0,0,ACB-BR066
ACB-LN0005591,ACB-C000967,Small Business Loan,2019-06-15,161935.98,47084.32,0.1229,24.0,30-59 DPD,37,0,ACB-BR007
ACB-LN0005592,ACB-C012278,Mortgage,2024-07-06,289026.27,48057.92,0.0856,24.0,Current,0,0,ACB-BR042
ACB-LN0005593,ACB-C014622,Auto Loan,2025-02-06,26746.16,23807.86,0.1006,60.0,30-59 DPD,54,0,ACB-BR079
ACB-LN0005594,ACB-C004692,Personal Loan,2022-08-28,14473.32,13354.86,0.2297,120.0,Written Off,0,1,ACB-BR017
ACB-LN0005595,ACB-C006865,Auto Loan,2023-10-01,24664.76,3955.95,0.1519,360.0,Current,0,0,ACB-BR032
ACB-LN0005596,ACB-C004432,Personal Loan,2020-11-26,3747.68,2330.86,0.2016,48.0,Current,0,0,ACB-BR017
ACB-LN0005597,ACB-C003369,Mortgage,2026-02-26,400849.89,138270.51,0.0852,180.0,Current,0,0,ACB-BR050
ACB-LN0005598,ACB-C014934,Student Loan,2026-01-26,77803.42,18279.49,0.0736,120.0,Current,0,0,ACB-BR019
ACB-LN0005599,ACB-C004994,Personal Loan,2022-03-01,23424.55,2038.1,,360.0,Current,0,0,ACB-BR038
ACB-LN0005600,ACB-C006303,Mortgage,2022-01-12,331350.54,288033.73,0.0711,180.0,Current,0,0,ACB-BR026
ACB-LN0005601,ACB-C008358,Small Business Loan,2021-08-04,113891.36,63603.71,0.144,360.0,Current,0,0,ACB-BR064
ACB-LN0005602,ACB-C001501,Home Equity Loan,2022-08-27,25963.6,8298.41,0.0829,12.0,Current,0,0,ACB-BR033
ACB-LN0005603,ACB-C007244,Personal Loan,2019-12-20,23174.11,19535.79,0.1683,84.0,Current,0,0,ACB-BR077
ACB-LN0005604,ACB-C006659,Student Loan,2024-06-09,33357.09,18702.31,0.0591,24.0,Current,0,0,ACB-BR063
ACB-LN0005605,ACB-C004065,Personal Loan,2019-11-04,30529.42,5885.86,0.1199,24.0,Current,0,0,ACB-BR039
ACB-LN0005606,ACB-C010904,Home Equity Loan,2025-10-08,94396.23,45097.76,0.0879,12.0,Current,0,0,ACB-BR008
ACB-LN0005607,ACB-C005954,Mortgage,2021-10-30,272263.95,139233.16,0.0314,48.0,Current,0,0,ACB-BR056
ACB-LN0005608,ACB-C003423,Personal Loan,2022-05-27,3372.63,2617.07,0.0951,240.0,Current,0,0,ACB-BR031
ACB-LN0005609,ACB-C007127,Personal Loan,2019-01-04,3035.82,2113.22,0.1544,24.0,Paid Off,0,0,ACB-BR046
ACB-LN0005610,ACB-C014542,Home Equity Loan,2020-01-03,112823.33,93659.96,0.0989,360.0,Current,0,0,ACB-BR027
ACB-LN0005611,ACB-C005557,Personal Loan,2020-08-29,20405.4,14010.88,0.1778,84.0,Current,0,0,ACB-BR001
ACB-LN0005612,ACB-C003853,Auto Loan,2023-12-15,18979.7,11628.05,0.1324,60.0,Current,0,0,ACB-BR062
ACB-LN0005613,ACB-C007961,Personal Loan,2019-09-03,31875.5,20590.66,0.1511,240.0,Current,0,0,ACB-BR046
ACB-LN0005614,ACB-C002220,Home Equity Loan,2019-08-10,60923.95,46179.2,0.0633,36.0,60-89 DPD,81,0,ACB-BR016
ACB-LN0005615,ACB-C000373,Student Loan,2023-05-14,63133.05,36781.0,0.0966,48.0,Current,0,0,ACB-BR068
ACB-LN0005616,ACB-C012429,Personal Loan,2019-11-26,13198.06,6617.03,0.159,36.0,Current,0,0,ACB-BR073
ACB-LN0005617,ACB-C004402,Student Loan,2020-11-10,75198.25,66587.45,0.0538,240.0,Paid Off,0,0,ACB-BR005
ACB-LN0005618,ACB-C010817,Mortgage,2022-04-05,149789.94,125537.5,0.0431,240.0,Current,0,0,ACB-BR069
ACB-LN0005619,ACB-C000536,Mortgage,2020-08-28,270433.31,248836.3,0.0301,84.0,90+ DPD,169,1,ACB-BR073
ACB-LN0005620,ACB-C008884,Personal Loan,2019-09-27,9690.33,960.52,0.2019,120.0,Current,0,0,ACB-BR034
ACB-LN0005621,ACB-C013686,Home Equity Loan,2019-09-11,63108.73,29171.96,0.0971,84.0,Current,0,0,ACB-BR038
ACB-LN0005622,ACB-C009209,Personal Loan,2023-01-08,5114.65,4264.1,0.1119,48.0,Current,0,0,ACB-BR062
ACB-LN0005623,ACB-C010309,Personal Loan,2022-07-19,32066.0,30548.14,0.1506,24.0,Current,0,0,ACB-BR040
ACB-LN0005624,ACB-C004832,Student Loan,2020-05-03,13006.06,4115.9,0.0585,360.0,Default,303,1,ACB-BR018
ACB-LN0005625,ACB-C000212,Auto Loan,2025-05-15,16637.17,12703.54,0.16,48.0,Current,0,0,ACB-BR049
ACB-LN0005626,ACB-C012019,Auto Loan,2021-03-25,20049.41,17703.02,0.1217,180.0,Current,0,0,ACB-BR006
ACB-LN0005627,ACB-C001196,Personal Loan,2021-02-02,14444.37,13463.7,0.1078,12.0,Current,0,0,ACB-BR060
ACB-LN0005628,ACB-C004566,Personal Loan,2023-02-13,33833.57,30799.31,0.24,12.0,Current,0,0,ACB-BR033
ACB-LN0005629,ACB-C006590,Home Equity Loan,2021-10-18,31988.66,6307.76,0.0815,12.0,Current,0,0,ACB-BR069
ACB-LN0005630,ACB-C008531,Mortgage,2024-07-28,182869.32,142121.34,0.0435,60.0,Current,0,0,ACB-BR056
ACB-LN0005631,ACB-C014212,Auto Loan,2024-10-12,51963.29,30962.33,0.1436,48.0,Current,0,0,ACB-BR027
ACB-LN0005632,ACB-C007346,Mortgage,2025-08-25,517408.48,108560.0,0.0747,360.0,Current,0,0,ACB-BR038
ACB-LN0005633,ACB-C009411,Home Equity Loan,2022-03-11,45844.45,23717.52,0.116,120.0,30-59 DPD,36,0,ACB-BR036
ACB-LN0005634,ACB-C003229,Mortgage,2024-02-06,387670.7,33528.03,0.0912,120.0,Current,0,0,ACB-BR054
ACB-LN0005635,ACB-C011187,Personal Loan,2025-01-28,3934.0,1166.5,0.214,240.0,Current,0,0,ACB-BR062
ACB-LN0005636,ACB-C008829,Mortgage,2022-04-21,207249.34,197452.54,0.0384,24.0,Current,0,0,ACB-BR066
ACB-LN0005637,ACB-C005934,Home Equity Loan,2022-09-17,76655.92,14334.5,0.0965,36.0,Current,0,0,ACB-BR054
ACB-LN0005638,ACB-C008803,Mortgage,2020-07-23,472717.77,420642.69,0.056,12.0,Current,0,0,ACB-BR037
ACB-LN0005639,ACB-C012837,Mortgage,2023-02-05,386118.16,55465.72,0.0473,60.0,Current,0,0,ACB-BR027
ACB-LN0005640,ACB-C006321,Student Loan,2020-03-17,16964.29,16185.86,0.0571,36.0,Current,0,0,ACB-BR046
ACB-LN0005641,ACB-C012130,Personal Loan,2023-01-17,14927.47,5613.45,0.2399,24.0,Current,0,0,ACB-BR043
ACB-LN0005642,ACB-C004591,Mortgage,2024-04-12,171311.33,118453.8,0.0653,48.0,60-89 DPD,89,0,ACB-BR025
ACB-LN0005643,ACB-C001326,Mortgage,2024-01-18,435660.15,227237.27,0.0863,120.0,60-89 DPD,63,0,ACB-BR010
ACB-LN0005644,ACB-C004002,Personal Loan,2020-03-28,3999.53,2206.59,,240.0,Paid Off,0,0,ACB-BR072
ACB-LN0005645,ACB-C013518,Auto Loan,2022-07-26,45172.05,15833.76,0.1113,36.0,Current,0,0,ACB-BR054
ACB-LN0005646,ACB-C014711,Mortgage,2023-07-03,551265.88,139549.44,0.0488,24.0,Default,152,1,ACB-BR010
ACB-LN0005647,ACB-C014642,Auto Loan,2019-09-17,11843.81,7002.07,0.0979,240.0,Current,0,0,ACB-BR049
ACB-LN0005648,ACB-C014165,Personal Loan,2024-03-20,30868.02,5436.47,0.24,60.0,30-59 DPD,50,0,ACB-BR009
ACB-LN0005649,ACB-C014903,Home Equity Loan,2020-06-05,78977.25,37594.73,0.1166,12.0,Current,0,0,ACB-BR063
ACB-LN0005650,ACB-C000953,Home Equity Loan,2023-11-27,56987.04,27882.84,0.1218,84.0,30-59 DPD,43,0,ACB-BR038
ACB-LN0005651,ACB-C006020,Small Business Loan,2023-10-09,248209.76,51414.52,0.2,,Current,0,0,ACB-BR006
ACB-LN0005652,ACB-C009083,Mortgage,2022-04-11,447737.74,431292.02,0.0329,120.0,Current,0,0,ACB-BR048
ACB-LN0005653,ACB-C002634,Student Loan,2020-04-25,41727.38,2536.75,0.0705,84.0,Current,0,0,ACB-BR018
ACB-LN0005654,ACB-C014296,Student Loan,2025-10-20,46872.98,41732.04,0.0959,84.0,60-89 DPD,82,0,ACB-BR038
ACB-LN0005655,ACB-C003808,Small Business Loan,2021-12-08,182896.95,145484.11,0.0732,240.0,Current,0,0,ACB-BR013
ACB-LN0005656,ACB-C004422,Mortgage,2024-07-28,164512.83,26941.68,0.0563,360.0,Current,0,0,ACB-BR046
ACB-LN0005657,ACB-C003669,Auto Loan,2020-05-09,26192.55,4044.63,0.07,12.0,Current,0,0,ACB-BR040
ACB-LN0005658,ACB-C001237,Small Business Loan,2022-11-09,50086.13,27305.84,0.1092,240.0,Current,0,0,ACB-BR026
ACB-LN0005659,ACB-C006794,Personal Loan,2019-02-11,10779.51,3618.74,0.1654,48.0,Current,0,0,ACB-BR032
ACB-LN0005660,ACB-C004856,Auto Loan,2022-02-19,48567.29,12478.37,0.0929,48.0,Current,0,0,ACB-BR079
ACB-LN0005661,ACB-C006328,Auto Loan,2021-11-23,28242.39,7749.46,0.1045,360.0,Current,0,0,ACB-BR025
ACB-LN0005662,ACB-C004636,Mortgage,2025-03-29,408090.38,317356.82,0.095,60.0,Current,0,0,ACB-BR037
ACB-LN0005663,ACB-C002851,Mortgage,2020-03-04,569425.0,264433.69,0.0627,84.0,Current,0,0,ACB-BR004
ACB-LN0005664,ACB-C004568,Personal Loan,2023-04-07,33751.0,12113.05,0.24,240.0,Current,0,0,ACB-BR052
ACB-LN0005665,ACB-C011805,Mortgage,2020-04-08,135597.25,16614.75,0.0484,48.0,30-59 DPD,49,0,ACB-BR078
ACB-LN0005666,ACB-C000940,Mortgage,2026-01-14,350028.87,105768.29,0.095,120.0,Paid Off,0,0,ACB-BR080
ACB-LN0005667,ACB-C000676,Auto Loan,2024-05-07,29757.62,22836.65,0.1446,180.0,Current,0,0,ACB-BR027
ACB-LN0005668,ACB-C006231,Student Loan,2019-10-03,55075.16,5542.26,0.0826,36.0,Current,0,0,ACB-BR066
ACB-LN0005669,ACB-C011732,Personal Loan,2019-02-14,5751.4,2173.51,0.1526,60.0,Current,0,0,ACB-BR072
ACB-LN0005670,ACB-C002170,Mortgage,2022-01-01,323405.03,234249.03,0.0549,12.0,Current,0,0,ACB-BR073
ACB-LN0005671,ACB-C007857,Student Loan,2019-03-04,31300.71,13788.69,0.0829,12.0,Default,202,1,ACB-BR001
ACB-LN0005672,ACB-C009909,Home Equity Loan,2021-03-10,82216.36,37713.42,0.1137,12.0,90+ DPD,114,1,ACB-BR007
ACB-LN0005673,ACB-C001990,Student Loan,2024-04-28,65079.46,20643.83,0.0704,12.0,Current,0,0,ACB-BR043
ACB-LN0005674,ACB-C010238,Home Equity Loan,2025-04-30,46392.41,45272.34,0.1192,120.0,Current,0,0,ACB-BR008
ACB-LN0005675,ACB-C002031,Auto Loan,2022-11-20,24940.09,22709.51,0.1404,60.0,Current,0,0,ACB-BR027
ACB-LN0005676,ACB-C004515,Student Loan,2020-05-31,67012.6,41923.18,0.0837,12.0,90+ DPD,142,1,ACB-BR036
ACB-LN0005677,ACB-C013226,Personal Loan,2021-01-14,11365.6,3451.45,0.2002,120.0,Current,0,0,ACB-BR073
ACB-LN0005678,ACB-C012824,Mortgage,2023-04-03,527528.52,277715.68,0.0452,240.0,Current,0,0,ACB-BR049
ACB-LN0005679,ACB-C010228,Home Equity Loan,2020-08-24,34518.16,13636.11,0.116,,Current,0,0,ACB-BR021
ACB-LN0005680,ACB-C014194,Personal Loan,2025-10-20,17340.17,2248.15,0.1491,180.0,Current,0,0,ACB-BR004
ACB-LN0005681,ACB-C001014,Personal Loan,2024-04-18,6239.19,400.29,0.1431,48.0,60-89 DPD,80,0,ACB-BR041
ACB-LN0005682,ACB-C002477,Personal Loan,2022-10-15,31864.49,9775.15,0.1563,60.0,Current,0,0,ACB-BR052
ACB-LN0005683,ACB-C001359,Student Loan,2021-01-12,54827.99,28258.45,0.0662,120.0,Current,0,0,ACB-BR014
ACB-LN0005684,ACB-C005019,Personal Loan,2023-07-13,2150.72,479.54,0.13,180.0,Current,0,0,ACB-BR010
ACB-LN0005685,ACB-C008270,Mortgage,2023-08-01,432016.04,91948.98,0.0419,12.0,Current,0,0,ACB-BR079
ACB-LN0005686,ACB-C004075,Auto Loan,2019-07-22,45378.15,10060.57,0.0742,84.0,Current,0,0,ACB-BR056
ACB-LN0005687,ACB-C012952,Mortgage,2025-11-19,234828.65,150643.02,0.095,360.0,Default,290,1,ACB-BR077
ACB-LN0005688,ACB-C002971,Auto Loan,2024-03-31,41637.62,21846.72,0.1234,120.0,Current,0,0,ACB-BR063
ACB-LN0005689,ACB-C004785,Auto Loan,2021-06-29,32478.4,12363.0,0.0879,360.0,Current,0,0,ACB-BR020
ACB-LN0005690,ACB-C009443,Personal Loan,2023-01-13,11838.02,9119.19,0.24,240.0,90+ DPD,168,1,ACB-BR021
ACB-LN0005691,ACB-C003659,Auto Loan,2025-11-14,29069.37,9204.51,0.1395,12.0,Current,0,0,ACB-BR018
ACB-LN0005692,ACB-C006563,Auto Loan,2026-03-04,30024.1,10144.03,0.078,12.0,Current,0,0,ACB-BR054
ACB-LN0005693,ACB-C008303,Personal Loan,2024-03-29,25746.99,12922.63,0.24,240.0,Current,0,0,ACB-BR068
ACB-LN0005694,ACB-C006990,Mortgage,2024-08-25,532016.69,140631.83,0.0805,36.0,Current,0,0,ACB-BR054
ACB-LN0005695,ACB-C001272,Mortgage,2024-12-03,268290.09,14449.42,0.0882,240.0,Written Off,0,1,ACB-BR045
ACB-LN0005696,ACB-C003797,Auto Loan,2020-02-12,37007.67,21154.83,0.0683,360.0,Current,0,0,ACB-BR002
ACB-LN0005697,ACB-C007283,Mortgage,2019-04-27,511975.44,377354.33,0.0582,360.0,30-59 DPD,51,0,ACB-BR046
ACB-LN0005698,ACB-C004438,Student Loan,2022-12-16,39253.67,12863.99,0.0687,12.0,Current,0,0,ACB-BR052
ACB-LN0005699,ACB-C013516,Personal Loan,2023-01-26,6497.36,4668.5,0.1298,48.0,Current,0,0,ACB-BR072
ACB-LN0005700,ACB-C000699,Mortgage,2026-02-12,412924.7,42698.51,0.0621,24.0,Current,0,0,ACB-BR043
ACB-LN0005701,ACB-C005728,Mortgage,2020-12-24,156167.26,35268.66,0.042,120.0,Current,0,0,ACB-BR052
ACB-LN0005702,ACB-C001185,Personal Loan,2023-03-23,20939.08,7621.91,0.24,84.0,Written Off,0,1,ACB-BR050
ACB-LN0005703,ACB-C013358,Mortgage,2023-07-22,246700.28,191702.86,0.0821,120.0,Paid Off,0,0,ACB-BR018
ACB-LN0005704,ACB-C002860,Home Equity Loan,2019-04-28,94924.19,37554.19,0.1191,84.0,Default,157,1,ACB-BR017
ACB-LN0005705,ACB-C007665,Personal Loan,2024-02-07,11531.75,1975.32,0.24,24.0,Paid Off,0,0,ACB-BR078
ACB-LN0005706,ACB-C010984,Auto Loan,2020-04-14,29570.22,22365.12,0.1275,360.0,Current,0,0,ACB-BR016
ACB-LN0005707,ACB-C003283,Personal Loan,2020-01-17,23771.24,2900.8,0.2188,48.0,Paid Off,0,0,ACB-BR073
ACB-LN0005708,ACB-C006737,Mortgage,2021-09-03,358042.01,227572.09,0.075,48.0,Current,0,0,ACB-BR009
ACB-LN0005709,ACB-C005682,Mortgage,2024-01-30,628742.36,134495.39,0.0669,180.0,Current,0,0,ACB-BR066
ACB-LN0005710,ACB-C009892,Auto Loan,2019-10-31,15435.84,8463.12,0.1126,120.0,Current,0,0,ACB-BR026
ACB-LN0005711,ACB-C002504,Personal Loan,2021-11-29,15456.38,10862.84,0.1397,84.0,Current,0,0,ACB-BR051
ACB-LN0005712,ACB-C003601,Personal Loan,2020-10-29,4198.07,4050.86,0.1253,24.0,Default,344,1,ACB-BR054
ACB-LN0005713,ACB-C009481,Personal Loan,2019-01-23,23711.53,8651.22,0.1467,36.0,Paid Off,0,0,ACB-BR031
ACB-LN0005714,ACB-C008123,Mortgage,2023-05-27,148590.34,70408.77,0.0892,60.0,Current,0,0,ACB-BR005
ACB-LN0005715,ACB-C005238,Personal Loan,2022-01-15,21087.49,14429.72,0.1697,120.0,Default,177,1,ACB-BR020
ACB-LN0005716,ACB-C001195,Home Equity Loan,2019-07-02,104271.58,38020.46,0.0798,24.0,Current,0,0,ACB-BR066
ACB-LN0005717,ACB-C012856,Student Loan,2023-10-14,79378.85,73987.64,0.0703,36.0,Current,0,0,ACB-BR063
ACB-LN0005718,ACB-C003351,Student Loan,2020-12-28,72402.33,27469.01,0.0751,360.0,Current,0,0,ACB-BR002
ACB-LN0005719,ACB-C006725,Personal Loan,2020-09-22,21181.8,14392.05,0.2038,36.0,Current,0,0,ACB-BR006
ACB-LN0005720,ACB-C011198,Home Equity Loan,2019-11-06,16176.29,1678.56,0.0814,24.0,Current,0,0,ACB-BR047
ACB-LN0005721,ACB-C000666,Mortgage,2020-06-26,307309.82,267727.43,0.0673,180.0,Current,0,0,ACB-BR067
ACB-LN0005722,ACB-C011235,Personal Loan,2022-02-28,28002.2,1584.05,0.123,84.0,Current,0,0,ACB-BR065
ACB-LN0005723,ACB-C008755,Mortgage,2024-11-24,348237.2,235008.43,0.0526,48.0,Current,0,0,ACB-BR003
ACB-LN0005724,ACB-C002411,Mortgage,2021-03-22,608959.84,380630.68,0.0646,24.0,Current,0,0,ACB-BR005
ACB-LN0005725,ACB-C013961,Mortgage,2019-08-19,596664.79,200771.89,0.0576,36.0,Current,0,0,ACB-BR058
ACB-LN0005726,ACB-C009045,Small Business Loan,2022-10-17,210663.41,28563.13,0.1867,12.0,Current,0,0,ACB-BR067
ACB-LN0005727,ACB-C010738,Student Loan,2023-04-28,12278.28,8271.32,0.0721,240.0,Current,0,0,ACB-BR009
ACB-LN0005728,ACB-C005269,Personal Loan,2025-05-01,14288.38,13082.74,0.1171,12.0,Paid Off,0,0,ACB-BR047
ACB-LN0005729,ACB-C010161,Home Equity Loan,2025-10-05,95822.2,61859.5,0.1031,84.0,90+ DPD,178,1,ACB-BR017
ACB-LN0005730,ACB-C006230,Student Loan,2022-10-21,55866.39,24029.78,0.11,120.0,Current,0,0,ACB-BR067
ACB-LN0005731,ACB-C012698,Auto Loan,2023-12-27,8766.63,3244.85,0.1051,60.0,Current,0,0,ACB-BR028
ACB-LN0005732,ACB-C003939,Mortgage,2023-06-17,317871.8,165871.96,0.0624,360.0,Current,0,0,ACB-BR030
ACB-LN0005733,ACB-C006774,Personal Loan,2020-08-17,30425.43,5597.66,0.0986,360.0,Current,0,0,ACB-BR042
ACB-LN0005734,ACB-C000858,Student Loan,2024-08-21,11633.98,10830.01,0.0585,12.0,Written Off,0,1,ACB-BR038
ACB-LN0005735,ACB-C011102,Student Loan,2019-12-27,45736.47,30170.57,0.043,240.0,Current,0,0,ACB-BR068
ACB-LN0005736,ACB-C003524,Personal Loan,2026-01-08,33252.61,6610.03,0.1199,24.0,Current,0,0,ACB-BR064
ACB-LN0005737,ACB-C004062,Home Equity Loan,2025-10-30,30859.85,22858.11,0.1205,240.0,60-89 DPD,85,0,ACB-BR017
ACB-LN0005738,ACB-C010822,Student Loan,2022-10-12,65326.8,16467.49,0.0608,60.0,Current,0,0,ACB-BR065
ACB-LN0005739,ACB-C002271,Student Loan,2022-12-10,59803.11,44061.04,0.0707,12.0,Current,0,0,ACB-BR070
ACB-LN0005740,ACB-C014675,Small Business Loan,2021-06-06,52857.94,25405.84,0.127,12.0,Default,313,1,ACB-BR070
ACB-LN0005741,ACB-C008740,Student Loan,2019-05-03,34589.92,31993.71,0.0837,24.0,30-59 DPD,53,0,ACB-BR006
ACB-LN0005742,ACB-C002777,Mortgage,2025-06-30,448078.21,424784.84,0.0581,24.0,Current,0,0,ACB-BR065
ACB-LN0005743,ACB-C009479,Personal Loan,2023-01-06,25497.72,21012.64,0.1344,240.0,Current,0,0,ACB-BR016
ACB-LN0005744,ACB-C002422,Home Equity Loan,2025-09-22,56611.53,55317.6,0.14,60.0,Current,0,0,ACB-BR010
ACB-LN0005745,ACB-C008856,Personal Loan,2020-01-30,23456.05,2264.83,0.1072,120.0,Current,0,0,ACB-BR008
ACB-LN0005746,ACB-C004009,Student Loan,2021-02-08,60206.89,45812.74,0.0476,24.0,Paid Off,0,0,ACB-BR025
ACB-LN0005747,ACB-C000026,Mortgage,2022-05-12,574390.86,151935.08,0.0505,24.0,Current,0,0,ACB-BR063
ACB-LN0005748,ACB-C001916,Home Equity Loan,2021-11-30,30281.63,28313.71,0.0649,60.0,Current,0,0,ACB-BR010
ACB-LN0005749,ACB-C002774,Mortgage,2021-04-15,626143.73,226845.5,0.048,120.0,Current,0,0,ACB-BR010
ACB-LN0005750,ACB-C009060,Personal Loan,2023-10-17,24478.8,23507.72,0.1612,36.0,Paid Off,0,0,ACB-BR072
ACB-LN0005751,ACB-C004969,Personal Loan,2024-04-30,4549.7,3839.53,0.1211,24.0,Current,0,0,ACB-BR055
ACB-LN0005752,ACB-C002968,Mortgage,2025-06-30,318311.36,62283.17,0.0881,12.0,Current,0,0,ACB-BR047
ACB-LN0005753,ACB-C003069,Personal Loan,2022-07-04,14956.74,14644.39,0.1418,48.0,Current,0,0,ACB-BR031
ACB-LN0005754,ACB-C008573,Personal Loan,2021-08-19,14555.61,3998.77,0.1512,84.0,Paid Off,0,0,ACB-BR011
ACB-LN0005755,ACB-C005198,Personal Loan,2020-01-23,7396.12,4791.1,0.1965,240.0,30-59 DPD,54,0,ACB-BR065
ACB-LN0005756,ACB-C013741,Home Equity Loan,2019-06-12,19583.31,6569.61,0.062,48.0,Current,0,0,ACB-BR012
ACB-LN0005757,ACB-C004758,Mortgage,2020-03-08,235999.55,139366.0,0.041,360.0,Current,0,0,ACB-BR022
ACB-LN0005758,ACB-C011835,Auto Loan,2026-03-08,27423.72,3618.6,0.1595,120.0,Current,0,0,ACB-BR021
ACB-LN0005759,ACB-C008004,Mortgage,2024-08-17,398049.12,283862.7,0.0826,12.0,30-59 DPD,57,0,ACB-BR014
ACB-LN0005760,ACB-C013950,Auto Loan,2019-12-19,36173.99,26749.63,0.1013,60.0,Paid Off,0,0,ACB-BR009
ACB-LN0005761,ACB-C013310,Personal Loan,2021-01-09,22844.97,4113.43,0.12,240.0,30-59 DPD,34,0,ACB-BR069
ACB-LN0005762,ACB-C005523,Mortgage,2019-01-08,647549.41,529328.01,0.0655,84.0,30-59 DPD,53,0,ACB-BR046
ACB-LN0005763,ACB-C013945,Personal Loan,2024-10-18,17926.98,13041.33,0.24,180.0,Current,0,0,ACB-BR069
ACB-LN0005764,ACB-C010662,Personal Loan,2022-01-29,32355.88,15570.42,0.1521,240.0,Current,0,0,ACB-BR008
ACB-LN0005765,ACB-C012386,Auto Loan,2025-07-29,18109.18,15106.53,0.0963,360.0,Current,0,0,ACB-BR037
ACB-LN0005766,ACB-C008772,Personal Loan,2024-06-13,25826.78,15843.8,0.2271,120.0,Default,276,1,ACB-BR032
ACB-LN0005767,ACB-C012769,Personal Loan,2020-10-14,27476.22,24132.58,0.0832,48.0,30-59 DPD,46,0,ACB-BR079
ACB-LN0005768,ACB-C007536,Personal Loan,2025-08-29,32335.83,2406.49,0.1941,48.0,Current,0,0,ACB-BR036
ACB-LN0005769,ACB-C005859,Mortgage,2024-03-27,398715.16,265002.58,0.0498,12.0,Current,0,0,ACB-BR008
ACB-LN0005770,ACB-C008353,Auto Loan,2024-10-21,39072.41,22454.45,0.0968,120.0,Current,0,0,ACB-BR045
ACB-LN0005771,ACB-C001758,Personal Loan,2023-03-02,34983.39,32830.05,0.1503,84.0,Current,0,0,ACB-BR045
ACB-LN0005772,ACB-C000969,Auto Loan,2025-02-03,22670.4,7931.82,0.16,24.0,Current,0,0,ACB-BR065
ACB-LN0005773,ACB-C011454,Mortgage,2024-06-15,528423.88,93273.24,0.0664,360.0,Current,0,0,ACB-BR055
ACB-LN0005774,ACB-C007953,Personal Loan,2024-04-09,30094.19,28728.43,0.24,24.0,Written Off,0,1,ACB-BR001
ACB-LN0005775,ACB-C011018,Personal Loan,2024-11-11,24264.4,22700.04,0.1713,360.0,Current,0,0,ACB-BR010
ACB-LN0005776,ACB-C009555,Personal Loan,2022-09-13,27689.69,7282.82,0.24,48.0,Current,0,0,ACB-BR049
ACB-LN0005777,ACB-C005486,Auto Loan,2019-05-05,32127.54,18765.75,0.1318,360.0,Current,0,0,ACB-BR036
ACB-LN0005778,ACB-C011785,Mortgage,2024-03-16,289430.27,208037.02,0.0534,12.0,Current,0,0,ACB-BR012
ACB-LN0005779,ACB-C000872,Home Equity Loan,2020-05-20,42677.77,15217.96,0.0919,48.0,Current,0,0,ACB-BR029
ACB-LN0005780,ACB-C006726,Small Business Loan,2023-01-08,223489.32,87624.0,0.1462,36.0,Current,0,0,ACB-BR077
ACB-LN0005781,ACB-C003194,Student Loan,2026-02-24,67655.63,15042.79,0.0714,48.0,Current,0,0,ACB-BR075
ACB-LN0005782,ACB-C003854,Personal Loan,2019-07-21,21733.3,3445.49,0.1571,24.0,Current,0,0,ACB-BR042
ACB-LN0005783,ACB-C013255,Personal Loan,2024-07-25,17763.88,15683.26,0.24,12.0,Current,0,0,ACB-BR070
ACB-LN0005784,ACB-C005053,Student Loan,2019-03-04,7043.02,6738.59,0.0458,12.0,Default,301,1,ACB-BR018
ACB-LN0005785,ACB-C010620,Personal Loan,2023-07-02,28598.5,19555.54,0.128,12.0,Current,0,0,ACB-BR052
ACB-LN0005786,ACB-C011047,Personal Loan,2023-11-08,22613.36,21004.84,0.24,360.0,Default,224,1,ACB-BR061
ACB-LN0005787,ACB-C010932,Personal Loan,2020-12-01,3750.44,774.7,0.1385,48.0,Current,0,0,ACB-BR036
ACB-LN0005788,ACB-C008464,Auto Loan,2019-05-29,23772.5,20361.97,0.0933,180.0,Current,0,0,ACB-BR015
ACB-LN0005789,ACB-C010388,Home Equity Loan,2019-11-28,109359.64,64801.22,0.1186,48.0,Current,0,0,ACB-BR049
ACB-LN0005790,ACB-C012969,Small Business Loan,2022-12-03,161865.27,45028.86,0.1124,36.0,Current,0,0,ACB-BR006
ACB-LN0005791,ACB-C002187,Auto Loan,2025-09-13,33222.99,20172.61,0.16,48.0,Current,0,0,ACB-BR012
ACB-LN0005792,ACB-C002872,Small Business Loan,2021-06-14,171775.37,44774.62,0.1791,60.0,Current,0,0,ACB-BR038
ACB-LN0005793,ACB-C001105,Auto Loan,2023-07-03,28420.16,17738.16,0.1469,12.0,Current,0,0,ACB-BR037
ACB-LN0005794,ACB-C014698,Mortgage,2023-04-27,265066.58,56476.91,0.0409,84.0,Paid Off,0,0,ACB-BR046
ACB-LN0005795,ACB-C011564,Mortgage,2023-11-30,380345.09,253054.57,0.0692,12.0,Current,0,0,ACB-BR052
ACB-LN0005796,ACB-C005281,Mortgage,2022-08-07,378237.49,287753.27,0.0918,360.0,30-59 DPD,34,0,ACB-BR072
ACB-LN0005797,ACB-C001173,Auto Loan,2024-05-03,8853.38,8382.02,0.16,24.0,Current,0,0,ACB-BR026
ACB-LN0005798,ACB-C007616,Mortgage,2021-07-04,552997.41,173731.61,0.0735,120.0,Current,0,0,ACB-BR075
ACB-LN0005799,ACB-C004802,Personal Loan,2025-12-21,10866.11,4034.23,0.1565,48.0,Current,0,0,ACB-BR076
ACB-LN0005800,ACB-C003342,Personal Loan,2023-10-26,24804.39,15409.8,0.24,24.0,Current,0,0,ACB-BR039
ACB-LN0005801,ACB-C007153,Home Equity Loan,2022-07-09,66699.23,14080.46,0.1231,36.0,Paid Off,0,0,ACB-BR059
ACB-LN0005802,ACB-C010587,Small Business Loan,2021-08-08,185608.29,31921.73,0.1303,120.0,Current,0,0,ACB-BR059
ACB-LN0005803,ACB-C008172,Home Equity Loan,2023-02-25,85393.9,23546.52,0.0761,120.0,Current,0,0,ACB-BR003
ACB-LN0005804,ACB-C006375,Mortgage,2019-10-31,406935.37,275132.58,0.0568,24.0,Current,0,0,ACB-BR062
ACB-LN0005805,ACB-C014726,Home Equity Loan,2025-03-10,92471.98,64089.05,0.1328,60.0,Current,0,0,ACB-BR006
ACB-LN0005806,ACB-C014936,Mortgage,2022-08-18,610278.93,227781.12,0.095,240.0,Current,0,0,ACB-BR068
ACB-LN0005807,ACB-C005027,Personal Loan,2022-12-19,2839.43,2577.68,0.1106,24.0,Current,0,0,ACB-BR068
ACB-LN0005808,ACB-C006229,Personal Loan,2025-04-29,23981.64,8896.21,0.24,120.0,Current,0,0,ACB-BR046
ACB-LN0005809,ACB-C000200,Auto Loan,2022-06-16,23282.93,14848.93,0.0983,60.0,Current,0,0,ACB-BR070
ACB-LN0005810,ACB-C004414,Mortgage,2023-03-19,312729.27,226320.11,0.095,360.0,Paid Off,0,0,ACB-BR012
ACB-LN0005811,ACB-C007703,Mortgage,2023-05-18,542791.56,52877.95,0.0446,84.0,Current,0,0,ACB-BR062
ACB-LN0005812,ACB-C003166,Mortgage,2022-09-07,340534.65,131783.07,0.0901,360.0,Current,0,0,ACB-BR029
ACB-LN0005813,ACB-C007106,Home Equity Loan,2023-01-17,107596.12,38757.22,0.1385,60.0,Paid Off,0,0,ACB-BR065
ACB-LN0005814,ACB-C004999,Student Loan,2022-10-02,63980.36,54864.24,0.11,60.0,Current,0,0,ACB-BR004
ACB-LN0005815,ACB-C007387,Small Business Loan,2025-03-09,110440.05,87277.11,0.1786,180.0,30-59 DPD,30,0,ACB-BR052
ACB-LN0005816,ACB-C002049,Mortgage,2023-02-13,578730.32,231107.92,0.0845,84.0,Current,0,0,ACB-BR010
ACB-LN0005817,ACB-C013374,Student Loan,2019-06-16,58845.17,45575.55,0.0807,,Current,0,0,ACB-BR020
ACB-LN0005818,ACB-C001017,Mortgage,2021-11-17,394633.69,263899.25,0.0368,84.0,Current,0,0,ACB-BR042
ACB-LN0005819,ACB-C012924,Mortgage,2021-12-01,585322.7,382410.24,0.0552,180.0,Paid Off,0,0,ACB-BR043
ACB-LN0005820,ACB-C014676,Auto Loan,2023-02-17,38811.56,12400.62,0.16,120.0,Current,0,0,ACB-BR033
ACB-LN0005821,ACB-C007711,Personal Loan,2022-12-09,22600.94,2505.83,0.1483,12.0,30-59 DPD,57,0,ACB-BR066
ACB-LN0005822,ACB-C008863,Auto Loan,2020-10-14,44207.63,42291.81,0.1099,12.0,30-59 DPD,37,0,ACB-BR005
ACB-LN0005823,ACB-C012751,Home Equity Loan,2020-10-25,110053.53,69946.28,0.0587,180.0,Current,0,0,ACB-BR016
ACB-LN0005824,ACB-C001105,Auto Loan,2020-11-18,42770.21,9157.67,0.0739,84.0,Current,0,0,ACB-BR063
ACB-LN0005825,ACB-C012881,Small Business Loan,2023-02-23,74062.57,34356.46,0.2,12.0,30-59 DPD,49,0,ACB-BR065
ACB-LN0005826,ACB-C006421,Home Equity Loan,2019-08-28,71080.37,25061.68,,48.0,Current,0,0,ACB-BR064
ACB-LN0005827,ACB-C009339,Home Equity Loan,2020-07-22,103568.44,41518.63,0.0654,48.0,Current,0,0,ACB-BR017
ACB-LN0005828,ACB-C007970,Small Business Loan,2023-01-12,180104.72,56593.34,0.1083,180.0,Current,0,0,ACB-BR009
ACB-LN0005829,ACB-C014035,Personal Loan,2019-01-20,24064.04,17832.03,0.1973,36.0,Current,0,0,ACB-BR041
ACB-LN0005830,ACB-C000541,Mortgage,2021-11-21,142024.92,14490.17,0.0357,36.0,Current,0,0,ACB-BR026
ACB-LN0005831,ACB-C001345,Small Business Loan,2019-04-14,130068.6,85901.68,0.0865,120.0,Current,0,0,ACB-BR007
ACB-LN0005832,ACB-C001730,Student Loan,2021-06-18,47451.68,11098.14,0.0737,84.0,Current,0,0,ACB-BR048
ACB-LN0005833,ACB-C006725,Mortgage,2022-10-26,283327.95,86643.81,0.0421,84.0,Default,273,1,ACB-BR058
ACB-LN0005834,ACB-C011519,Auto Loan,2025-10-02,8908.25,7076.24,0.0615,24.0,Current,0,0,ACB-BR035
ACB-LN0005835,ACB-C003669,Mortgage,2026-02-22,423724.77,373671.84,0.0467,48.0,Paid Off,0,0,ACB-BR055
ACB-LN0005836,ACB-C003841,Small Business Loan,2025-10-22,69758.83,11095.53,0.2,120.0,Current,0,0,ACB-BR054
ACB-LN0005837,ACB-C005739,Auto Loan,2024-04-25,8126.0,1736.31,0.0885,360.0,Current,0,0,ACB-BR011
ACB-LN0005838,ACB-C002959,Home Equity Loan,2023-06-18,64338.69,19209.57,0.107,180.0,Current,0,0,ACB-BR020
ACB-LN0005839,ACB-C006847,Home Equity Loan,2019-03-29,105889.14,42552.04,0.0958,60.0,Current,0,0,ACB-BR073
ACB-LN0005840,ACB-C008696,Mortgage,2021-08-17,477578.42,437000.25,0.0703,,Current,0,0,ACB-BR061
ACB-LN0005841,ACB-C007124,Auto Loan,2023-09-14,48290.83,6320.85,0.1429,240.0,90+ DPD,143,1,ACB-BR037
ACB-LN0005842,ACB-C008511,Personal Loan,2024-02-07,6924.9,5644.52,0.1309,240.0,Default,321,1,ACB-BR007
ACB-LN0005843,ACB-C003187,Mortgage,2023-12-13,504877.01,153473.06,0.0747,24.0,Current,0,0,ACB-BR033
ACB-LN0005844,ACB-C014341,Small Business Loan,2022-03-14,91780.39,80953.5,0.1396,60.0,Current,0,0,ACB-BR049
ACB-LN0005845,ACB-C000382,Student Loan,2022-10-02,34316.92,3272.25,0.1073,84.0,Paid Off,0,0,ACB-BR003
ACB-LN0005846,ACB-C008459,Auto Loan,2019-08-30,14785.22,4750.5,0.1002,120.0,Current,0,0,ACB-BR018
ACB-LN0005847,ACB-C011412,Auto Loan,2022-10-06,11029.76,5515.68,0.0764,360.0,Paid Off,0,0,ACB-BR080
ACB-LN0005848,ACB-C007756,Auto Loan,2019-02-17,47262.97,9687.0,0.0789,24.0,Current,0,0,ACB-BR028
ACB-LN0005849,ACB-C000885,Auto Loan,2019-10-11,42960.52,25378.59,0.045,60.0,Current,0,0,ACB-BR039
ACB-LN0005850,ACB-C005172,Mortgage,2022-04-22,576926.69,470003.18,0.0461,36.0,Current,0,0,ACB-BR067
ACB-LN0005851,ACB-C014095,Student Loan,2023-01-04,18211.76,7661.67,0.1039,360.0,Current,0,0,ACB-BR069
ACB-LN0005852,ACB-C002305,Mortgage,2024-03-15,529284.06,299138.98,0.0453,84.0,Current,0,0,ACB-BR078
ACB-LN0005853,ACB-C009650,Home Equity Loan,2022-11-29,93210.74,19804.14,0.14,24.0,Current,0,0,ACB-BR011
ACB-LN0005854,ACB-C003160,Mortgage,2019-08-17,604422.03,376302.7,,180.0,Current,0,0,ACB-BR035
ACB-LN0005855,ACB-C005859,Home Equity Loan,2022-12-30,43926.94,34343.43,0.0809,36.0,Current,0,0,ACB-BR076
ACB-LN0005856,ACB-C003925,Mortgage,2025-12-10,152946.75,103221.09,0.095,180.0,Current,0,0,ACB-BR047
ACB-LN0005857,ACB-C000642,Mortgage,2024-07-07,510999.06,34326.54,0.095,180.0,Current,0,0,ACB-BR075
ACB-LN0005858,ACB-C007884,Personal Loan,2021-12-29,30425.58,16952.91,0.0868,360.0,Current,0,0,ACB-BR037
ACB-LN0005859,ACB-C010509,Mortgage,2022-10-09,545883.17,57817.97,0.0715,360.0,Written Off,0,1,ACB-BR011
ACB-LN0005860,ACB-C013806,Small Business Loan,2025-04-01,247255.34,18928.47,0.1188,12.0,Paid Off,0,0,ACB-BR004
ACB-LN0005861,ACB-C013258,Mortgage,2022-07-10,576707.14,396925.22,0.0911,240.0,Current,0,0,ACB-BR016
ACB-LN0005862,ACB-C012600,Personal Loan,2021-07-10,23762.98,1318.64,0.1315,360.0,Current,0,0,ACB-BR012
ACB-LN0005863,ACB-C001279,Auto Loan,2021-09-10,54725.93,36615.85,0.0916,360.0,Paid Off,0,0,ACB-BR065
ACB-LN0005864,ACB-C010937,Auto Loan,2022-07-24,34819.95,31103.4,0.1473,180.0,Current,0,0,ACB-BR059
ACB-LN0005865,ACB-C012121,Auto Loan,2024-09-17,25412.1,19658.22,0.0678,12.0,Current,0,0,ACB-BR055
ACB-LN0005866,ACB-C011932,Mortgage,2025-02-17,415165.5,374959.85,0.0775,120.0,60-89 DPD,80,0,ACB-BR051
ACB-LN0005867,ACB-C014547,Small Business Loan,2019-06-24,126953.67,114330.75,0.1038,84.0,Current,0,0,ACB-BR063
ACB-LN0005868,ACB-C002656,Mortgage,2021-06-24,140562.69,129996.11,0.0677,24.0,Current,0,0,ACB-BR078
ACB-LN0005869,ACB-C007387,Auto Loan,2021-09-18,14310.04,12657.94,0.0936,180.0,Paid Off,0,0,ACB-BR066
ACB-LN0005870,ACB-C004900,Mortgage,2024-01-21,429439.78,114780.57,0.072,12.0,Current,0,0,ACB-BR069
ACB-LN0005871,ACB-C010292,Home Equity Loan,2021-12-30,20632.08,6459.9,0.0958,120.0,Current,0,0,ACB-BR040
ACB-LN0005872,ACB-C009438,Auto Loan,2022-09-01,51790.62,46313.73,0.16,180.0,Current,0,0,ACB-BR056
ACB-LN0005873,ACB-C001031,Auto Loan,2020-11-13,11055.8,2063.55,0.1216,360.0,Current,0,0,ACB-BR004
ACB-LN0005874,ACB-C009885,Personal Loan,2020-06-29,17109.18,11198.89,0.1282,120.0,Current,0,0,ACB-BR001
ACB-LN0005875,ACB-C009489,Auto Loan,2023-07-03,13917.33,7314.07,0.1213,60.0,Current,0,0,ACB-BR042
ACB-LN0005876,ACB-C001528,Auto Loan,2024-05-19,28799.55,15275.56,0.0709,48.0,Current,0,0,ACB-BR015
ACB-LN0005877,ACB-C009238,Personal Loan,2022-03-05,8603.66,1118.06,0.1355,120.0,90+ DPD,145,1,ACB-BR036
ACB-LN0005878,ACB-C004870,Mortgage,2023-10-12,281378.79,242209.84,0.0941,60.0,Current,0,0,ACB-BR075
ACB-LN0005879,ACB-C006660,Auto Loan,2024-11-29,14301.19,9816.83,0.0931,60.0,Current,0,0,ACB-BR039
ACB-LN0005880,ACB-C012121,Personal Loan,2023-06-03,15931.53,15066.49,0.1548,120.0,Current,0,0,ACB-BR080
ACB-LN0005881,ACB-C013594,Mortgage,2022-03-16,528053.06,478612.81,0.035,84.0,Current,0,0,ACB-BR050
ACB-LN0005882,ACB-C005235,Personal Loan,2025-09-30,8118.19,443.39,0.24,48.0,Paid Off,0,0,ACB-BR033
ACB-LN0005883,ACB-C014121,Home Equity Loan,2020-11-19,23467.7,19793.72,0.0639,,Current,0,0,ACB-BR023
ACB-LN0005884,ACB-C004290,Personal Loan,2021-10-19,29478.49,14080.23,0.1875,36.0,Current,0,0,ACB-BR021
ACB-LN0005885,ACB-C008815,Auto Loan,2026-01-24,13858.6,7934.73,0.16,24.0,Current,0,0,ACB-BR043
ACB-LN0005886,ACB-C006082,Small Business Loan,2024-05-21,146066.39,116287.63,0.2,360.0,30-59 DPD,45,0,ACB-BR009
ACB-LN0005887,ACB-C013248,Mortgage,2020-03-21,325490.37,248338.94,0.0612,24.0,Current,0,0,ACB-BR009
ACB-LN0005888,ACB-C009976,Mortgage,2023-02-15,457345.62,275663.9,0.0616,60.0,Current,0,0,ACB-BR072
ACB-LN0005889,ACB-C003329,Mortgage,2021-02-03,581125.24,320550.6,0.0345,36.0,Current,0,0,ACB-BR046
ACB-LN0005890,ACB-C002804,Mortgage,2019-11-23,406019.39,60587.22,0.0693,240.0,Current,0,0,ACB-BR070
ACB-LN0005891,ACB-C013778,Mortgage,2024-03-22,448252.63,105360.79,0.0852,12.0,Current,0,0,ACB-BR001
ACB-LN0005892,ACB-C010490,Home Equity Loan,2022-02-04,92998.34,54507.36,0.1041,48.0,Current,0,0,ACB-BR034
ACB-LN0005893,ACB-C007069,Personal Loan,2020-12-18,16574.44,7411.21,0.137,24.0,Current,0,0,ACB-BR077
ACB-LN0005894,ACB-C014710,Auto Loan,2020-11-18,50427.56,5197.75,0.1025,24.0,Current,0,0,ACB-BR047
ACB-LN0005895,ACB-C002874,Home Equity Loan,2025-08-01,28483.19,19126.32,0.0829,12.0,Current,0,0,ACB-BR002
ACB-LN0005896,ACB-C002996,Student Loan,2020-11-08,43237.57,25187.17,0.0826,60.0,90+ DPD,107,1,ACB-BR077
ACB-LN0005897,ACB-C011703,Small Business Loan,2022-12-26,29379.28,25227.62,0.2,360.0,Current,0,0,ACB-BR017
ACB-LN0005898,ACB-C011915,Mortgage,2020-11-09,450090.63,424980.62,0.0677,180.0,Current,0,0,ACB-BR005
ACB-LN0005899,ACB-C000707,Auto Loan,2022-12-26,48663.42,10183.46,0.1415,48.0,Current,0,0,ACB-BR009
ACB-LN0005900,ACB-C005852,Mortgage,2021-04-01,190467.91,22660.84,0.0569,24.0,Current,0,0,ACB-BR039
ACB-LN0005901,ACB-C000833,Mortgage,2023-06-10,517977.81,504530.42,0.0476,12.0,60-89 DPD,67,0,ACB-BR063
ACB-LN0005902,ACB-C007823,Personal Loan,2021-03-06,33600.25,10732.23,0.1193,120.0,Current,0,0,ACB-BR066
ACB-LN0005903,ACB-C009980,Mortgage,2021-03-14,447054.32,429254.41,0.0624,12.0,Current,0,0,ACB-BR039
ACB-LN0005904,ACB-C008872,Home Equity Loan,2025-01-07,95205.55,9638.29,0.14,12.0,Current,0,0,ACB-BR059
ACB-LN0005905,ACB-C013797,Personal Loan,2026-03-10,21823.95,14663.37,0.2025,360.0,Current,0,0,ACB-BR032
ACB-LN0005906,ACB-C000991,Home Equity Loan,2023-05-01,34968.67,5686.65,0.0767,36.0,30-59 DPD,42,0,ACB-BR008
ACB-LN0005907,ACB-C013202,Personal Loan,2024-03-12,3837.98,331.98,0.1203,180.0,Current,0,0,ACB-BR001
ACB-LN0005908,ACB-C009830,Mortgage,2021-01-28,241597.64,227253.4,0.0745,24.0,Default,325,1,ACB-BR036
ACB-LN0005909,ACB-C010716,Student Loan,2021-03-14,77000.89,57199.3,0.0717,360.0,Current,0,0,ACB-BR011
ACB-LN0005910,ACB-C012772,Mortgage,2021-03-02,278614.91,148042.04,0.0713,36.0,Current,0,0,ACB-BR034
ACB-LN0005911,ACB-C009896,Small Business Loan,2025-04-27,209084.36,70137.56,0.1357,360.0,Current,0,0,ACB-BR050
ACB-LN0005912,ACB-C012808,Student Loan,2022-06-11,11191.52,1225.02,0.0695,84.0,Current,0,0,ACB-BR012
ACB-LN0005913,ACB-C010685,Student Loan,2024-08-31,18834.36,7468.03,0.0888,24.0,Paid Off,0,0,ACB-BR064
ACB-LN0005914,ACB-C009819,Auto Loan,2021-11-10,8710.77,7351.52,0.0942,24.0,Current,0,0,ACB-BR040
ACB-LN0005915,ACB-C004219,Mortgage,2021-10-02,464866.44,350711.46,0.0651,360.0,Current,0,0,ACB-BR037
ACB-LN0005916,ACB-C007803,Small Business Loan,2023-11-27,36132.68,22794.79,0.1679,36.0,Current,0,0,ACB-BR008
ACB-LN0005917,ACB-C007814,Personal Loan,2022-10-17,5312.85,3284.43,0.1408,36.0,Current,0,0,ACB-BR048
ACB-LN0005918,ACB-C009478,Auto Loan,2025-06-30,13124.18,2454.65,0.1529,36.0,Current,0,0,ACB-BR036
ACB-LN0005919,ACB-C013497,Student Loan,2023-06-01,72568.1,37380.56,0.11,36.0,Paid Off,0,0,ACB-BR060
ACB-LN0005920,ACB-C009120,Mortgage,2023-10-29,503108.25,222690.38,0.0464,60.0,Default,305,1,ACB-BR009
ACB-LN0005921,ACB-C007124,Personal Loan,2020-11-01,15668.53,4063.15,0.1764,24.0,Current,0,0,ACB-BR054
ACB-LN0005922,ACB-C010412,Personal Loan,2021-04-23,19168.17,17487.52,0.1842,180.0,Current,0,0,ACB-BR037
ACB-LN0005923,ACB-C003849,Personal Loan,2022-01-06,14351.46,10751.44,0.2072,,Current,0,0,ACB-BR043
ACB-LN0005924,ACB-C008251,Home Equity Loan,2020-10-13,77818.29,7670.35,0.0724,84.0,Current,0,0,ACB-BR005
ACB-LN0005925,ACB-C010215,Personal Loan,2019-09-22,21772.09,16635.27,0.1532,360.0,Current,0,0,ACB-BR013
ACB-LN0005926,ACB-C010373,Personal Loan,2025-11-26,34058.43,15843.06,0.24,360.0,Current,0,0,ACB-BR056
ACB-LN0005927,ACB-C004600,Small Business Loan,2019-07-02,198961.55,61218.35,0.1408,24.0,Current,0,0,ACB-BR044
ACB-LN0005928,ACB-C011922,Mortgage,2019-05-31,218559.02,74496.55,0.0319,240.0,90+ DPD,178,1,ACB-BR035
ACB-LN0005929,ACB-C002512,Auto Loan,2020-04-29,45070.33,24684.05,0.112,120.0,Current,0,0,ACB-BR078
ACB-LN0005930,ACB-C012645,Student Loan,2022-04-24,59682.51,48628.77,0.0886,180.0,Paid Off,0,0,ACB-BR073
ACB-LN0005931,ACB-C003707,Auto Loan,2024-09-22,15985.64,14651.24,0.1591,120.0,Paid Off,0,0,ACB-BR026
ACB-LN0005932,ACB-C009751,Student Loan,2022-04-07,75354.72,25698.62,0.066,84.0,Current,0,0,ACB-BR016
ACB-LN0005933,ACB-C001476,Mortgage,2023-05-17,494760.7,270862.25,0.0468,48.0,Current,0,0,ACB-BR020
ACB-LN0005934,ACB-C009416,Personal Loan,2023-03-07,15939.09,1794.66,0.1415,240.0,30-59 DPD,41,0,ACB-BR066
ACB-LN0005935,ACB-C004960,Mortgage,2024-11-26,594138.65,135265.15,0.0749,48.0,Paid Off,0,0,ACB-BR073
ACB-LN0005936,ACB-C010212,Personal Loan,2024-11-15,20625.82,1110.66,0.1898,24.0,Current,0,0,ACB-BR047
ACB-LN0005937,ACB-C007719,Personal Loan,2026-03-16,34731.31,25751.26,0.24,48.0,Current,0,0,ACB-BR056
ACB-LN0005938,ACB-C005746,Mortgage,2019-06-24,442278.5,148434.09,0.0626,36.0,Current,0,0,ACB-BR002
ACB-LN0005939,ACB-C010782,Auto Loan,2022-07-20,43522.05,28533.26,0.1245,36.0,Current,0,0,ACB-BR022
ACB-LN0005940,ACB-C013659,Personal Loan,2022-02-07,16674.27,8382.2,0.1745,48.0,Current,0,0,ACB-BR051
ACB-LN0005941,ACB-C009850,Personal Loan,2020-03-09,24851.25,3244.24,0.1044,360.0,Current,0,0,ACB-BR046
ACB-LN0005942,ACB-C007916,Mortgage,2021-09-17,128330.89,73340.03,0.033,84.0,Current,0,0,ACB-BR054
ACB-LN0005943,ACB-C006982,Auto Loan,2021-11-21,42482.67,16728.83,0.1331,48.0,Current,0,0,ACB-BR036
ACB-LN0005944,ACB-C002091,Personal Loan,2024-08-21,12750.03,6520.12,0.24,48.0,Current,0,0,ACB-BR027
ACB-LN0005945,ACB-C014181,Home Equity Loan,2019-04-09,68525.89,24683.29,0.056,,30-59 DPD,42,0,ACB-BR018
ACB-LN0005946,ACB-C010368,Auto Loan,2025-01-27,8143.48,2413.94,0.16,84.0,Current,0,0,ACB-BR052
ACB-LN0005947,ACB-C011459,Auto Loan,2023-08-30,37398.61,19417.3,0.1251,120.0,Current,0,0,ACB-BR068
ACB-LN0005948,ACB-C013040,Student Loan,2021-05-13,40206.66,39326.6,0.088,36.0,Current,0,0,ACB-BR046
ACB-LN0005949,ACB-C009153,Student Loan,2024-08-08,68873.08,17232.48,0.0934,60.0,Current,0,0,ACB-BR010
ACB-LN0005950,ACB-C007290,Auto Loan,2022-03-07,41679.96,21747.01,0.1099,12.0,Current,0,0,ACB-BR039
ACB-LN0005951,ACB-C002092,Small Business Loan,2024-02-19,92794.97,17866.41,0.1982,240.0,Current,0,0,ACB-BR075
ACB-LN0005952,ACB-C006702,Personal Loan,2024-10-17,15934.68,3847.65,0.1332,24.0,Current,0,0,ACB-BR056
ACB-LN0005953,ACB-C007483,Mortgage,2022-09-12,306389.09,93486.17,0.0483,84.0,Paid Off,0,0,ACB-BR007
ACB-LN0005954,ACB-C006890,Mortgage,2019-04-05,423036.23,254344.67,0.0342,60.0,Current,0,0,ACB-BR079
ACB-LN0005955,ACB-C008690,Personal Loan,2022-03-22,2872.2,951.49,0.1655,12.0,Current,0,0,ACB-BR038
ACB-LN0005956,ACB-C014428,Auto Loan,2026-03-07,40307.65,31902.49,0.16,360.0,Current,0,0,ACB-BR068
ACB-LN0005957,ACB-C001351,Mortgage,2024-10-23,576557.86,265596.54,0.0895,48.0,Paid Off,0,0,ACB-BR026
ACB-LN0005958,ACB-C008424,Auto Loan,2022-07-14,51283.3,12324.23,0.1385,60.0,Current,0,0,ACB-BR018
ACB-LN0005959,ACB-C008067,Personal Loan,2021-01-17,3455.9,3320.4,0.1111,12.0,Current,0,0,ACB-BR007
ACB-LN0005960,ACB-C014628,Small Business Loan,2021-01-22,147370.23,86306.67,0.1284,12.0,Default,206,1,ACB-BR065
ACB-LN0005961,ACB-C008031,Student Loan,2026-02-25,56403.57,7042.21,0.11,360.0,Current,0,0,ACB-BR010
ACB-LN0005962,ACB-C009558,Personal Loan,2022-06-13,7147.74,5913.64,0.1684,180.0,Paid Off,0,0,ACB-BR045
ACB-LN0005963,ACB-C003417,Auto Loan,2020-05-29,28651.78,28013.09,0.1088,84.0,30-59 DPD,41,0,ACB-BR076
ACB-LN0005964,ACB-C002306,Auto Loan,2023-05-25,39457.68,22903.86,0.1532,48.0,Current,0,0,ACB-BR041
ACB-LN0005965,ACB-C009657,Mortgage,2020-08-05,478890.25,67129.25,0.0323,240.0,60-89 DPD,68,0,ACB-BR066
ACB-LN0005966,ACB-C004725,Mortgage,2024-06-20,289290.75,235808.3,0.0912,48.0,Current,0,0,ACB-BR029
ACB-LN0005967,ACB-C009520,Personal Loan,2021-12-29,6019.65,599.83,0.2021,60.0,Current,0,0,ACB-BR003
ACB-LN0005968,ACB-C008745,Personal Loan,2023-02-01,9312.31,1282.34,0.1291,60.0,Current,0,0,ACB-BR030
ACB-LN0005969,ACB-C011481,Mortgage,2024-03-23,473047.2,264469.9,0.0723,240.0,Current,0,0,ACB-BR023
ACB-LN0005970,ACB-C004439,Mortgage,2021-03-20,336940.71,81429.45,0.0313,24.0,Current,0,0,ACB-BR064
ACB-LN0005971,ACB-C002626,Auto Loan,2021-10-25,52500.8,24274.43,0.1268,84.0,Paid Off,0,0,ACB-BR051
ACB-LN0005972,ACB-C012042,Auto Loan,2024-11-24,15355.78,14618.23,,36.0,30-59 DPD,41,0,ACB-BR012
ACB-LN0005973,ACB-C013734,Student Loan,2024-05-05,31228.07,11747.12,0.0993,360.0,Current,0,0,ACB-BR011
ACB-LN0005974,ACB-C012333,Auto Loan,2023-05-03,29795.51,26258.91,0.1485,84.0,Current,0,0,ACB-BR058
ACB-LN0005975,ACB-C000843,Mortgage,2021-02-01,506677.71,184373.72,,120.0,Current,0,0,ACB-BR054
ACB-LN0005976,ACB-C003445,Small Business Loan,2024-10-25,104736.36,97694.63,0.1306,84.0,Current,0,0,ACB-BR021
ACB-LN0005977,ACB-C000585,Student Loan,2025-07-12,51029.57,29485.28,0.0682,180.0,Paid Off,0,0,ACB-BR061
ACB-LN0005978,ACB-C001422,Small Business Loan,2021-08-24,116625.01,112884.55,0.1513,24.0,Current,0,0,ACB-BR045
ACB-LN0005979,ACB-C011454,Auto Loan,2022-10-08,37726.77,24541.82,0.1187,24.0,90+ DPD,138,1,ACB-BR005
ACB-LN0005980,ACB-C010934,Small Business Loan,2022-07-25,190604.98,116004.84,0.1518,120.0,90+ DPD,136,1,ACB-BR035
ACB-LN0005981,ACB-C001201,Mortgage,2022-10-08,158081.89,28430.9,0.0693,36.0,Current,0,0,ACB-BR027
ACB-LN0005982,ACB-C004387,Mortgage,2020-06-11,146254.84,95342.33,0.0421,84.0,Current,0,0,ACB-BR036
ACB-LN0005983,ACB-C002232,Personal Loan,2020-04-24,30030.56,17427.8,0.1248,84.0,Current,0,0,ACB-BR074
ACB-LN0005984,ACB-C005805,Personal Loan,2022-06-02,18296.43,17685.22,0.1855,84.0,Current,0,0,ACB-BR080
ACB-LN0005985,ACB-C006937,Mortgage,2023-04-03,408852.39,374146.98,0.0908,180.0,90+ DPD,96,1,ACB-BR020
ACB-LN0005986,ACB-C013867,Personal Loan,2026-03-09,7952.16,7408.2,0.2208,360.0,Current,0,0,ACB-BR020
ACB-LN0005987,ACB-C009952,Auto Loan,2020-10-15,28418.25,13518.11,0.1148,240.0,Current,0,0,ACB-BR070
ACB-LN0005988,ACB-C003989,Auto Loan,2021-05-12,36424.52,8444.19,0.0841,60.0,Current,0,0,ACB-BR004
ACB-LN0005989,ACB-C012549,Mortgage,2019-10-13,545108.38,109682.29,0.0441,84.0,Current,0,0,ACB-BR065
ACB-LN0005990,ACB-C006273,Auto Loan,2024-07-27,24308.41,23805.34,0.1149,180.0,Current,0,0,ACB-BR003
ACB-LN0005991,ACB-C006201,Personal Loan,2020-07-09,7816.33,6463.87,0.2152,120.0,Current,0,0,ACB-BR001
ACB-LN0005992,ACB-C014636,Home Equity Loan,2020-07-20,56327.84,26789.07,0.0868,12.0,Current,0,0,ACB-BR017
ACB-LN0005993,ACB-C000679,Student Loan,2022-07-28,47602.01,7559.98,0.0733,120.0,Current,0,0,ACB-BR054
ACB-LN0005994,ACB-C014599,Mortgage,2025-10-12,506262.63,218960.14,0.0483,240.0,Current,0,0,ACB-BR029
ACB-LN0005995,ACB-C002742,Small Business Loan,2019-06-25,74361.1,30473.17,0.1432,240.0,Paid Off,0,0,ACB-BR014
ACB-LN0005996,ACB-C006227,Small Business Loan,2021-09-21,174503.0,78585.3,0.107,48.0,Paid Off,0,0,ACB-BR008
ACB-LN0005997,ACB-C008744,Student Loan,2026-02-24,5845.05,768.16,0.0752,84.0,Current,0,0,ACB-BR075
ACB-LN0005998,ACB-C006057,Small Business Loan,2020-07-19,139145.5,50359.96,0.1175,240.0,Current,0,0,ACB-BR080
ACB-LN0005999,ACB-C008830,Mortgage,2021-12-12,417229.36,85238.98,0.0395,360.0,60-89 DPD,87,0,ACB-BR045
ACB-LN0006000,ACB-C009431,Home Equity Loan,2021-08-07,92588.95,50938.6,0.083,360.0,Current,0,0,ACB-BR037
ACB-LN0006001,ACB-C000379,Student Loan,2019-07-27,38886.6,26442.21,0.0536,180.0,90+ DPD,147,1,ACB-BR021
ACB-LN0006002,ACB-C003045,Mortgage,2025-08-07,563164.4,451789.83,0.0748,120.0,Current,0,0,ACB-BR063
ACB-LN0006003,ACB-C014627,Mortgage,2021-09-22,576090.56,467411.23,0.0414,240.0,60-89 DPD,88,0,ACB-BR046
ACB-LN0006004,ACB-C012924,Mortgage,2024-11-20,323479.27,92441.22,0.0777,60.0,Current,0,0,ACB-BR068
ACB-LN0006005,ACB-C005107,Student Loan,2020-03-14,13026.01,5684.52,0.0897,84.0,Current,0,0,ACB-BR050
ACB-LN0006006,ACB-C008514,Personal Loan,2023-10-07,13577.29,4783.36,0.24,36.0,Current,0,0,ACB-BR041
ACB-LN0006007,ACB-C001655,Small Business Loan,2021-11-09,146815.45,111755.33,0.0836,120.0,Current,0,0,ACB-BR027
ACB-LN0006008,ACB-C008951,Student Loan,2025-02-24,73706.38,45545.91,0.0566,120.0,30-59 DPD,40,0,ACB-BR055
ACB-LN0006009,ACB-C011850,Mortgage,2025-07-16,150213.61,108989.01,0.0445,12.0,60-89 DPD,74,0,ACB-BR005
ACB-LN0006010,ACB-C008788,Small Business Loan,2022-09-22,152905.9,123043.5,0.1729,360.0,Current,0,0,ACB-BR020
ACB-LN0006011,ACB-C004216,Student Loan,2023-08-29,65081.15,5036.72,0.0728,180.0,Current,0,0,ACB-BR061
ACB-LN0006012,ACB-C012724,Mortgage,2025-11-06,587125.53,247839.65,0.0412,48.0,90+ DPD,177,1,ACB-BR020
ACB-LN0006013,ACB-C012038,Mortgage,2022-08-18,554531.02,109200.52,0.058,48.0,Current,0,0,ACB-BR032
ACB-LN0006014,ACB-C004427,Mortgage,2020-12-05,202444.56,23245.63,0.0585,84.0,Current,0,0,ACB-BR039
ACB-LN0006015,ACB-C013278,Auto Loan,2024-12-30,35594.07,18477.7,0.1572,24.0,90+ DPD,167,1,ACB-BR001
ACB-LN0006016,ACB-C008052,Mortgage,2020-02-01,551382.93,28930.74,0.0312,360.0,Paid Off,0,0,ACB-BR037
ACB-LN0006017,ACB-C005916,Auto Loan,2020-06-20,9276.6,3857.93,0.1261,12.0,90+ DPD,158,1,ACB-BR035
ACB-LN0006018,ACB-C003361,Student Loan,2020-08-06,6374.04,3204.59,0.068,84.0,Current,0,0,ACB-BR001
ACB-LN0006019,ACB-C014957,Home Equity Loan,2024-04-16,88559.79,18265.08,0.14,240.0,Current,0,0,ACB-BR076
ACB-LN0006020,ACB-C007793,Personal Loan,2024-12-14,2391.35,471.04,0.24,48.0,Current,0,0,ACB-BR050
ACB-LN0006021,ACB-C012819,Mortgage,2024-02-08,160592.13,70045.67,0.0567,,90+ DPD,100,1,ACB-BR032
ACB-LN0006022,ACB-C002206,Small Business Loan,2023-03-03,238045.19,104551.78,0.1359,12.0,Current,0,0,ACB-BR020
ACB-LN0006023,ACB-C002103,Personal Loan,2025-07-21,5164.89,1187.55,0.1518,48.0,Default,272,1,ACB-BR008
ACB-LN0006024,ACB-C014942,Student Loan,2023-04-01,61103.45,57438.21,0.0778,36.0,Current,0,0,ACB-BR073
ACB-LN0006025,ACB-C003208,Mortgage,2021-06-01,384873.69,356642.7,0.0473,120.0,Paid Off,0,0,ACB-BR054
ACB-LN0006026,ACB-C013172,Home Equity Loan,2021-02-24,113080.96,20061.62,0.0855,360.0,Paid Off,0,0,ACB-BR021
ACB-LN0006027,ACB-C000079,Auto Loan,2024-01-17,13303.84,11922.91,0.0872,360.0,Current,0,0,ACB-BR010
ACB-LN0006028,ACB-C001860,Auto Loan,2021-03-23,22664.55,17547.29,0.1019,12.0,Current,0,0,ACB-BR056
ACB-LN0006029,ACB-C007339,Mortgage,2022-01-17,611538.54,206983.35,0.0467,180.0,Current,0,0,ACB-BR056
ACB-LN0006030,ACB-C000774,Auto Loan,2024-08-29,31355.22,10321.08,,120.0,Current,0,0,ACB-BR038
ACB-LN0006031,ACB-C007674,Mortgage,2021-05-21,640702.03,117834.32,0.0586,240.0,Current,0,0,ACB-BR050
ACB-LN0006032,ACB-C002853,Small Business Loan,2021-02-22,190348.95,152968.23,0.1721,120.0,Written Off,0,1,ACB-BR008
ACB-LN0006033,ACB-C003806,Personal Loan,2019-07-17,2178.29,792.46,0.1308,48.0,30-59 DPD,55,0,ACB-BR003
ACB-LN0006034,ACB-C002884,Personal Loan,2020-10-23,33326.2,27573.25,0.1744,48.0,30-59 DPD,30,0,ACB-BR050
ACB-LN0006035,ACB-C013544,Student Loan,2022-11-20,26001.06,1374.29,0.11,180.0,Current,0,0,ACB-BR039
ACB-LN0006036,ACB-C010194,Personal Loan,2023-05-16,17256.63,9707.46,0.24,180.0,90+ DPD,172,1,ACB-BR058
ACB-LN0006037,ACB-C013733,Personal Loan,2021-11-05,21776.54,3384.51,0.1408,180.0,Current,0,0,ACB-BR059
ACB-LN0006038,ACB-C001350,Mortgage,2023-12-09,646958.85,156125.9,0.0593,60.0,Current,0,0,ACB-BR062
ACB-LN0006039,ACB-C002812,Personal Loan,2019-10-02,16029.84,13591.41,0.216,180.0,Current,0,0,ACB-BR079
ACB-LN0006040,ACB-C000756,Personal Loan,2021-08-22,20722.3,5718.26,0.1944,180.0,Current,0,0,ACB-BR039
ACB-LN0006041,ACB-C008087,Personal Loan,2025-03-16,29493.4,7445.22,0.1449,60.0,Written Off,0,1,ACB-BR049
ACB-LN0006042,ACB-C007657,Personal Loan,2025-02-22,25098.54,18845.51,0.1558,60.0,Current,0,0,ACB-BR061
ACB-LN0006043,ACB-C004410,Mortgage,2021-11-03,401992.66,141936.79,0.0683,24.0,Current,0,0,ACB-BR072
ACB-LN0006044,ACB-C010786,Auto Loan,2021-02-27,19152.4,4715.76,0.1246,84.0,Current,0,0,ACB-BR016
ACB-LN0006045,ACB-C002445,Auto Loan,2025-10-22,38392.73,16201.32,0.0832,120.0,Current,0,0,ACB-BR038
ACB-LN0006046,ACB-C008551,Mortgage,2020-10-06,318536.17,250453.68,0.0426,48.0,Current,0,0,ACB-BR032
ACB-LN0006047,ACB-C010062,Mortgage,2023-11-15,584223.15,453686.16,0.0855,360.0,Current,0,0,ACB-BR055
ACB-LN0006048,ACB-C006080,Auto Loan,2023-07-06,52490.3,44905.5,,12.0,Paid Off,0,0,ACB-BR025
ACB-LN0006049,ACB-C007879,Auto Loan,2024-11-02,8665.37,633.41,0.1497,84.0,60-89 DPD,77,0,ACB-BR069
ACB-LN0006050,ACB-C001000,Auto Loan,2021-07-08,24009.16,10356.71,0.1364,120.0,Current,0,0,ACB-BR007
ACB-LN0006051,ACB-C011286,Mortgage,2021-03-06,313490.89,61203.93,0.0574,36.0,Current,0,0,ACB-BR011
ACB-LN0006052,ACB-C003978,Personal Loan,2019-03-07,27240.15,21521.26,0.1812,60.0,Current,0,0,ACB-BR037
ACB-LN0006053,ACB-C009867,Student Loan,2019-09-20,74073.59,9012.63,0.0679,240.0,Current,0,0,ACB-BR021
ACB-LN0006054,ACB-C005178,Personal Loan,2020-04-05,6711.44,5330.93,0.2047,48.0,Current,0,0,ACB-BR034
ACB-LN0006055,ACB-C004959,Personal Loan,2019-08-04,17314.3,10768.9,0.1148,48.0,Paid Off,0,0,ACB-BR065
ACB-LN0006056,ACB-C007415,Mortgage,2019-05-28,395643.26,386762.02,0.0508,24.0,Current,0,0,ACB-BR025
ACB-LN0006057,ACB-C013751,Auto Loan,2021-08-30,36915.15,6393.47,0.1215,360.0,60-89 DPD,85,0,ACB-BR003
ACB-LN0006058,ACB-C011643,Personal Loan,2019-10-18,28628.4,10140.57,0.1133,12.0,Current,0,0,ACB-BR035
ACB-LN0006059,ACB-C000387,Student Loan,2021-02-26,43201.19,17430.58,0.0479,36.0,30-59 DPD,36,0,ACB-BR049
ACB-LN0006060,ACB-C011083,Personal Loan,2022-02-17,21640.68,8315.74,0.1783,24.0,Paid Off,0,0,ACB-BR009
ACB-LN0006061,ACB-C002068,Mortgage,2023-08-12,286656.64,262575.56,0.062,24.0,Current,0,0,ACB-BR004
ACB-LN0006062,ACB-C003031,Student Loan,2022-02-16,36339.29,21330.76,0.0777,180.0,Current,0,0,ACB-BR079
ACB-LN0006063,ACB-C002160,Student Loan,2020-06-15,76111.25,7653.29,0.0745,240.0,30-59 DPD,52,0,ACB-BR029
ACB-LN0006064,ACB-C010934,Mortgage,2022-04-14,346184.21,131961.42,0.0677,12.0,90+ DPD,169,1,ACB-BR010
ACB-LN0006065,ACB-C005853,Personal Loan,2025-04-07,25115.52,16502.73,0.2307,360.0,Current,0,0,ACB-BR078
ACB-LN0006066,ACB-C011578,Student Loan,2023-12-11,71822.38,51588.63,0.0743,120.0,Current,0,0,ACB-BR017
ACB-LN0006067,ACB-C003239,Mortgage,2020-05-05,359401.55,251743.06,0.0612,120.0,Current,0,0,ACB-BR038
ACB-LN0006068,ACB-C014212,Auto Loan,2025-08-14,12746.13,6128.76,0.1272,12.0,Current,0,0,ACB-BR080
ACB-LN0006069,ACB-C001476,Mortgage,2024-05-02,451787.79,276341.83,0.0657,180.0,Current,0,0,ACB-BR018
ACB-LN0006070,ACB-C013371,Home Equity Loan,2020-07-08,48317.39,21511.61,0.0997,48.0,Current,0,0,ACB-BR020
ACB-LN0006071,ACB-C000821,Student Loan,2026-03-09,57278.22,30825.6,0.0694,48.0,Current,0,0,ACB-BR079
ACB-LN0006072,ACB-C002699,Auto Loan,2024-03-27,37521.29,5561.22,0.0949,12.0,Current,0,0,ACB-BR047
ACB-LN0006073,ACB-C011629,Mortgage,2020-10-11,250988.34,30777.18,0.0455,24.0,Paid Off,0,0,ACB-BR070
ACB-LN0006074,ACB-C009064,Auto Loan,2019-11-16,49807.48,21999.75,0.0788,120.0,30-59 DPD,50,0,ACB-BR067
ACB-LN0006075,ACB-C005287,Personal Loan,2025-11-23,4127.35,786.21,0.24,84.0,Current,0,0,ACB-BR010
ACB-LN0006076,ACB-C011782,Auto Loan,2024-04-12,33674.18,4724.93,0.0792,12.0,Current,0,0,ACB-BR040
ACB-LN0006077,ACB-C011313,Personal Loan,2019-11-09,11489.14,6298.06,0.1864,60.0,Paid Off,0,0,ACB-BR035
ACB-LN0006078,ACB-C005190,Mortgage,2020-09-19,590969.04,272673.04,0.045,180.0,Current,0,0,ACB-BR060
ACB-LN0006079,ACB-C003481,Auto Loan,2025-12-04,21212.43,12524.77,0.1146,60.0,Current,0,0,ACB-BR022
ACB-LN0006080,ACB-C011562,Mortgage,2020-05-10,209108.04,55742.74,0.0311,120.0,Current,0,0,ACB-BR012
ACB-LN0006081,ACB-C007128,Auto Loan,2026-01-25,10783.4,1632.78,0.075,24.0,Current,0,0,ACB-BR049
ACB-LN0006082,ACB-C009261,Mortgage,2020-12-27,297044.87,99545.43,0.0663,48.0,Current,0,0,ACB-BR078
ACB-LN0006083,ACB-C002520,Personal Loan,2023-12-15,22770.7,12661.79,0.24,360.0,60-89 DPD,84,0,ACB-BR041
ACB-LN0006084,ACB-C007382,Student Loan,2022-12-24,8650.04,8381.07,0.0894,360.0,Current,0,0,ACB-BR013
ACB-LN0006085,ACB-C006001,Personal Loan,2022-07-28,22248.82,21730.26,0.1344,36.0,Current,0,0,ACB-BR063
ACB-LN0006086,ACB-C010636,Small Business Loan,2019-10-19,85080.8,10546.46,0.0736,60.0,Current,0,0,ACB-BR065
ACB-LN0006087,ACB-C014238,Auto Loan,2019-09-13,10223.18,6045.32,0.0642,84.0,Paid Off,0,0,ACB-BR004
ACB-LN0006088,ACB-C002071,Auto Loan,2025-12-13,12940.41,5838.76,0.16,36.0,90+ DPD,102,1,ACB-BR030
ACB-LN0006089,ACB-C002083,Auto Loan,2023-10-30,27972.73,20874.53,0.1594,60.0,30-59 DPD,48,0,ACB-BR061
ACB-LN0006090,ACB-C004243,Personal Loan,2023-09-21,30705.23,8493.48,0.157,12.0,90+ DPD,109,1,ACB-BR051
ACB-LN0006091,ACB-C007091,Mortgage,2021-08-27,647278.09,151296.94,0.0749,48.0,Current,0,0,ACB-BR026
ACB-LN0006092,ACB-C011460,Home Equity Loan,2020-05-31,106833.69,85780.78,0.0827,48.0,Current,0,0,ACB-BR020
ACB-LN0006093,ACB-C006339,Mortgage,2019-10-08,490937.13,461967.91,0.0361,360.0,30-59 DPD,45,0,ACB-BR061
ACB-LN0006094,ACB-C012913,Auto Loan,2021-10-17,49028.83,4163.67,0.1311,84.0,Current,0,0,ACB-BR060
ACB-LN0006095,ACB-C011469,Auto Loan,2022-07-20,13969.9,4568.58,0.1316,12.0,Current,0,0,ACB-BR075
ACB-LN0006096,ACB-C009236,Student Loan,2019-07-16,8459.16,4760.26,0.0768,240.0,Paid Off,0,0,ACB-BR022
ACB-LN0006097,ACB-C004925,Auto Loan,2023-03-15,36356.24,14769.21,0.16,240.0,Current,0,0,ACB-BR063
ACB-LN0006098,ACB-C013379,Auto Loan,2023-04-19,50442.74,19594.89,0.1424,180.0,Current,0,0,ACB-BR021
ACB-LN0006099,ACB-C011920,Personal Loan,2019-06-23,17928.96,6715.22,0.1664,60.0,Current,0,0,ACB-BR079
ACB-LN0006100,ACB-C007864,Small Business Loan,2019-03-07,204275.21,177857.79,0.1143,12.0,Current,0,0,ACB-BR021
ACB-LN0006101,ACB-C000697,Mortgage,2024-02-18,604968.2,83050.02,0.0488,12.0,Current,0,0,ACB-BR060
ACB-LN0006102,ACB-C009169,Mortgage,2019-08-05,362687.66,330189.93,0.0712,180.0,Current,0,0,ACB-BR009
ACB-LN0006103,ACB-C009324,Auto Loan,2021-06-06,32018.29,6674.99,0.1178,360.0,Written Off,0,1,ACB-BR044
ACB-LN0006104,ACB-C000239,Auto Loan,2025-03-10,42465.48,20334.25,0.16,60.0,30-59 DPD,33,0,ACB-BR041
ACB-LN0006105,ACB-C013862,Mortgage,2021-04-03,143514.47,14351.74,0.0371,60.0,Current,0,0,ACB-BR005
ACB-LN0006106,ACB-C011998,Auto Loan,2023-11-19,13292.68,8515.72,0.1472,240.0,30-59 DPD,47,0,ACB-BR018
ACB-LN0006107,ACB-C003372,Small Business Loan,2023-02-12,188190.08,79696.93,0.1333,120.0,Current,0,0,ACB-BR018
ACB-LN0006108,ACB-C009410,Small Business Loan,2024-10-25,131624.32,40484.63,0.2,24.0,Written Off,0,1,ACB-BR054
ACB-LN0006109,ACB-C007472,Auto Loan,2020-12-08,11647.57,7813.26,0.1242,24.0,Current,0,0,ACB-BR079
ACB-LN0006110,ACB-C000399,Mortgage,2021-06-25,125671.86,78180.61,0.0314,84.0,Current,0,0,ACB-BR013
ACB-LN0006111,ACB-C008199,Personal Loan,2019-02-13,34997.11,31244.81,,84.0,Current,0,0,ACB-BR018
ACB-LN0006112,ACB-C003649,Personal Loan,2023-07-05,9292.82,3581.18,0.24,60.0,Current,0,0,ACB-BR004
ACB-LN0006113,ACB-C004948,Auto Loan,2022-03-31,20840.5,11972.84,0.1261,120.0,Current,0,0,ACB-BR042
ACB-LN0006114,ACB-C012562,Auto Loan,2021-05-21,14046.34,8348.95,0.0739,240.0,Current,0,0,ACB-BR039
ACB-LN0006115,ACB-C006892,Home Equity Loan,2021-05-16,77659.67,50542.21,0.0774,60.0,Current,0,0,ACB-BR009
ACB-LN0006116,ACB-C009632,Personal Loan,2020-09-20,32858.01,22824.36,0.0864,84.0,30-59 DPD,34,0,ACB-BR025
ACB-LN0006117,ACB-C001579,Auto Loan,2024-10-24,24642.22,11185.15,0.0843,36.0,Current,0,0,ACB-BR064
ACB-LN0006118,ACB-C006002,Mortgage,2022-11-15,167516.11,156876.27,0.0822,240.0,Current,0,0,ACB-BR023
ACB-LN0006119,ACB-C005627,Mortgage,2024-07-27,283774.86,227062.38,0.0686,84.0,Paid Off,0,0,ACB-BR067
ACB-LN0006120,ACB-C002110,Personal Loan,2019-01-24,5507.21,3320.47,0.134,60.0,Current,0,0,ACB-BR006
ACB-LN0006121,ACB-C002471,Student Loan,2019-03-28,70309.71,61500.35,0.0459,60.0,Current,0,0,ACB-BR001
ACB-LN0006122,ACB-C009543,Personal Loan,2023-03-03,4923.47,4770.03,0.24,120.0,Current,0,0,ACB-BR013
ACB-LN0006123,ACB-C014943,Personal Loan,2019-01-28,10275.89,2611.94,0.202,36.0,Current,0,0,ACB-BR015
ACB-LN0006124,ACB-C013219,Auto Loan,2021-01-26,44767.03,9819.75,0.124,36.0,Current,0,0,ACB-BR023
ACB-LN0006125,ACB-C005131,Small Business Loan,2025-05-31,44309.57,30628.61,0.2,240.0,Current,0,0,ACB-BR060
ACB-LN0006126,ACB-C007845,Personal Loan,2020-12-08,20005.42,7487.32,0.1779,24.0,Current,0,0,ACB-BR066
ACB-LN0006127,ACB-C013193,Mortgage,2022-05-26,179044.56,47580.02,0.0468,12.0,Default,196,1,ACB-BR015
ACB-LN0006128,ACB-C000201,Mortgage,2024-01-18,489545.34,458000.07,0.0748,12.0,Current,0,0,ACB-BR042
ACB-LN0006129,ACB-C006993,Home Equity Loan,2024-07-07,60221.83,57258.56,0.1278,60.0,Default,170,1,ACB-BR012
ACB-LN0006130,ACB-C007690,Personal Loan,2020-06-15,10246.82,2034.62,0.0836,48.0,Current,0,0,ACB-BR006
ACB-LN0006131,ACB-C014651,Auto Loan,2025-01-22,39092.18,10027.7,0.1496,180.0,Paid Off,0,0,ACB-BR062
ACB-LN0006132,ACB-C010677,Personal Loan,2019-01-13,29539.15,27959.57,0.1388,180.0,Current,0,0,ACB-BR044
ACB-LN0006133,ACB-C006055,Home Equity Loan,2025-06-15,26195.28,14469.77,0.1379,180.0,Current,0,0,ACB-BR027
ACB-LN0006134,ACB-C001178,Student Loan,2020-11-21,31556.6,30318.74,0.0585,180.0,90+ DPD,155,1,ACB-BR002
ACB-LN0006135,ACB-C013270,Small Business Loan,2023-06-04,175459.98,40868.96,0.2,,Current,0,0,ACB-BR077
ACB-LN0006136,ACB-C005236,Personal Loan,2025-09-11,30296.95,15034.74,0.211,180.0,90+ DPD,156,1,ACB-BR077
ACB-LN0006137,ACB-C013888,Personal Loan,2025-10-27,10184.45,9021.92,0.2392,120.0,Current,0,0,ACB-BR012
ACB-LN0006138,ACB-C013374,Home Equity Loan,2023-07-27,40096.85,31370.22,0.0747,240.0,Current,0,0,ACB-BR064
ACB-LN0006139,ACB-C006165,Mortgage,2023-06-07,638128.6,309663.53,0.0497,60.0,Current,0,0,ACB-BR020
ACB-LN0006140,ACB-C012493,Auto Loan,2019-11-07,11599.8,1800.37,0.0979,120.0,Paid Off,0,0,ACB-BR028
ACB-LN0006141,ACB-C014114,Mortgage,2020-08-29,266101.34,110624.97,0.056,24.0,Current,0,0,ACB-BR038
ACB-LN0006142,ACB-C007585,Personal Loan,2022-03-26,18236.17,4525.36,0.1424,36.0,Current,0,0,ACB-BR036
ACB-LN0006143,ACB-C002374,Mortgage,2019-05-29,641662.88,509215.72,0.0648,240.0,Current,0,0,ACB-BR034
ACB-LN0006144,ACB-C009128,Auto Loan,2025-04-05,21863.17,7138.75,0.1423,12.0,Current,0,0,ACB-BR061
ACB-LN0006145,ACB-C003478,Auto Loan,2022-07-31,54688.69,44559.97,0.1294,48.0,Current,0,0,ACB-BR072
ACB-LN0006146,ACB-C000672,Auto Loan,2021-01-10,42087.99,7377.5,0.0887,36.0,Current,0,0,ACB-BR055
ACB-LN0006147,ACB-C000247,Student Loan,2020-02-07,50053.53,15562.49,0.0684,48.0,Current,0,0,ACB-BR063
ACB-LN0006148,ACB-C013699,Student Loan,2026-03-07,36931.3,12904.37,0.0932,36.0,Written Off,0,1,ACB-BR016
ACB-LN0006149,ACB-C011656,Home Equity Loan,2026-01-24,29233.71,4450.19,0.14,60.0,90+ DPD,129,1,ACB-BR049
ACB-LN0006150,ACB-C012858,Auto Loan,2025-11-16,52405.59,43398.66,0.0978,12.0,Current,0,0,ACB-BR029
ACB-LN0006151,ACB-C013465,Small Business Loan,2021-10-02,126806.71,20797.78,0.0833,180.0,Default,246,1,ACB-BR027
ACB-LN0006152,ACB-C001314,Mortgage,2025-10-26,418954.3,162643.2,0.0508,360.0,Current,0,0,ACB-BR065
ACB-LN0006153,ACB-C007525,Mortgage,2019-11-14,258933.86,53085.0,0.0436,120.0,90+ DPD,157,1,ACB-BR049
ACB-LN0006154,ACB-C002296,Personal Loan,2021-11-13,34722.86,23633.15,0.1053,180.0,60-89 DPD,74,0,ACB-BR022
ACB-LN0006155,ACB-C002828,Auto Loan,2024-04-09,13367.19,2530.98,0.1595,24.0,Paid Off,0,0,ACB-BR079
ACB-LN0006156,ACB-C000755,Auto Loan,2020-12-17,46488.96,8361.94,0.1363,84.0,Current,0,0,ACB-BR061
ACB-LN0006157,ACB-C009568,Mortgage,2025-09-10,503678.5,402119.04,0.0434,360.0,Current,0,0,ACB-BR028
ACB-LN0006158,ACB-C013806,Auto Loan,2024-04-29,14789.25,9362.5,0.16,24.0,Current,0,0,ACB-BR026
ACB-LN0006159,ACB-C007812,Mortgage,2019-07-21,557113.32,533630.1,0.0646,24.0,Current,0,0,ACB-BR080
ACB-LN0006160,ACB-C004364,Mortgage,2020-09-15,587644.22,312920.11,0.0576,120.0,Paid Off,0,0,ACB-BR070
ACB-LN0006161,ACB-C000731,Personal Loan,2019-01-12,29843.73,3200.93,0.0811,12.0,Current,0,0,ACB-BR005
ACB-LN0006162,ACB-C011880,Home Equity Loan,2024-05-13,40169.98,14576.42,0.14,180.0,Current,0,0,ACB-BR068
ACB-LN0006163,ACB-C011642,Personal Loan,2021-09-22,30850.72,27382.93,0.1599,36.0,Current,0,0,ACB-BR028
ACB-LN0006164,ACB-C007601,Personal Loan,2024-09-22,28883.51,9777.47,0.221,60.0,Current,0,0,ACB-BR044
ACB-LN0006165,ACB-C009272,Auto Loan,2019-03-09,8626.65,1607.65,0.1122,48.0,Paid Off,0,0,ACB-BR064
ACB-LN0006166,ACB-C014934,Personal Loan,2022-10-06,15915.41,3663.25,0.1571,24.0,Paid Off,0,0,ACB-BR025
ACB-LN0006167,ACB-C000627,Personal Loan,2021-03-02,28072.13,9490.08,0.1674,84.0,Current,0,0,ACB-BR067
ACB-LN0006168,ACB-C008068,Personal Loan,2023-09-09,9612.37,8992.83,0.1184,240.0,Current,0,0,ACB-BR006
ACB-LN0006169,ACB-C002948,Mortgage,2020-09-14,166621.07,158093.43,0.052,24.0,Current,0,0,ACB-BR009
ACB-LN0006170,ACB-C010725,Auto Loan,2024-01-21,37920.23,32025.04,0.1324,84.0,Current,0,0,ACB-BR045
ACB-LN0006171,ACB-C003549,Mortgage,2024-10-24,409747.46,62366.12,0.0589,36.0,Current,0,0,ACB-BR015
ACB-LN0006172,ACB-C000787,Personal Loan,2025-09-28,17861.01,15309.03,0.2126,12.0,Current,0,0,ACB-BR074
ACB-LN0006173,ACB-C011560,Personal Loan,2023-03-14,18694.22,11121.65,0.1797,24.0,Current,0,0,ACB-BR026
ACB-LN0006174,ACB-C011120,Auto Loan,2020-02-11,14598.19,10000.98,0.0544,48.0,90+ DPD,131,1,ACB-BR045
ACB-LN0006175,ACB-C014247,Mortgage,2024-04-25,371825.76,164578.65,0.0763,36.0,Current,0,0,ACB-BR075
ACB-LN0006176,ACB-C008528,Auto Loan,2026-01-21,38271.69,9507.92,0.1495,24.0,Written Off,0,1,ACB-BR023
ACB-LN0006177,ACB-C004590,Personal Loan,2022-10-01,9969.67,1099.73,0.24,48.0,Current,0,0,ACB-BR028
ACB-LN0006178,ACB-C006642,Mortgage,2020-02-11,197559.4,151674.45,0.0656,36.0,Written Off,0,1,ACB-BR038
ACB-LN0006179,ACB-C014740,Personal Loan,2019-10-10,24605.69,10417.25,0.1966,60.0,Current,0,0,ACB-BR003
ACB-LN0006180,ACB-C008306,Auto Loan,2024-05-15,25961.64,19310.15,0.1561,360.0,Current,0,0,ACB-BR001
ACB-LN0006181,ACB-C012452,Personal Loan,2024-04-28,18762.48,9508.66,0.1768,48.0,Current,0,0,ACB-BR003
ACB-LN0006182,ACB-C014783,Mortgage,2020-07-10,260680.51,124111.34,0.0703,84.0,Current,0,0,ACB-BR008
ACB-LN0006183,ACB-C012404,Personal Loan,2024-08-19,22010.74,9766.82,0.2008,240.0,Current,0,0,ACB-BR078
ACB-LN0006184,ACB-C007073,Small Business Loan,2022-06-03,213973.75,180980.58,0.1512,36.0,Current,0,0,ACB-BR049
ACB-LN0006185,ACB-C006268,Mortgage,2025-08-05,572845.4,422366.88,0.0767,240.0,60-89 DPD,82,0,ACB-BR069
ACB-LN0006186,ACB-C012231,Mortgage,2025-01-19,345019.3,231835.33,0.0501,12.0,90+ DPD,155,1,ACB-BR036
ACB-LN0006187,ACB-C008238,Personal Loan,2019-04-15,34769.62,5024.92,0.1121,120.0,Current,0,0,ACB-BR080
ACB-LN0006188,ACB-C003038,Personal Loan,2022-11-23,18017.77,1726.06,0.1676,60.0,30-59 DPD,31,0,ACB-BR076
ACB-LN0006189,ACB-C006472,Mortgage,2019-04-14,423660.27,232688.97,0.0689,60.0,Current,0,0,ACB-BR046
ACB-LN0006190,ACB-C010414,Mortgage,2019-05-22,293504.64,100157.39,0.0652,12.0,30-59 DPD,46,0,ACB-BR030
ACB-LN0006191,ACB-C008755,Personal Loan,2024-06-11,24039.01,18539.81,0.2098,240.0,Paid Off,0,0,ACB-BR016
ACB-LN0006192,ACB-C014951,Personal Loan,2019-06-10,27990.39,23127.71,0.2079,240.0,Current,0,0,ACB-BR002
ACB-LN0006193,ACB-C014050,Auto Loan,2019-09-05,37967.24,32884.55,0.1033,12.0,Current,0,0,ACB-BR041
ACB-LN0006194,ACB-C014610,Personal Loan,2023-11-18,2345.44,519.29,0.2148,360.0,Current,0,0,ACB-BR041
ACB-LN0006195,ACB-C002138,Auto Loan,2019-10-31,18557.91,5726.36,0.0861,12.0,Current,0,0,ACB-BR027
ACB-LN0006196,ACB-C003303,Auto Loan,2019-10-26,39761.92,30114.35,0.1026,60.0,Current,0,0,ACB-BR041
ACB-LN0006197,ACB-C011755,Small Business Loan,2024-11-10,236522.7,137839.56,0.2,360.0,Current,0,0,ACB-BR077
ACB-LN0006198,ACB-C008876,Mortgage,2019-07-08,617447.95,209441.2,0.0362,60.0,Current,0,0,ACB-BR002
ACB-LN0006199,ACB-C002690,Small Business Loan,2020-01-15,113800.11,108204.95,0.171,240.0,Current,0,0,ACB-BR023
ACB-LN0006200,ACB-C006144,Auto Loan,2024-10-07,34962.84,8089.3,0.1021,360.0,Current,0,0,ACB-BR077
ACB-LN0006201,ACB-C002125,Mortgage,2021-05-25,435364.64,360264.96,0.0478,360.0,Current,0,0,ACB-BR007
ACB-LN0006202,ACB-C007047,Student Loan,2024-09-28,70479.69,8582.42,0.0859,60.0,Current,0,0,ACB-BR016
ACB-LN0006203,ACB-C008246,Personal Loan,2023-09-02,6666.38,5112.69,0.1673,24.0,Written Off,0,1,ACB-BR038
ACB-LN0006204,ACB-C003517,Personal Loan,2025-07-10,2579.0,899.49,0.1703,360.0,Paid Off,0,0,ACB-BR036
ACB-LN0006205,ACB-C001377,Mortgage,2021-12-16,299955.81,50896.58,0.0584,48.0,Paid Off,0,0,ACB-BR033
ACB-LN0006206,ACB-C008820,Student Loan,2024-10-20,14144.58,9528.52,0.0934,120.0,Current,0,0,ACB-BR059
ACB-LN0006207,ACB-C001745,Mortgage,2022-04-19,419039.25,153048.66,0.0715,180.0,Paid Off,0,0,ACB-BR076
ACB-LN0006208,ACB-C004876,Mortgage,2022-04-16,152883.3,69917.53,0.0728,48.0,Current,0,0,ACB-BR041
ACB-LN0006209,ACB-C005675,Mortgage,2024-02-18,453200.41,77021.24,0.095,180.0,Current,0,0,ACB-BR017
ACB-LN0006210,ACB-C013630,Student Loan,2024-02-14,66258.77,28874.18,0.0724,48.0,Current,0,0,ACB-BR018
ACB-LN0006211,ACB-C000835,Small Business Loan,2024-02-01,67049.3,16032.11,0.1314,24.0,Current,0,0,ACB-BR060
ACB-LN0006212,ACB-C005862,Personal Loan,2020-12-08,23335.63,10894.72,0.1427,84.0,Paid Off,0,0,ACB-BR048
ACB-LN0006213,ACB-C004673,Personal Loan,2025-01-04,6567.14,787.65,0.24,12.0,Paid Off,0,0,ACB-BR044
ACB-LN0006214,ACB-C000054,Student Loan,2023-12-19,20323.36,11469.43,0.077,36.0,Current,0,0,ACB-BR032
ACB-LN0006215,ACB-C009908,Student Loan,2020-04-28,48289.63,28527.22,0.074,60.0,Current,0,0,ACB-BR074
ACB-LN0006216,ACB-C004405,Personal Loan,2022-09-25,28903.52,3291.33,0.1812,,Current,0,0,ACB-BR026
ACB-LN0006217,ACB-C013403,Home Equity Loan,2023-02-02,58175.62,38777.06,0.0982,24.0,Current,0,0,ACB-BR063
ACB-LN0006218,ACB-C011102,Personal Loan,2021-05-31,20563.19,7044.33,0.0918,24.0,Paid Off,0,0,ACB-BR026
ACB-LN0006219,ACB-C001872,Personal Loan,2025-06-24,6141.21,1841.78,0.1145,12.0,Current,0,0,ACB-BR011
ACB-LN0006220,ACB-C005822,Mortgage,2019-11-30,168443.48,24703.86,0.0417,84.0,Written Off,0,1,ACB-BR023
ACB-LN0006221,ACB-C000702,Auto Loan,2024-02-04,17383.15,11541.41,0.1429,24.0,Current,0,0,ACB-BR008
ACB-LN0006222,ACB-C001811,Home Equity Loan,2023-01-02,109439.67,14273.4,0.14,240.0,Paid Off,0,0,ACB-BR078
ACB-LN0006223,ACB-C000607,Personal Loan,2024-02-03,28703.96,14120.22,0.2298,180.0,Current,0,0,ACB-BR031
ACB-LN0006224,ACB-C012815,Home Equity Loan,2023-10-03,113352.3,39146.1,0.14,48.0,Written Off,0,1,ACB-BR001
ACB-LN0006225,ACB-C004228,Home Equity Loan,2024-08-14,92024.41,14857.55,0.14,240.0,30-59 DPD,58,0,ACB-BR001
ACB-LN0006226,ACB-C005919,Personal Loan,2021-09-19,32587.04,11179.75,,360.0,Current,0,0,ACB-BR018
ACB-LN0006227,ACB-C012725,Small Business Loan,2023-05-11,224558.88,58790.69,0.1073,36.0,Current,0,0,ACB-BR011
ACB-LN0006228,ACB-C011116,Personal Loan,2022-06-28,12048.74,5403.92,0.2007,60.0,Current,0,0,ACB-BR062
ACB-LN0006229,ACB-C002013,Mortgage,2025-08-28,175257.17,17612.89,0.0608,240.0,Current,0,0,ACB-BR033
ACB-LN0006230,ACB-C014556,Auto Loan,2021-09-12,22754.85,1355.28,0.0577,48.0,Current,0,0,ACB-BR043
ACB-LN0006231,ACB-C011895,Personal Loan,2024-08-04,32944.57,5494.84,0.1721,120.0,Paid Off,0,0,ACB-BR028
ACB-LN0006232,ACB-C010510,Student Loan,2022-10-24,50683.15,25812.97,0.0585,24.0,Current,0,0,ACB-BR044
ACB-LN0006233,ACB-C004662,Mortgage,2023-09-08,597240.16,302698.31,0.0793,24.0,30-59 DPD,48,0,ACB-BR066
ACB-LN0006234,ACB-C003361,Personal Loan,2023-08-29,21052.97,17025.68,0.1737,180.0,Current,0,0,ACB-BR018
ACB-LN0006235,ACB-C005405,Small Business Loan,2025-05-27,37714.44,24167.52,0.2,360.0,90+ DPD,159,1,ACB-BR077
ACB-LN0006236,ACB-C011602,Student Loan,2022-07-21,61386.68,53829.4,0.0871,180.0,30-59 DPD,54,0,ACB-BR042
ACB-LN0006237,ACB-C010257,Auto Loan,2026-02-27,36645.62,9613.07,0.1576,60.0,Current,0,0,ACB-BR021
ACB-LN0006238,ACB-C014810,Mortgage,2021-04-10,204282.41,12290.34,0.06,84.0,60-89 DPD,73,0,ACB-BR059
ACB-LN0006239,ACB-C003616,Auto Loan,2019-03-23,16983.31,5695.24,0.0474,180.0,Current,0,0,ACB-BR007
ACB-LN0006240,ACB-C002650,Mortgage,2023-11-14,639741.32,285736.99,0.095,360.0,Current,0,0,ACB-BR079
ACB-LN0006241,ACB-C010433,Student Loan,2023-06-15,52187.45,20950.57,0.11,360.0,Current,0,0,ACB-BR018
ACB-LN0006242,ACB-C008452,Auto Loan,2023-08-20,22923.44,12506.35,0.0921,360.0,Current,0,0,ACB-BR039
ACB-LN0006243,ACB-C008899,Home Equity Loan,2019-02-20,37924.5,35777.41,0.1047,84.0,Written Off,0,1,ACB-BR004
ACB-LN0006244,ACB-C014928,Auto Loan,2023-02-23,18005.91,9072.98,0.0648,48.0,Current,0,0,ACB-BR079
ACB-LN0006245,ACB-C009986,Small Business Loan,2024-09-05,65784.35,31424.72,,60.0,60-89 DPD,83,0,ACB-BR064
ACB-LN0006246,ACB-C002847,Mortgage,2025-02-19,249096.45,235903.01,0.0924,60.0,60-89 DPD,72,0,ACB-BR051
ACB-LN0006247,ACB-C010200,Personal Loan,2019-10-12,32416.9,27699.11,0.2185,36.0,Current,0,0,ACB-BR022
ACB-LN0006248,ACB-C005515,Mortgage,2024-04-29,224345.95,97543.45,0.0447,12.0,Current,0,0,ACB-BR069
ACB-LN0006249,ACB-C012078,Student Loan,2021-09-23,49028.23,39750.8,0.0485,180.0,Current,0,0,ACB-BR013
ACB-LN0006250,ACB-C008406,Personal Loan,2021-02-23,4196.02,850.32,0.207,120.0,Paid Off,0,0,ACB-BR047
ACB-LN0006251,ACB-C005720,Student Loan,2025-07-19,67570.59,64857.23,0.0887,120.0,Current,0,0,ACB-BR026
ACB-LN0006252,ACB-C000077,Mortgage,2020-05-24,376325.23,60316.34,0.0635,240.0,Current,0,0,ACB-BR048
ACB-LN0006253,ACB-C007331,Personal Loan,2025-01-20,23983.05,9953.14,0.201,180.0,Default,221,1,ACB-BR060
ACB-LN0006254,ACB-C009514,Auto Loan,2021-06-11,50630.0,46714.16,,120.0,Current,0,0,ACB-BR075
ACB-LN0006255,ACB-C004986,Auto Loan,2023-06-05,53538.78,21222.08,0.1393,24.0,Written Off,0,1,ACB-BR037
ACB-LN0006256,ACB-C002396,Small Business Loan,2025-07-26,173433.97,70550.87,0.1347,240.0,30-59 DPD,38,0,ACB-BR077
ACB-LN0006257,ACB-C004492,Personal Loan,2020-06-27,2442.67,322.14,0.152,180.0,Current,0,0,ACB-BR052
ACB-LN0006258,ACB-C008818,Auto Loan,2021-07-08,44368.21,36849.75,0.0495,12.0,Paid Off,0,0,ACB-BR051
ACB-LN0006259,ACB-C001420,Student Loan,2023-04-13,15299.76,8274.63,0.0745,60.0,Current,0,0,ACB-BR009
ACB-LN0006260,ACB-C012523,Personal Loan,2023-11-10,2194.11,385.53,0.24,120.0,90+ DPD,152,1,ACB-BR027
ACB-LN0006261,ACB-C002279,Personal Loan,2023-07-26,19525.39,14291.33,0.2318,12.0,Current,0,0,ACB-BR029
ACB-LN0006262,ACB-C013656,Personal Loan,2022-02-12,19275.68,7631.24,0.0821,60.0,Current,0,0,ACB-BR068
ACB-LN0006263,ACB-C002884,Mortgage,2025-08-23,153990.69,62098.66,0.056,48.0,30-59 DPD,31,0,ACB-BR044
ACB-LN0006264,ACB-C001231,Auto Loan,2023-04-15,34812.66,7591.67,0.1225,180.0,Current,0,0,ACB-BR035
ACB-LN0006265,ACB-C005370,Mortgage,2019-10-24,523915.17,273849.29,0.0601,240.0,Current,0,0,ACB-BR025
ACB-LN0006266,ACB-C011440,Mortgage,2021-10-30,550915.12,35733.35,0.0341,84.0,Current,0,0,ACB-BR040
ACB-LN0006267,ACB-C007702,Personal Loan,2025-12-28,8875.72,5927.51,0.1436,120.0,30-59 DPD,33,0,ACB-BR067
ACB-LN0006268,ACB-C001216,Personal Loan,2019-05-24,16014.79,3516.72,0.0964,24.0,Current,0,0,ACB-BR016
ACB-LN0006269,ACB-C011640,Auto Loan,2023-02-27,19387.44,1939.86,0.0891,36.0,30-59 DPD,43,0,ACB-BR012
ACB-LN0006270,ACB-C009719,Personal Loan,2019-08-26,29296.03,14025.58,0.1299,240.0,Current,0,0,ACB-BR016
ACB-LN0006271,ACB-C002197,Mortgage,2023-01-09,488043.03,121412.76,0.0679,12.0,Current,0,0,ACB-BR015
ACB-LN0006272,ACB-C008062,Home Equity Loan,2019-08-01,103793.09,32356.41,0.0593,360.0,Current,0,0,ACB-BR029
ACB-LN0006273,ACB-C008209,Mortgage,2021-04-06,472609.84,425126.28,0.0379,84.0,Current,0,0,ACB-BR069
ACB-LN0006274,ACB-C003831,Auto Loan,2023-03-01,37583.87,29003.67,0.1196,360.0,Paid Off,0,0,ACB-BR077
ACB-LN0006275,ACB-C001842,Home Equity Loan,2024-05-23,79036.26,12753.18,0.1325,48.0,Current,0,0,ACB-BR032
ACB-LN0006276,ACB-C003721,Auto Loan,2025-10-09,32170.05,16086.47,0.1262,180.0,Current,0,0,ACB-BR030
ACB-LN0006277,ACB-C000547,Mortgage,2024-08-28,547570.81,364089.18,0.066,60.0,Current,0,0,ACB-BR021
ACB-LN0006278,ACB-C008965,Mortgage,2022-03-09,196288.47,165664.32,0.0629,180.0,Current,0,0,ACB-BR005
ACB-LN0006279,ACB-C003748,Personal Loan,2024-06-24,32467.39,26008.21,0.24,240.0,Current,0,0,ACB-BR077
ACB-LN0006280,ACB-C010867,Small Business Loan,2022-01-04,229767.67,182966.58,0.1765,12.0,Current,0,0,ACB-BR028
ACB-LN0006281,ACB-C011177,Mortgage,2020-06-16,466309.75,296437.07,0.0732,360.0,30-59 DPD,31,0,ACB-BR039
ACB-LN0006282,ACB-C006994,Personal Loan,2019-01-28,28118.25,7890.25,0.1095,36.0,30-59 DPD,57,0,ACB-BR049
ACB-LN0006283,ACB-C010086,Personal Loan,2019-02-18,18476.02,3152.84,0.0972,360.0,Current,0,0,ACB-BR051
ACB-LN0006284,ACB-C011287,Home Equity Loan,2020-08-22,51556.39,6195.68,0.1009,120.0,Paid Off,0,0,ACB-BR060
ACB-LN0006285,ACB-C008465,Student Loan,2019-07-13,55862.85,29221.43,0.046,12.0,60-89 DPD,64,0,ACB-BR068
ACB-LN0006286,ACB-C004410,Mortgage,2022-08-04,257003.54,227346.22,0.0685,180.0,Paid Off,0,0,ACB-BR031
ACB-LN0006287,ACB-C006658,Mortgage,2019-10-22,635603.8,138423.76,0.0375,84.0,90+ DPD,137,1,ACB-BR001
ACB-LN0006288,ACB-C004398,Auto Loan,2019-09-18,54632.89,37069.13,0.0957,84.0,Current,0,0,ACB-BR054
ACB-LN0006289,ACB-C010322,Mortgage,2020-05-20,185807.31,46493.42,0.0557,180.0,Current,0,0,ACB-BR005
ACB-LN0006290,ACB-C006913,Mortgage,2025-05-29,524057.79,61154.15,0.0853,60.0,Current,0,0,ACB-BR054
ACB-LN0006291,ACB-C011503,Personal Loan,2019-10-30,19802.01,14596.3,0.1813,24.0,Current,0,0,ACB-BR065
ACB-LN0006292,ACB-C004845,Auto Loan,2025-10-30,13933.42,12957.23,0.0719,240.0,Current,0,0,ACB-BR027
ACB-LN0006293,ACB-C007069,Personal Loan,2025-03-29,17280.95,5780.5,0.2317,240.0,Current,0,0,ACB-BR076
ACB-LN0006294,ACB-C007462,Student Loan,2024-04-23,33536.52,31922.34,0.0904,24.0,Current,0,0,ACB-BR080
ACB-LN0006295,ACB-C011360,Mortgage,2023-07-07,336458.31,205633.17,0.0678,360.0,60-89 DPD,68,0,ACB-BR078
ACB-LN0006296,ACB-C010117,Mortgage,2019-06-20,534739.69,203242.31,0.058,240.0,90+ DPD,158,1,ACB-BR033
ACB-LN0006297,ACB-C010432,Mortgage,2022-08-25,164134.22,43010.65,0.0554,60.0,Current,0,0,ACB-BR028
ACB-LN0006298,ACB-C012508,Auto Loan,2021-06-15,35169.61,2185.29,0.0749,120.0,Current,0,0,ACB-BR075
ACB-LN0006299,ACB-C009725,Personal Loan,2021-12-05,32366.09,7716.68,0.1478,180.0,Current,0,0,ACB-BR069
ACB-LN0006300,ACB-C009653,Personal Loan,2023-06-06,24480.42,17330.1,0.1666,24.0,Current,0,0,ACB-BR016
ACB-LN0006301,ACB-C007381,Small Business Loan,2023-01-13,54527.88,30893.26,0.101,48.0,Default,217,1,ACB-BR041
ACB-LN0006302,ACB-C011603,Personal Loan,2024-04-20,9115.92,2561.76,0.2343,240.0,Current,0,0,ACB-BR076
ACB-LN0006303,ACB-C001550,Auto Loan,2019-01-13,50852.48,33027.47,0.0671,12.0,Paid Off,0,0,ACB-BR042
ACB-LN0006304,ACB-C004348,Personal Loan,2020-01-17,2042.49,758.03,0.0804,48.0,Default,155,1,ACB-BR026
ACB-LN0006305,ACB-C009045,Mortgage,2022-07-17,181841.39,102156.66,0.0526,84.0,Current,0,0,ACB-BR035
ACB-LN0006306,ACB-C002197,Personal Loan,2020-02-03,19391.96,18897.51,0.1873,84.0,Written Off,0,1,ACB-BR014
ACB-LN0006307,ACB-C001995,Mortgage,2025-04-14,279947.06,72757.92,0.0689,12.0,60-89 DPD,78,0,ACB-BR042
ACB-LN0006308,ACB-C003742,Mortgage,2024-08-15,390418.08,228208.13,0.0525,48.0,Current,0,0,ACB-BR048
ACB-LN0006309,ACB-C006535,Home Equity Loan,2025-08-01,71340.65,18087.9,0.1212,360.0,30-59 DPD,42,0,ACB-BR080
ACB-LN0006310,ACB-C000745,Personal Loan,2022-09-03,6797.9,2999.7,0.24,84.0,Current,0,0,ACB-BR035
ACB-LN0006311,ACB-C007443,Small Business Loan,2022-03-05,131141.7,119225.6,0.1762,48.0,Current,0,0,ACB-BR005
ACB-LN0006312,ACB-C012361,Personal Loan,2021-02-05,4166.4,2942.35,0.1076,84.0,Current,0,0,ACB-BR068
ACB-LN0006313,ACB-C014398,Personal Loan,2024-06-24,23653.26,16266.02,0.24,240.0,Current,0,0,ACB-BR023
ACB-LN0006314,ACB-C003088,Auto Loan,2025-10-08,40902.82,5871.05,0.16,120.0,Current,0,0,ACB-BR050
ACB-LN0006315,ACB-C001738,Mortgage,2021-01-14,517613.05,77709.56,0.0597,240.0,Current,0,0,ACB-BR013
ACB-LN0006316,ACB-C000676,Home Equity Loan,2025-04-11,33749.26,4935.0,0.0849,180.0,Current,0,0,ACB-BR069
ACB-LN0006317,ACB-C009036,Personal Loan,2024-05-01,12184.82,6515.81,0.24,84.0,Current,0,0,ACB-BR054
ACB-LN0006318,ACB-C011860,Mortgage,2021-08-08,544466.06,48542.63,0.0359,240.0,Current,0,0,ACB-BR039
ACB-LN0006319,ACB-C009918,Personal Loan,2019-03-30,34407.73,16556.37,0.1249,120.0,Current,0,0,ACB-BR010
ACB-LN0006320,ACB-C008716,Home Equity Loan,2024-08-19,38076.09,19593.74,0.086,36.0,Current,0,0,ACB-BR060
ACB-LN0006321,ACB-C009909,Mortgage,2019-11-13,488703.19,93767.61,0.0745,240.0,60-89 DPD,77,0,ACB-BR051
ACB-LN0006322,ACB-C002715,Mortgage,2023-04-06,545260.71,45721.78,0.0566,84.0,Current,0,0,ACB-BR029
ACB-LN0006323,ACB-C002762,Auto Loan,2019-04-11,54754.71,42701.83,0.0882,,Current,0,0,ACB-BR019
ACB-LN0006324,ACB-C010693,Home Equity Loan,2026-03-07,41983.46,37663.52,0.1237,12.0,Current,0,0,ACB-BR013
ACB-LN0006325,ACB-C000702,Auto Loan,2024-11-27,34440.01,4992.18,0.1403,120.0,90+ DPD,168,1,ACB-BR065
ACB-LN0006326,ACB-C002527,Personal Loan,2023-12-23,7040.48,4911.41,,12.0,Default,296,1,ACB-BR063
ACB-LN0006327,ACB-C003962,Mortgage,2020-08-19,570283.65,250336.53,0.0693,60.0,Current,0,0,ACB-BR034
ACB-LN0006328,ACB-C009652,Mortgage,2021-04-26,336750.19,168811.33,0.0724,60.0,Paid Off,0,0,ACB-BR021
ACB-LN0006329,ACB-C007928,Auto Loan,2020-07-23,42629.06,26191.42,0.0475,240.0,Current,0,0,ACB-BR056
ACB-LN0006330,ACB-C000224,Mortgage,2025-10-27,184827.6,92070.87,0.0646,12.0,Current,0,0,ACB-BR069
ACB-LN0006331,ACB-C009659,Student Loan,2025-12-12,71238.3,55841.34,0.0812,48.0,Current,0,0,ACB-BR061
ACB-LN0006332,ACB-C010241,Personal Loan,2020-06-03,30044.46,13823.12,0.2022,12.0,Paid Off,0,0,ACB-BR002
ACB-LN0006333,ACB-C014887,Auto Loan,2020-08-03,43268.82,14549.92,0.0787,60.0,Default,121,1,ACB-BR067
ACB-LN0006334,ACB-C000646,Auto Loan,2025-04-18,38624.45,5868.18,0.1296,360.0,Current,0,0,ACB-BR035
ACB-LN0006335,ACB-C010729,Mortgage,2019-01-02,427778.11,278347.22,0.067,36.0,Current,0,0,ACB-BR028
ACB-LN0006336,ACB-C012342,Personal Loan,2021-04-03,16124.11,2860.9,0.1056,84.0,Current,0,0,ACB-BR049
ACB-LN0006337,ACB-C004969,Mortgage,2019-08-12,308698.57,68704.63,0.0571,24.0,30-59 DPD,30,0,ACB-BR055
ACB-LN0006338,ACB-C014409,Auto Loan,2020-06-20,22042.24,15325.65,0.051,84.0,Current,0,0,ACB-BR076
ACB-LN0006339,ACB-C004995,Auto Loan,2019-09-15,36244.0,33650.42,0.1138,180.0,Current,0,0,ACB-BR054
ACB-LN0006340,ACB-C005118,Home Equity Loan,2024-01-07,114483.67,7894.97,0.14,12.0,Current,0,0,ACB-BR066
ACB-LN0006341,ACB-C006866,Small Business Loan,2022-12-11,136227.78,94342.45,0.2,24.0,Default,203,1,ACB-BR020
ACB-LN0006342,ACB-C005544,Student Loan,2023-06-11,49377.65,3445.37,0.0647,24.0,Current,0,0,ACB-BR041
ACB-LN0006343,ACB-C006553,Personal Loan,2022-07-29,6957.64,4514.57,0.24,24.0,Current,0,0,ACB-BR017
ACB-LN0006344,ACB-C006782,Home Equity Loan,2021-11-07,76761.49,63355.36,0.1045,60.0,Current,0,0,ACB-BR073
ACB-LN0006345,ACB-C009674,Mortgage,2024-05-21,167272.71,31109.89,0.0778,120.0,Current,0,0,ACB-BR048
ACB-LN0006346,ACB-C007477,Auto Loan,2019-04-04,24939.02,16033.77,0.1335,48.0,Current,0,0,ACB-BR062
ACB-LN0006347,ACB-C005427,Small Business Loan,2021-01-08,196924.87,163839.64,0.172,84.0,Current,0,0,ACB-BR008
ACB-LN0006348,ACB-C013766,Small Business Loan,2021-04-25,46956.33,11605.2,0.0968,60.0,60-89 DPD,65,0,ACB-BR031
ACB-LN0006349,ACB-C008530,Student Loan,2025-12-20,68341.23,43193.86,0.0612,180.0,Current,0,0,ACB-BR039
ACB-LN0006350,ACB-C001722,Home Equity Loan,2020-11-18,73195.59,22789.82,0.0579,60.0,Current,0,0,ACB-BR014
ACB-LN0006351,ACB-C014172,Auto Loan,2021-04-05,43819.42,11133.05,0.1345,120.0,Current,0,0,ACB-BR001
ACB-LN0006352,ACB-C013462,Small Business Loan,2021-03-17,179073.52,145790.17,0.1558,60.0,Current,0,0,ACB-BR061
ACB-LN0006353,ACB-C010559,Mortgage,2022-11-04,496855.73,66179.95,0.095,360.0,Default,190,1,ACB-BR029
ACB-LN0006354,ACB-C008701,Auto Loan,2022-06-10,49192.96,36061.25,0.1131,48.0,Current,0,0,ACB-BR019
ACB-LN0006355,ACB-C012303,Small Business Loan,2021-01-20,168354.54,30902.61,0.1464,12.0,30-59 DPD,44,0,ACB-BR005
ACB-LN0006356,ACB-C014902,Mortgage,2025-07-05,504357.53,482025.84,0.0865,240.0,Paid Off,0,0,ACB-BR043
ACB-LN0006357,ACB-C005889,Student Loan,2025-06-26,6176.18,4562.79,0.0689,60.0,Current,0,0,ACB-BR074
ACB-LN0006358,ACB-C005857,Student Loan,2025-04-01,49820.97,14013.52,0.0737,120.0,60-89 DPD,80,0,ACB-BR039
ACB-LN0006359,ACB-C011947,Mortgage,2022-08-11,120239.01,35927.56,0.095,120.0,Current,0,0,ACB-BR056
ACB-LN0006360,ACB-C008323,Mortgage,2020-05-10,124489.88,66888.01,0.0342,36.0,Current,0,0,ACB-BR069
ACB-LN0006361,ACB-C001526,Personal Loan,2022-01-11,8622.08,3411.32,0.1605,60.0,Current,0,0,ACB-BR059
ACB-LN0006362,ACB-C002504,Mortgage,2020-09-18,155708.5,137206.54,0.0362,48.0,Current,0,0,ACB-BR074
ACB-LN0006363,ACB-C010422,Home Equity Loan,2021-01-19,84580.93,29718.08,0.1195,120.0,90+ DPD,137,1,ACB-BR067
ACB-LN0006364,ACB-C005701,Personal Loan,2025-10-02,19903.48,9750.06,0.24,360.0,30-59 DPD,58,0,ACB-BR028
ACB-LN0006365,ACB-C002170,Mortgage,2020-09-28,502933.79,436002.02,0.0465,120.0,Current,0,0,ACB-BR006
ACB-LN0006366,ACB-C003635,Small Business Loan,2023-06-28,194017.27,155022.38,0.1855,360.0,Current,0,0,ACB-BR038
ACB-LN0006367,ACB-C014422,Auto Loan,2022-04-13,8308.99,3045.1,0.1006,180.0,30-59 DPD,54,0,ACB-BR044
ACB-LN0006368,ACB-C003371,Mortgage,2020-07-22,356917.66,303386.92,0.0493,60.0,Current,0,0,ACB-BR015
ACB-LN0006369,ACB-C005314,Personal Loan,2022-06-30,23691.65,3656.46,0.24,12.0,Current,0,0,ACB-BR059
ACB-LN0006370,ACB-C008848,Mortgage,2025-04-24,353462.19,111548.66,0.0778,240.0,Current,0,0,ACB-BR026
ACB-LN0006371,ACB-C012987,Auto Loan,2020-04-12,41208.58,17098.0,0.1355,360.0,Current,0,0,ACB-BR006
ACB-LN0006372,ACB-C004490,Auto Loan,2024-09-21,23655.36,3920.54,0.1125,12.0,Paid Off,0,0,ACB-BR009
ACB-LN0006373,ACB-C002653,Personal Loan,2019-11-22,5770.24,4595.78,0.1817,36.0,Current,0,0,ACB-BR023
ACB-LN0006374,ACB-C011370,Personal Loan,2023-10-29,24388.12,4975.94,0.1834,12.0,Current,0,0,ACB-BR065
ACB-LN0006375,ACB-C002008,Home Equity Loan,2020-09-04,78088.18,53246.4,0.064,84.0,Current,0,0,ACB-BR039
ACB-LN0006376,ACB-C011588,Mortgage,2021-10-22,474178.6,139848.53,0.0717,60.0,Current,0,0,ACB-BR022
ACB-LN0006377,ACB-C000574,Auto Loan,2024-03-24,29321.4,6743.24,0.0877,360.0,Current,0,0,ACB-BR038
ACB-LN0006378,ACB-C004175,Mortgage,2022-08-13,509126.89,149935.54,0.095,48.0,Current,0,0,ACB-BR055
ACB-LN0006379,ACB-C001819,Auto Loan,2025-10-18,20717.82,1528.57,0.0828,120.0,Paid Off,0,0,ACB-BR042
ACB-LN0006380,ACB-C009837,Auto Loan,2021-09-27,24952.58,17974.38,0.1289,60.0,Current,0,0,ACB-BR055
ACB-LN0006381,ACB-C013167,Personal Loan,2025-05-01,31003.17,6418.21,0.1749,180.0,Current,0,0,ACB-BR027
ACB-LN0006382,ACB-C002888,Personal Loan,2022-02-26,29250.95,22157.38,0.0859,24.0,Paid Off,0,0,ACB-BR062
ACB-LN0006383,ACB-C006470,Mortgage,2023-05-30,337378.03,181015.23,0.0676,48.0,90+ DPD,180,1,ACB-BR002
ACB-LN0006384,ACB-C009146,Home Equity Loan,2019-01-28,90151.23,78865.72,0.0752,180.0,Current,0,0,ACB-BR009
ACB-LN0006385,ACB-C008906,Home Equity Loan,2019-02-05,57902.05,48038.72,0.118,48.0,Current,0,0,ACB-BR064
ACB-LN0006386,ACB-C003300,Personal Loan,2025-07-14,4002.16,938.52,0.1811,48.0,Current,0,0,ACB-BR023
ACB-LN0006387,ACB-C014794,Home Equity Loan,2021-05-19,43637.71,26219.74,0.0587,180.0,Current,0,0,ACB-BR070
ACB-LN0006388,ACB-C006766,Personal Loan,2026-01-07,29362.57,25837.4,0.224,36.0,Paid Off,0,0,ACB-BR040
ACB-LN0006389,ACB-C007216,Mortgage,2022-09-13,390693.09,183256.39,0.0635,60.0,Current,0,0,ACB-BR051
ACB-LN0006390,ACB-C004590,Home Equity Loan,2021-06-20,34591.74,9356.31,0.0725,240.0,Current,0,0,ACB-BR020
ACB-LN0006391,ACB-C013920,Personal Loan,2021-04-12,11929.66,10449.47,0.1635,240.0,Current,0,0,ACB-BR064
ACB-LN0006392,ACB-C007036,Mortgage,2021-10-10,470649.42,109868.87,0.0311,48.0,30-59 DPD,44,0,ACB-BR051
ACB-LN0006393,ACB-C011060,Mortgage,2020-05-13,491808.9,225765.06,0.0609,360.0,Current,0,0,ACB-BR041
ACB-LN0006394,ACB-C014828,Auto Loan,2020-09-15,27679.37,7248.37,0.065,60.0,Current,0,0,ACB-BR028
ACB-LN0006395,ACB-C001989,Auto Loan,2021-09-11,43885.65,4596.28,0.0796,60.0,90+ DPD,169,1,ACB-BR040
ACB-LN0006396,ACB-C003809,Auto Loan,2024-08-04,25063.76,23195.49,0.0958,240.0,Current,0,0,ACB-BR075
ACB-LN0006397,ACB-C006659,Auto Loan,2022-09-19,45921.68,23400.87,0.1007,24.0,Current,0,0,ACB-BR016
ACB-LN0006398,ACB-C003956,Mortgage,2025-09-08,484200.32,437791.58,0.095,120.0,Current,0,0,ACB-BR074
ACB-LN0006399,ACB-C014512,Mortgage,2023-10-26,617797.65,453829.83,0.0796,24.0,30-59 DPD,51,0,ACB-BR068
ACB-LN0006400,ACB-C000211,Mortgage,2020-02-02,562093.94,215960.46,0.0598,180.0,Default,269,1,ACB-BR026
ACB-LN0006401,ACB-C009395,Personal Loan,2019-12-24,23070.85,2285.97,0.1672,24.0,Current,0,0,ACB-BR028
ACB-LN0006402,ACB-C014502,Mortgage,2019-09-09,600674.68,379470.74,0.0712,24.0,Current,0,0,ACB-BR014
ACB-LN0006403,ACB-C000576,Mortgage,2025-07-31,324398.64,293188.8,0.0561,36.0,30-59 DPD,31,0,ACB-BR079
ACB-LN0006404,ACB-C012037,Auto Loan,2024-06-11,35987.42,32618.54,0.1321,12.0,Current,0,0,ACB-BR065
ACB-LN0006405,ACB-C003054,Home Equity Loan,2023-07-08,61958.35,58376.98,0.0967,360.0,Current,0,0,ACB-BR048
ACB-LN0006406,ACB-C014261,Mortgage,2024-10-28,218418.3,152647.49,0.0906,360.0,Current,0,0,ACB-BR059
ACB-LN0006407,ACB-C001888,Personal Loan,2025-01-10,11132.94,6214.39,0.1456,84.0,Default,302,1,ACB-BR066
ACB-LN0006408,ACB-C011816,Auto Loan,2024-12-12,43463.4,9437.66,0.146,120.0,Current,0,0,ACB-BR049
ACB-LN0006409,ACB-C006436,Student Loan,2022-01-17,43552.88,7148.02,0.0611,12.0,Current,0,0,ACB-BR013
ACB-LN0006410,ACB-C007279,Home Equity Loan,2022-10-08,116416.03,6881.87,0.14,48.0,Current,0,0,ACB-BR001
ACB-LN0006411,ACB-C004223,Auto Loan,2024-11-21,16740.25,4471.34,0.09,240.0,Current,0,0,ACB-BR079
ACB-LN0006412,ACB-C002911,Mortgage,2021-11-04,193914.83,50110.92,0.0426,12.0,Current,0,0,ACB-BR077
ACB-LN0006413,ACB-C014374,Personal Loan,2023-10-06,6673.06,4611.42,0.2025,36.0,Current,0,0,ACB-BR030
ACB-LN0006414,ACB-C002886,Personal Loan,2024-10-12,15297.61,12643.31,0.24,36.0,Current,0,0,ACB-BR010
ACB-LN0006415,ACB-C010874,Mortgage,2025-09-19,175550.73,31641.57,0.0598,48.0,Current,0,0,ACB-BR050
ACB-LN0006416,ACB-C003145,Home Equity Loan,2019-02-08,96195.8,16722.7,0.1107,24.0,Current,0,0,ACB-BR062
ACB-LN0006417,ACB-C010650,Personal Loan,2022-11-09,22108.16,1624.42,0.1324,24.0,Current,0,0,ACB-BR033
ACB-LN0006418,ACB-C007115,Auto Loan,2020-03-05,15134.39,12127.0,0.1309,36.0,90+ DPD,130,1,ACB-BR029
ACB-LN0006419,ACB-C000966,Mortgage,2024-03-15,533235.26,100600.1,0.0553,180.0,Current,0,0,ACB-BR005
ACB-LN0006420,ACB-C012774,Home Equity Loan,2024-07-12,41276.23,4089.56,0.1063,84.0,90+ DPD,169,1,ACB-BR045
ACB-LN0006421,ACB-C009606,Auto Loan,2021-10-26,42901.42,34369.48,0.1191,48.0,60-89 DPD,83,0,ACB-BR047
ACB-LN0006422,ACB-C002193,Mortgage,2026-02-24,445648.35,274029.31,0.0836,12.0,90+ DPD,128,1,ACB-BR072
ACB-LN0006423,ACB-C007901,Mortgage,2024-11-12,292624.15,112494.12,0.0754,84.0,Current,0,0,ACB-BR038
ACB-LN0006424,ACB-C004393,Small Business Loan,2024-06-07,230692.89,163932.96,0.0932,24.0,Paid Off,0,0,ACB-BR063
ACB-LN0006425,ACB-C012534,Home Equity Loan,2025-04-22,117235.3,53297.68,0.1119,24.0,Current,0,0,ACB-BR068
ACB-LN0006426,ACB-C000850,Auto Loan,2020-03-17,16125.66,9565.59,0.1002,24.0,Current,0,0,ACB-BR018
ACB-LN0006427,ACB-C002786,Small Business Loan,2025-09-12,167995.11,136330.82,0.2,240.0,Current,0,0,ACB-BR022
ACB-LN0006428,ACB-C007496,Student Loan,2021-01-18,22885.69,9320.4,0.0819,24.0,Current,0,0,ACB-BR043
ACB-LN0006429,ACB-C010353,Personal Loan,2021-01-27,9359.61,1042.32,0.1016,36.0,Current,0,0,ACB-BR048
ACB-LN0006430,ACB-C007167,Personal Loan,2020-10-30,18342.97,12865.37,0.1431,36.0,Current,0,0,ACB-BR061
ACB-LN0006431,ACB-C010354,Personal Loan,2025-07-03,30161.34,14701.49,0.24,360.0,Paid Off,0,0,ACB-BR036
ACB-LN0006432,ACB-C010879,Personal Loan,2024-10-25,4776.55,4497.14,0.1804,240.0,Current,0,0,ACB-BR003
ACB-LN0006433,ACB-C006003,Mortgage,2025-04-07,646875.75,112673.92,0.0643,12.0,Current,0,0,ACB-BR038
ACB-LN0006434,ACB-C011035,Personal Loan,2024-08-02,13304.68,11128.8,0.24,24.0,Current,0,0,ACB-BR028
ACB-LN0006435,ACB-C002397,Mortgage,2019-06-15,241096.8,187077.77,0.0306,36.0,Current,0,0,ACB-BR013
ACB-LN0006436,ACB-C009583,Home Equity Loan,2019-04-03,106462.37,90919.75,0.1126,180.0,Paid Off,0,0,ACB-BR009
ACB-LN0006437,ACB-C010185,Mortgage,2025-11-19,173323.98,135350.69,0.0881,60.0,Current,0,0,ACB-BR023
ACB-LN0006438,ACB-C001015,Auto Loan,2020-07-29,23434.73,4559.19,0.0525,84.0,Current,0,0,ACB-BR063
ACB-LN0006439,ACB-C010602,Small Business Loan,2021-03-04,242238.36,20597.03,0.131,60.0,Current,0,0,ACB-BR004
ACB-LN0006440,ACB-C000930,Auto Loan,2021-08-31,10388.81,8432.42,0.1143,12.0,Current,0,0,ACB-BR020
ACB-LN0006441,ACB-C008428,Mortgage,2021-07-28,536123.8,135101.73,0.0733,24.0,Current,0,0,ACB-BR002
ACB-LN0006442,ACB-C010476,Personal Loan,2024-10-26,32165.96,15618.95,0.2016,120.0,Current,0,0,ACB-BR065
ACB-LN0006443,ACB-C014238,Home Equity Loan,2024-06-12,35837.79,13384.04,0.076,60.0,30-59 DPD,37,0,ACB-BR072
ACB-LN0006444,ACB-C000152,Small Business Loan,2022-10-20,165437.12,42818.24,0.0886,240.0,Current,0,0,ACB-BR014
ACB-LN0006445,ACB-C008480,Auto Loan,2024-10-22,18084.88,17304.78,0.1068,240.0,Current,0,0,ACB-BR001
ACB-LN0006446,ACB-C000319,Student Loan,2024-06-01,73122.35,49421.64,0.0668,84.0,Current,0,0,ACB-BR039
ACB-LN0006447,ACB-C000416,Home Equity Loan,2025-10-06,103481.19,23903.05,0.0864,48.0,Current,0,0,ACB-BR042
ACB-LN0006448,ACB-C000416,Mortgage,2022-08-15,367407.09,133444.5,0.0477,12.0,Current,0,0,ACB-BR041
ACB-LN0006449,ACB-C005624,Student Loan,2023-11-10,50761.28,4079.5,0.11,84.0,Current,0,0,ACB-BR032
ACB-LN0006450,ACB-C013123,Auto Loan,2025-06-05,23441.82,5637.08,0.16,48.0,Current,0,0,ACB-BR019
ACB-LN0006451,ACB-C009948,Personal Loan,2025-01-03,30791.6,2796.05,0.2039,48.0,Current,0,0,ACB-BR001
ACB-LN0006452,ACB-C004499,Mortgage,2024-12-06,544343.97,407514.97,0.095,36.0,Current,0,0,ACB-BR044
ACB-LN0006453,ACB-C006678,Auto Loan,2025-06-22,33525.17,8568.27,0.107,12.0,Paid Off,0,0,ACB-BR049
ACB-LN0006454,ACB-C002985,Small Business Loan,2025-03-16,29265.19,3218.42,0.0923,240.0,Paid Off,0,0,ACB-BR080
ACB-LN0006455,ACB-C007425,Small Business Loan,2021-05-29,168525.16,66770.71,0.0908,24.0,Current,0,0,ACB-BR022
ACB-LN0006456,ACB-C005937,Mortgage,2022-10-15,274700.0,265613.24,,84.0,90+ DPD,166,1,ACB-BR039
ACB-LN0006457,ACB-C011079,Personal Loan,2024-12-10,2673.56,595.71,0.2327,240.0,Current,0,0,ACB-BR067
ACB-LN0006458,ACB-C003245,Home Equity Loan,2024-07-06,101925.15,85931.37,0.14,84.0,Current,0,0,ACB-BR075
ACB-LN0006459,ACB-C007738,Auto Loan,2025-06-08,33242.87,6574.69,0.1152,180.0,Paid Off,0,0,ACB-BR045
ACB-LN0006460,ACB-C006066,Personal Loan,2020-10-31,4917.03,4363.34,0.0806,120.0,30-59 DPD,36,0,ACB-BR027
ACB-LN0006461,ACB-C011676,Small Business Loan,2021-09-27,240973.08,55704.06,0.1649,24.0,Current,0,0,ACB-BR033
ACB-LN0006462,ACB-C006641,Home Equity Loan,2021-01-16,88065.56,7482.81,0.1055,24.0,Current,0,0,ACB-BR075
ACB-LN0006463,ACB-C000317,Auto Loan,2024-01-09,35819.01,13445.24,0.1157,36.0,Current,0,0,ACB-BR003
ACB-LN0006464,ACB-C009794,Personal Loan,2022-02-16,5073.3,3862.38,0.1761,60.0,Current,0,0,ACB-BR004
ACB-LN0006465,ACB-C001925,Mortgage,2022-08-13,412760.15,267912.76,0.0635,24.0,Current,0,0,ACB-BR056
ACB-LN0006466,ACB-C001079,Personal Loan,2019-09-27,9514.66,9017.2,0.1321,240.0,Current,0,0,ACB-BR051
ACB-LN0006467,ACB-C011383,Mortgage,2025-03-11,462072.11,103760.5,0.0726,12.0,Current,0,0,ACB-BR010
ACB-LN0006468,ACB-C001248,Mortgage,2021-01-06,498427.68,142053.33,0.0626,180.0,Current,0,0,ACB-BR010
ACB-LN0006469,ACB-C013130,Small Business Loan,2025-06-23,142945.51,83028.98,0.1426,36.0,Current,0,0,ACB-BR070
ACB-LN0006470,ACB-C011999,Home Equity Loan,2020-10-28,99183.74,22968.88,0.1091,12.0,Current,0,0,ACB-BR047
ACB-LN0006471,ACB-C000205,Auto Loan,2024-07-28,48287.75,33057.35,0.0838,180.0,Current,0,0,ACB-BR042
ACB-LN0006472,ACB-C006666,Personal Loan,2020-11-10,14127.77,6263.82,0.1617,84.0,Current,0,0,ACB-BR028
ACB-LN0006473,ACB-C008895,Personal Loan,2023-06-05,26119.82,15424.25,0.14,240.0,30-59 DPD,52,0,ACB-BR074
ACB-LN0006474,ACB-C005421,Mortgage,2025-12-11,170586.86,17440.68,0.0592,36.0,Current,0,0,ACB-BR063
ACB-LN0006475,ACB-C003354,Personal Loan,2023-05-17,6383.01,2362.92,0.203,360.0,Current,0,0,ACB-BR073
ACB-LN0006476,ACB-C005986,Auto Loan,2024-06-26,8618.76,3833.13,0.1401,120.0,Current,0,0,ACB-BR004
ACB-LN0006477,ACB-C001343,Student Loan,2021-06-30,39961.57,8025.06,0.0674,120.0,Current,0,0,ACB-BR061
ACB-LN0006478,ACB-C000323,Small Business Loan,2020-02-21,150503.24,129418.74,0.1334,180.0,Current,0,0,ACB-BR016
ACB-LN0006479,ACB-C003280,Home Equity Loan,2020-09-15,55786.73,38884.88,0.1098,180.0,Current,0,0,ACB-BR043
ACB-LN0006480,ACB-C004351,Personal Loan,2025-12-26,11309.91,9418.05,0.24,240.0,90+ DPD,180,1,ACB-BR021
ACB-LN0006481,ACB-C014410,Home Equity Loan,2019-08-22,71222.37,32391.75,0.0636,180.0,Current,0,0,ACB-BR022
ACB-LN0006482,ACB-C012946,Mortgage,2021-09-05,539835.58,108862.55,0.0368,120.0,Current,0,0,ACB-BR063
ACB-LN0006483,ACB-C011622,Personal Loan,2025-12-28,13633.31,10417.08,0.1716,36.0,Current,0,0,ACB-BR049
ACB-LN0006484,ACB-C014679,Personal Loan,2024-07-12,26486.59,11752.88,0.2126,60.0,Current,0,0,ACB-BR069
ACB-LN0006485,ACB-C012430,Auto Loan,2019-06-13,27800.81,23423.74,0.0489,240.0,Current,0,0,ACB-BR078
ACB-LN0006486,ACB-C009757,Auto Loan,2023-01-11,40357.72,22595.02,0.1498,84.0,Current,0,0,ACB-BR023
ACB-LN0006487,ACB-C014107,Personal Loan,2022-01-16,11157.47,610.86,0.1731,84.0,Current,0,0,ACB-BR002
ACB-LN0006488,ACB-C006684,Auto Loan,2019-07-15,49764.2,38218.48,0.0716,60.0,Current,0,0,ACB-BR010
ACB-LN0006489,ACB-C010821,Auto Loan,2022-10-17,36908.99,22731.3,0.0662,180.0,Current,0,0,ACB-BR025
ACB-LN0006490,ACB-C001043,Personal Loan,2020-02-18,29915.74,18970.48,0.0929,48.0,90+ DPD,163,1,ACB-BR080
ACB-LN0006491,ACB-C010485,Mortgage,2020-07-09,218071.66,157054.87,0.046,48.0,Current,0,0,ACB-BR050
ACB-LN0006492,ACB-C006575,Small Business Loan,2021-11-07,183227.95,87571.31,0.1195,84.0,Current,0,0,ACB-BR031
ACB-LN0006493,ACB-C009356,Mortgage,2022-10-28,389474.43,122537.1,0.0755,12.0,Current,0,0,ACB-BR059
ACB-LN0006494,ACB-C006725,Personal Loan,2019-09-23,5407.25,5148.85,0.2131,84.0,Current,0,0,ACB-BR060
ACB-LN0006495,ACB-C008456,Mortgage,2021-06-09,378072.35,266712.67,0.0613,36.0,Paid Off,0,0,ACB-BR018
ACB-LN0006496,ACB-C000340,Personal Loan,2021-11-21,29274.83,9891.75,0.1971,24.0,Current,0,0,ACB-BR025
ACB-LN0006497,ACB-C003762,Mortgage,2020-10-10,207778.6,182541.73,0.0351,12.0,60-89 DPD,68,0,ACB-BR065
ACB-LN0006498,ACB-C002959,Home Equity Loan,2024-07-05,21698.97,19966.54,0.1381,240.0,90+ DPD,136,1,ACB-BR080
ACB-LN0006499,ACB-C013492,Small Business Loan,2020-04-30,112867.34,55872.12,0.1788,360.0,Current,0,0,ACB-BR007
ACB-LN0006500,ACB-C005650,Auto Loan,2020-03-30,49962.81,36682.89,0.1381,180.0,Current,0,0,ACB-BR067
ACB-LN0006501,ACB-C012453,Personal Loan,2019-11-30,33605.97,24825.88,0.092,24.0,Default,325,1,ACB-BR065
ACB-LN0006502,ACB-C014639,Mortgage,2021-11-23,456255.11,241700.26,0.045,120.0,Paid Off,0,0,ACB-BR028
ACB-LN0006503,ACB-C007053,Mortgage,2022-02-20,512686.9,144587.66,0.0411,180.0,Default,134,1,ACB-BR015
ACB-LN0006504,ACB-C013110,Mortgage,2023-05-18,645353.57,182673.5,0.0406,120.0,Current,0,0,ACB-BR045
ACB-LN0006505,ACB-C000945,Auto Loan,2021-01-10,45884.97,27434.24,0.0488,180.0,Current,0,0,ACB-BR059
ACB-LN0006506,ACB-C002016,Auto Loan,2019-05-20,36953.96,20148.66,0.0671,60.0,Current,0,0,ACB-BR031
ACB-LN0006507,ACB-C007087,Personal Loan,2019-08-18,16715.55,3580.04,0.1684,24.0,Current,0,0,ACB-BR002
ACB-LN0006508,ACB-C013611,Mortgage,2020-08-19,130443.22,21523.5,0.0633,180.0,Current,0,0,ACB-BR030
ACB-LN0006509,ACB-C002798,Personal Loan,2021-06-23,13870.04,2382.46,0.1685,24.0,Current,0,0,ACB-BR023
ACB-LN0006510,ACB-C010691,Mortgage,2024-10-10,558291.88,206090.43,0.0427,240.0,Current,0,0,ACB-BR004
ACB-LN0006511,ACB-C001765,Auto Loan,2023-01-16,34269.38,6366.27,0.1517,120.0,Current,0,0,ACB-BR050
ACB-LN0006512,ACB-C012461,Mortgage,2021-06-16,637250.51,68350.58,0.0321,48.0,Current,0,0,ACB-BR056
ACB-LN0006513,ACB-C006291,Mortgage,2021-09-14,257219.95,29317.53,0.0675,84.0,60-89 DPD,75,0,ACB-BR005
ACB-LN0006514,ACB-C008714,Auto Loan,2020-05-31,16470.18,8581.09,0.1368,36.0,Current,0,0,ACB-BR051
ACB-LN0006515,ACB-C004309,Personal Loan,2026-03-12,27415.41,24503.32,0.24,,Current,0,0,ACB-BR037
ACB-LN0006516,ACB-C007562,Personal Loan,2024-09-29,26147.03,8295.04,0.24,12.0,Current,0,0,ACB-BR035
ACB-LN0006517,ACB-C008768,Mortgage,2024-08-28,213506.68,71102.63,0.0811,24.0,Current,0,0,ACB-BR022
ACB-LN0006518,ACB-C014477,Personal Loan,2020-01-15,32634.78,15925.77,0.114,120.0,Current,0,0,ACB-BR031
ACB-LN0006519,ACB-C014636,Mortgage,2023-08-08,525942.98,134252.14,0.0517,24.0,Current,0,0,ACB-BR079
ACB-LN0006520,ACB-C006415,Personal Loan,2021-06-22,5489.52,4473.2,0.181,120.0,Default,279,1,ACB-BR078
ACB-LN0006521,ACB-C005794,Auto Loan,2023-02-03,24423.38,9810.21,0.16,36.0,90+ DPD,172,1,ACB-BR075
ACB-LN0006522,ACB-C008264,Mortgage,2019-08-18,614400.73,568219.94,0.037,24.0,Current,0,0,ACB-BR063
ACB-LN0006523,ACB-C005215,Auto Loan,2025-04-02,20368.33,1865.45,0.1384,,Current,0,0,ACB-BR025
ACB-LN0006524,ACB-C006803,Student Loan,2020-04-03,10557.25,9151.53,0.0488,36.0,Current,0,0,ACB-BR079
ACB-LN0006525,ACB-C005506,Personal Loan,2021-01-25,14303.6,5359.33,0.2052,24.0,Current,0,0,ACB-BR039
ACB-LN0006526,ACB-C001961,Small Business Loan,2024-10-20,41593.92,27912.09,0.132,48.0,30-59 DPD,41,0,ACB-BR047
ACB-LN0006527,ACB-C007775,Auto Loan,2026-03-09,46054.85,19673.11,0.1584,60.0,Current,0,0,ACB-BR009
ACB-LN0006528,ACB-C009148,Small Business Loan,2020-06-10,248400.77,64561.06,0.173,12.0,Current,0,0,ACB-BR012
ACB-LN0006529,ACB-C011171,Mortgage,2023-11-20,556089.67,414056.38,0.0928,36.0,Current,0,0,ACB-BR063
ACB-LN0006530,ACB-C000701,Home Equity Loan,2025-04-23,19328.09,12590.76,0.137,180.0,90+ DPD,94,1,ACB-BR051
ACB-LN0006531,ACB-C006275,Auto Loan,2022-11-08,8235.3,1308.38,0.1509,120.0,Current,0,0,ACB-BR021
ACB-LN0006532,ACB-C013051,Personal Loan,2019-09-12,25184.94,6179.89,0.0869,12.0,Current,0,0,ACB-BR059
ACB-LN0006533,ACB-C003578,Auto Loan,2021-11-26,54691.66,45335.2,0.1328,48.0,30-59 DPD,30,0,ACB-BR038
ACB-LN0006534,ACB-C006863,Auto Loan,2024-12-17,31006.57,10937.2,0.16,120.0,Current,0,0,ACB-BR031
ACB-LN0006535,ACB-C007872,Personal Loan,2022-01-03,33968.07,19948.25,0.2122,360.0,Current,0,0,ACB-BR013
ACB-LN0006536,ACB-C012354,Mortgage,2022-01-07,318589.74,294364.61,0.037,12.0,Paid Off,0,0,ACB-BR001
ACB-LN0006537,ACB-C005516,Mortgage,2024-03-08,156467.39,61079.38,0.0645,120.0,Paid Off,0,0,ACB-BR021
ACB-LN0006538,ACB-C006009,Student Loan,2026-01-28,45488.75,9005.45,0.0877,12.0,Current,0,0,ACB-BR050
ACB-LN0006539,ACB-C010126,Mortgage,2025-07-09,326581.81,268010.98,0.095,12.0,Paid Off,0,0,ACB-BR042
ACB-LN0006540,ACB-C008867,Auto Loan,2020-12-15,30934.97,21675.7,0.1221,240.0,Default,246,1,ACB-BR060
ACB-LN0006541,ACB-C006570,Mortgage,2020-04-14,271960.49,89929.37,0.0531,120.0,Current,0,0,ACB-BR017
ACB-LN0006542,ACB-C009171,Mortgage,2019-10-01,448430.08,274064.49,0.0492,24.0,Current,0,0,ACB-BR056
ACB-LN0006543,ACB-C014975,Auto Loan,2021-01-14,22026.91,9142.44,0.131,360.0,Current,0,0,ACB-BR009
ACB-LN0006544,ACB-C008411,Auto Loan,2020-02-10,19896.84,13304.61,0.0863,24.0,Current,0,0,ACB-BR003
ACB-LN0006545,ACB-C014292,Personal Loan,2023-03-17,31926.18,4393.46,0.2316,360.0,Current,0,0,ACB-BR040
ACB-LN0006546,ACB-C011025,Personal Loan,2024-11-22,23024.2,14886.44,0.202,120.0,Current,0,0,ACB-BR064
ACB-LN0006547,ACB-C003256,Mortgage,2020-06-02,370632.28,315105.64,0.0673,240.0,Current,0,0,ACB-BR014
ACB-LN0006548,ACB-C011016,Mortgage,2023-07-10,644118.49,408448.48,0.0563,12.0,Current,0,0,ACB-BR026
ACB-LN0006549,ACB-C007876,Student Loan,2022-06-18,56010.53,42427.11,0.11,36.0,Written Off,0,1,ACB-BR075
ACB-LN0006550,ACB-C010711,Personal Loan,2021-07-19,18820.55,14418.15,0.1922,60.0,Current,0,0,ACB-BR022
ACB-LN0006551,ACB-C013399,Auto Loan,2020-03-27,18632.69,4196.8,0.0944,360.0,Current,0,0,ACB-BR069
ACB-LN0006552,ACB-C000083,Personal Loan,2025-05-24,20457.83,17870.54,0.24,240.0,Current,0,0,ACB-BR020
ACB-LN0006553,ACB-C011522,Mortgage,2022-02-04,537648.63,511885.53,0.0645,48.0,Current,0,0,ACB-BR068
ACB-LN0006554,ACB-C005898,Auto Loan,2023-11-15,53045.07,23617.4,0.1512,240.0,Current,0,0,ACB-BR070
ACB-LN0006555,ACB-C009714,Auto Loan,2019-11-24,24501.31,22876.61,0.0801,48.0,Written Off,0,1,ACB-BR008
ACB-LN0006556,ACB-C003749,Auto Loan,2021-03-05,31681.55,7138.52,0.0629,180.0,Current,0,0,ACB-BR055
ACB-LN0006557,ACB-C006545,Small Business Loan,2022-08-16,131500.59,80795.44,0.1905,60.0,Paid Off,0,0,ACB-BR025
ACB-LN0006558,ACB-C006667,Mortgage,2022-02-19,585834.93,162711.28,0.0681,120.0,Paid Off,0,0,ACB-BR047
ACB-LN0006559,ACB-C006690,Mortgage,2019-12-15,607131.3,188131.2,0.0559,120.0,Current,0,0,ACB-BR066
ACB-LN0006560,ACB-C003407,Auto Loan,2020-03-26,18193.64,16251.65,0.1213,24.0,Default,215,1,ACB-BR072
ACB-LN0006561,ACB-C008342,Auto Loan,2024-09-13,50929.29,35988.07,0.16,240.0,30-59 DPD,58,0,ACB-BR026
ACB-LN0006562,ACB-C006350,Mortgage,2021-07-11,190947.35,61482.16,0.0666,36.0,Current,0,0,ACB-BR039
ACB-LN0006563,ACB-C013515,Mortgage,2022-01-08,569523.19,136842.76,0.0572,24.0,Current,0,0,ACB-BR044
ACB-LN0006564,ACB-C009462,Mortgage,2023-04-01,133477.96,114766.46,0.061,12.0,Current,0,0,ACB-BR028
ACB-LN0006565,ACB-C014613,Personal Loan,2022-05-24,19755.19,4766.32,0.184,36.0,Current,0,0,ACB-BR043
ACB-LN0006566,ACB-C014124,Mortgage,2022-12-16,421666.36,98901.25,0.0585,120.0,Current,0,0,ACB-BR080
ACB-LN0006567,ACB-C001779,Personal Loan,2025-01-19,19048.01,12276.69,0.1549,84.0,Current,0,0,ACB-BR037
ACB-LN0006568,ACB-C000553,Personal Loan,2024-05-25,2057.64,610.15,0.1205,360.0,Default,363,1,ACB-BR008
ACB-LN0006569,ACB-C003727,Auto Loan,2023-04-20,24596.58,22518.65,0.1197,120.0,Current,0,0,ACB-BR079
ACB-LN0006570,ACB-C010441,Personal Loan,2023-05-05,9248.93,1002.98,0.1843,84.0,Current,0,0,ACB-BR064
ACB-LN0006571,ACB-C008433,Auto Loan,2026-01-26,27635.73,23182.12,0.16,120.0,Current,0,0,ACB-BR049
ACB-LN0006572,ACB-C003637,Mortgage,2024-08-01,135700.72,65057.31,0.0849,36.0,90+ DPD,102,1,ACB-BR054
ACB-LN0006573,ACB-C006656,Auto Loan,2022-06-24,39432.64,36995.52,0.0764,240.0,Paid Off,0,0,ACB-BR017
ACB-LN0006574,ACB-C003702,Personal Loan,2022-02-05,6794.44,5102.02,0.1151,120.0,Current,0,0,ACB-BR010
ACB-LN0006575,ACB-C000060,Mortgage,2023-12-17,181698.81,95527.78,0.095,360.0,Paid Off,0,0,ACB-BR034
ACB-LN0006576,ACB-C009251,Personal Loan,2025-02-04,7990.08,3633.91,0.1778,12.0,Current,0,0,ACB-BR069
ACB-LN0006577,ACB-C001826,Personal Loan,2021-08-14,17303.11,1721.88,0.1176,84.0,Current,0,0,ACB-BR070
ACB-LN0006578,ACB-C006617,Mortgage,2020-09-30,627416.07,445507.81,0.0703,36.0,Current,0,0,ACB-BR031
ACB-LN0006579,ACB-C000583,Home Equity Loan,2026-01-28,62391.24,57679.48,0.0749,180.0,Current,0,0,ACB-BR003
ACB-LN0006580,ACB-C008119,Mortgage,2022-03-02,536841.64,364585.02,0.0689,48.0,30-59 DPD,41,0,ACB-BR042
ACB-LN0006581,ACB-C013115,Mortgage,2023-02-26,623621.13,332611.19,0.0809,12.0,60-89 DPD,81,0,ACB-BR073
ACB-LN0006582,ACB-C003001,Mortgage,2019-07-01,229880.01,148401.37,0.0356,36.0,Current,0,0,ACB-BR031
ACB-LN0006583,ACB-C004447,Home Equity Loan,2019-08-25,95215.77,33139.89,0.1061,240.0,Current,0,0,ACB-BR067
ACB-LN0006584,ACB-C007773,Home Equity Loan,2024-10-27,24846.99,13627.01,0.1039,180.0,30-59 DPD,53,0,ACB-BR036
ACB-LN0006585,ACB-C011945,Personal Loan,2023-04-17,13572.16,9552.85,0.24,120.0,Default,122,1,ACB-BR029
ACB-LN0006586,ACB-C004550,Mortgage,2019-06-01,484060.76,56179.56,0.0427,180.0,Current,0,0,ACB-BR048
ACB-LN0006587,ACB-C002907,Auto Loan,2021-01-22,19248.63,15911.76,0.0555,48.0,Current,0,0,ACB-BR052
ACB-LN0006588,ACB-C009523,Home Equity Loan,2020-10-23,19697.14,14998.68,0.0722,12.0,Current,0,0,ACB-BR012
ACB-LN0006589,ACB-C000737,Auto Loan,2025-11-01,24695.55,24074.95,0.1592,12.0,Current,0,0,ACB-BR055
ACB-LN0006590,ACB-C005855,Mortgage,2025-07-30,456617.13,374467.89,0.0532,12.0,Current,0,0,ACB-BR048
ACB-LN0006591,ACB-C008958,Mortgage,2021-05-28,577961.88,151442.32,0.0305,60.0,Current,0,0,ACB-BR016
ACB-LN0006592,ACB-C006724,Home Equity Loan,2023-12-06,93092.86,16487.73,0.1118,360.0,Current,0,0,ACB-BR079
ACB-LN0006593,ACB-C009931,Personal Loan,2019-12-20,4957.79,481.19,0.1601,360.0,Current,0,0,ACB-BR021
ACB-LN0006594,ACB-C009787,Mortgage,2023-03-07,453030.65,347323.85,0.0528,120.0,Current,0,0,ACB-BR022
ACB-LN0006595,ACB-C014999,Auto Loan,2021-07-10,43491.16,3898.24,0.1148,24.0,Paid Off,0,0,ACB-BR011
ACB-LN0006596,ACB-C010297,Mortgage,2024-10-05,621926.33,395242.05,0.0609,240.0,Current,0,0,ACB-BR065
ACB-LN0006597,ACB-C009810,Mortgage,2025-05-17,475838.0,313965.78,0.0812,24.0,Paid Off,0,0,ACB-BR029
ACB-LN0006598,ACB-C000907,Home Equity Loan,2025-11-16,87089.81,19730.83,0.0888,36.0,60-89 DPD,73,0,ACB-BR022
ACB-LN0006599,ACB-C007900,Personal Loan,2020-02-28,17183.69,3869.77,0.1105,48.0,Current,0,0,ACB-BR014
ACB-LN0006600,ACB-C012464,Auto Loan,2020-02-24,48796.73,12519.79,0.0911,180.0,60-89 DPD,61,0,ACB-BR029
ACB-LN0006601,ACB-C007498,Auto Loan,2021-04-23,49637.79,31082.62,0.0984,240.0,Current,0,0,ACB-BR044
ACB-LN0006602,ACB-C011198,Home Equity Loan,2021-11-18,66652.75,33379.95,0.0805,36.0,Paid Off,0,0,ACB-BR076
ACB-LN0006603,ACB-C005941,Personal Loan,2022-02-13,2171.68,316.35,0.1254,60.0,Current,0,0,ACB-BR070
ACB-LN0006604,ACB-C012534,Small Business Loan,2019-04-10,89549.91,74536.1,0.1095,60.0,Current,0,0,ACB-BR020
ACB-LN0006605,ACB-C007050,Mortgage,2020-11-12,332470.65,122538.68,0.0443,240.0,Current,0,0,ACB-BR069
ACB-LN0006606,ACB-C013995,Small Business Loan,2022-05-31,194242.91,178179.8,0.1618,12.0,Current,0,0,ACB-BR075
ACB-LN0006607,ACB-C011948,Mortgage,2022-02-13,447235.98,403880.04,0.0508,360.0,Current,0,0,ACB-BR054
ACB-LN0006608,ACB-C005383,Personal Loan,2022-05-10,14515.21,6874.63,0.1052,240.0,30-59 DPD,47,0,ACB-BR044
ACB-LN0006609,ACB-C005261,Personal Loan,2025-01-19,8440.76,5092.25,0.1178,180.0,Current,0,0,ACB-BR070
ACB-LN0006610,ACB-C005299,Personal Loan,2020-01-31,14451.16,6513.5,0.1235,60.0,Paid Off,0,0,ACB-BR079
ACB-LN0006611,ACB-C006416,Mortgage,2021-11-05,631528.0,556933.81,0.0436,36.0,Current,0,0,ACB-BR005
ACB-LN0006612,ACB-C011505,Auto Loan,2023-05-30,47695.44,32678.66,0.1255,180.0,30-59 DPD,44,0,ACB-BR013
ACB-LN0006613,ACB-C004285,Home Equity Loan,2020-05-14,61030.32,58674.18,0.076,24.0,Current,0,0,ACB-BR047
ACB-LN0006614,ACB-C010492,Mortgage,2022-03-25,174567.41,148208.25,0.0485,48.0,Current,0,0,ACB-BR062
ACB-LN0006615,ACB-C006167,Auto Loan,2020-03-23,45775.33,14587.28,0.1038,240.0,90+ DPD,179,1,ACB-BR005
ACB-LN0006616,ACB-C002165,Mortgage,2023-04-26,224753.93,199002.74,0.0653,12.0,60-89 DPD,61,0,ACB-BR032
ACB-LN0006617,ACB-C013187,Home Equity Loan,2021-12-17,38583.82,33868.16,0.0566,12.0,Current,0,0,ACB-BR055
ACB-LN0006618,ACB-C012076,Mortgage,2022-05-22,641850.67,607006.42,0.0629,120.0,60-89 DPD,71,0,ACB-BR019
ACB-LN0006619,ACB-C000858,Student Loan,2023-10-07,24114.04,15660.99,0.0854,36.0,90+ DPD,164,1,ACB-BR066
ACB-LN0006620,ACB-C000542,Mortgage,2025-09-29,448269.22,142799.22,0.0463,,Paid Off,0,0,ACB-BR010
ACB-LN0006621,ACB-C008680,Mortgage,2022-12-07,242027.81,205155.48,0.0521,84.0,Current,0,0,ACB-BR052
ACB-LN0006622,ACB-C009549,Student Loan,2025-10-19,65793.66,48654.71,0.0655,24.0,Current,0,0,ACB-BR027
ACB-LN0006623,ACB-C005446,Small Business Loan,2023-12-24,53656.25,30962.07,0.1348,360.0,Current,0,0,ACB-BR056
ACB-LN0006624,ACB-C008763,Auto Loan,2024-04-02,21647.69,9236.02,0.0695,84.0,Current,0,0,ACB-BR056
ACB-LN0006625,ACB-C009172,Auto Loan,2022-10-03,51604.27,16680.32,0.0688,36.0,Current,0,0,ACB-BR005
ACB-LN0006626,ACB-C000169,Home Equity Loan,2020-12-14,50607.2,36495.75,0.0563,180.0,Current,0,0,ACB-BR007
ACB-LN0006627,ACB-C012002,Auto Loan,2024-07-14,54910.78,7973.02,,180.0,Current,0,0,ACB-BR070
ACB-LN0006628,ACB-C013172,Personal Loan,2024-07-13,32392.29,19548.54,0.1992,240.0,Paid Off,0,0,ACB-BR010
ACB-LN0006629,ACB-C013234,Auto Loan,2023-07-10,32202.75,25577.34,0.1594,240.0,Current,0,0,ACB-BR004
ACB-LN0006630,ACB-C012899,Small Business Loan,2025-05-01,26081.18,14290.42,0.1542,12.0,Default,161,1,ACB-BR067
ACB-LN0006631,ACB-C007113,Home Equity Loan,2025-02-08,78650.32,47083.19,0.14,12.0,Current,0,0,ACB-BR052
ACB-LN0006632,ACB-C005975,Mortgage,2020-05-02,471774.93,146366.52,0.038,180.0,Current,0,0,ACB-BR036
ACB-LN0006633,ACB-C013370,Personal Loan,2021-05-07,11590.9,7208.06,0.1867,360.0,Current,0,0,ACB-BR066
ACB-LN0006634,ACB-C011239,Mortgage,2023-07-28,179837.61,55920.35,0.0474,240.0,Current,0,0,ACB-BR043
ACB-LN0006635,ACB-C005991,Home Equity Loan,2023-10-06,119448.45,30074.7,0.14,60.0,Current,0,0,ACB-BR062
ACB-LN0006636,ACB-C009013,Mortgage,2019-06-05,149553.23,146338.41,,84.0,Current,0,0,ACB-BR052
ACB-LN0006637,ACB-C003169,Home Equity Loan,2019-06-24,69733.29,43887.43,0.117,180.0,Current,0,0,ACB-BR069
ACB-LN0006638,ACB-C009385,Personal Loan,2020-12-15,17527.23,2723.49,0.1372,180.0,Current,0,0,ACB-BR050
ACB-LN0006639,ACB-C014840,Small Business Loan,2020-08-16,32852.5,4285.84,0.077,,Current,0,0,ACB-BR037
ACB-LN0006640,ACB-C004256,Mortgage,2019-04-27,486787.33,291219.64,0.0455,,Current,0,0,ACB-BR031
ACB-LN0006641,ACB-C008107,Mortgage,2022-05-19,442929.51,227606.65,0.0435,36.0,Current,0,0,ACB-BR005
ACB-LN0006642,ACB-C013201,Personal Loan,2022-08-29,2138.06,454.42,0.1521,12.0,Paid Off,0,0,ACB-BR049
ACB-LN0006643,ACB-C013813,Mortgage,2022-10-14,483655.69,260084.86,0.0424,240.0,Current,0,0,ACB-BR078
ACB-LN0006644,ACB-C007989,Mortgage,2019-08-12,365889.76,316439.4,0.0303,36.0,Current,0,0,ACB-BR013
ACB-LN0006645,ACB-C013262,Personal Loan,2023-08-29,17676.32,1176.4,0.24,12.0,Current,0,0,ACB-BR006
ACB-LN0006646,ACB-C010495,Mortgage,2024-12-10,177983.42,160961.25,0.0457,240.0,Current,0,0,ACB-BR052
ACB-LN0006647,ACB-C014714,Mortgage,2020-01-16,175839.34,129650.39,0.0577,240.0,Current,0,0,ACB-BR005
ACB-LN0006648,ACB-C012362,Personal Loan,2025-04-25,5502.26,2282.72,0.1957,84.0,Current,0,0,ACB-BR023
ACB-LN0006649,ACB-C006884,Personal Loan,2025-07-19,33698.87,26557.11,0.1998,36.0,90+ DPD,117,1,ACB-BR013
ACB-LN0006650,ACB-C006590,Auto Loan,2023-11-04,19335.87,17656.66,0.0986,12.0,Current,0,0,ACB-BR058
ACB-LN0006651,ACB-C013864,Small Business Loan,2024-05-17,104986.31,44525.49,0.1093,48.0,Current,0,0,ACB-BR042
ACB-LN0006652,ACB-C000283,Auto Loan,2019-07-13,43900.59,20152.56,0.0562,48.0,Current,0,0,ACB-BR016
ACB-LN0006653,ACB-C013270,Auto Loan,2025-11-05,30213.07,19029.41,0.1022,12.0,Current,0,0,ACB-BR038
ACB-LN0006654,ACB-C008941,Auto Loan,2019-03-28,30321.45,7999.88,0.1282,60.0,Current,0,0,ACB-BR055
ACB-LN0006655,ACB-C002402,Personal Loan,2020-02-15,16114.54,882.71,0.1448,24.0,Current,0,0,ACB-BR079
ACB-LN0006656,ACB-C008544,Personal Loan,2022-04-06,7959.87,2176.31,0.1532,60.0,60-89 DPD,69,0,ACB-BR073
ACB-LN0006657,ACB-C014365,Student Loan,2019-11-04,38291.54,10894.47,0.0523,24.0,90+ DPD,144,1,ACB-BR019
ACB-LN0006658,ACB-C010296,Personal Loan,2021-12-11,8977.32,2212.94,0.2196,60.0,Current,0,0,ACB-BR007
ACB-LN0006659,ACB-C011320,Auto Loan,2021-03-08,14485.09,9727.39,0.1394,84.0,Current,0,0,ACB-BR039
ACB-LN0006660,ACB-C011048,Home Equity Loan,2025-05-06,71638.69,22403.15,0.1128,12.0,Current,0,0,ACB-BR066
ACB-LN0006661,ACB-C002665,Personal Loan,2020-03-31,11970.48,6730.5,0.2098,36.0,Default,330,1,ACB-BR021
ACB-LN0006662,ACB-C005216,Personal Loan,2023-01-26,17906.14,3462.03,0.24,60.0,Current,0,0,ACB-BR017
ACB-LN0006663,ACB-C008401,Mortgage,2021-03-28,195095.73,45898.51,0.0576,180.0,Current,0,0,ACB-BR033
ACB-LN0006664,ACB-C014510,Mortgage,2021-11-14,204481.69,93146.47,0.0431,60.0,Written Off,0,1,ACB-BR019
ACB-LN0006665,ACB-C012901,Small Business Loan,2019-06-24,149446.18,111504.62,0.0979,12.0,Current,0,0,ACB-BR064
ACB-LN0006666,ACB-C001068,Mortgage,2020-03-10,640364.33,100977.3,0.0723,60.0,Current,0,0,ACB-BR063
ACB-LN0006667,ACB-C006220,Personal Loan,2020-02-22,28001.65,22694.88,0.093,120.0,Paid Off,0,0,ACB-BR055
ACB-LN0006668,ACB-C011268,Student Loan,2021-11-21,38939.55,31626.8,0.0602,180.0,Current,0,0,ACB-BR025
ACB-LN0006669,ACB-C006873,Auto Loan,2019-04-03,8457.6,3977.26,0.1339,180.0,Current,0,0,ACB-BR022
ACB-LN0006670,ACB-C001333,Personal Loan,2021-07-28,22769.59,8072.35,0.1724,,Current,0,0,ACB-BR002
ACB-LN0006671,ACB-C012978,Personal Loan,2021-06-15,23860.18,3855.98,,240.0,Current,0,0,ACB-BR017
ACB-LN0006672,ACB-C007459,Auto Loan,2019-09-04,41689.96,5841.14,0.0943,48.0,Current,0,0,ACB-BR019
ACB-LN0006673,ACB-C003651,Mortgage,2020-12-29,246141.44,24342.85,0.0595,360.0,Current,0,0,ACB-BR070
ACB-LN0006674,ACB-C011653,Mortgage,2025-10-14,416065.67,54317.72,0.0904,48.0,Current,0,0,ACB-BR080
ACB-LN0006675,ACB-C004024,Home Equity Loan,2023-08-22,37568.71,3278.63,0.14,180.0,30-59 DPD,58,0,ACB-BR028
ACB-LN0006676,ACB-C000036,Student Loan,2021-06-01,63671.98,51413.42,0.0488,120.0,Current,0,0,ACB-BR023
ACB-LN0006677,ACB-C006111,Home Equity Loan,2021-11-13,106618.37,68182.51,0.0811,120.0,Current,0,0,ACB-BR067
ACB-LN0006678,ACB-C007642,Personal Loan,2022-05-26,25025.34,4356.55,0.1102,24.0,Current,0,0,ACB-BR051
ACB-LN0006679,ACB-C000239,Small Business Loan,2022-09-20,110845.95,93528.6,0.2,48.0,Current,0,0,ACB-BR059
ACB-LN0006680,ACB-C012916,Personal Loan,2021-11-27,25056.43,21097.04,0.0865,120.0,Current,0,0,ACB-BR049
ACB-LN0006681,ACB-C000997,Personal Loan,2022-08-06,17831.22,11704.41,0.1287,84.0,60-89 DPD,81,0,ACB-BR051
ACB-LN0006682,ACB-C007216,Personal Loan,2023-02-21,5524.25,5325.88,0.24,60.0,30-59 DPD,44,0,ACB-BR045
ACB-LN0006683,ACB-C004352,Mortgage,2020-06-06,312942.21,296261.94,0.0389,240.0,Current,0,0,ACB-BR041
ACB-LN0006684,ACB-C010367,Auto Loan,2026-01-30,36029.01,33091.4,0.1318,36.0,Current,0,0,ACB-BR015
ACB-LN0006685,ACB-C004357,Student Loan,2026-02-15,18050.65,4054.91,0.0877,240.0,Current,0,0,ACB-BR027
ACB-LN0006686,ACB-C014763,Mortgage,2020-12-07,222637.76,148332.7,0.0365,12.0,Paid Off,0,0,ACB-BR052
ACB-LN0006687,ACB-C009540,Mortgage,2021-06-30,594295.6,277262.3,0.0361,240.0,Current,0,0,ACB-BR020
ACB-LN0006688,ACB-C011891,Personal Loan,2025-12-13,11757.73,3542.62,0.24,360.0,Current,0,0,ACB-BR013
ACB-LN0006689,ACB-C012259,Mortgage,2023-12-27,370632.31,103851.97,0.0495,180.0,Current,0,0,ACB-BR016
ACB-LN0006690,ACB-C010416,Home Equity Loan,2025-06-09,93458.8,23598.7,0.0813,,Current,0,0,ACB-BR021
ACB-LN0006691,ACB-C008286,Personal Loan,2022-10-22,18023.3,14235.65,0.1322,48.0,Current,0,0,ACB-BR013
ACB-LN0006692,ACB-C000053,Auto Loan,2023-10-03,45266.0,24684.77,0.1002,84.0,Current,0,0,ACB-BR027
ACB-LN0006693,ACB-C005663,Auto Loan,2022-01-23,54298.48,47048.72,0.0596,24.0,Current,0,0,ACB-BR062
ACB-LN0006694,ACB-C004992,Personal Loan,2025-12-04,9568.76,6262.25,0.24,180.0,Paid Off,0,0,ACB-BR011
ACB-LN0006695,ACB-C009876,Auto Loan,2021-05-02,43521.09,8354.3,0.0496,84.0,Current,0,0,ACB-BR025
ACB-LN0006696,ACB-C005024,Auto Loan,2025-04-21,44609.64,28542.42,0.1438,36.0,Current,0,0,ACB-BR048
ACB-LN0006697,ACB-C013246,Small Business Loan,2021-09-21,143403.72,50932.52,0.0797,120.0,Current,0,0,ACB-BR072
ACB-LN0006698,ACB-C009307,Mortgage,2021-08-11,230879.29,98074.65,0.0398,36.0,Current,0,0,ACB-BR018
ACB-LN0006699,ACB-C008903,Mortgage,2022-05-29,468504.32,417848.57,0.0441,48.0,30-59 DPD,58,0,ACB-BR069
ACB-LN0006700,ACB-C005187,Small Business Loan,2019-02-05,129500.09,50496.0,0.1305,120.0,90+ DPD,140,1,ACB-BR020
ACB-LN0006701,ACB-C002252,Mortgage,2022-03-15,164270.1,98568.22,0.0561,48.0,30-59 DPD,48,0,ACB-BR037
ACB-LN0006702,ACB-C003749,Personal Loan,2024-03-31,2568.12,2308.28,0.2014,24.0,Current,0,0,ACB-BR063
ACB-LN0006703,ACB-C006981,Personal Loan,2022-07-12,30786.74,28043.38,0.2222,24.0,Current,0,0,ACB-BR069
ACB-LN0006704,ACB-C013249,Personal Loan,2021-03-14,2788.78,1794.42,0.1325,240.0,Current,0,0,ACB-BR058
ACB-LN0006705,ACB-C006761,Mortgage,2023-01-31,231791.26,138886.6,0.0705,60.0,Current,0,0,ACB-BR050
ACB-LN0006706,ACB-C006377,Mortgage,2025-10-28,275149.57,227611.57,0.0812,12.0,Current,0,0,ACB-BR064
ACB-LN0006707,ACB-C008634,Home Equity Loan,2023-12-15,119836.64,7586.03,0.1089,180.0,Current,0,0,ACB-BR062
ACB-LN0006708,ACB-C000450,Student Loan,2025-09-25,9051.33,1906.59,0.11,60.0,Paid Off,0,0,ACB-BR033
ACB-LN0006709,ACB-C005374,Mortgage,2024-03-11,580763.0,328615.69,0.095,360.0,Paid Off,0,0,ACB-BR052
ACB-LN0006710,ACB-C007877,Mortgage,2021-10-07,323438.43,107278.04,0.0677,36.0,Current,0,0,ACB-BR016
ACB-LN0006711,ACB-C004833,Mortgage,2025-01-22,298861.4,105794.65,0.0855,120.0,Current,0,0,ACB-BR074
ACB-LN0006712,ACB-C001302,Personal Loan,2025-11-05,23154.43,7951.1,0.2398,60.0,Current,0,0,ACB-BR031
ACB-LN0006713,ACB-C009773,Mortgage,2025-03-05,136908.72,96542.11,0.072,360.0,Current,0,0,ACB-BR054
ACB-LN0006714,ACB-C006059,Mortgage,2022-03-15,211419.04,105168.06,0.0673,360.0,Current,0,0,ACB-BR066
ACB-LN0006715,ACB-C005677,Personal Loan,2019-12-20,17653.01,16054.04,0.1202,24.0,Current,0,0,ACB-BR033
ACB-LN0006716,ACB-C011714,Small Business Loan,2020-04-28,63897.02,43526.06,0.1152,60.0,Current,0,0,ACB-BR068
ACB-LN0006717,ACB-C001888,Auto Loan,2023-08-02,44531.81,26758.43,0.1532,36.0,Current,0,0,ACB-BR004
ACB-LN0006718,ACB-C008357,Home Equity Loan,2024-05-08,38996.33,10429.57,0.0774,360.0,Current,0,0,ACB-BR037
ACB-LN0006719,ACB-C012462,Mortgage,2019-05-26,441804.98,210155.88,0.0495,180.0,Current,0,0,ACB-BR035
ACB-LN0006720,ACB-C007016,Student Loan,2021-03-01,72324.75,9232.23,0.0899,36.0,Current,0,0,ACB-BR067
ACB-LN0006721,ACB-C004167,Personal Loan,2023-08-30,15707.42,2394.77,0.24,240.0,Current,0,0,ACB-BR073
ACB-LN0006722,ACB-C007156,Personal Loan,2021-06-15,21485.22,17170.56,0.2007,12.0,Current,0,0,ACB-BR055
ACB-LN0006723,ACB-C008670,Mortgage,2026-02-24,571097.87,235480.11,0.0772,12.0,Paid Off,0,0,ACB-BR072
ACB-LN0006724,ACB-C006645,Student Loan,2020-08-07,68482.67,32991.56,0.0839,48.0,90+ DPD,105,1,ACB-BR064
ACB-LN0006725,ACB-C005193,Mortgage,2024-08-19,254640.4,28926.06,0.095,36.0,Current,0,0,ACB-BR030
ACB-LN0006726,ACB-C007033,Personal Loan,2020-10-15,10488.86,5967.87,0.197,180.0,Current,0,0,ACB-BR005
ACB-LN0006727,ACB-C004970,Auto Loan,2020-05-26,42537.12,18081.0,0.0791,48.0,Current,0,0,ACB-BR019
ACB-LN0006728,ACB-C005046,Auto Loan,2019-10-10,42099.09,39411.34,0.0848,360.0,Current,0,0,ACB-BR079
ACB-LN0006729,ACB-C007834,Auto Loan,2020-07-06,43396.42,29687.52,0.108,84.0,Current,0,0,ACB-BR006
ACB-LN0006730,ACB-C014653,Student Loan,2019-07-16,74505.3,35830.18,0.0884,360.0,Default,209,1,ACB-BR070
ACB-LN0006731,ACB-C000984,Auto Loan,2019-06-18,54782.23,48976.79,0.0843,36.0,Current,0,0,ACB-BR050
ACB-LN0006732,ACB-C008954,Mortgage,2022-04-07,285350.09,149218.89,0.0736,60.0,Current,0,0,ACB-BR080
ACB-LN0006733,ACB-C003814,Mortgage,2022-06-06,546120.36,324419.41,0.095,12.0,30-59 DPD,41,0,ACB-BR052
ACB-LN0006734,ACB-C001791,Mortgage,2025-08-16,173849.99,123293.62,0.0675,48.0,Current,0,0,ACB-BR028
ACB-LN0006735,ACB-C011089,Personal Loan,2023-07-20,34879.09,26228.01,0.1845,120.0,Current,0,0,ACB-BR038
ACB-LN0006736,ACB-C009685,Personal Loan,2025-12-06,9113.79,8152.84,0.24,12.0,Current,0,0,ACB-BR010
ACB-LN0006737,ACB-C013750,Auto Loan,2022-08-30,27541.7,19270.52,0.0638,360.0,Current,0,0,ACB-BR005
ACB-LN0006738,ACB-C004043,Personal Loan,2021-09-10,34467.51,11393.47,0.134,60.0,Current,0,0,ACB-BR061
ACB-LN0006739,ACB-C009239,Small Business Loan,2024-04-14,146662.41,69072.27,0.0999,180.0,Current,0,0,ACB-BR077
ACB-LN0006740,ACB-C011174,Personal Loan,2025-08-06,4214.2,984.71,0.24,36.0,60-89 DPD,89,0,ACB-BR045
ACB-LN0006741,ACB-C009979,Home Equity Loan,2024-02-15,38035.77,34533.23,0.1271,,Current,0,0,ACB-BR030
ACB-LN0006742,ACB-C002896,Auto Loan,2026-01-10,22433.66,7398.86,0.1073,60.0,Current,0,0,ACB-BR007
ACB-LN0006743,ACB-C005111,Mortgage,2019-02-11,254693.56,130321.58,0.054,84.0,Current,0,0,ACB-BR068
ACB-LN0006744,ACB-C009947,Home Equity Loan,2019-01-31,88090.18,69549.99,0.1039,84.0,Current,0,0,ACB-BR048
ACB-LN0006745,ACB-C009355,Personal Loan,2024-10-05,21478.54,12756.61,0.24,240.0,Current,0,0,ACB-BR013
ACB-LN0006746,ACB-C003717,Auto Loan,2022-05-22,37620.78,7648.76,0.1068,120.0,90+ DPD,179,1,ACB-BR059
ACB-LN0006747,ACB-C007823,Small Business Loan,2025-11-06,199725.54,47799.09,0.1299,48.0,Current,0,0,ACB-BR027
ACB-LN0006748,ACB-C004007,Mortgage,2019-11-06,274132.77,216886.0,0.0481,36.0,Current,0,0,ACB-BR048
ACB-LN0006749,ACB-C014628,Personal Loan,2019-03-30,21186.72,2015.04,0.1673,24.0,Current,0,0,ACB-BR001
ACB-LN0006750,ACB-C009875,Personal Loan,2025-06-22,7742.85,3233.57,0.1423,240.0,Current,0,0,ACB-BR015
ACB-LN0006751,ACB-C013845,Student Loan,2024-06-24,61016.98,38940.99,0.0575,180.0,Current,0,0,ACB-BR018
ACB-LN0006752,ACB-C004513,Personal Loan,2023-05-09,2931.62,696.66,0.1657,360.0,Current,0,0,ACB-BR023
ACB-LN0006753,ACB-C003388,Student Loan,2024-05-10,38235.26,12972.58,0.1085,84.0,Current,0,0,ACB-BR061
ACB-LN0006754,ACB-C014713,Auto Loan,2025-09-19,32152.11,6958.83,0.098,12.0,30-59 DPD,35,0,ACB-BR022
ACB-LN0006755,ACB-C000431,Auto Loan,2020-08-25,35054.43,16053.65,0.0697,24.0,Current,0,0,ACB-BR080
ACB-LN0006756,ACB-C004436,Auto Loan,2024-04-18,23865.23,12414.02,0.1132,48.0,30-59 DPD,52,0,ACB-BR058
ACB-LN0006757,ACB-C009697,Mortgage,2023-03-04,624541.06,495620.04,0.0905,48.0,Current,0,0,ACB-BR023
ACB-LN0006758,ACB-C011841,Mortgage,2022-06-08,401184.91,55009.58,0.0858,180.0,90+ DPD,143,1,ACB-BR040
ACB-LN0006759,ACB-C014913,Auto Loan,2023-09-19,22603.67,18008.19,0.15,48.0,Current,0,0,ACB-BR056
ACB-LN0006760,ACB-C013342,Mortgage,2023-11-24,120704.2,115571.29,0.0858,36.0,Current,0,0,ACB-BR056
ACB-LN0006761,ACB-C006738,Mortgage,2022-12-27,223040.34,61821.67,0.0865,180.0,Current,0,0,ACB-BR005
ACB-LN0006762,ACB-C004312,Personal Loan,2024-10-28,2439.27,465.24,0.1305,24.0,Default,170,1,ACB-BR066
ACB-LN0006763,ACB-C014555,Mortgage,2024-07-31,465356.82,78336.98,0.0577,240.0,Current,0,0,ACB-BR061
ACB-LN0006764,ACB-C011758,Home Equity Loan,2021-07-29,82467.5,9651.81,0.089,12.0,Current,0,0,ACB-BR031
ACB-LN0006765,ACB-C009903,Mortgage,2020-11-18,418372.11,195323.06,0.05,12.0,Current,0,0,ACB-BR037
ACB-LN0006766,ACB-C008100,Mortgage,2020-11-26,189092.5,77649.15,0.0439,24.0,Current,0,0,ACB-BR032
ACB-LN0006767,ACB-C001897,Mortgage,2022-08-14,586590.09,207715.8,0.0474,48.0,Default,164,1,ACB-BR072
ACB-LN0006768,ACB-C011172,Auto Loan,2024-08-22,30161.36,13648.73,0.1282,36.0,Current,0,0,ACB-BR023
ACB-LN0006769,ACB-C004981,Mortgage,2021-04-05,522970.28,235639.14,0.0393,60.0,60-89 DPD,69,0,ACB-BR051
ACB-LN0006770,ACB-C000102,Mortgage,2019-08-20,260767.0,49387.47,0.0748,120.0,Current,0,0,ACB-BR076
ACB-LN0006771,ACB-C011191,Mortgage,2020-04-18,175390.0,120618.32,0.0633,60.0,90+ DPD,157,1,ACB-BR049
ACB-LN0006772,ACB-C012493,Auto Loan,2022-03-25,54537.08,48500.91,0.0464,84.0,Current,0,0,ACB-BR060
ACB-LN0006773,ACB-C006760,Mortgage,2019-01-27,484410.12,120059.58,0.0644,24.0,Paid Off,0,0,ACB-BR055
ACB-LN0006774,ACB-C008368,Auto Loan,2020-11-21,24026.78,18838.08,0.067,12.0,Current,0,0,ACB-BR080
ACB-LN0006775,ACB-C004081,Auto Loan,2019-04-21,49574.55,11913.3,0.097,,Paid Off,0,0,ACB-BR001
ACB-LN0006776,ACB-C009708,Personal Loan,2021-01-30,32579.16,15614.28,0.1769,48.0,Current,0,0,ACB-BR055
ACB-LN0006777,ACB-C007265,Auto Loan,2024-01-30,22155.37,15010.03,0.075,,Default,244,1,ACB-BR079
ACB-LN0006778,ACB-C009164,Small Business Loan,2026-01-16,171290.72,94258.54,0.2,180.0,Current,0,0,ACB-BR021
ACB-LN0006779,ACB-C005118,Small Business Loan,2020-03-11,174594.61,111410.2,0.0793,12.0,Current,0,0,ACB-BR016
ACB-LN0006780,ACB-C007458,Mortgage,2025-05-10,605868.44,314828.72,0.0921,24.0,Current,0,0,ACB-BR044
ACB-LN0006781,ACB-C012725,Auto Loan,2025-04-01,36171.38,32054.56,0.16,24.0,Current,0,0,ACB-BR073
ACB-LN0006782,ACB-C003512,Small Business Loan,2026-02-26,69684.05,10606.65,0.1533,120.0,Current,0,0,ACB-BR036
ACB-LN0006783,ACB-C006387,Mortgage,2022-11-29,207878.79,193244.07,0.0906,240.0,30-59 DPD,47,0,ACB-BR040
ACB-LN0006784,ACB-C010896,Small Business Loan,2020-05-29,230360.44,119521.77,0.1714,48.0,60-89 DPD,78,0,ACB-BR076
ACB-LN0006785,ACB-C012836,Personal Loan,2023-09-19,11642.83,10365.23,0.1998,48.0,Current,0,0,ACB-BR039
ACB-LN0006786,ACB-C014451,Mortgage,2022-04-14,273250.92,231705.78,0.0521,60.0,Current,0,0,ACB-BR017
ACB-LN0006787,ACB-C005900,Mortgage,2021-12-24,600461.88,350264.46,0.0323,360.0,Current,0,0,ACB-BR077
ACB-LN0006788,ACB-C013548,Auto Loan,2024-02-10,43467.3,37607.5,0.1265,360.0,Current,0,0,ACB-BR041
ACB-LN0006789,ACB-C014346,Mortgage,2022-07-16,295902.13,82808.91,0.0779,240.0,Current,0,0,ACB-BR026
ACB-LN0006790,ACB-C011206,Mortgage,2020-07-23,247593.98,31747.34,0.0692,240.0,Current,0,0,ACB-BR014
ACB-LN0006791,ACB-C010999,Mortgage,2021-05-09,567790.74,270606.7,0.0431,12.0,Current,0,0,ACB-BR073
ACB-LN0006792,ACB-C010918,Mortgage,2024-12-23,335473.88,49124.96,0.0697,84.0,Current,0,0,ACB-BR029
ACB-LN0006793,ACB-C000092,Mortgage,2024-06-26,158877.19,57236.09,0.0508,48.0,Current,0,0,ACB-BR059
ACB-LN0006794,ACB-C008604,Small Business Loan,2019-11-23,92841.16,22233.74,0.1428,48.0,Current,0,0,ACB-BR064
ACB-LN0006795,ACB-C010803,Personal Loan,2019-08-20,8041.76,5092.96,0.209,120.0,Current,0,0,ACB-BR076
ACB-LN0006796,ACB-C013923,Small Business Loan,2025-05-25,123544.01,70848.54,0.1397,12.0,Current,0,0,ACB-BR035
ACB-LN0006797,ACB-C013101,Student Loan,2021-05-26,43810.7,35191.84,0.0569,24.0,90+ DPD,141,1,ACB-BR027
ACB-LN0006798,ACB-C000591,Personal Loan,2022-10-01,20192.89,6008.53,0.2029,360.0,Written Off,0,1,ACB-BR022
ACB-LN0006799,ACB-C008509,Mortgage,2023-02-28,336245.57,113697.56,0.0722,36.0,Current,0,0,ACB-BR051
ACB-LN0006800,ACB-C014046,Mortgage,2020-02-25,417657.77,136280.2,0.041,60.0,Current,0,0,ACB-BR034
ACB-LN0006801,ACB-C000109,Small Business Loan,2021-08-06,42068.26,22909.85,0.078,48.0,Current,0,0,ACB-BR051
ACB-LN0006802,ACB-C001019,Mortgage,2025-03-25,396174.06,118058.15,0.0803,240.0,Current,0,0,ACB-BR068
ACB-LN0006803,ACB-C007092,Auto Loan,2021-04-20,12965.77,5662.62,0.1046,120.0,Current,0,0,ACB-BR009
ACB-LN0006804,ACB-C004904,Mortgage,2023-01-14,196762.04,39393.95,0.0782,360.0,Current,0,0,ACB-BR050
ACB-LN0006805,ACB-C011820,Mortgage,2019-03-18,428662.73,351783.15,0.0361,36.0,Current,0,0,ACB-BR020
ACB-LN0006806,ACB-C006878,Personal Loan,2019-10-04,23990.09,11309.11,0.1291,240.0,Current,0,0,ACB-BR045
ACB-LN0006807,ACB-C000274,Mortgage,2022-04-16,354986.3,88637.18,0.0683,24.0,Current,0,0,ACB-BR063
ACB-LN0006808,ACB-C000239,Student Loan,2024-10-22,22207.01,15239.07,0.075,12.0,Current,0,0,ACB-BR032
ACB-LN0006809,ACB-C012542,Personal Loan,2021-06-05,12948.2,11728.15,,48.0,Paid Off,0,0,ACB-BR039
ACB-LN0006810,ACB-C012859,Personal Loan,2021-09-07,3364.92,2598.22,0.1407,48.0,Paid Off,0,0,ACB-BR050
ACB-LN0006811,ACB-C008259,Mortgage,2025-04-29,648608.71,595787.16,0.0832,48.0,Current,0,0,ACB-BR041
ACB-LN0006812,ACB-C011336,Auto Loan,2026-01-24,44528.97,25552.97,0.16,36.0,Current,0,0,ACB-BR078
ACB-LN0006813,ACB-C006972,Personal Loan,2019-05-07,13663.28,9355.34,0.0933,36.0,Paid Off,0,0,ACB-BR010
ACB-LN0006814,ACB-C008629,Auto Loan,2020-08-05,46534.45,10703.26,0.0669,360.0,Current,0,0,ACB-BR033
ACB-LN0006815,ACB-C005413,Home Equity Loan,2021-10-05,54998.53,11867.87,0.1056,36.0,Current,0,0,ACB-BR018
ACB-LN0006816,ACB-C013874,Personal Loan,2022-01-01,21624.95,11818.06,0.1724,36.0,Current,0,0,ACB-BR006
ACB-LN0006817,ACB-C012868,Student Loan,2019-10-29,35983.54,32788.86,0.0572,180.0,Current,0,0,ACB-BR028
ACB-LN0006818,ACB-C000839,Student Loan,2019-01-11,14020.31,8229.51,0.0526,84.0,Written Off,0,1,ACB-BR014
ACB-LN0006819,ACB-C008593,Mortgage,2025-01-04,164351.3,120255.58,0.0514,12.0,Current,0,0,ACB-BR049
ACB-LN0006820,ACB-C010321,Auto Loan,2024-12-28,36263.47,26022.5,0.1407,120.0,Current,0,0,ACB-BR041
ACB-LN0006821,ACB-C010538,Auto Loan,2023-12-28,34943.5,4682.81,0.0656,180.0,Current,0,0,ACB-BR077
ACB-LN0006822,ACB-C002990,Mortgage,2021-02-19,372526.15,55592.93,0.071,180.0,Current,0,0,ACB-BR066
ACB-LN0006823,ACB-C004544,Auto Loan,2020-09-05,22054.25,7475.03,0.0636,180.0,Current,0,0,ACB-BR061
ACB-LN0006824,ACB-C007126,Personal Loan,2023-04-16,23586.9,21339.65,0.229,36.0,Current,0,0,ACB-BR049
ACB-LN0006825,ACB-C004347,Auto Loan,2025-10-29,13255.66,3625.36,0.1237,60.0,Current,0,0,ACB-BR064
ACB-LN0006826,ACB-C010142,Home Equity Loan,2024-03-29,119655.63,44680.61,0.1017,120.0,Current,0,0,ACB-BR075
ACB-LN0006827,ACB-C011240,Home Equity Loan,2024-05-05,36854.95,20816.38,0.099,240.0,Current,0,0,ACB-BR037
ACB-LN0006828,ACB-C005930,Auto Loan,2025-07-24,17669.07,7301.55,0.0958,24.0,Current,0,0,ACB-BR074
ACB-LN0006829,ACB-C004835,Mortgage,2025-05-01,494651.28,96523.9,0.0726,240.0,Current,0,0,ACB-BR002
ACB-LN0006830,ACB-C004696,Student Loan,2021-06-14,16297.79,2127.89,0.0813,240.0,Current,0,0,ACB-BR064
ACB-LN0006831,ACB-C013117,Home Equity Loan,2025-05-12,118923.15,50678.89,0.14,360.0,60-89 DPD,84,0,ACB-BR031
ACB-LN0006832,ACB-C006558,Personal Loan,2022-01-16,18850.57,4927.93,0.1439,84.0,Current,0,0,ACB-BR032
ACB-LN0006833,ACB-C009548,Mortgage,2026-03-25,186842.55,88724.52,0.0886,24.0,Current,0,0,ACB-BR041
ACB-LN0006834,ACB-C004695,Home Equity Loan,2024-03-07,111426.87,53330.63,0.0952,24.0,Current,0,0,ACB-BR023
ACB-LN0006835,ACB-C005892,Home Equity Loan,2023-07-20,40524.48,32684.4,0.0934,360.0,Default,331,1,ACB-BR010
ACB-LN0006836,ACB-C011740,Personal Loan,2020-11-18,16273.45,12071.54,0.0847,240.0,Current,0,0,ACB-BR047
ACB-LN0006837,ACB-C008999,Home Equity Loan,2020-10-19,90921.15,6138.18,0.0727,180.0,Current,0,0,ACB-BR017
ACB-LN0006838,ACB-C000831,Mortgage,2022-06-28,460032.0,87890.78,0.0516,84.0,Written Off,0,1,ACB-BR015
ACB-LN0006839,ACB-C013170,Personal Loan,2024-05-10,6564.84,4399.96,0.2255,36.0,30-59 DPD,47,0,ACB-BR077
ACB-LN0006840,ACB-C001635,Personal Loan,2024-05-11,24854.86,15282.74,0.128,120.0,Paid Off,0,0,ACB-BR047
ACB-LN0006841,ACB-C006041,Student Loan,2024-06-17,67805.21,61983.82,0.065,120.0,Paid Off,0,0,ACB-BR076
ACB-LN0006842,ACB-C003120,Personal Loan,2024-06-26,16668.37,14993.35,0.24,60.0,Current,0,0,ACB-BR002
ACB-LN0006843,ACB-C014672,Personal Loan,2021-03-11,9927.79,1334.11,0.108,360.0,Current,0,0,ACB-BR075
ACB-LN0006844,ACB-C014035,Auto Loan,2021-01-29,49853.74,3024.61,0.0998,60.0,30-59 DPD,59,0,ACB-BR037
ACB-LN0006845,ACB-C010444,Student Loan,2022-06-09,26477.82,15214.4,0.0793,180.0,Current,0,0,ACB-BR013
ACB-LN0006846,ACB-C010826,Personal Loan,2020-04-03,11864.36,1362.18,0.1544,12.0,Current,0,0,ACB-BR080
ACB-LN0006847,ACB-C003194,Personal Loan,2019-11-28,16355.41,6173.59,0.209,48.0,Current,0,0,ACB-BR046
ACB-LN0006848,ACB-C008727,Personal Loan,2025-12-22,3279.84,1384.2,0.1175,24.0,Default,320,1,ACB-BR051
ACB-LN0006849,ACB-C002732,Home Equity Loan,2020-08-17,99938.13,5701.18,0.1034,48.0,Current,0,0,ACB-BR036
ACB-LN0006850,ACB-C008743,Personal Loan,2019-07-03,28533.91,25896.89,0.0903,12.0,Current,0,0,ACB-BR059
ACB-LN0006851,ACB-C014682,Personal Loan,2025-08-21,6323.7,3909.17,0.1328,24.0,90+ DPD,134,1,ACB-BR044
ACB-LN0006852,ACB-C001398,Mortgage,2023-08-28,595608.85,252165.99,0.0745,60.0,90+ DPD,109,1,ACB-BR010
ACB-LN0006853,ACB-C003903,Mortgage,2019-06-29,586018.54,42467.2,0.0549,180.0,60-89 DPD,70,0,ACB-BR073
ACB-LN0006854,ACB-C001999,Auto Loan,2024-05-28,40119.12,2109.6,0.106,12.0,60-89 DPD,69,0,ACB-BR027
ACB-LN0006855,ACB-C009093,Home Equity Loan,2023-01-18,102970.6,86940.11,0.1282,360.0,Current,0,0,ACB-BR064
ACB-LN0006856,ACB-C014905,Student Loan,2024-08-14,42501.12,34036.93,0.1064,48.0,Current,0,0,ACB-BR047
ACB-LN0006857,ACB-C000531,Personal Loan,2023-09-17,30604.5,11551.58,0.1799,12.0,Current,0,0,ACB-BR034
ACB-LN0006858,ACB-C005813,Mortgage,2020-11-26,422434.12,64902.32,0.0709,48.0,Current,0,0,ACB-BR013
ACB-LN0006859,ACB-C007977,Auto Loan,2022-09-25,8704.13,716.98,0.0716,240.0,60-89 DPD,89,0,ACB-BR065
ACB-LN0006860,ACB-C014246,Auto Loan,2020-09-15,46481.87,30379.41,0.0828,48.0,Current,0,0,ACB-BR029
ACB-LN0006861,ACB-C006729,Student Loan,2020-10-26,56398.42,42634.75,0.0631,360.0,Current,0,0,ACB-BR034
ACB-LN0006862,ACB-C010472,Auto Loan,2021-05-29,19101.48,11831.53,0.0771,48.0,Current,0,0,ACB-BR001
ACB-LN0006863,ACB-C012496,Auto Loan,2023-12-29,31966.63,28029.65,0.1121,120.0,Current,0,0,ACB-BR029
ACB-LN0006864,ACB-C002708,Mortgage,2019-06-06,466617.12,344627.23,0.0305,12.0,Current,0,0,ACB-BR064
ACB-LN0006865,ACB-C001525,Student Loan,2020-10-24,65977.79,10622.54,0.0786,120.0,Current,0,0,ACB-BR040
ACB-LN0006866,ACB-C013809,Mortgage,2021-10-26,466316.93,85889.79,0.0681,84.0,90+ DPD,101,1,ACB-BR014
ACB-LN0006867,ACB-C008283,Mortgage,2019-11-13,265879.35,226163.2,0.0467,60.0,30-59 DPD,54,0,ACB-BR012
ACB-LN0006868,ACB-C007099,Personal Loan,2025-02-02,29015.75,27551.54,0.24,12.0,Current,0,0,ACB-BR065
ACB-LN0006869,ACB-C001539,Personal Loan,2019-07-09,22236.2,21481.18,0.1692,120.0,Current,0,0,ACB-BR069
ACB-LN0006870,ACB-C006254,Auto Loan,2023-02-22,46117.81,41312.1,0.16,180.0,Current,0,0,ACB-BR006
ACB-LN0006871,ACB-C002762,Personal Loan,2023-01-29,19780.11,3402.12,0.1415,,Written Off,0,1,ACB-BR069
ACB-LN0006872,ACB-C010883,Mortgage,2019-06-01,343538.4,315759.8,0.0672,60.0,Current,0,0,ACB-BR064
ACB-LN0006873,ACB-C003063,Personal Loan,2020-01-28,8215.86,2337.26,0.1252,360.0,30-59 DPD,58,0,ACB-BR019
ACB-LN0006874,ACB-C003133,Mortgage,2025-01-11,500798.87,100639.34,0.0818,24.0,Current,0,0,ACB-BR009
ACB-LN0006875,ACB-C007578,Auto Loan,2020-01-20,50229.54,33979.66,0.1091,180.0,Current,0,0,ACB-BR025
ACB-LN0006876,ACB-C007688,Personal Loan,2020-02-11,19315.37,15320.61,,36.0,Current,0,0,ACB-BR026
ACB-LN0006877,ACB-C006245,Home Equity Loan,2022-07-03,38032.27,5685.7,0.14,,Current,0,0,ACB-BR058
ACB-LN0006878,ACB-C007708,Small Business Loan,2019-09-27,240358.01,178734.28,0.1606,240.0,Current,0,0,ACB-BR031
ACB-LN0006879,ACB-C006137,Small Business Loan,2022-04-20,68603.65,41581.63,0.1461,240.0,Current,0,0,ACB-BR052
ACB-LN0006880,ACB-C003317,Auto Loan,2022-11-08,39961.94,28391.41,0.1136,240.0,Current,0,0,ACB-BR022
ACB-LN0006881,ACB-C010515,Small Business Loan,2021-12-15,73380.91,35687.14,0.1032,84.0,Current,0,0,ACB-BR040
ACB-LN0006882,ACB-C012835,Auto Loan,2024-03-17,48485.08,25756.78,0.0711,12.0,Current,0,0,ACB-BR068
ACB-LN0006883,ACB-C014868,Home Equity Loan,2020-04-21,47864.96,7832.59,0.117,240.0,Current,0,0,ACB-BR078
ACB-LN0006884,ACB-C007905,Mortgage,2025-09-05,212289.52,73550.48,0.0608,84.0,Current,0,0,ACB-BR055
ACB-LN0006885,ACB-C013848,Personal Loan,2019-05-11,2664.69,1995.48,0.2092,240.0,Current,0,0,ACB-BR070
ACB-LN0006886,ACB-C006960,Student Loan,2025-06-07,52379.24,28617.42,0.0748,180.0,Current,0,0,ACB-BR025
ACB-LN0006887,ACB-C007955,Auto Loan,2021-01-16,13383.77,7274.17,0.0666,60.0,Current,0,0,ACB-BR002
ACB-LN0006888,ACB-C007121,Home Equity Loan,2024-09-11,68492.06,52686.05,0.14,60.0,Current,0,0,ACB-BR011
ACB-LN0006889,ACB-C000642,Mortgage,2019-05-11,302748.51,161209.61,0.0559,120.0,Current,0,0,ACB-BR049
ACB-LN0006890,ACB-C001281,Mortgage,2025-01-08,254529.12,39844.72,0.095,120.0,Current,0,0,ACB-BR009
ACB-LN0006891,ACB-C005350,Auto Loan,2020-04-24,36337.25,14137.9,0.1092,180.0,Current,0,0,ACB-BR050
ACB-LN0006892,ACB-C006009,Mortgage,2025-06-24,583920.7,455832.56,0.0657,360.0,Current,0,0,ACB-BR010
ACB-LN0006893,ACB-C007412,Personal Loan,2021-03-14,13328.87,7669.72,0.203,,Current,0,0,ACB-BR028
ACB-LN0006894,ACB-C008316,Personal Loan,2023-09-05,21508.28,18361.77,0.1301,60.0,Current,0,0,ACB-BR026
ACB-LN0006895,ACB-C007579,Mortgage,2022-06-05,448453.72,341131.37,0.066,120.0,Current,0,0,ACB-BR036
ACB-LN0006896,ACB-C008674,Auto Loan,2021-03-22,11099.31,4397.52,0.1212,180.0,Current,0,0,ACB-BR029
ACB-LN0006897,ACB-C000874,Mortgage,2020-02-07,223046.71,102973.02,0.0426,120.0,Current,0,0,ACB-BR019
ACB-LN0006898,ACB-C003837,Personal Loan,2022-07-28,18792.76,10918.4,0.2128,24.0,Current,0,0,ACB-BR051
ACB-LN0006899,ACB-C010486,Mortgage,2022-09-05,588248.3,69246.72,0.061,84.0,Current,0,0,ACB-BR065
ACB-LN0006900,ACB-C014150,Auto Loan,2022-04-12,39676.97,22948.69,0.0462,84.0,Paid Off,0,0,ACB-BR017
ACB-LN0006901,ACB-C001610,Auto Loan,2021-11-17,37028.97,32067.97,0.0539,60.0,30-59 DPD,31,0,ACB-BR074
ACB-LN0006902,ACB-C001034,Personal Loan,2019-01-05,5388.74,4105.48,0.1624,24.0,60-89 DPD,76,0,ACB-BR056
ACB-LN0006903,ACB-C006690,Mortgage,2020-01-17,306029.6,250914.39,0.0523,180.0,Current,0,0,ACB-BR032
ACB-LN0006904,ACB-C002186,Auto Loan,2019-01-22,38540.63,4199.62,0.0573,36.0,Current,0,0,ACB-BR006
ACB-LN0006905,ACB-C007535,Student Loan,2022-04-15,57935.96,41941.88,0.0429,180.0,Current,0,0,ACB-BR021
ACB-LN0006906,ACB-C003378,Personal Loan,2022-10-24,34007.68,22695.74,0.1714,180.0,Current,0,0,ACB-BR037
ACB-LN0006907,ACB-C003044,Mortgage,2022-04-11,576302.61,342810.71,0.0455,180.0,Current,0,0,ACB-BR045
ACB-LN0006908,ACB-C000875,Home Equity Loan,2023-08-17,76524.36,28310.6,0.0918,24.0,Current,0,0,ACB-BR022
ACB-LN0006909,ACB-C004991,Student Loan,2019-02-17,46407.29,38220.96,0.0412,,Current,0,0,ACB-BR055
ACB-LN0006910,ACB-C000682,Auto Loan,2019-11-11,27117.87,10172.23,0.0697,48.0,90+ DPD,95,1,ACB-BR032
ACB-LN0006911,ACB-C007087,Personal Loan,2020-01-03,15954.01,8668.91,0.197,120.0,Current,0,0,ACB-BR041
ACB-LN0006912,ACB-C001627,Auto Loan,2019-09-12,36252.27,8060.44,0.089,12.0,90+ DPD,167,1,ACB-BR076
ACB-LN0006913,ACB-C008941,Personal Loan,2025-04-20,30104.18,14853.68,0.124,240.0,30-59 DPD,40,0,ACB-BR007
ACB-LN0006914,ACB-C013137,Auto Loan,2022-11-06,27622.97,5576.27,0.1521,180.0,Current,0,0,ACB-BR062
ACB-LN0006915,ACB-C003991,Auto Loan,2021-11-28,37246.25,20229.82,0.126,48.0,Current,0,0,ACB-BR009
ACB-LN0006916,ACB-C009116,Mortgage,2021-02-25,425755.62,75090.02,0.0316,360.0,Current,0,0,ACB-BR064
ACB-LN0006917,ACB-C011691,Auto Loan,2020-03-20,50482.47,21726.91,0.0847,36.0,Current,0,0,ACB-BR056
ACB-LN0006918,ACB-C001165,Personal Loan,2023-10-12,11666.69,2807.63,0.24,360.0,Current,0,0,ACB-BR076
ACB-LN0006919,ACB-C002590,Home Equity Loan,2023-03-15,42391.29,28066.92,0.1326,24.0,Current,0,0,ACB-BR007
ACB-LN0006920,ACB-C007870,Personal Loan,2020-06-07,14678.96,1660.43,0.1853,12.0,Paid Off,0,0,ACB-BR047
ACB-LN0006921,ACB-C003437,Small Business Loan,2024-04-19,90229.48,42917.38,0.088,240.0,Paid Off,0,0,ACB-BR047
ACB-LN0006922,ACB-C003744,Personal Loan,2022-06-18,30873.65,28677.15,0.2146,36.0,Current,0,0,ACB-BR045
ACB-LN0006923,ACB-C008447,Auto Loan,2021-07-27,23994.77,7305.92,0.1227,180.0,Default,325,1,ACB-BR039
ACB-LN0006924,ACB-C000462,Auto Loan,2024-10-01,27341.02,13813.85,0.142,360.0,90+ DPD,146,1,ACB-BR045
ACB-LN0006925,ACB-C000323,Auto Loan,2023-12-19,14575.41,11566.66,0.102,84.0,Current,0,0,ACB-BR049
ACB-LN0006926,ACB-C004265,Small Business Loan,2024-07-14,243875.85,137092.42,0.0961,12.0,Current,0,0,ACB-BR031
ACB-LN0006927,ACB-C013617,Personal Loan,2019-12-13,32419.96,31210.93,0.1563,180.0,Current,0,0,ACB-BR080
ACB-LN0006928,ACB-C014307,Mortgage,2023-02-24,125272.62,10408.38,0.0459,240.0,Current,0,0,ACB-BR001
ACB-LN0006929,ACB-C001719,Auto Loan,2019-03-28,36843.49,8321.56,0.0969,12.0,Current,0,0,ACB-BR009
ACB-LN0006930,ACB-C006329,Mortgage,2019-10-18,196696.21,91825.58,0.066,60.0,Paid Off,0,0,ACB-BR023
ACB-LN0006931,ACB-C014211,Mortgage,2025-07-11,551849.3,47437.61,0.0639,84.0,Current,0,0,ACB-BR066
ACB-LN0006932,ACB-C008355,Home Equity Loan,2024-03-16,96547.63,62433.52,0.14,180.0,Current,0,0,ACB-BR073
ACB-LN0006933,ACB-C005233,Personal Loan,2021-06-16,25069.09,14414.81,0.1363,180.0,Current,0,0,ACB-BR077
ACB-LN0006934,ACB-C009537,Personal Loan,2024-07-30,4187.86,2737.98,0.1377,24.0,Current,0,0,ACB-BR031
ACB-LN0006935,ACB-C009067,Auto Loan,2021-09-06,49682.4,15508.22,0.0741,36.0,Current,0,0,ACB-BR044
ACB-LN0006936,ACB-C008821,Personal Loan,2023-12-31,16472.63,8602.88,0.1168,36.0,Paid Off,0,0,ACB-BR064
ACB-LN0006937,ACB-C001685,Personal Loan,2021-08-30,12808.86,10329.32,0.0872,48.0,Current,0,0,ACB-BR011
ACB-LN0006938,ACB-C005771,Small Business Loan,2021-12-28,26106.45,17284.11,0.0979,24.0,Current,0,0,ACB-BR006
ACB-LN0006939,ACB-C010010,Mortgage,2026-01-17,144815.75,88052.87,0.0738,24.0,Current,0,0,ACB-BR058
ACB-LN0006940,ACB-C014679,Auto Loan,2023-10-01,10548.8,1563.41,0.1151,36.0,30-59 DPD,54,0,ACB-BR009
ACB-LN0006941,ACB-C002086,Personal Loan,2025-05-27,12902.35,4266.69,0.24,84.0,30-59 DPD,49,0,ACB-BR032
ACB-LN0006942,ACB-C001733,Auto Loan,2025-10-02,28354.03,15038.81,0.0613,12.0,30-59 DPD,42,0,ACB-BR013
ACB-LN0006943,ACB-C008338,Personal Loan,2022-06-16,15105.49,1665.7,0.1549,12.0,Paid Off,0,0,ACB-BR077
ACB-LN0006944,ACB-C012515,Mortgage,2023-11-29,417824.01,371296.84,0.0793,360.0,Current,0,0,ACB-BR056
ACB-LN0006945,ACB-C012936,Home Equity Loan,2019-01-07,112313.3,7831.18,0.1091,36.0,Current,0,0,ACB-BR048
ACB-LN0006946,ACB-C013912,Student Loan,2020-10-01,54695.86,30648.73,0.089,,Current,0,0,ACB-BR051
ACB-LN0006947,ACB-C004807,Auto Loan,2023-11-24,9946.83,7402.48,0.1302,48.0,Current,0,0,ACB-BR012
ACB-LN0006948,ACB-C007704,Mortgage,2024-08-06,337121.8,198278.97,0.0917,180.0,Current,0,0,ACB-BR054
ACB-LN0006949,ACB-C006776,Small Business Loan,2019-11-23,225279.52,56155.73,0.1618,84.0,30-59 DPD,49,0,ACB-BR067
ACB-LN0006950,ACB-C001271,Mortgage,2022-02-10,129458.24,49896.81,0.0408,24.0,Current,0,0,ACB-BR045
ACB-LN0006951,ACB-C006777,Mortgage,2024-06-13,440667.54,409312.61,0.0642,12.0,60-89 DPD,68,0,ACB-BR075
ACB-LN0006952,ACB-C001912,Auto Loan,2024-06-13,22953.87,2902.45,0.1178,84.0,Current,0,0,ACB-BR067
ACB-LN0006953,ACB-C003687,Small Business Loan,2020-10-09,238112.42,21221.16,0.1297,180.0,Paid Off,0,0,ACB-BR080
ACB-LN0006954,ACB-C010887,Mortgage,2023-05-02,176716.49,103606.59,0.0777,180.0,Current,0,0,ACB-BR046
ACB-LN0006955,ACB-C014437,Home Equity Loan,2024-10-10,28903.11,26840.68,0.0773,84.0,Current,0,0,ACB-BR077
ACB-LN0006956,ACB-C014189,Mortgage,2020-11-11,346950.56,191946.64,0.0421,36.0,Current,0,0,ACB-BR048
ACB-LN0006957,ACB-C006943,Mortgage,2019-12-12,228683.36,101890.55,0.0598,240.0,Current,0,0,ACB-BR020
ACB-LN0006958,ACB-C004248,Mortgage,2024-04-16,156540.53,92195.51,0.0803,180.0,60-89 DPD,66,0,ACB-BR006
ACB-LN0006959,ACB-C000293,Personal Loan,2024-09-04,14043.92,1836.82,,36.0,Current,0,0,ACB-BR023
ACB-LN0006960,ACB-C013613,Personal Loan,2023-03-27,14239.6,4273.74,0.2361,180.0,Written Off,0,1,ACB-BR041
ACB-LN0006961,ACB-C001432,Small Business Loan,2022-06-04,171308.12,37543.6,0.1858,24.0,90+ DPD,105,1,ACB-BR010
ACB-LN0006962,ACB-C001878,Mortgage,2019-03-26,361690.64,200698.78,0.0434,84.0,Current,0,0,ACB-BR028
ACB-LN0006963,ACB-C003187,Home Equity Loan,2021-06-02,63235.79,40266.42,0.0736,60.0,Current,0,0,ACB-BR023
ACB-LN0006964,ACB-C009428,Mortgage,2025-03-09,178824.02,131602.7,0.0881,12.0,Current,0,0,ACB-BR036
ACB-LN0006965,ACB-C002859,Auto Loan,2024-06-10,21109.46,14040.1,0.16,36.0,Current,0,0,ACB-BR056
ACB-LN0006966,ACB-C006714,Mortgage,2020-10-10,565902.5,267450.6,0.0672,120.0,Default,295,1,ACB-BR049
ACB-LN0006967,ACB-C012452,Mortgage,2020-07-30,215945.87,170725.5,0.0551,84.0,Current,0,0,ACB-BR067
ACB-LN0006968,ACB-C010401,Personal Loan,2022-05-05,22339.33,13692.06,0.1592,24.0,Current,0,0,ACB-BR063
ACB-LN0006969,ACB-C004917,Mortgage,2023-02-18,189655.31,143690.52,0.0732,60.0,Paid Off,0,0,ACB-BR068
ACB-LN0006970,ACB-C000800,Auto Loan,2021-12-29,14456.53,6236.16,0.1111,84.0,Current,0,0,ACB-BR055
ACB-LN0006971,ACB-C009646,Mortgage,2020-11-10,569793.16,549697.67,0.0447,12.0,Current,0,0,ACB-BR054
ACB-LN0006972,ACB-C006085,Personal Loan,2026-01-12,21744.65,8448.83,0.24,48.0,Current,0,0,ACB-BR070
ACB-LN0006973,ACB-C008194,Small Business Loan,2024-11-26,165814.81,26929.61,0.1756,360.0,Current,0,0,ACB-BR017
ACB-LN0006974,ACB-C002038,Home Equity Loan,2025-08-02,93270.36,88862.52,0.14,36.0,Current,0,0,ACB-BR036
ACB-LN0006975,ACB-C003457,Auto Loan,2020-06-17,11019.54,4008.58,0.0466,48.0,Current,0,0,ACB-BR070
ACB-LN0006976,ACB-C011947,Auto Loan,2023-05-16,34413.46,19952.6,0.1016,36.0,Paid Off,0,0,ACB-BR009
ACB-LN0006977,ACB-C011229,Mortgage,2022-07-09,456528.33,212747.17,0.0522,120.0,Default,139,1,ACB-BR039
ACB-LN0006978,ACB-C003663,Student Loan,2021-01-27,55881.21,18993.48,0.0742,360.0,30-59 DPD,35,0,ACB-BR031
ACB-LN0006979,ACB-C001768,Mortgage,2020-08-26,547446.27,391249.54,0.0366,240.0,Default,309,1,ACB-BR066
ACB-LN0006980,ACB-C006912,Personal Loan,2022-03-02,13786.67,7635.8,0.1847,360.0,Current,0,0,ACB-BR050
ACB-LN0006981,ACB-C004967,Mortgage,2025-01-29,275778.75,82649.91,0.088,240.0,Current,0,0,ACB-BR066
ACB-LN0006982,ACB-C012172,Mortgage,2020-06-10,171572.84,98890.73,0.043,48.0,60-89 DPD,89,0,ACB-BR076
ACB-LN0006983,ACB-C007879,Auto Loan,2021-03-04,24500.45,16055.98,0.1006,36.0,60-89 DPD,82,0,ACB-BR044
ACB-LN0006984,ACB-C005366,Personal Loan,2025-07-04,3881.99,1189.87,0.1702,24.0,30-59 DPD,47,0,ACB-BR041
ACB-LN0006985,ACB-C005617,Personal Loan,2025-03-04,12386.22,10422.79,0.2212,240.0,Paid Off,0,0,ACB-BR077
ACB-LN0006986,ACB-C003991,Mortgage,2022-05-31,324512.54,303538.74,0.0456,36.0,Current,0,0,ACB-BR042
ACB-LN0006987,ACB-C013805,Mortgage,2025-05-31,376044.0,29278.59,0.074,360.0,Current,0,0,ACB-BR014
ACB-LN0006988,ACB-C009178,Small Business Loan,2023-10-02,30803.08,10973.78,0.1592,60.0,Current,0,0,ACB-BR072
ACB-LN0006989,ACB-C008353,Mortgage,2024-04-17,516400.43,275048.09,0.0436,240.0,Current,0,0,ACB-BR078
ACB-LN0006990,ACB-C008066,Student Loan,2024-07-24,11068.33,3878.65,0.11,36.0,Paid Off,0,0,ACB-BR028
ACB-LN0006991,ACB-C000513,Personal Loan,2022-06-24,21402.15,11261.96,0.1791,120.0,Current,0,0,ACB-BR075
ACB-LN0006992,ACB-C011239,Personal Loan,2025-06-26,28195.92,19132.7,0.1477,360.0,Paid Off,0,0,ACB-BR050
ACB-LN0006993,ACB-C013840,Student Loan,2024-03-18,68173.7,25315.68,0.1007,84.0,Current,0,0,ACB-BR023
ACB-LN0006994,ACB-C011698,Auto Loan,2022-03-16,31122.97,28334.51,0.1164,240.0,Current,0,0,ACB-BR001
ACB-LN0006995,ACB-C006287,Mortgage,2023-04-23,568681.55,310998.94,0.0795,24.0,Current,0,0,ACB-BR022
ACB-LN0006996,ACB-C005594,Personal Loan,2021-12-05,3104.91,854.81,0.124,60.0,Current,0,0,ACB-BR001
ACB-LN0006997,ACB-C001269,Mortgage,2019-05-11,238978.01,25588.05,0.0305,48.0,60-89 DPD,73,0,ACB-BR013
ACB-LN0006998,ACB-C011557,Personal Loan,2024-06-26,23552.75,15074.47,0.1925,48.0,Current,0,0,ACB-BR037
ACB-LN0006999,ACB-C008596,Personal Loan,2023-02-22,34456.58,8252.41,0.1096,84.0,Current,0,0,ACB-BR065
ACB-LN0007000,ACB-C003426,Mortgage,2019-12-12,356962.93,185182.13,0.0438,180.0,Current,0,0,ACB-BR022
ACB-LN0007001,ACB-C007378,Personal Loan,2020-09-27,22671.53,21892.52,0.2037,24.0,Current,0,0,ACB-BR077
ACB-LN0007002,ACB-C011269,Auto Loan,2020-08-08,35855.24,11111.54,0.1214,120.0,Current,0,0,ACB-BR025
ACB-LN0007003,ACB-C004974,Small Business Loan,2024-06-13,189899.64,177272.51,0.0937,36.0,Current,0,0,ACB-BR064
ACB-LN0007004,ACB-C014538,Auto Loan,2020-10-07,48209.23,12656.67,0.0693,12.0,Current,0,0,ACB-BR055
ACB-LN0007005,ACB-C014741,Mortgage,2023-01-11,561459.09,496530.38,0.0551,120.0,Current,0,0,ACB-BR005
ACB-LN0007006,ACB-C013712,Personal Loan,2023-05-19,26316.0,5314.08,0.1679,84.0,Current,0,0,ACB-BR059
ACB-LN0007007,ACB-C009340,Personal Loan,2019-04-07,22218.83,17162.9,0.1942,240.0,90+ DPD,138,1,ACB-BR052
ACB-LN0007008,ACB-C000304,Auto Loan,2025-07-29,48415.9,32755.98,0.0806,48.0,Current,0,0,ACB-BR004
ACB-LN0007009,ACB-C006849,Auto Loan,2022-03-08,15851.12,10411.45,0.1011,240.0,Current,0,0,ACB-BR029
ACB-LN0007010,ACB-C006957,Auto Loan,2022-09-26,20099.18,15081.08,0.0966,240.0,Current,0,0,ACB-BR023
ACB-LN0007011,ACB-C002773,Personal Loan,2019-02-02,29809.02,3410.49,0.1307,120.0,Current,0,0,ACB-BR003
ACB-LN0007012,ACB-C001208,Mortgage,2025-02-18,216827.12,210718.42,0.0782,36.0,Current,0,0,ACB-BR019
ACB-LN0007013,ACB-C007243,Personal Loan,2020-12-18,8008.59,5692.33,0.2095,180.0,Current,0,0,ACB-BR069
ACB-LN0007014,ACB-C012752,Mortgage,2019-01-19,184616.04,148427.8,0.0332,120.0,Current,0,0,ACB-BR070
ACB-LN0007015,ACB-C004107,Home Equity Loan,2023-01-28,69184.41,8349.98,0.0796,240.0,Current,0,0,ACB-BR078
ACB-LN0007016,ACB-C009100,Student Loan,2025-10-13,29691.22,5954.75,0.1006,240.0,90+ DPD,133,1,ACB-BR069
ACB-LN0007017,ACB-C005482,Auto Loan,2022-05-03,36594.27,33243.89,0.0817,60.0,Current,0,0,ACB-BR038
ACB-LN0007018,ACB-C011451,Mortgage,2020-11-10,444614.84,371516.51,0.0668,180.0,Current,0,0,ACB-BR002
ACB-LN0007019,ACB-C013581,Auto Loan,2021-07-08,15888.56,13640.82,0.0496,48.0,Current,0,0,ACB-BR013
ACB-LN0007020,ACB-C013739,Student Loan,2023-03-15,26232.55,4729.78,0.0959,240.0,Current,0,0,ACB-BR015
ACB-LN0007021,ACB-C000602,Student Loan,2020-10-23,40209.32,2952.56,0.0419,84.0,Current,0,0,ACB-BR067
ACB-LN0007022,ACB-C004977,Small Business Loan,2023-08-22,121826.54,60794.99,0.196,48.0,Current,0,0,ACB-BR028
ACB-LN0007023,ACB-C012979,Auto Loan,2023-09-14,46576.38,35722.12,0.16,240.0,Current,0,0,ACB-BR043
ACB-LN0007024,ACB-C007138,Auto Loan,2025-05-10,50978.88,41043.43,0.1,36.0,Current,0,0,ACB-BR049
ACB-LN0007025,ACB-C011375,Personal Loan,2024-11-27,33474.43,18714.89,0.1806,12.0,Current,0,0,ACB-BR025
ACB-LN0007026,ACB-C014348,Personal Loan,2024-09-26,28610.22,27494.19,0.2075,240.0,Current,0,0,ACB-BR012
ACB-LN0007027,ACB-C012111,Home Equity Loan,2019-03-13,57180.57,5631.07,0.1021,36.0,Current,0,0,ACB-BR079
ACB-LN0007028,ACB-C009113,Auto Loan,2020-11-27,54702.93,15080.19,0.1169,360.0,Paid Off,0,0,ACB-BR035
ACB-LN0007029,ACB-C002207,Mortgage,2023-06-02,153330.83,15547.68,0.0612,240.0,Current,0,0,ACB-BR041
ACB-LN0007030,ACB-C010902,Mortgage,2020-05-12,495189.79,195640.75,0.0513,24.0,Current,0,0,ACB-BR014
ACB-LN0007031,ACB-C002386,Student Loan,2021-09-16,33773.48,12826.14,0.045,24.0,Current,0,0,ACB-BR007
ACB-LN0007032,ACB-C005484,Mortgage,2019-10-05,440650.4,70605.75,0.0336,360.0,Current,0,0,ACB-BR048
ACB-LN0007033,ACB-C006694,Mortgage,2024-07-22,191042.31,25026.94,0.0489,36.0,Current,0,0,ACB-BR059
ACB-LN0007034,ACB-C006979,Small Business Loan,2021-03-01,39572.05,17479.44,0.0981,36.0,30-59 DPD,35,0,ACB-BR038
ACB-LN0007035,ACB-C000437,Mortgage,2020-10-07,271133.63,68127.37,0.0575,84.0,Current,0,0,ACB-BR042
ACB-LN0007036,ACB-C004302,Personal Loan,2023-02-21,10745.3,2068.31,0.24,36.0,Current,0,0,ACB-BR009
ACB-LN0007037,ACB-C002172,Auto Loan,2023-07-29,29106.05,5762.58,0.0695,84.0,Current,0,0,ACB-BR061
ACB-LN0007038,ACB-C011470,Personal Loan,2019-12-15,27332.45,10567.71,0.0939,36.0,Current,0,0,ACB-BR051
ACB-LN0007039,ACB-C002736,Auto Loan,2020-04-29,51149.42,9621.52,0.0853,48.0,Current,0,0,ACB-BR008
ACB-LN0007040,ACB-C011352,Mortgage,2025-12-02,293194.54,64949.08,0.083,24.0,Paid Off,0,0,ACB-BR004
ACB-LN0007041,ACB-C010940,Small Business Loan,2024-07-08,110683.85,31735.41,0.1242,48.0,Current,0,0,ACB-BR046
ACB-LN0007042,ACB-C004228,Home Equity Loan,2025-01-11,45288.38,9433.07,0.0835,84.0,Current,0,0,ACB-BR065
ACB-LN0007043,ACB-C005946,Mortgage,2019-07-02,542557.25,494538.92,0.0392,360.0,Current,0,0,ACB-BR039
ACB-LN0007044,ACB-C014589,Auto Loan,2024-07-17,30076.0,10244.62,0.0833,36.0,Current,0,0,ACB-BR064
ACB-LN0007045,ACB-C012998,Auto Loan,2022-08-17,27558.92,15054.14,0.086,240.0,Current,0,0,ACB-BR062
ACB-LN0007046,ACB-C010949,Small Business Loan,2019-10-03,209699.25,168791.46,0.1556,360.0,Current,0,0,ACB-BR010
ACB-LN0007047,ACB-C001726,Mortgage,2022-07-28,514773.51,469034.23,0.074,36.0,Current,0,0,ACB-BR040
ACB-LN0007048,ACB-C003898,Mortgage,2022-12-31,362934.0,78147.08,0.0789,36.0,Current,0,0,ACB-BR025
ACB-LN0007049,ACB-C003078,Personal Loan,2024-11-11,15159.03,8779.27,0.1933,120.0,90+ DPD,141,1,ACB-BR065
ACB-LN0007050,ACB-C005950,Mortgage,2022-12-02,530560.76,333567.03,0.095,84.0,Current,0,0,ACB-BR059
ACB-LN0007051,ACB-C000859,Small Business Loan,2024-01-06,92004.02,10494.53,0.1647,360.0,Current,0,0,ACB-BR041
ACB-LN0007052,ACB-C009255,Mortgage,2024-05-27,146552.63,44247.98,0.095,360.0,Current,0,0,ACB-BR005
ACB-LN0007053,ACB-C013320,Auto Loan,2022-11-21,23404.83,10649.78,0.0997,60.0,Current,0,0,ACB-BR072
ACB-LN0007054,ACB-C002181,Personal Loan,2026-01-27,9749.7,1096.97,0.1167,360.0,Current,0,0,ACB-BR039
ACB-LN0007055,ACB-C010591,Personal Loan,2023-11-30,32479.43,2754.81,0.1852,360.0,Paid Off,0,0,ACB-BR017
ACB-LN0007056,ACB-C002917,Personal Loan,2022-10-03,18807.71,2547.73,0.24,120.0,90+ DPD,134,1,ACB-BR023
ACB-LN0007057,ACB-C007061,Mortgage,2025-09-03,540132.01,399475.2,0.0808,180.0,60-89 DPD,77,0,ACB-BR002
ACB-LN0007058,ACB-C000952,Personal Loan,2020-11-03,27322.31,3454.08,0.1008,48.0,Current,0,0,ACB-BR014
ACB-LN0007059,ACB-C011222,Home Equity Loan,2024-02-15,25151.5,12708.22,0.1133,120.0,Current,0,0,ACB-BR070
ACB-LN0007060,ACB-C005323,Student Loan,2021-06-18,78823.1,59632.5,0.0762,60.0,Current,0,0,ACB-BR054
ACB-LN0007061,ACB-C001644,Personal Loan,2023-01-23,31935.55,7982.42,0.161,24.0,90+ DPD,93,1,ACB-BR017
ACB-LN0007062,ACB-C012975,Personal Loan,2020-04-03,23266.77,2519.68,0.2141,24.0,60-89 DPD,74,0,ACB-BR022
ACB-LN0007063,ACB-C003503,Auto Loan,2025-02-07,54835.21,25326.39,0.0999,12.0,Current,0,0,ACB-BR028
ACB-LN0007064,ACB-C008656,Mortgage,2020-09-11,411856.68,291053.88,0.0555,240.0,Current,0,0,ACB-BR019
ACB-LN0007065,ACB-C004898,Auto Loan,2019-07-12,23813.38,15338.96,0.073,84.0,Current,0,0,ACB-BR048
ACB-LN0007066,ACB-C010959,Personal Loan,2024-03-25,25428.3,11771.44,0.2077,180.0,Current,0,0,ACB-BR055
ACB-LN0007067,ACB-C014232,Auto Loan,2025-10-26,31447.08,18750.36,0.1334,36.0,Default,243,1,ACB-BR018
ACB-LN0007068,ACB-C009837,Mortgage,2024-04-27,279209.64,88559.61,0.0613,84.0,Current,0,0,ACB-BR029
ACB-LN0007069,ACB-C002149,Home Equity Loan,2021-02-09,28829.15,17521.67,0.1107,120.0,Current,0,0,ACB-BR073
ACB-LN0007070,ACB-C001717,Mortgage,2022-11-12,298978.02,176247.74,0.095,360.0,Current,0,0,ACB-BR049
ACB-LN0007071,ACB-C010505,Student Loan,2019-03-11,54010.24,43141.57,0.0725,36.0,Current,0,0,ACB-BR012
ACB-LN0007072,ACB-C003445,Mortgage,2022-11-16,476738.92,327706.22,0.0822,60.0,Current,0,0,ACB-BR076
ACB-LN0007073,ACB-C007223,Mortgage,2020-11-04,442975.1,106314.22,0.0517,360.0,Current,0,0,ACB-BR073
ACB-LN0007074,ACB-C007414,Home Equity Loan,2022-07-16,27953.49,10425.64,0.1041,48.0,Current,0,0,ACB-BR034
ACB-LN0007075,ACB-C001437,Home Equity Loan,2022-12-24,65201.26,60385.81,0.13,240.0,Current,0,0,ACB-BR078
ACB-LN0007076,ACB-C000849,Mortgage,2023-06-28,149935.07,89133.28,0.0686,360.0,Paid Off,0,0,ACB-BR040
ACB-LN0007077,ACB-C009043,Auto Loan,2019-10-05,33814.26,3255.82,0.1182,12.0,Current,0,0,ACB-BR032
ACB-LN0007078,ACB-C006540,Home Equity Loan,2025-11-25,97052.63,93406.18,0.1278,60.0,Current,0,0,ACB-BR011
ACB-LN0007079,ACB-C000035,Auto Loan,2025-12-26,41289.96,13339.63,0.16,48.0,Paid Off,0,0,ACB-BR061
ACB-LN0007080,ACB-C003423,Personal Loan,2025-08-05,5454.18,4742.35,0.24,24.0,Default,309,1,ACB-BR058
ACB-LN0007081,ACB-C008257,Mortgage,2024-03-16,502952.4,457102.04,0.0724,120.0,Paid Off,0,0,ACB-BR065
ACB-LN0007082,ACB-C012277,Personal Loan,2025-06-05,33548.19,22299.84,0.1336,84.0,90+ DPD,145,1,ACB-BR030
ACB-LN0007083,ACB-C010970,Mortgage,2019-06-27,242128.27,138645.4,0.0311,120.0,Default,158,1,ACB-BR077
ACB-LN0007084,ACB-C014092,Mortgage,2021-11-15,490395.56,77443.88,0.0348,360.0,Current,0,0,ACB-BR062
ACB-LN0007085,ACB-C003491,Mortgage,2024-09-04,469019.72,303073.65,0.059,12.0,Current,0,0,ACB-BR036
ACB-LN0007086,ACB-C001621,Personal Loan,2020-01-04,15523.33,1639.52,0.0938,180.0,Paid Off,0,0,ACB-BR020
ACB-LN0007087,ACB-C001551,Mortgage,2019-09-30,638218.62,477710.33,0.0531,36.0,Current,0,0,ACB-BR067
ACB-LN0007088,ACB-C009954,Mortgage,2021-10-21,226639.3,117140.44,0.0311,84.0,Current,0,0,ACB-BR021
ACB-LN0007089,ACB-C010860,Mortgage,2024-11-25,273789.45,214392.72,0.0797,360.0,Current,0,0,ACB-BR051
ACB-LN0007090,ACB-C013988,Student Loan,2022-05-09,72970.4,68542.87,0.0865,360.0,Current,0,0,ACB-BR030
ACB-LN0007091,ACB-C004568,Mortgage,2024-07-16,162663.42,68155.46,0.091,24.0,30-59 DPD,56,0,ACB-BR056
ACB-LN0007092,ACB-C002229,Home Equity Loan,2019-02-06,23307.45,14448.85,0.0889,48.0,Paid Off,0,0,ACB-BR040
ACB-LN0007093,ACB-C001963,Home Equity Loan,2021-09-02,20211.84,19095.67,0.1169,24.0,Current,0,0,ACB-BR055
ACB-LN0007094,ACB-C014877,Small Business Loan,2025-12-23,213736.4,203988.11,0.1931,12.0,Current,0,0,ACB-BR080
ACB-LN0007095,ACB-C014900,Mortgage,2026-03-11,547903.04,510885.01,0.0822,12.0,Current,0,0,ACB-BR045
ACB-LN0007096,ACB-C005821,Auto Loan,2023-02-02,14629.3,10061.48,0.1298,240.0,Current,0,0,ACB-BR077
ACB-LN0007097,ACB-C001686,Small Business Loan,2022-05-05,231397.09,33810.25,0.1138,120.0,Current,0,0,ACB-BR023
ACB-LN0007098,ACB-C003608,Mortgage,2019-04-04,632422.51,593226.05,0.0705,60.0,Current,0,0,ACB-BR013
ACB-LN0007099,ACB-C000469,Student Loan,2022-08-10,19729.79,14249.49,0.0673,36.0,90+ DPD,99,1,ACB-BR076
ACB-LN0007100,ACB-C009391,Personal Loan,2026-02-18,25223.95,9148.33,0.2228,48.0,Current,0,0,ACB-BR030
ACB-LN0007101,ACB-C012510,Mortgage,2021-08-16,280703.3,245219.65,0.0326,84.0,Current,0,0,ACB-BR001
ACB-LN0007102,ACB-C004076,Personal Loan,2023-09-23,20423.47,3635.8,0.1621,60.0,90+ DPD,165,1,ACB-BR031
ACB-LN0007103,ACB-C001694,Student Loan,2026-03-12,39378.99,26820.14,0.1009,240.0,Current,0,0,ACB-BR020
ACB-LN0007104,ACB-C007880,Home Equity Loan,2022-03-30,52483.58,2633.92,0.1063,84.0,60-89 DPD,74,0,ACB-BR010
ACB-LN0007105,ACB-C004105,Mortgage,2022-02-05,394368.75,256687.02,0.0404,36.0,Current,0,0,ACB-BR061
ACB-LN0007106,ACB-C012867,Personal Loan,2025-09-10,6620.07,4676.27,0.1896,36.0,Current,0,0,ACB-BR075
ACB-LN0007107,ACB-C000895,Small Business Loan,2024-04-01,246854.73,172378.12,0.1338,240.0,Current,0,0,ACB-BR078
ACB-LN0007108,ACB-C008316,Auto Loan,2020-12-18,30684.78,24990.29,0.0842,48.0,Current,0,0,ACB-BR063
ACB-LN0007109,ACB-C014353,Mortgage,2026-01-01,466335.7,104017.49,0.095,12.0,Paid Off,0,0,ACB-BR054
ACB-LN0007110,ACB-C010522,Mortgage,2019-04-25,251964.16,186316.32,0.0325,12.0,Paid Off,0,0,ACB-BR034
ACB-LN0007111,ACB-C001901,Mortgage,2019-05-26,232962.4,64995.83,0.0304,240.0,Current,0,0,ACB-BR021
ACB-LN0007112,ACB-C006373,Personal Loan,2019-12-02,20045.33,13131.66,0.1767,24.0,Current,0,0,ACB-BR072
ACB-LN0007113,ACB-C001958,Mortgage,2020-09-06,458400.47,445271.13,0.0662,84.0,Current,0,0,ACB-BR043
ACB-LN0007114,ACB-C003992,Auto Loan,2020-03-15,18544.24,4883.55,0.0862,180.0,Current,0,0,ACB-BR026
ACB-LN0007115,ACB-C002393,Personal Loan,2023-12-29,11529.79,5073.83,0.2345,120.0,Written Off,0,1,ACB-BR010
ACB-LN0007116,ACB-C001694,Personal Loan,2025-08-27,21694.05,5419.16,0.1213,240.0,Paid Off,0,0,ACB-BR041
ACB-LN0007117,ACB-C014603,Mortgage,2024-03-30,574515.98,132526.98,0.048,360.0,30-59 DPD,50,0,ACB-BR014
ACB-LN0007118,ACB-C004815,Auto Loan,2020-04-27,54183.83,45220.09,0.0959,360.0,Current,0,0,ACB-BR055
ACB-LN0007119,ACB-C011714,Mortgage,2022-12-02,430974.28,409986.35,0.0859,60.0,Current,0,0,ACB-BR080
ACB-LN0007120,ACB-C001507,Mortgage,2019-10-31,495968.6,231680.2,0.0637,,Current,0,0,ACB-BR035
ACB-LN0007121,ACB-C000922,Personal Loan,2024-06-15,15841.75,841.08,0.2188,24.0,Current,0,0,ACB-BR075
ACB-LN0007122,ACB-C014955,Mortgage,2025-01-16,602849.55,414351.9,0.0482,84.0,Current,0,0,ACB-BR047
ACB-LN0007123,ACB-C006258,Auto Loan,2024-04-20,18904.32,5999.97,0.1459,120.0,Paid Off,0,0,ACB-BR067
ACB-LN0007124,ACB-C000092,Mortgage,2021-05-09,418336.07,158626.78,0.038,60.0,Current,0,0,ACB-BR013
ACB-LN0007125,ACB-C006658,Small Business Loan,2021-08-07,150702.66,70298.07,0.0893,120.0,Current,0,0,ACB-BR045
ACB-LN0007126,ACB-C005072,Personal Loan,2025-10-16,7437.93,2820.9,0.1547,48.0,Current,0,0,ACB-BR065
ACB-LN0007127,ACB-C006626,Student Loan,2021-11-17,18217.55,13544.0,0.0481,180.0,Paid Off,0,0,ACB-BR056
ACB-LN0007128,ACB-C006569,Auto Loan,2021-01-18,44331.86,23659.37,0.0586,24.0,90+ DPD,112,1,ACB-BR054
ACB-LN0007129,ACB-C006370,Small Business Loan,2022-06-16,153736.67,115804.27,0.1889,60.0,Current,0,0,ACB-BR062
ACB-LN0007130,ACB-C005458,Personal Loan,2024-03-31,28496.14,1433.98,0.1522,24.0,Current,0,0,ACB-BR035
ACB-LN0007131,ACB-C004038,Auto Loan,2025-11-27,17559.72,7967.66,0.1031,360.0,Current,0,0,ACB-BR056
ACB-LN0007132,ACB-C008847,Auto Loan,2021-01-09,10877.84,3609.35,0.1069,180.0,Current,0,0,ACB-BR061
ACB-LN0007133,ACB-C000986,Auto Loan,2020-12-26,50601.52,47089.77,0.0812,24.0,Written Off,0,1,ACB-BR026
ACB-LN0007134,ACB-C003859,Mortgage,2025-01-11,389035.45,72338.55,0.0869,84.0,Current,0,0,ACB-BR061
ACB-LN0007135,ACB-C006343,Student Loan,2019-05-03,24835.13,8278.34,0.0532,24.0,Current,0,0,ACB-BR027
ACB-LN0007136,ACB-C002259,Home Equity Loan,2024-01-26,65129.55,42758.25,0.104,360.0,Current,0,0,ACB-BR072
ACB-LN0007137,ACB-C000652,Auto Loan,2024-02-27,9697.01,5233.4,0.1356,84.0,Current,0,0,ACB-BR067
ACB-LN0007138,ACB-C013338,Auto Loan,2022-12-10,54624.73,46194.0,0.0833,,Current,0,0,ACB-BR001
ACB-LN0007139,ACB-C004202,Student Loan,2024-10-26,39575.9,16960.36,0.11,240.0,Current,0,0,ACB-BR020
ACB-LN0007140,ACB-C004612,Mortgage,2025-09-05,435973.0,350653.39,0.0464,240.0,60-89 DPD,63,0,ACB-BR061
ACB-LN0007141,ACB-C014525,Mortgage,2022-05-23,465288.85,272869.29,0.0353,24.0,30-59 DPD,30,0,ACB-BR029
ACB-LN0007142,ACB-C013527,Auto Loan,2021-05-16,30193.47,29529.55,0.1173,60.0,Current,0,0,ACB-BR047
ACB-LN0007143,ACB-C001730,Mortgage,2022-04-07,605742.48,111780.3,0.0597,84.0,Current,0,0,ACB-BR075
ACB-LN0007144,ACB-C012631,Mortgage,2025-09-23,236132.89,103932.97,0.0568,120.0,Current,0,0,ACB-BR031
ACB-LN0007145,ACB-C011862,Mortgage,2021-10-16,445415.61,206833.69,0.0686,180.0,Current,0,0,ACB-BR045
ACB-LN0007146,ACB-C001932,Mortgage,2023-09-22,629327.11,283403.28,0.0438,84.0,Current,0,0,ACB-BR078
ACB-LN0007147,ACB-C004631,Student Loan,2023-11-19,56993.45,25460.46,0.0884,48.0,Current,0,0,ACB-BR035
ACB-LN0007148,ACB-C014070,Mortgage,2024-07-16,623961.92,118023.37,0.0664,120.0,Current,0,0,ACB-BR034
ACB-LN0007149,ACB-C009259,Mortgage,2021-10-29,165051.41,30353.13,0.0568,120.0,Current,0,0,ACB-BR019
ACB-LN0007150,ACB-C011749,Home Equity Loan,2024-09-28,73411.02,4432.49,0.1379,240.0,Current,0,0,ACB-BR034
ACB-LN0007151,ACB-C012118,Mortgage,2024-08-08,256894.12,202559.85,0.0412,48.0,Current,0,0,ACB-BR077
ACB-LN0007152,ACB-C010761,Personal Loan,2021-10-06,21575.96,8531.71,0.1078,360.0,Current,0,0,ACB-BR052
ACB-LN0007153,ACB-C009180,Mortgage,2025-02-19,637425.59,47754.61,0.0854,180.0,Current,0,0,ACB-BR075
ACB-LN0007154,ACB-C012132,Mortgage,2019-09-20,291134.43,93596.54,0.0619,120.0,Paid Off,0,0,ACB-BR012
ACB-LN0007155,ACB-C008725,Personal Loan,2021-01-01,12203.01,3293.29,0.0801,360.0,Current,0,0,ACB-BR023
ACB-LN0007156,ACB-C010138,Student Loan,2024-06-09,36728.96,25017.88,0.0833,180.0,Current,0,0,ACB-BR073
ACB-LN0007157,ACB-C008843,Small Business Loan,2019-09-30,151764.91,137516.61,0.1277,120.0,Paid Off,0,0,ACB-BR028
ACB-LN0007158,ACB-C013048,Auto Loan,2023-09-09,34944.06,20753.3,0.16,36.0,Current,0,0,ACB-BR035
ACB-LN0007159,ACB-C008332,Personal Loan,2021-05-04,14889.27,10468.23,0.2158,24.0,Current,0,0,ACB-BR042
ACB-LN0007160,ACB-C005250,Personal Loan,2020-05-28,23555.69,19270.75,0.1806,360.0,Current,0,0,ACB-BR011
ACB-LN0007161,ACB-C001682,Home Equity Loan,2024-09-14,71655.91,21387.15,0.14,24.0,Current,0,0,ACB-BR033
ACB-LN0007162,ACB-C002361,Personal Loan,2020-06-11,31289.36,18784.82,0.1313,48.0,Current,0,0,ACB-BR031
ACB-LN0007163,ACB-C007557,Student Loan,2024-02-24,18844.61,8118.76,0.0818,180.0,Current,0,0,ACB-BR054
ACB-LN0007164,ACB-C005324,Personal Loan,2026-02-16,32102.38,30574.57,0.24,36.0,Current,0,0,ACB-BR021
ACB-LN0007165,ACB-C003177,Small Business Loan,2025-02-11,80538.59,76264.73,0.1416,120.0,Paid Off,0,0,ACB-BR046
ACB-LN0007166,ACB-C012836,Mortgage,2026-02-06,230508.0,39857.84,0.09,120.0,Current,0,0,ACB-BR023
ACB-LN0007167,ACB-C000824,Mortgage,2021-03-29,315753.11,174016.91,0.0349,360.0,Written Off,0,1,ACB-BR021
ACB-LN0007168,ACB-C005807,Auto Loan,2025-02-18,47971.72,12726.29,0.0886,24.0,90+ DPD,93,1,ACB-BR074
ACB-LN0007169,ACB-C011915,Mortgage,2023-07-22,157964.37,151900.46,0.0693,84.0,Current,0,0,ACB-BR022
ACB-LN0007170,ACB-C004619,Personal Loan,2020-09-27,27035.64,2446.41,0.1898,60.0,Default,254,1,ACB-BR035
ACB-LN0007171,ACB-C011045,Auto Loan,2022-02-20,28132.59,4177.52,0.0473,36.0,Current,0,0,ACB-BR058
ACB-LN0007172,ACB-C003056,Personal Loan,2022-12-08,25271.6,23450.86,0.2221,120.0,Current,0,0,ACB-BR073
ACB-LN0007173,ACB-C000771,Personal Loan,2025-08-06,12885.52,3486.4,0.2172,60.0,Written Off,0,1,ACB-BR025
ACB-LN0007174,ACB-C009060,Mortgage,2025-01-05,553713.66,322809.8,0.0761,84.0,Current,0,0,ACB-BR029
ACB-LN0007175,ACB-C001054,Personal Loan,2020-11-10,30776.35,6460.56,0.1611,240.0,Current,0,0,ACB-BR046
ACB-LN0007176,ACB-C014116,Personal Loan,2023-11-11,33333.24,24109.92,0.24,24.0,Current,0,0,ACB-BR052
ACB-LN0007177,ACB-C002182,Student Loan,2020-06-09,26338.97,15773.16,0.0626,24.0,Default,273,1,ACB-BR015
ACB-LN0007178,ACB-C001818,Mortgage,2021-08-31,144081.94,100101.31,0.0666,12.0,Current,0,0,ACB-BR055
ACB-LN0007179,ACB-C000919,Personal Loan,2021-09-01,21524.4,14432.2,0.2058,240.0,Current,0,0,ACB-BR038
ACB-LN0007180,ACB-C014244,Personal Loan,2021-04-29,11889.12,10109.88,0.1775,48.0,Current,0,0,ACB-BR048
ACB-LN0007181,ACB-C003312,Student Loan,2021-10-31,70321.38,14966.86,0.0414,180.0,30-59 DPD,38,0,ACB-BR006
ACB-LN0007182,ACB-C011395,Mortgage,2019-01-20,644088.75,390548.15,0.0491,180.0,Current,0,0,ACB-BR061
ACB-LN0007183,ACB-C009832,Student Loan,2021-04-21,64951.67,54349.02,0.0876,12.0,Current,0,0,ACB-BR051
ACB-LN0007184,ACB-C004844,Mortgage,2020-01-15,195339.85,39550.85,0.0568,360.0,Current,0,0,ACB-BR041
ACB-LN0007185,ACB-C014458,Personal Loan,2024-04-20,31242.1,25963.17,0.1686,60.0,Default,129,1,ACB-BR055
ACB-LN0007186,ACB-C000993,Personal Loan,2023-01-03,22419.03,13052.84,0.1607,360.0,Current,0,0,ACB-BR043
ACB-LN0007187,ACB-C011610,Auto Loan,2023-03-17,28347.65,16872.98,0.1299,24.0,Current,0,0,ACB-BR008
ACB-LN0007188,ACB-C004976,Mortgage,2024-08-05,185555.51,150465.5,0.095,84.0,Current,0,0,ACB-BR075
ACB-LN0007189,ACB-C004694,Home Equity Loan,2022-07-08,114805.66,33092.47,0.0978,60.0,Default,355,1,ACB-BR031
ACB-LN0007190,ACB-C010131,Personal Loan,2024-12-15,26974.11,4293.33,0.24,36.0,90+ DPD,153,1,ACB-BR072
ACB-LN0007191,ACB-C004917,Student Loan,2020-11-06,75822.81,18186.58,0.0486,24.0,Current,0,0,ACB-BR028
ACB-LN0007192,ACB-C008476,Mortgage,2025-01-08,560538.81,62371.64,0.095,120.0,Current,0,0,ACB-BR044
ACB-LN0007193,ACB-C000654,Personal Loan,2021-01-05,25683.99,9570.61,0.1707,360.0,Current,0,0,ACB-BR054
ACB-LN0007194,ACB-C013460,Auto Loan,2020-05-23,35737.18,9573.77,0.0939,48.0,90+ DPD,163,1,ACB-BR064
ACB-LN0007195,ACB-C010269,Auto Loan,2021-03-21,39031.25,3907.76,0.0831,12.0,Paid Off,0,0,ACB-BR068
ACB-LN0007196,ACB-C010942,Home Equity Loan,2024-08-22,18812.14,3306.1,0.0854,84.0,90+ DPD,116,1,ACB-BR064
ACB-LN0007197,ACB-C006616,Home Equity Loan,2025-07-14,28096.16,17580.81,0.1035,36.0,30-59 DPD,53,0,ACB-BR058
ACB-LN0007198,ACB-C011877,Auto Loan,2019-01-11,32825.45,2471.67,0.1239,120.0,Current,0,0,ACB-BR010
ACB-LN0007199,ACB-C006683,Auto Loan,2021-09-29,54999.66,35614.35,0.0918,60.0,Paid Off,0,0,ACB-BR059
ACB-LN0007200,ACB-C013142,Personal Loan,2024-06-27,18747.76,11459.68,0.1917,84.0,Current,0,0,ACB-BR016
ACB-LN0007201,ACB-C009333,Personal Loan,2023-03-23,31851.47,1790.98,0.24,240.0,Current,0,0,ACB-BR040
ACB-LN0007202,ACB-C007618,Home Equity Loan,2021-03-06,80316.75,49340.73,0.1163,12.0,Current,0,0,ACB-BR010
ACB-LN0007203,ACB-C004134,Student Loan,2022-04-01,24343.04,2284.59,0.046,12.0,Current,0,0,ACB-BR073
ACB-LN0007204,ACB-C002666,Auto Loan,2026-01-31,19246.74,17313.52,0.0614,36.0,Current,0,0,ACB-BR063
ACB-LN0007205,ACB-C010440,Small Business Loan,2020-06-29,160963.09,101007.39,0.1479,36.0,30-59 DPD,41,0,ACB-BR039
ACB-LN0007206,ACB-C001500,Student Loan,2024-05-22,62143.07,13270.91,0.11,48.0,Current,0,0,ACB-BR076
ACB-LN0007207,ACB-C000075,Auto Loan,2024-10-07,24647.38,7855.59,0.16,36.0,Current,0,0,ACB-BR078
ACB-LN0007208,ACB-C009802,Home Equity Loan,2020-11-02,40059.37,23580.01,0.0578,120.0,Default,293,1,ACB-BR034
ACB-LN0007209,ACB-C002647,Mortgage,2024-06-14,179939.77,95565.75,0.0907,180.0,Current,0,0,ACB-BR065
ACB-LN0007210,ACB-C006756,Small Business Loan,2024-03-07,40682.34,8290.03,0.2,120.0,Current,0,0,ACB-BR065
ACB-LN0007211,ACB-C010567,Mortgage,2019-02-03,544343.72,397275.5,0.0308,180.0,Current,0,0,ACB-BR010
ACB-LN0007212,ACB-C004220,Personal Loan,2020-05-20,22035.32,18180.54,0.1394,360.0,Current,0,0,ACB-BR020
ACB-LN0007213,ACB-C011978,Auto Loan,2022-12-07,23548.37,19482.27,0.1385,120.0,Current,0,0,ACB-BR036
ACB-LN0007214,ACB-C010057,Home Equity Loan,2025-08-11,69687.21,36511.53,0.14,48.0,30-59 DPD,34,0,ACB-BR022
ACB-LN0007215,ACB-C012334,Mortgage,2024-02-29,534540.17,462073.67,0.0441,48.0,Current,0,0,ACB-BR049
ACB-LN0007216,ACB-C003804,Personal Loan,2025-12-11,16143.23,1846.43,0.24,84.0,Current,0,0,ACB-BR045
ACB-LN0007217,ACB-C014178,Student Loan,2021-12-13,39253.9,10378.55,0.0597,60.0,Default,125,1,ACB-BR078
ACB-LN0007218,ACB-C006612,Auto Loan,2021-11-26,51757.49,32320.89,0.1062,84.0,90+ DPD,179,1,ACB-BR006
ACB-LN0007219,ACB-C003270,Student Loan,2022-12-05,10404.52,9034.79,0.11,12.0,Current,0,0,ACB-BR068
ACB-LN0007220,ACB-C010131,Personal Loan,2022-10-12,28349.77,11113.21,0.1999,120.0,Current,0,0,ACB-BR066
ACB-LN0007221,ACB-C010093,Auto Loan,2023-04-12,20938.71,17762.79,0.1359,120.0,60-89 DPD,85,0,ACB-BR064
ACB-LN0007222,ACB-C008235,Mortgage,2022-11-23,468922.71,428638.37,0.0467,360.0,Written Off,0,1,ACB-BR025
ACB-LN0007223,ACB-C010881,Personal Loan,2024-09-20,32413.88,23813.26,0.24,48.0,Current,0,0,ACB-BR025
ACB-LN0007224,ACB-C014605,Personal Loan,2023-06-01,32701.64,21632.23,0.2248,240.0,Written Off,0,1,ACB-BR059
ACB-LN0007225,ACB-C002326,Personal Loan,2021-12-25,28277.71,18832.07,0.1628,24.0,Current,0,0,ACB-BR054
ACB-LN0007226,ACB-C011257,Auto Loan,2022-11-07,44094.82,27877.09,0.16,180.0,Current,0,0,ACB-BR016
ACB-LN0007227,ACB-C000453,Auto Loan,2026-03-14,26880.47,8603.66,0.16,84.0,Current,0,0,ACB-BR059
ACB-LN0007228,ACB-C011623,Auto Loan,2022-01-02,16215.06,3609.18,0.1038,84.0,Current,0,0,ACB-BR070
ACB-LN0007229,ACB-C008579,Home Equity Loan,2024-03-13,26610.77,24905.37,0.1218,48.0,Current,0,0,ACB-BR004
ACB-LN0007230,ACB-C014292,Auto Loan,2019-12-29,38926.51,23181.9,0.0484,360.0,Current,0,0,ACB-BR076
ACB-LN0007231,ACB-C011184,Mortgage,2019-05-28,266836.35,176748.8,0.0664,12.0,Current,0,0,ACB-BR038
ACB-LN0007232,ACB-C009859,Auto Loan,2026-03-02,21815.03,1547.21,0.16,240.0,Current,0,0,ACB-BR047
ACB-LN0007233,ACB-C013829,Mortgage,2024-08-11,499921.22,280707.96,0.095,48.0,Current,0,0,ACB-BR004
ACB-LN0007234,ACB-C007671,Home Equity Loan,2024-12-18,95125.87,7139.65,0.14,36.0,Current,0,0,ACB-BR026
ACB-LN0007235,ACB-C012841,Personal Loan,2022-06-30,9929.36,7570.06,0.24,60.0,Current,0,0,ACB-BR019
ACB-LN0007236,ACB-C010811,Small Business Loan,2019-11-05,63083.45,25886.56,0.0923,180.0,Current,0,0,ACB-BR050
ACB-LN0007237,ACB-C013983,Personal Loan,2025-03-23,30146.4,19185.68,0.2113,60.0,Current,0,0,ACB-BR026
ACB-LN0007238,ACB-C010316,Personal Loan,2023-08-16,17505.09,9899.45,0.2187,36.0,Current,0,0,ACB-BR015
ACB-LN0007239,ACB-C004970,Mortgage,2023-07-09,418665.63,171147.18,0.056,36.0,30-59 DPD,39,0,ACB-BR038
ACB-LN0007240,ACB-C008897,Personal Loan,2025-04-14,7485.58,5085.62,0.1545,48.0,Current,0,0,ACB-BR060
ACB-LN0007241,ACB-C007277,Personal Loan,2024-02-07,32252.1,19679.97,0.1982,48.0,Current,0,0,ACB-BR018
ACB-LN0007242,ACB-C012467,Auto Loan,2025-03-16,49485.56,7250.87,0.0972,12.0,30-59 DPD,58,0,ACB-BR060
ACB-LN0007243,ACB-C009058,Home Equity Loan,2021-02-01,101453.11,10684.61,0.1072,12.0,Current,0,0,ACB-BR017
ACB-LN0007244,ACB-C004501,Mortgage,2025-10-09,277929.84,247001.69,0.0901,36.0,Current,0,0,ACB-BR028
ACB-LN0007245,ACB-C001189,Mortgage,2025-04-29,556555.84,40651.85,0.0521,24.0,Current,0,0,ACB-BR030
ACB-LN0007246,ACB-C011367,Mortgage,2022-07-14,328220.64,91486.28,0.051,24.0,Current,0,0,ACB-BR037
ACB-LN0007247,ACB-C003768,Small Business Loan,2024-05-22,114806.64,45713.47,0.2,48.0,Current,0,0,ACB-BR066
ACB-LN0007248,ACB-C005227,Mortgage,2021-08-30,409757.11,49239.9,0.0724,36.0,Current,0,0,ACB-BR055
ACB-LN0007249,ACB-C011732,Student Loan,2026-02-12,64365.28,42224.68,0.0892,48.0,Current,0,0,ACB-BR058
ACB-LN0007250,ACB-C004495,Auto Loan,2025-11-14,30805.6,25681.29,0.1006,36.0,Current,0,0,ACB-BR073
ACB-LN0007251,ACB-C011802,Small Business Loan,2022-08-27,62362.02,48295.4,0.1502,120.0,Current,0,0,ACB-BR002
ACB-LN0007252,ACB-C003836,Personal Loan,2020-02-28,33765.95,24130.35,0.1343,48.0,Current,0,0,ACB-BR032
ACB-LN0007253,ACB-C013725,Mortgage,2019-04-29,418804.25,146621.15,0.0618,60.0,Current,0,0,ACB-BR005
ACB-LN0007254,ACB-C002944,Home Equity Loan,2024-02-23,68779.77,28833.66,0.1108,360.0,Current,0,0,ACB-BR048
ACB-LN0007255,ACB-C001319,Mortgage,2020-12-22,534745.85,170399.2,0.0568,84.0,Current,0,0,ACB-BR052
ACB-LN0007256,ACB-C013031,Personal Loan,2021-12-15,7823.71,4536.94,0.1555,60.0,Current,0,0,ACB-BR012
ACB-LN0007257,ACB-C014438,Personal Loan,2022-10-19,11813.46,9350.39,0.226,240.0,Current,0,0,ACB-BR045
ACB-LN0007258,ACB-C013209,Student Loan,2025-12-10,70471.34,12205.11,0.11,360.0,Current,0,0,ACB-BR009
ACB-LN0007259,ACB-C013055,Mortgage,2023-10-13,642351.67,560916.77,0.0902,60.0,Current,0,0,ACB-BR040
ACB-LN0007260,ACB-C010013,Mortgage,2025-11-24,535971.31,304946.58,0.095,84.0,Current,0,0,ACB-BR061
ACB-LN0007261,ACB-C009467,Personal Loan,2023-07-06,21878.52,1795.82,0.24,60.0,90+ DPD,92,1,ACB-BR006
ACB-LN0007262,ACB-C008968,Mortgage,2019-01-05,567779.76,164350.29,0.0602,36.0,Current,0,0,ACB-BR037
ACB-LN0007263,ACB-C014608,Personal Loan,2022-11-19,27080.13,21363.42,0.24,24.0,Current,0,0,ACB-BR040
ACB-LN0007264,ACB-C007616,Personal Loan,2025-12-24,10921.3,6776.53,0.24,36.0,Current,0,0,ACB-BR034
ACB-LN0007265,ACB-C014209,Auto Loan,2021-04-08,18756.81,1745.18,0.1223,360.0,90+ DPD,116,1,ACB-BR055
ACB-LN0007266,ACB-C012061,Home Equity Loan,2021-11-21,33502.61,27102.76,0.0676,24.0,Current,0,0,ACB-BR025
ACB-LN0007267,ACB-C010680,Small Business Loan,2024-11-10,63460.21,59103.78,0.1535,24.0,Current,0,0,ACB-BR014
ACB-LN0007268,ACB-C013196,Mortgage,2019-11-19,300735.19,73951.1,0.0539,24.0,Current,0,0,ACB-BR041
ACB-LN0007269,ACB-C009267,Mortgage,2023-04-16,285752.07,29233.56,0.0437,24.0,Current,0,0,ACB-BR013
ACB-LN0007270,ACB-C013730,Personal Loan,2020-02-24,9250.69,5504.21,0.1555,180.0,Current,0,0,ACB-BR060
ACB-LN0007271,ACB-C012638,Home Equity Loan,2022-01-30,30035.48,16929.01,0.112,120.0,Current,0,0,ACB-BR036
ACB-LN0007272,ACB-C008191,Personal Loan,2026-02-12,19258.4,18773.09,,240.0,30-59 DPD,51,0,ACB-BR047
ACB-LN0007273,ACB-C014126,Personal Loan,2024-02-26,28186.18,9582.42,0.1585,84.0,Current,0,0,ACB-BR002
ACB-LN0007274,ACB-C006760,Mortgage,2025-12-02,309274.72,26539.82,,24.0,Current,0,0,ACB-BR006
ACB-LN0007275,ACB-C010740,Mortgage,2021-12-19,267477.33,67225.11,0.0396,48.0,Current,0,0,ACB-BR073
ACB-LN0007276,ACB-C013802,Home Equity Loan,2024-07-13,20229.02,9458.0,0.1232,48.0,30-59 DPD,49,0,ACB-BR036
ACB-LN0007277,ACB-C003398,Personal Loan,2024-11-08,9896.88,3404.46,0.1117,60.0,Current,0,0,ACB-BR055
ACB-LN0007278,ACB-C000424,Auto Loan,2021-03-04,50500.22,29821.12,0.0924,360.0,Current,0,0,ACB-BR048
ACB-LN0007279,ACB-C014193,Auto Loan,2024-04-27,11385.53,5847.27,0.0634,48.0,Current,0,0,ACB-BR067
ACB-LN0007280,ACB-C004295,Student Loan,2024-05-21,77878.7,55969.77,0.0949,84.0,Current,0,0,ACB-BR031
ACB-LN0007281,ACB-C008331,Mortgage,2024-03-08,164478.18,9269.59,0.0428,12.0,30-59 DPD,30,0,ACB-BR017
ACB-LN0007282,ACB-C008945,Mortgage,2025-10-20,438659.87,254189.67,0.087,360.0,Current,0,0,ACB-BR002
ACB-LN0007283,ACB-C000391,Auto Loan,2019-05-24,24949.95,9365.88,0.1306,60.0,Current,0,0,ACB-BR065
ACB-LN0007284,ACB-C014224,Mortgage,2022-01-11,450479.52,165531.88,0.066,84.0,30-59 DPD,54,0,ACB-BR040
ACB-LN0007285,ACB-C007094,Mortgage,2024-12-30,453396.75,93316.34,0.0937,60.0,Default,299,1,ACB-BR048
ACB-LN0007286,ACB-C008445,Small Business Loan,2023-06-25,180800.94,114452.69,0.1238,240.0,Current,0,0,ACB-BR016
ACB-LN0007287,ACB-C001226,Home Equity Loan,2021-12-12,97299.36,34880.17,0.0663,60.0,90+ DPD,101,1,ACB-BR070
ACB-LN0007288,ACB-C004776,Small Business Loan,2020-05-27,54351.29,12454.6,0.1376,240.0,Default,338,1,ACB-BR051
ACB-LN0007289,ACB-C005854,Mortgage,2024-09-30,553000.06,33766.02,0.0687,36.0,Current,0,0,ACB-BR025
ACB-LN0007290,ACB-C005572,Mortgage,2019-10-04,510497.5,107453.18,0.0386,360.0,Current,0,0,ACB-BR033
ACB-LN0007291,ACB-C009665,Personal Loan,2022-02-25,21674.33,11071.53,0.0913,12.0,Current,0,0,ACB-BR039
ACB-LN0007292,ACB-C014141,Small Business Loan,2023-10-13,60770.51,5717.9,0.1152,36.0,Current,0,0,ACB-BR047
ACB-LN0007293,ACB-C006851,Mortgage,2023-10-28,394111.72,278579.9,0.0731,120.0,Current,0,0,ACB-BR007
ACB-LN0007294,ACB-C005466,Mortgage,2021-11-01,562996.28,546162.49,0.0536,360.0,30-59 DPD,51,0,ACB-BR032
ACB-LN0007295,ACB-C006636,Home Equity Loan,2024-02-15,31258.96,14845.98,0.14,48.0,Current,0,0,ACB-BR043
ACB-LN0007296,ACB-C005234,Auto Loan,2025-09-11,24238.79,2328.46,0.1109,36.0,Current,0,0,ACB-BR036
ACB-LN0007297,ACB-C013523,Auto Loan,2024-09-16,21799.63,16406.74,0.16,240.0,Current,0,0,ACB-BR080
ACB-LN0007298,ACB-C001257,Personal Loan,2023-07-03,18374.6,11403.33,0.1903,240.0,Current,0,0,ACB-BR028
ACB-LN0007299,ACB-C013614,Personal Loan,2023-01-24,16855.03,14889.49,0.2218,240.0,Current,0,0,ACB-BR012
ACB-LN0007300,ACB-C009466,Auto Loan,2023-09-01,47711.28,24059.3,0.1192,360.0,Current,0,0,ACB-BR076
ACB-LN0007301,ACB-C001096,Mortgage,2023-03-16,642072.37,533060.69,0.0474,60.0,Current,0,0,ACB-BR072
ACB-LN0007302,ACB-C014406,Auto Loan,2025-02-14,16229.02,13862.29,0.1415,24.0,Current,0,0,ACB-BR019
ACB-LN0007303,ACB-C002448,Student Loan,2025-05-11,32800.52,8357.15,0.0845,180.0,Current,0,0,ACB-BR067
ACB-LN0007304,ACB-C008889,Auto Loan,2024-12-19,39496.07,10909.75,0.1535,84.0,Current,0,0,ACB-BR006
ACB-LN0007305,ACB-C014663,Small Business Loan,2020-05-29,108201.96,78516.47,0.0962,60.0,Current,0,0,ACB-BR051
ACB-LN0007306,ACB-C003354,Small Business Loan,2023-10-17,247915.48,145024.9,0.1449,60.0,Current,0,0,ACB-BR001
ACB-LN0007307,ACB-C009131,Small Business Loan,2024-10-13,56375.72,36463.76,0.2,12.0,Current,0,0,ACB-BR025
ACB-LN0007308,ACB-C006264,Personal Loan,2025-12-21,10389.54,9780.86,0.1339,180.0,Current,0,0,ACB-BR016
ACB-LN0007309,ACB-C011031,Mortgage,2025-01-18,196607.14,122150.01,0.0765,48.0,Paid Off,0,0,ACB-BR036
ACB-LN0007310,ACB-C002197,Personal Loan,2020-09-28,10225.19,2557.96,0.1181,12.0,Current,0,0,ACB-BR040
ACB-LN0007311,ACB-C003088,Mortgage,2023-05-22,496598.45,351614.74,0.0711,36.0,Paid Off,0,0,ACB-BR039
ACB-LN0007312,ACB-C012292,Mortgage,2023-06-10,374947.14,177796.96,0.0729,36.0,Current,0,0,ACB-BR029
ACB-LN0007313,ACB-C011850,Auto Loan,2020-03-03,16913.89,10497.43,0.0674,48.0,Current,0,0,ACB-BR055
ACB-LN0007314,ACB-C007430,Personal Loan,2024-04-04,2227.1,376.54,0.24,84.0,Current,0,0,ACB-BR029
ACB-LN0007315,ACB-C012092,Auto Loan,2020-06-04,23333.71,9318.39,0.1169,48.0,Current,0,0,ACB-BR054
ACB-LN0007316,ACB-C010686,Personal Loan,2025-07-09,16081.6,6884.96,0.24,60.0,Current,0,0,ACB-BR018
ACB-LN0007317,ACB-C014850,Personal Loan,2020-04-16,14752.84,12150.41,0.203,360.0,Written Off,0,1,ACB-BR066
ACB-LN0007318,ACB-C003255,Mortgage,2021-07-30,595030.22,116061.78,0.0734,180.0,Current,0,0,ACB-BR033
ACB-LN0007319,ACB-C009917,Mortgage,2020-09-19,239281.17,188937.86,0.0621,240.0,Current,0,0,ACB-BR010
ACB-LN0007320,ACB-C003157,Auto Loan,2022-04-18,53962.4,11340.36,0.0547,240.0,Current,0,0,ACB-BR059
ACB-LN0007321,ACB-C001552,Student Loan,2019-11-18,67045.39,54072.57,0.0501,360.0,Current,0,0,ACB-BR077
ACB-LN0007322,ACB-C000445,Mortgage,2024-03-14,368596.3,202236.97,0.095,360.0,Written Off,0,1,ACB-BR052
ACB-LN0007323,ACB-C002290,Auto Loan,2020-03-03,24516.58,6592.88,0.1398,84.0,Current,0,0,ACB-BR022
ACB-LN0007324,ACB-C012856,Mortgage,2023-12-05,643945.38,504901.29,0.095,36.0,30-59 DPD,54,0,ACB-BR014
ACB-LN0007325,ACB-C010402,Auto Loan,2021-08-16,25928.8,3428.59,0.1018,60.0,Paid Off,0,0,ACB-BR040
ACB-LN0007326,ACB-C006161,Personal Loan,2023-12-29,7110.52,1907.22,0.24,60.0,Current,0,0,ACB-BR014
ACB-LN0007327,ACB-C009243,Mortgage,2020-09-01,229558.01,58777.15,0.0366,84.0,90+ DPD,125,1,ACB-BR004
ACB-LN0007328,ACB-C008231,Student Loan,2025-05-14,37537.45,20970.37,0.0597,180.0,Current,0,0,ACB-BR059
ACB-LN0007329,ACB-C007107,Auto Loan,2019-04-27,23345.31,14859.33,0.0686,12.0,Current,0,0,ACB-BR072
ACB-LN0007330,ACB-C009635,Auto Loan,2026-01-17,48500.12,20856.78,0.13,84.0,Current,0,0,ACB-BR011
ACB-LN0007331,ACB-C011195,Personal Loan,2019-07-25,24319.72,17717.62,0.1488,240.0,Current,0,0,ACB-BR041
ACB-LN0007332,ACB-C013934,Mortgage,2020-09-16,618525.5,127234.43,0.0389,84.0,30-59 DPD,50,0,ACB-BR027
ACB-LN0007333,ACB-C010947,Personal Loan,2020-05-29,6519.58,1835.02,0.1613,48.0,Current,0,0,ACB-BR070
ACB-LN0007334,ACB-C003094,Student Loan,2023-11-30,17819.74,4649.68,0.087,12.0,Current,0,0,ACB-BR003
ACB-LN0007335,ACB-C003238,Mortgage,2024-08-27,489053.09,138058.37,0.0786,24.0,Current,0,0,ACB-BR075
ACB-LN0007336,ACB-C014426,Mortgage,2021-04-09,234747.69,186514.94,0.0443,84.0,Current,0,0,ACB-BR060
ACB-LN0007337,ACB-C005268,Mortgage,2020-09-15,553344.82,452904.72,0.0548,180.0,Current,0,0,ACB-BR068
ACB-LN0007338,ACB-C007255,Mortgage,2020-06-22,423681.07,31245.56,0.0397,360.0,90+ DPD,94,1,ACB-BR072
ACB-LN0007339,ACB-C002270,Personal Loan,2020-12-30,15623.38,10238.72,0.0979,120.0,Current,0,0,ACB-BR046
ACB-LN0007340,ACB-C005477,Personal Loan,2024-11-21,27895.27,21054.83,0.1878,60.0,Current,0,0,ACB-BR051
ACB-LN0007341,ACB-C006366,Auto Loan,2021-03-01,16513.98,12167.34,0.0939,180.0,Current,0,0,ACB-BR064
ACB-LN0007342,ACB-C002863,Auto Loan,2023-10-01,30430.01,9633.89,0.0787,240.0,Current,0,0,ACB-BR014
ACB-LN0007343,ACB-C000323,Personal Loan,2023-04-07,16156.44,10810.35,0.1187,360.0,90+ DPD,121,1,ACB-BR040
ACB-LN0007344,ACB-C007230,Mortgage,2022-07-18,561616.66,41841.03,0.0867,240.0,Paid Off,0,0,ACB-BR008
ACB-LN0007345,ACB-C003439,Personal Loan,2025-06-18,23408.09,9500.16,0.24,240.0,Current,0,0,ACB-BR049
ACB-LN0007346,ACB-C008355,Student Loan,2020-10-17,32006.19,15128.09,0.0713,180.0,Current,0,0,ACB-BR029
ACB-LN0007347,ACB-C000091,Auto Loan,2023-10-31,37317.17,14133.31,0.0846,180.0,Current,0,0,ACB-BR030
ACB-LN0007348,ACB-C009074,Personal Loan,2025-12-12,2350.76,714.24,0.24,84.0,Current,0,0,ACB-BR037
ACB-LN0007349,ACB-C001463,Auto Loan,2023-09-01,50322.23,35022.66,0.16,12.0,Default,187,1,ACB-BR021
ACB-LN0007350,ACB-C006961,Home Equity Loan,2022-08-20,59285.2,26472.15,,36.0,Current,0,0,ACB-BR059
ACB-LN0007351,ACB-C001178,Mortgage,2022-07-05,338379.41,315784.4,0.0675,240.0,Default,329,1,ACB-BR064
ACB-LN0007352,ACB-C004520,Mortgage,2022-12-17,164998.72,49963.6,0.095,84.0,Current,0,0,ACB-BR004
ACB-LN0007353,ACB-C013190,Home Equity Loan,2026-03-25,71343.18,29779.78,0.0767,120.0,Paid Off,0,0,ACB-BR064
ACB-LN0007354,ACB-C004907,Student Loan,2019-08-03,70941.55,39194.65,0.065,36.0,Current,0,0,ACB-BR035
ACB-LN0007355,ACB-C005413,Auto Loan,2022-03-02,47389.7,17203.38,0.0516,360.0,Current,0,0,ACB-BR048
ACB-LN0007356,ACB-C005451,Mortgage,2024-06-24,350866.51,190842.94,0.095,12.0,Current,0,0,ACB-BR048
ACB-LN0007357,ACB-C005652,Small Business Loan,2019-07-27,33501.22,10935.74,0.1173,240.0,Paid Off,0,0,ACB-BR012
ACB-LN0007358,ACB-C011244,Personal Loan,2022-09-03,22524.4,5770.74,0.1822,12.0,30-59 DPD,41,0,ACB-BR001
ACB-LN0007359,ACB-C001530,Mortgage,2021-10-07,215731.53,84566.9,0.0618,360.0,Paid Off,0,0,ACB-BR037
ACB-LN0007360,ACB-C011020,Home Equity Loan,2019-06-02,74780.58,18668.97,0.0621,48.0,Current,0,0,ACB-BR076
ACB-LN0007361,ACB-C005333,Home Equity Loan,2024-05-22,21824.75,13677.18,0.1153,36.0,Paid Off,0,0,ACB-BR016
ACB-LN0007362,ACB-C012341,Mortgage,2024-03-11,473533.19,195244.91,0.0708,180.0,Current,0,0,ACB-BR025
ACB-LN0007363,ACB-C012049,Mortgage,2025-06-16,370954.53,325003.33,0.095,360.0,Current,0,0,ACB-BR065
ACB-LN0007364,ACB-C001440,Mortgage,2020-04-23,416322.11,98812.9,0.0326,12.0,Current,0,0,ACB-BR008
ACB-LN0007365,ACB-C005675,Mortgage,2024-11-22,473645.2,85974.51,0.0515,60.0,Current,0,0,ACB-BR061
ACB-LN0007366,ACB-C007524,Mortgage,2023-01-09,292650.48,135422.7,0.095,360.0,Current,0,0,ACB-BR056
ACB-LN0007367,ACB-C012326,Home Equity Loan,2019-01-13,63346.83,4797.47,0.108,120.0,Current,0,0,ACB-BR063
ACB-LN0007368,ACB-C003703,Auto Loan,2023-11-24,40315.33,11505.24,0.1491,84.0,Current,0,0,ACB-BR040
ACB-LN0007369,ACB-C006017,Mortgage,2019-08-19,597028.63,110077.92,0.0726,24.0,Current,0,0,ACB-BR022
ACB-LN0007370,ACB-C002756,Mortgage,2022-12-17,642895.94,112334.59,0.0735,12.0,Current,0,0,ACB-BR062
ACB-LN0007371,ACB-C013971,Personal Loan,2021-03-08,5540.55,3775.04,0.1096,180.0,Current,0,0,ACB-BR013
ACB-LN0007372,ACB-C008143,Personal Loan,2023-11-13,29595.46,25427.43,0.24,240.0,Current,0,0,ACB-BR028
ACB-LN0007373,ACB-C013766,Home Equity Loan,2026-01-11,69801.71,43087.95,0.1216,240.0,Current,0,0,ACB-BR064
ACB-LN0007374,ACB-C006344,Student Loan,2023-09-19,57223.5,11086.28,0.0684,180.0,Current,0,0,ACB-BR009
ACB-LN0007375,ACB-C010881,Auto Loan,2022-12-15,52477.95,33668.94,0.16,120.0,60-89 DPD,75,0,ACB-BR014
ACB-LN0007376,ACB-C009730,Small Business Loan,2025-12-19,97261.47,47407.74,0.102,12.0,Current,0,0,ACB-BR021
ACB-LN0007377,ACB-C001977,Mortgage,2024-02-21,327030.06,244149.09,0.0479,36.0,Current,0,0,ACB-BR012
ACB-LN0007378,ACB-C013978,Auto Loan,2025-10-21,43935.01,4745.42,0.0963,84.0,Paid Off,0,0,ACB-BR050
ACB-LN0007379,ACB-C004512,Personal Loan,2021-01-28,29134.11,25614.5,0.1467,240.0,Current,0,0,ACB-BR064
ACB-LN0007380,ACB-C012029,Home Equity Loan,2024-08-26,22026.69,13718.11,0.1281,36.0,30-59 DPD,33,0,ACB-BR036
ACB-LN0007381,ACB-C006912,Auto Loan,2024-04-23,25927.35,2095.34,0.0739,48.0,Current,0,0,ACB-BR045
ACB-LN0007382,ACB-C012438,Mortgage,2023-05-04,391093.25,272239.68,0.095,180.0,Current,0,0,ACB-BR037
ACB-LN0007383,ACB-C009362,Personal Loan,2020-09-21,22453.7,17232.77,0.1041,120.0,Current,0,0,ACB-BR062
ACB-LN0007384,ACB-C010957,Personal Loan,2021-10-15,11840.98,8356.63,0.1425,180.0,Current,0,0,ACB-BR006
ACB-LN0007385,ACB-C011908,Student Loan,2020-03-04,48627.55,36772.72,0.0624,12.0,Current,0,0,ACB-BR005
ACB-LN0007386,ACB-C004709,Personal Loan,2019-12-17,34109.6,28471.22,0.1273,240.0,Current,0,0,ACB-BR004
ACB-LN0007387,ACB-C011534,Auto Loan,2022-04-04,37841.04,28872.9,0.0952,360.0,Current,0,0,ACB-BR034
ACB-LN0007388,ACB-C000251,Small Business Loan,2023-07-18,55958.23,8617.78,0.188,36.0,Current,0,0,ACB-BR012
ACB-LN0007389,ACB-C004218,Mortgage,2022-05-19,380734.92,236688.59,0.0358,84.0,90+ DPD,121,1,ACB-BR063
ACB-LN0007390,ACB-C001718,Auto Loan,2024-12-26,44829.12,33580.39,0.1244,180.0,Current,0,0,ACB-BR018
ACB-LN0007391,ACB-C012864,Personal Loan,2023-02-18,13188.99,887.09,0.1333,12.0,60-89 DPD,72,0,ACB-BR014
ACB-LN0007392,ACB-C001817,Home Equity Loan,2020-07-22,22497.11,6649.08,0.0663,36.0,Current,0,0,ACB-BR023
ACB-LN0007393,ACB-C014640,Auto Loan,2020-03-10,30761.6,2749.85,0.0658,36.0,Paid Off,0,0,ACB-BR079
ACB-LN0007394,ACB-C008030,Personal Loan,2023-09-30,13392.92,10872.88,0.1797,120.0,Current,0,0,ACB-BR062
ACB-LN0007395,ACB-C011265,Personal Loan,2021-05-15,28155.06,15529.5,0.0874,84.0,Current,0,0,ACB-BR040
ACB-LN0007396,ACB-C012255,Mortgage,2025-05-23,532577.2,424781.5,0.0939,84.0,Current,0,0,ACB-BR049
ACB-LN0007397,ACB-C014317,Home Equity Loan,2021-02-05,87902.59,6867.13,0.0643,12.0,Current,0,0,ACB-BR009
ACB-LN0007398,ACB-C013496,Student Loan,2021-01-28,79254.71,4599.99,0.0772,240.0,Current,0,0,ACB-BR062
ACB-LN0007399,ACB-C011408,Home Equity Loan,2019-11-15,25586.5,21132.82,0.1178,24.0,Current,0,0,ACB-BR011
ACB-LN0007400,ACB-C006632,Mortgage,2025-06-29,269913.52,207965.37,0.0859,24.0,Current,0,0,ACB-BR026
ACB-LN0007401,ACB-C007980,Mortgage,2019-12-22,522007.99,444809.26,0.0491,24.0,Current,0,0,ACB-BR054
ACB-LN0007402,ACB-C012805,Mortgage,2021-10-05,325406.49,126736.05,0.0464,180.0,Current,0,0,ACB-BR014
ACB-LN0007403,ACB-C004553,Auto Loan,2025-01-26,11611.13,5113.79,0.16,180.0,Current,0,0,ACB-BR072
ACB-LN0007404,ACB-C013460,Auto Loan,2025-04-20,49045.08,6093.48,0.1332,24.0,Current,0,0,ACB-BR015
ACB-LN0007405,ACB-C012384,Home Equity Loan,2023-06-02,45496.73,23061.77,0.1176,240.0,90+ DPD,154,1,ACB-BR018
ACB-LN0007406,ACB-C002361,Personal Loan,2022-10-20,2243.67,2197.63,0.24,12.0,Current,0,0,ACB-BR023
ACB-LN0007407,ACB-C004551,Home Equity Loan,2023-07-17,99363.13,44640.02,0.1285,24.0,Current,0,0,ACB-BR043
ACB-LN0007408,ACB-C004661,Auto Loan,2021-10-12,15977.19,9827.21,0.0906,24.0,90+ DPD,141,1,ACB-BR049
ACB-LN0007409,ACB-C013925,Small Business Loan,2024-03-14,26195.12,20194.78,0.1335,84.0,30-59 DPD,48,0,ACB-BR026
ACB-LN0007410,ACB-C009957,Home Equity Loan,2024-08-04,70289.17,16646.97,0.1354,12.0,Paid Off,0,0,ACB-BR076
ACB-LN0007411,ACB-C002626,Auto Loan,2021-04-13,14299.46,7556.35,0.1048,240.0,Current,0,0,ACB-BR069
ACB-LN0007412,ACB-C000384,Home Equity Loan,2021-08-20,115881.17,19900.21,0.118,36.0,Default,218,1,ACB-BR023
ACB-LN0007413,ACB-C008930,Personal Loan,2019-07-01,14891.02,7511.9,0.2073,24.0,Current,0,0,ACB-BR008
ACB-LN0007414,ACB-C008122,Small Business Loan,2024-02-29,84021.03,81333.7,0.1415,180.0,Current,0,0,ACB-BR070
ACB-LN0007415,ACB-C007674,Home Equity Loan,2025-03-02,116573.0,22785.03,0.1082,60.0,Current,0,0,ACB-BR021
ACB-LN0007416,ACB-C009649,Personal Loan,2024-01-16,18883.15,12676.04,0.1994,120.0,Current,0,0,ACB-BR080
ACB-LN0007417,ACB-C007688,Mortgage,2023-09-30,625813.98,75636.66,0.0621,240.0,Current,0,0,ACB-BR080
ACB-LN0007418,ACB-C005927,Mortgage,2022-02-02,422104.35,207808.16,0.0726,180.0,Current,0,0,ACB-BR073
ACB-LN0007419,ACB-C010487,Student Loan,2025-11-08,46712.07,31650.85,0.0589,360.0,Current,0,0,ACB-BR006
ACB-LN0007420,ACB-C000585,Auto Loan,2024-09-07,39147.75,38241.32,0.1299,48.0,Current,0,0,ACB-BR017
ACB-LN0007421,ACB-C007033,Mortgage,2023-09-01,245102.1,47583.44,0.076,12.0,Default,285,1,ACB-BR008
ACB-LN0007422,ACB-C001950,Student Loan,2021-08-04,52548.35,35327.42,0.0579,36.0,Current,0,0,ACB-BR016
ACB-LN0007423,ACB-C005946,Personal Loan,2023-07-26,25168.6,20003.86,0.1114,180.0,Current,0,0,ACB-BR077
ACB-LN0007424,ACB-C005549,Mortgage,2021-08-15,633450.9,365484.54,0.0687,48.0,Current,0,0,ACB-BR016
ACB-LN0007425,ACB-C006576,Auto Loan,2024-03-30,22505.33,14398.03,0.063,240.0,Written Off,0,1,ACB-BR052
ACB-LN0007426,ACB-C001942,Mortgage,2019-08-18,477120.83,372848.05,0.0401,60.0,Current,0,0,ACB-BR069
ACB-LN0007427,ACB-C005256,Personal Loan,2024-08-07,20214.26,4439.03,0.1481,120.0,Current,0,0,ACB-BR005
ACB-LN0007428,ACB-C009826,Mortgage,2023-11-30,646732.18,392704.91,0.0408,240.0,Current,0,0,ACB-BR052
ACB-LN0007429,ACB-C001235,Student Loan,2025-06-12,44762.11,18005.54,0.0554,84.0,90+ DPD,137,1,ACB-BR051
ACB-LN0007430,ACB-C002908,Personal Loan,2021-02-05,9202.31,8797.24,0.1573,48.0,Current,0,0,ACB-BR062
ACB-LN0007431,ACB-C001368,Mortgage,2025-03-03,536062.66,313009.79,0.0768,12.0,Current,0,0,ACB-BR051
ACB-LN0007432,ACB-C007254,Mortgage,2023-02-25,346122.73,164373.64,0.0598,12.0,Current,0,0,ACB-BR019
ACB-LN0007433,ACB-C011107,Personal Loan,2021-11-11,6934.99,3253.08,0.144,36.0,Paid Off,0,0,ACB-BR019
ACB-LN0007434,ACB-C011135,Auto Loan,2024-11-21,10773.57,10208.74,0.16,360.0,Current,0,0,ACB-BR018
ACB-LN0007435,ACB-C010412,Home Equity Loan,2021-11-21,86445.57,36635.37,0.0923,36.0,Paid Off,0,0,ACB-BR036
ACB-LN0007436,ACB-C006561,Mortgage,2023-03-08,492700.04,294398.84,0.0796,360.0,Current,0,0,ACB-BR041
ACB-LN0007437,ACB-C012354,Mortgage,2024-07-26,279451.63,72511.81,0.0562,24.0,Paid Off,0,0,ACB-BR059
ACB-LN0007438,ACB-C008241,Auto Loan,2022-10-12,29227.04,23120.83,0.16,36.0,Current,0,0,ACB-BR061
ACB-LN0007439,ACB-C011053,Personal Loan,2020-07-13,15239.33,12231.59,0.1814,12.0,Current,0,0,ACB-BR064
ACB-LN0007440,ACB-C013251,Home Equity Loan,2025-09-19,59187.32,13665.82,0.14,84.0,60-89 DPD,67,0,ACB-BR061
ACB-LN0007441,ACB-C012852,Mortgage,2021-04-24,482682.32,118138.66,0.0696,60.0,Current,0,0,ACB-BR032
ACB-LN0007442,ACB-C006666,Auto Loan,2022-02-18,29257.23,27813.95,0.1176,60.0,Current,0,0,ACB-BR008
ACB-LN0007443,ACB-C008267,Home Equity Loan,2021-02-03,87499.35,45543.26,0.1069,120.0,Current,0,0,ACB-BR002
ACB-LN0007444,ACB-C007150,Student Loan,2025-01-15,12868.27,5010.15,0.0643,180.0,Current,0,0,ACB-BR029
ACB-LN0007445,ACB-C004170,Personal Loan,2024-06-21,7208.45,6761.77,0.1208,240.0,90+ DPD,129,1,ACB-BR002
ACB-LN0007446,ACB-C013680,Personal Loan,2021-03-09,15599.64,12311.46,0.2072,60.0,Default,360,1,ACB-BR027
ACB-LN0007447,ACB-C001503,Personal Loan,2022-06-30,34192.09,23270.08,0.1786,12.0,Current,0,0,ACB-BR046
ACB-LN0007448,ACB-C009912,Personal Loan,2022-08-29,11975.93,5113.2,0.24,84.0,Default,244,1,ACB-BR074
ACB-LN0007449,ACB-C005352,Personal Loan,2020-07-22,7203.4,2077.94,0.1526,360.0,Current,0,0,ACB-BR033
ACB-LN0007450,ACB-C006625,Mortgage,2019-10-16,364445.75,270038.69,0.0346,120.0,90+ DPD,121,1,ACB-BR073
ACB-LN0007451,ACB-C005727,Auto Loan,2025-01-22,29758.47,6278.33,0.16,24.0,Current,0,0,ACB-BR025
ACB-LN0007452,ACB-C004203,Personal Loan,2024-01-08,21414.39,14205.97,0.1165,84.0,30-59 DPD,37,0,ACB-BR076
ACB-LN0007453,ACB-C000912,Mortgage,2025-07-15,564876.12,331741.96,0.0436,180.0,Default,136,1,ACB-BR018
ACB-LN0007454,ACB-C003896,Mortgage,2021-07-31,162717.58,9384.93,0.0659,48.0,Current,0,0,ACB-BR010
ACB-LN0007455,ACB-C004786,Small Business Loan,2024-09-22,141063.83,124693.2,0.1573,84.0,30-59 DPD,45,0,ACB-BR014
ACB-LN0007456,ACB-C008630,Mortgage,2024-10-30,434445.74,263974.32,0.0752,48.0,Paid Off,0,0,ACB-BR031
ACB-LN0007457,ACB-C006774,Mortgage,2022-11-17,166038.78,31870.22,0.062,120.0,Current,0,0,ACB-BR016
ACB-LN0007458,ACB-C003830,Mortgage,2023-12-09,228162.72,219035.58,0.0933,360.0,Current,0,0,ACB-BR045
ACB-LN0007459,ACB-C011901,Auto Loan,2025-05-18,11621.8,11133.24,0.1377,360.0,Paid Off,0,0,ACB-BR056
ACB-LN0007460,ACB-C013722,Personal Loan,2020-08-18,13881.23,6286.49,0.1721,48.0,60-89 DPD,73,0,ACB-BR010
ACB-LN0007461,ACB-C014249,Mortgage,2020-11-01,236366.56,13381.26,0.0377,360.0,Current,0,0,ACB-BR029
ACB-LN0007462,ACB-C006469,Student Loan,2026-01-21,60575.68,13590.91,0.0905,60.0,90+ DPD,106,1,ACB-BR023
ACB-LN0007463,ACB-C007514,Personal Loan,2025-09-11,9831.34,5564.98,0.1996,84.0,Current,0,0,ACB-BR037
ACB-LN0007464,ACB-C013468,Mortgage,2023-10-31,151047.97,35525.68,0.0483,48.0,Paid Off,0,0,ACB-BR076
ACB-LN0007465,ACB-C008703,Student Loan,2026-01-19,49400.63,18839.19,0.0848,24.0,Current,0,0,ACB-BR008
ACB-LN0007466,ACB-C007525,Auto Loan,2024-04-16,50379.58,35104.56,0.1565,120.0,Current,0,0,ACB-BR032
ACB-LN0007467,ACB-C012435,Auto Loan,2024-01-18,26299.36,14599.4,0.1574,24.0,Current,0,0,ACB-BR076
ACB-LN0007468,ACB-C010921,Personal Loan,2025-11-27,18914.91,3686.69,0.1739,36.0,Current,0,0,ACB-BR006
ACB-LN0007469,ACB-C013600,Home Equity Loan,2022-05-16,27424.27,7320.4,0.111,84.0,Current,0,0,ACB-BR073
ACB-LN0007470,ACB-C006594,Personal Loan,2021-11-28,2942.75,676.5,0.2193,,Current,0,0,ACB-BR051
ACB-LN0007471,ACB-C006347,Mortgage,2022-05-28,341558.58,63323.98,0.0705,60.0,Current,0,0,ACB-BR022
ACB-LN0007472,ACB-C013528,Small Business Loan,2020-08-25,245501.79,54753.83,,360.0,Current,0,0,ACB-BR068
ACB-LN0007473,ACB-C005455,Auto Loan,2022-08-27,14215.74,7473.78,0.0995,24.0,Paid Off,0,0,ACB-BR080
ACB-LN0007474,ACB-C005120,Mortgage,2022-04-28,198036.72,143592.11,0.0415,24.0,Current,0,0,ACB-BR039
ACB-LN0007475,ACB-C003255,Small Business Loan,2022-11-12,170416.26,156088.03,0.189,12.0,Paid Off,0,0,ACB-BR022
ACB-LN0007476,ACB-C012518,Mortgage,2023-08-02,336814.12,70904.83,0.0514,24.0,Written Off,0,1,ACB-BR046
ACB-LN0007477,ACB-C003956,Small Business Loan,2021-09-11,235750.54,187405.29,0.075,60.0,Current,0,0,ACB-BR029
ACB-LN0007478,ACB-C002143,Auto Loan,2019-08-03,54823.46,47756.99,0.1328,36.0,Current,0,0,ACB-BR040
ACB-LN0007479,ACB-C003569,Auto Loan,2019-06-23,17666.95,1185.13,0.0923,240.0,Current,0,0,ACB-BR064
ACB-LN0007480,ACB-C002049,Auto Loan,2020-04-19,35422.75,24832.53,0.1204,12.0,Current,0,0,ACB-BR026
ACB-LN0007481,ACB-C008710,Personal Loan,2021-08-24,19058.12,14585.19,0.185,36.0,Current,0,0,ACB-BR031
ACB-LN0007482,ACB-C014569,Mortgage,2022-08-20,555858.05,190464.01,0.0874,,Paid Off,0,0,ACB-BR036
ACB-LN0007483,ACB-C001602,Personal Loan,2020-09-28,9806.78,7261.85,0.1054,60.0,Current,0,0,ACB-BR044
ACB-LN0007484,ACB-C000965,Auto Loan,2023-05-21,22549.65,3624.8,0.1074,84.0,Paid Off,0,0,ACB-BR031
ACB-LN0007485,ACB-C002991,Personal Loan,2024-02-17,6429.1,3734.96,0.2246,36.0,Current,0,0,ACB-BR002
ACB-LN0007486,ACB-C005286,Small Business Loan,2023-09-13,195143.62,75674.6,0.1747,120.0,Current,0,0,ACB-BR060
ACB-LN0007487,ACB-C013799,Personal Loan,2020-08-24,25336.12,21355.86,0.1506,36.0,Current,0,0,ACB-BR051
ACB-LN0007488,ACB-C012426,Personal Loan,2019-02-14,28617.64,24776.06,0.1483,180.0,Default,174,1,ACB-BR048
ACB-LN0007489,ACB-C007864,Student Loan,2023-12-12,63047.74,18347.43,0.0676,84.0,Paid Off,0,0,ACB-BR075
ACB-LN0007490,ACB-C012529,Auto Loan,2019-12-14,27817.83,19039.27,0.1291,36.0,Current,0,0,ACB-BR058
ACB-LN0007491,ACB-C000327,Personal Loan,2019-08-11,32830.62,26733.73,0.1577,180.0,Current,0,0,ACB-BR008
ACB-LN0007492,ACB-C000767,Personal Loan,2021-07-25,30293.67,16091.09,0.1561,12.0,Current,0,0,ACB-BR004
ACB-LN0007493,ACB-C007089,Mortgage,2022-11-29,531843.75,237218.09,0.0506,180.0,Current,0,0,ACB-BR018
ACB-LN0007494,ACB-C000035,Mortgage,2021-08-27,230687.75,161896.25,0.0571,24.0,Current,0,0,ACB-BR016
ACB-LN0007495,ACB-C002296,Auto Loan,2020-06-24,14300.02,9735.22,0.0964,12.0,Current,0,0,ACB-BR035
ACB-LN0007496,ACB-C003221,Home Equity Loan,2021-09-18,17195.99,6198.34,0.1134,180.0,90+ DPD,115,1,ACB-BR046
ACB-LN0007497,ACB-C004514,Mortgage,2021-06-14,237525.17,63243.99,0.0696,12.0,Current,0,0,ACB-BR064
ACB-LN0007498,ACB-C001612,Mortgage,2025-06-30,616384.35,219809.09,0.0597,12.0,Current,0,0,ACB-BR014
ACB-LN0007499,ACB-C001637,Mortgage,2021-08-26,492673.57,185427.78,0.0613,120.0,Current,0,0,ACB-BR040
ACB-LN0007500,ACB-C002015,Auto Loan,2021-12-02,47524.32,41447.43,0.0904,240.0,90+ DPD,130,1,ACB-BR011
ACB-LN0007501,ACB-C012546,Auto Loan,2023-12-07,45516.42,9103.2,0.0921,360.0,Current,0,0,ACB-BR021
ACB-LN0007502,ACB-C005621,Personal Loan,2024-01-26,23340.53,21870.46,0.1233,24.0,Current,0,0,ACB-BR002
ACB-LN0007503,ACB-C010879,Mortgage,2020-03-26,331874.48,134712.59,0.0744,24.0,Current,0,0,ACB-BR044
ACB-LN0007504,ACB-C000664,Auto Loan,2023-06-30,13133.16,3360.09,0.1099,84.0,Current,0,0,ACB-BR079
ACB-LN0007505,ACB-C000189,Home Equity Loan,2025-06-30,42013.59,9925.52,0.1045,84.0,Current,0,0,ACB-BR041
ACB-LN0007506,ACB-C014821,Personal Loan,2024-12-29,7451.13,7151.6,0.24,24.0,30-59 DPD,38,0,ACB-BR002
ACB-LN0007507,ACB-C007212,Personal Loan,2025-05-25,6337.94,3662.31,0.1705,84.0,Paid Off,0,0,ACB-BR049
ACB-LN0007508,ACB-C013834,Student Loan,2021-01-17,43658.9,33388.88,0.077,36.0,Current,0,0,ACB-BR011
ACB-LN0007509,ACB-C013842,Small Business Loan,2020-06-18,217687.6,59425.3,0.0923,60.0,90+ DPD,156,1,ACB-BR014
ACB-LN0007510,ACB-C005478,Small Business Loan,2020-04-15,156010.66,83198.88,0.1129,240.0,Current,0,0,ACB-BR063
ACB-LN0007511,ACB-C006217,Mortgage,2019-09-12,313352.67,19840.14,0.0324,120.0,Current,0,0,ACB-BR041
ACB-LN0007512,ACB-C010322,Student Loan,2022-05-12,55556.19,24451.88,0.08,24.0,Current,0,0,ACB-BR049
ACB-LN0007513,ACB-C013883,Mortgage,2021-01-19,219311.04,172112.96,0.0681,36.0,Current,0,0,ACB-BR032
ACB-LN0007514,ACB-C007234,Personal Loan,2021-02-07,23638.73,12479.74,0.1566,24.0,Current,0,0,ACB-BR008
ACB-LN0007515,ACB-C003128,Mortgage,2024-04-27,178572.46,53445.62,0.076,240.0,Current,0,0,ACB-BR061
ACB-LN0007516,ACB-C005933,Auto Loan,2024-06-03,17180.23,7023.95,0.1552,12.0,Current,0,0,ACB-BR051
ACB-LN0007517,ACB-C009692,Student Loan,2023-11-09,54048.52,11243.59,0.0557,120.0,Current,0,0,ACB-BR046
ACB-LN0007518,ACB-C000736,Home Equity Loan,2019-10-06,79602.15,45549.42,0.0627,36.0,Current,0,0,ACB-BR020
ACB-LN0007519,ACB-C009050,Mortgage,2022-11-10,492776.87,269035.68,0.0524,,Paid Off,0,0,ACB-BR016
ACB-LN0007520,ACB-C013998,Personal Loan,2026-02-28,28572.02,1605.92,0.1385,120.0,Current,0,0,ACB-BR007
ACB-LN0007521,ACB-C001502,Student Loan,2023-11-17,38871.98,3905.26,0.0588,24.0,Current,0,0,ACB-BR058
ACB-LN0007522,ACB-C000032,Personal Loan,2022-03-24,4850.55,3992.86,0.2164,24.0,Current,0,0,ACB-BR001
ACB-LN0007523,ACB-C004340,Personal Loan,2021-04-21,16708.76,2468.22,0.2081,84.0,Current,0,0,ACB-BR068
ACB-LN0007524,ACB-C004251,Auto Loan,2025-07-03,9300.82,7350.69,0.0661,360.0,30-59 DPD,33,0,ACB-BR027
ACB-LN0007525,ACB-C012061,Personal Loan,2021-04-06,16575.34,10767.71,0.0962,120.0,Current,0,0,ACB-BR080
ACB-LN0007526,ACB-C003937,Auto Loan,2024-06-24,26443.92,23479.41,0.0846,36.0,60-89 DPD,64,0,ACB-BR070
ACB-LN0007527,ACB-C006975,Personal Loan,2021-01-18,5764.77,3184.1,0.1795,60.0,Paid Off,0,0,ACB-BR080
ACB-LN0007528,ACB-C007319,Student Loan,2023-03-10,13701.01,8057.32,0.11,240.0,Current,0,0,ACB-BR051
ACB-LN0007529,ACB-C014598,Small Business Loan,2025-11-18,138990.03,123889.36,0.1768,36.0,Current,0,0,ACB-BR005
ACB-LN0007530,ACB-C012900,Home Equity Loan,2023-11-26,45983.55,41694.5,0.1283,24.0,Current,0,0,ACB-BR017
ACB-LN0007531,ACB-C012728,Mortgage,2023-12-14,379937.55,102237.47,0.0784,240.0,Current,0,0,ACB-BR062
ACB-LN0007532,ACB-C008888,Personal Loan,2023-09-11,29227.26,26607.88,0.24,360.0,90+ DPD,96,1,ACB-BR023
ACB-LN0007533,ACB-C001860,Home Equity Loan,2019-10-20,79433.26,23395.26,0.0552,84.0,Current,0,0,ACB-BR048
ACB-LN0007534,ACB-C011937,Personal Loan,2019-09-14,33459.81,21945.61,0.1435,60.0,Paid Off,0,0,ACB-BR052
ACB-LN0007535,ACB-C005797,Personal Loan,2019-09-25,9040.34,4724.84,0.1268,12.0,Current,0,0,ACB-BR003
ACB-LN0007536,ACB-C001822,Home Equity Loan,2023-10-26,46414.43,2702.1,0.1397,84.0,Current,0,0,ACB-BR027
ACB-LN0007537,ACB-C003582,Home Equity Loan,2019-09-06,104511.34,11455.12,0.0714,48.0,Current,0,0,ACB-BR017
ACB-LN0007538,ACB-C005935,Personal Loan,2020-05-08,32992.51,22083.48,0.157,84.0,Current,0,0,ACB-BR052
ACB-LN0007539,ACB-C005761,Mortgage,2021-08-02,269880.26,181038.2,0.0575,48.0,Current,0,0,ACB-BR062
ACB-LN0007540,ACB-C003808,Mortgage,2023-11-07,348069.9,231610.95,0.095,36.0,30-59 DPD,56,0,ACB-BR032
ACB-LN0007541,ACB-C011718,Mortgage,2021-12-16,135032.69,83238.31,0.0448,60.0,Current,0,0,ACB-BR074
ACB-LN0007542,ACB-C011048,Student Loan,2022-06-26,39206.53,17792.88,0.11,120.0,Current,0,0,ACB-BR027
ACB-LN0007543,ACB-C006220,Home Equity Loan,2020-05-20,51151.19,42372.52,0.0582,60.0,60-89 DPD,61,0,ACB-BR077
ACB-LN0007544,ACB-C003124,Small Business Loan,2022-03-20,36621.78,16596.33,0.1401,180.0,Current,0,0,ACB-BR079
ACB-LN0007545,ACB-C006367,Auto Loan,2019-01-14,10279.3,1120.1,0.1168,180.0,Current,0,0,ACB-BR059
ACB-LN0007546,ACB-C013438,Mortgage,2021-02-27,625160.13,311058.49,0.0507,84.0,Current,0,0,ACB-BR067
ACB-LN0007547,ACB-C012560,Mortgage,2024-03-01,530872.78,113839.73,0.095,360.0,30-59 DPD,32,0,ACB-BR020
ACB-LN0007548,ACB-C008654,Small Business Loan,2024-10-01,28291.98,12233.53,0.1266,24.0,Current,0,0,ACB-BR062
ACB-LN0007549,ACB-C009941,Mortgage,2022-04-08,178299.94,22330.39,0.0732,12.0,Paid Off,0,0,ACB-BR077
ACB-LN0007550,ACB-C014199,Home Equity Loan,2024-01-29,23493.49,6268.99,0.0937,180.0,Current,0,0,ACB-BR043
ACB-LN0007551,ACB-C013522,Mortgage,2024-12-04,447510.87,117611.45,0.0655,84.0,Written Off,0,1,ACB-BR051
ACB-LN0007552,ACB-C010932,Mortgage,2024-04-05,593409.01,451052.71,0.0765,12.0,Current,0,0,ACB-BR032
ACB-LN0007553,ACB-C009179,Mortgage,2022-01-09,150104.85,98155.82,0.0322,120.0,Current,0,0,ACB-BR030
ACB-LN0007554,ACB-C010121,Mortgage,2021-10-18,599797.31,314397.07,0.0614,48.0,Current,0,0,ACB-BR017
ACB-LN0007555,ACB-C012167,Auto Loan,2025-11-02,14073.4,9489.34,0.1058,36.0,Current,0,0,ACB-BR040
ACB-LN0007556,ACB-C013617,Personal Loan,2020-06-02,23897.39,21347.71,0.2137,48.0,30-59 DPD,39,0,ACB-BR059
ACB-LN0007557,ACB-C006079,Personal Loan,2021-10-19,25938.43,12296.09,0.173,12.0,Current,0,0,ACB-BR012
ACB-LN0007558,ACB-C013810,Personal Loan,2021-05-15,13948.62,4331.04,0.1834,360.0,Current,0,0,ACB-BR080
ACB-LN0007559,ACB-C011737,Home Equity Loan,2024-01-18,22791.1,17327.6,0.0874,180.0,60-89 DPD,79,0,ACB-BR052
ACB-LN0007560,ACB-C007012,Auto Loan,2021-12-18,20996.59,5247.26,0.1252,24.0,Paid Off,0,0,ACB-BR016
ACB-LN0007561,ACB-C004970,Mortgage,2021-07-14,486911.98,392167.62,0.0743,36.0,Current,0,0,ACB-BR018
ACB-LN0007562,ACB-C001910,Auto Loan,2021-09-23,21947.89,18012.29,0.115,240.0,Current,0,0,ACB-BR059
ACB-LN0007563,ACB-C004193,Mortgage,2021-03-28,642398.45,573767.25,0.0533,180.0,Current,0,0,ACB-BR065
ACB-LN0007564,ACB-C013987,Personal Loan,2019-02-28,27949.87,9402.16,0.1373,12.0,Current,0,0,ACB-BR027
ACB-LN0007565,ACB-C001713,Mortgage,2024-10-04,160590.83,142511.38,0.095,240.0,Current,0,0,ACB-BR006
ACB-LN0007566,ACB-C008534,Mortgage,2024-06-18,476495.39,299486.24,0.0492,36.0,Current,0,0,ACB-BR015
ACB-LN0007567,ACB-C004502,Mortgage,2024-07-16,578590.65,29433.99,0.06,120.0,Paid Off,0,0,ACB-BR038
ACB-LN0007568,ACB-C005829,Personal Loan,2021-12-15,17090.57,4057.19,0.1602,60.0,Current,0,0,ACB-BR010
ACB-LN0007569,ACB-C011376,Personal Loan,2020-07-05,16796.39,13621.26,0.1197,12.0,Written Off,0,1,ACB-BR045
ACB-LN0007570,ACB-C012982,Small Business Loan,2025-12-20,128517.67,54526.49,0.2,84.0,Current,0,0,ACB-BR051
ACB-LN0007571,ACB-C011178,Home Equity Loan,2021-08-14,78035.27,53198.44,0.0733,48.0,Default,303,1,ACB-BR006
ACB-LN0007572,ACB-C005530,Personal Loan,2025-12-31,6195.48,1692.77,0.24,240.0,Current,0,0,ACB-BR068
ACB-LN0007573,ACB-C001501,Home Equity Loan,2022-10-21,48967.1,14960.04,0.0773,240.0,Paid Off,0,0,ACB-BR021
ACB-LN0007574,ACB-C005456,Personal Loan,2023-04-22,22068.4,6711.21,0.2025,60.0,Current,0,0,ACB-BR032
ACB-LN0007575,ACB-C011082,Mortgage,2025-08-08,173371.6,165748.12,0.0814,84.0,Current,0,0,ACB-BR025
ACB-LN0007576,ACB-C000079,Mortgage,2024-03-29,460745.49,113378.47,0.0578,240.0,Current,0,0,ACB-BR008
ACB-LN0007577,ACB-C014763,Auto Loan,2019-02-09,24377.1,16118.99,0.1116,84.0,Current,0,0,ACB-BR026
ACB-LN0007578,ACB-C002618,Personal Loan,2019-07-23,30028.5,21534.65,0.1267,84.0,Current,0,0,ACB-BR005
ACB-LN0007579,ACB-C006837,Auto Loan,2019-11-21,51647.17,31486.09,0.0629,84.0,90+ DPD,99,1,ACB-BR001
ACB-LN0007580,ACB-C000330,Mortgage,2025-03-17,612784.68,202715.24,0.0517,180.0,Current,0,0,ACB-BR073
ACB-LN0007581,ACB-C004592,Personal Loan,2020-03-06,13754.6,9154.4,0.1193,48.0,Current,0,0,ACB-BR052
ACB-LN0007582,ACB-C007585,Personal Loan,2019-05-17,34657.14,25322.06,0.1667,120.0,60-89 DPD,61,0,ACB-BR043
ACB-LN0007583,ACB-C000531,Personal Loan,2020-09-04,15016.07,12129.33,0.0991,360.0,60-89 DPD,62,0,ACB-BR041
ACB-LN0007584,ACB-C000018,Small Business Loan,2019-08-19,130254.85,38920.95,0.1537,36.0,Current,0,0,ACB-BR009
ACB-LN0007585,ACB-C011831,Personal Loan,2021-01-22,34228.35,4775.42,,12.0,Current,0,0,ACB-BR044
ACB-LN0007586,ACB-C007789,Mortgage,2023-12-17,603167.52,362438.27,0.0707,240.0,Paid Off,0,0,ACB-BR041
ACB-LN0007587,ACB-C008423,Personal Loan,2019-02-16,14078.99,8909.64,0.1555,120.0,Current,0,0,ACB-BR032
ACB-LN0007588,ACB-C003676,Small Business Loan,2019-12-25,44021.22,5415.34,0.0714,24.0,Current,0,0,ACB-BR027
ACB-LN0007589,ACB-C000926,Personal Loan,2020-07-18,10861.06,5434.97,0.1075,180.0,Current,0,0,ACB-BR001
ACB-LN0007590,ACB-C013258,Personal Loan,2021-06-06,5246.38,3748.71,0.1152,,Current,0,0,ACB-BR027
ACB-LN0007591,ACB-C013077,Personal Loan,2021-09-15,19564.58,18695.52,0.1046,84.0,Current,0,0,ACB-BR035
ACB-LN0007592,ACB-C013551,Home Equity Loan,2020-08-01,48208.38,17138.37,0.0675,120.0,Current,0,0,ACB-BR060
ACB-LN0007593,ACB-C006237,Auto Loan,2024-02-24,33502.66,2104.57,0.16,36.0,Current,0,0,ACB-BR066
ACB-LN0007594,ACB-C009642,Auto Loan,2020-02-26,50967.16,47430.0,0.1249,180.0,Current,0,0,ACB-BR055
ACB-LN0007595,ACB-C003368,Personal Loan,2025-10-28,26733.67,2124.67,0.24,180.0,30-59 DPD,57,0,ACB-BR044
ACB-LN0007596,ACB-C004545,Auto Loan,2020-06-03,54386.96,33373.58,0.1045,36.0,Paid Off,0,0,ACB-BR032
ACB-LN0007597,ACB-C006155,Auto Loan,2020-06-08,53044.59,31130.97,0.0863,60.0,Current,0,0,ACB-BR070
ACB-LN0007598,ACB-C008000,Auto Loan,2025-02-13,10589.76,3575.05,0.0643,48.0,60-89 DPD,63,0,ACB-BR034
ACB-LN0007599,ACB-C002411,Mortgage,2021-10-10,414300.92,61654.02,0.0389,120.0,Default,281,1,ACB-BR062
ACB-LN0007600,ACB-C005248,Mortgage,2023-09-29,460913.79,380547.4,0.0546,240.0,Current,0,0,ACB-BR004
ACB-LN0007601,ACB-C013297,Personal Loan,2024-03-25,13179.09,2143.33,0.1884,120.0,Current,0,0,ACB-BR030
ACB-LN0007602,ACB-C000796,Mortgage,2024-06-12,428304.29,344029.8,0.0775,120.0,90+ DPD,147,1,ACB-BR075
ACB-LN0007603,ACB-C008059,Student Loan,2023-02-01,59312.15,34119.56,0.0578,240.0,Current,0,0,ACB-BR028
ACB-LN0007604,ACB-C013320,Auto Loan,2023-07-10,42569.86,17651.67,0.067,84.0,Paid Off,0,0,ACB-BR039
ACB-LN0007605,ACB-C008660,Student Loan,2024-05-05,47427.46,9928.74,0.0804,36.0,Paid Off,0,0,ACB-BR049
ACB-LN0007606,ACB-C010504,Home Equity Loan,2025-01-19,33533.11,9128.38,0.14,60.0,Current,0,0,ACB-BR056
ACB-LN0007607,ACB-C010324,Mortgage,2023-04-22,526896.69,422409.86,0.0808,36.0,Current,0,0,ACB-BR059
ACB-LN0007608,ACB-C004717,Home Equity Loan,2025-05-11,73959.42,34805.01,0.1272,240.0,Current,0,0,ACB-BR042
ACB-LN0007609,ACB-C005437,Student Loan,2023-01-20,62026.51,37079.76,0.065,84.0,Current,0,0,ACB-BR015
ACB-LN0007610,ACB-C009258,Mortgage,2024-09-15,586104.65,499431.2,0.0681,180.0,Current,0,0,ACB-BR078
ACB-LN0007611,ACB-C002820,Mortgage,2025-04-21,600708.54,228814.16,0.0874,,Current,0,0,ACB-BR032
ACB-LN0007612,ACB-C014368,Personal Loan,2026-03-07,22583.49,4441.14,0.2395,180.0,Current,0,0,ACB-BR009
ACB-LN0007613,ACB-C004627,Mortgage,2024-05-05,583196.81,212941.58,0.0881,240.0,Current,0,0,ACB-BR030
ACB-LN0007614,ACB-C011041,Personal Loan,2021-05-18,3092.0,834.08,0.0928,12.0,Current,0,0,ACB-BR029
ACB-LN0007615,ACB-C013173,Mortgage,2019-07-21,132103.1,119727.8,0.0672,12.0,Current,0,0,ACB-BR059
ACB-LN0007616,ACB-C001466,Personal Loan,2023-08-02,13168.05,6167.73,0.24,180.0,Current,0,0,ACB-BR036
ACB-LN0007617,ACB-C003204,Personal Loan,2023-07-19,33413.18,28375.45,0.2017,180.0,Current,0,0,ACB-BR055
ACB-LN0007618,ACB-C014689,Auto Loan,2021-04-23,49655.46,37237.58,0.1077,240.0,Paid Off,0,0,ACB-BR061
ACB-LN0007619,ACB-C006110,Personal Loan,2022-11-17,24524.19,6269.82,0.2156,12.0,Current,0,0,ACB-BR075
ACB-LN0007620,ACB-C012356,Personal Loan,2023-02-27,27979.14,14513.77,0.2171,360.0,Current,0,0,ACB-BR065
ACB-LN0007621,ACB-C007471,Personal Loan,2019-01-14,33952.69,33272.05,0.1153,84.0,Current,0,0,ACB-BR065
ACB-LN0007622,ACB-C004384,Student Loan,2023-07-06,41724.72,6108.59,,12.0,Current,0,0,ACB-BR056
ACB-LN0007623,ACB-C013050,Auto Loan,2021-03-24,51653.95,29451.56,0.0652,36.0,Current,0,0,ACB-BR063
ACB-LN0007624,ACB-C000674,Mortgage,2025-09-22,132961.06,56532.66,0.0635,360.0,Current,0,0,ACB-BR041
ACB-LN0007625,ACB-C009625,Auto Loan,2020-08-29,46305.24,16585.86,0.1033,240.0,Current,0,0,ACB-BR060
ACB-LN0007626,ACB-C006819,Small Business Loan,2025-01-23,54900.79,46397.77,0.1457,,Current,0,0,ACB-BR056
ACB-LN0007627,ACB-C013618,Student Loan,2025-05-21,68913.03,46682.12,0.11,84.0,Current,0,0,ACB-BR060
ACB-LN0007628,ACB-C004880,Auto Loan,2025-07-18,44683.99,23503.99,0.16,120.0,Written Off,0,1,ACB-BR037
ACB-LN0007629,ACB-C001046,Mortgage,2024-12-16,382899.63,330256.0,0.0633,60.0,Current,0,0,ACB-BR070
ACB-LN0007630,ACB-C007371,Student Loan,2020-10-30,14114.48,1327.11,0.0491,36.0,Current,0,0,ACB-BR067
ACB-LN0007631,ACB-C011555,Personal Loan,2019-04-18,27577.24,6761.44,0.0858,12.0,Current,0,0,ACB-BR065
ACB-LN0007632,ACB-C011378,Mortgage,2019-12-10,280019.57,185143.88,0.0663,120.0,90+ DPD,119,1,ACB-BR036
ACB-LN0007633,ACB-C008868,Mortgage,2024-03-03,164615.41,140291.73,0.0875,12.0,Current,0,0,ACB-BR016
ACB-LN0007634,ACB-C004018,Mortgage,2024-01-26,531880.86,254800.95,0.0677,48.0,Current,0,0,ACB-BR005
ACB-LN0007635,ACB-C000048,Personal Loan,2019-09-15,9289.18,1386.66,0.106,180.0,60-89 DPD,89,0,ACB-BR063
ACB-LN0007636,ACB-C006440,Auto Loan,2025-08-16,41376.85,7933.99,0.0663,12.0,Current,0,0,ACB-BR033
ACB-LN0007637,ACB-C011094,Mortgage,2025-07-02,198975.73,102961.63,0.0753,12.0,Current,0,0,ACB-BR051
ACB-LN0007638,ACB-C008504,Student Loan,2021-08-27,12385.23,7087.23,0.0709,24.0,Current,0,0,ACB-BR072
ACB-LN0007639,ACB-C011518,Personal Loan,2019-10-03,27117.85,9847.04,0.2056,120.0,30-59 DPD,48,0,ACB-BR068
ACB-LN0007640,ACB-C008843,Mortgage,2020-09-27,574635.58,169280.46,0.0336,240.0,Current,0,0,ACB-BR005
ACB-LN0007641,ACB-C006965,Small Business Loan,2020-08-05,64205.62,20380.89,0.1117,48.0,Current,0,0,ACB-BR011
ACB-LN0007642,ACB-C004710,Auto Loan,2024-03-17,9790.84,9590.62,0.1538,36.0,Current,0,0,ACB-BR035
ACB-LN0007643,ACB-C001983,Student Loan,2026-03-20,52162.77,12085.27,0.0896,84.0,30-59 DPD,58,0,ACB-BR044
ACB-LN0007644,ACB-C008939,Student Loan,2021-10-20,19591.99,12716.14,0.0472,360.0,Current,0,0,ACB-BR070
ACB-LN0007645,ACB-C014476,Home Equity Loan,2026-01-15,15405.0,6036.45,0.0885,120.0,Current,0,0,ACB-BR076
ACB-LN0007646,ACB-C007901,Student Loan,2025-07-19,6641.57,5285.59,0.11,120.0,Current,0,0,ACB-BR070
ACB-LN0007647,ACB-C004359,Auto Loan,2023-06-04,50002.37,24596.4,0.16,24.0,Current,0,0,ACB-BR023
ACB-LN0007648,ACB-C014817,Small Business Loan,2024-09-23,152032.19,55662.66,0.1814,36.0,Default,271,1,ACB-BR072
ACB-LN0007649,ACB-C000421,Auto Loan,2024-06-17,52118.02,37606.2,0.1129,120.0,Paid Off,0,0,ACB-BR049
ACB-LN0007650,ACB-C002098,Mortgage,2021-03-31,470339.11,69715.12,0.0694,60.0,Paid Off,0,0,ACB-BR073
ACB-LN0007651,ACB-C009800,Mortgage,2020-04-10,248504.87,213522.74,0.0681,12.0,Current,0,0,ACB-BR017
ACB-LN0007652,ACB-C009332,Personal Loan,2020-11-16,29005.54,25614.01,0.1104,24.0,Paid Off,0,0,ACB-BR032
ACB-LN0007653,ACB-C002111,Auto Loan,2024-08-08,18510.86,10549.1,0.1333,12.0,Current,0,0,ACB-BR034
ACB-LN0007654,ACB-C002180,Mortgage,2021-10-31,161690.69,64046.2,0.0682,360.0,30-59 DPD,31,0,ACB-BR062
ACB-LN0007655,ACB-C002198,Personal Loan,2024-03-04,8975.32,1871.88,0.2093,48.0,Current,0,0,ACB-BR029
ACB-LN0007656,ACB-C003294,Auto Loan,2020-04-28,27383.99,5272.47,0.1352,240.0,Current,0,0,ACB-BR040
ACB-LN0007657,ACB-C009854,Personal Loan,2020-09-15,5005.39,3652.24,0.1137,180.0,Current,0,0,ACB-BR010
ACB-LN0007658,ACB-C005681,Personal Loan,2023-10-23,22857.64,9179.21,0.1623,84.0,Current,0,0,ACB-BR002
ACB-LN0007659,ACB-C003275,Mortgage,2019-02-21,432131.93,62009.21,0.0732,84.0,Written Off,0,1,ACB-BR067
ACB-LN0007660,ACB-C010826,Mortgage,2024-11-18,498861.91,419232.73,0.0554,12.0,Current,0,0,ACB-BR041
ACB-LN0007661,ACB-C013284,Small Business Loan,2024-10-12,123467.62,12530.66,0.1924,240.0,Current,0,0,ACB-BR034
ACB-LN0007662,ACB-C014275,Mortgage,2024-02-02,504599.52,237579.87,0.0708,48.0,Current,0,0,ACB-BR038
ACB-LN0007663,ACB-C012398,Mortgage,2020-12-11,253296.25,201623.16,0.0624,24.0,Current,0,0,ACB-BR080
ACB-LN0007664,ACB-C006820,Mortgage,2026-01-19,560287.3,85554.24,0.095,60.0,Current,0,0,ACB-BR051
ACB-LN0007665,ACB-C003201,Personal Loan,2024-09-05,31787.16,7486.76,0.24,48.0,Current,0,0,ACB-BR079
ACB-LN0007666,ACB-C000248,Mortgage,2023-08-24,379141.89,339126.97,0.0775,120.0,Current,0,0,ACB-BR080
ACB-LN0007667,ACB-C009786,Personal Loan,2021-12-20,28170.44,13357.12,0.1094,36.0,Current,0,0,ACB-BR031
ACB-LN0007668,ACB-C001149,Personal Loan,2022-01-30,22188.24,18701.68,0.0996,240.0,Current,0,0,ACB-BR076
ACB-LN0007669,ACB-C003180,Auto Loan,2021-02-06,38272.5,8372.98,0.1186,12.0,Paid Off,0,0,ACB-BR016
ACB-LN0007670,ACB-C006026,Mortgage,2022-01-21,415070.7,339202.37,0.0542,60.0,30-59 DPD,42,0,ACB-BR073
ACB-LN0007671,ACB-C005045,Mortgage,2024-04-18,259676.48,41023.11,0.0763,60.0,Current,0,0,ACB-BR080
ACB-LN0007672,ACB-C001904,Mortgage,2024-03-10,186836.27,74662.27,0.0468,180.0,Current,0,0,ACB-BR045
ACB-LN0007673,ACB-C008321,Auto Loan,2022-04-15,18815.88,8734.56,0.0612,84.0,Current,0,0,ACB-BR079
ACB-LN0007674,ACB-C001536,Mortgage,2023-02-03,396488.69,370984.93,,84.0,Current,0,0,ACB-BR041
ACB-LN0007675,ACB-C002945,Auto Loan,2019-04-19,17443.68,5750.91,0.0636,24.0,Current,0,0,ACB-BR074
ACB-LN0007676,ACB-C001106,Mortgage,2024-06-20,463252.06,207114.52,0.0595,120.0,60-89 DPD,77,0,ACB-BR015
ACB-LN0007677,ACB-C002733,Student Loan,2024-10-17,16543.24,14500.21,0.11,24.0,Current,0,0,ACB-BR008
ACB-LN0007678,ACB-C009366,Auto Loan,2023-10-28,51085.56,3868.0,0.16,48.0,Current,0,0,ACB-BR029
ACB-LN0007679,ACB-C012331,Auto Loan,2021-07-11,17606.93,2307.04,0.0787,48.0,Paid Off,0,0,ACB-BR004
ACB-LN0007680,ACB-C006019,Home Equity Loan,2025-08-30,74542.45,54653.57,0.14,36.0,Default,139,1,ACB-BR018
ACB-LN0007681,ACB-C010185,Home Equity Loan,2020-09-04,51284.53,23408.77,0.0866,360.0,90+ DPD,167,1,ACB-BR052
ACB-LN0007682,ACB-C002641,Mortgage,2025-05-18,267300.67,239153.75,0.0882,24.0,Current,0,0,ACB-BR025
ACB-LN0007683,ACB-C001645,Home Equity Loan,2022-05-05,53877.95,7128.94,0.0567,84.0,Current,0,0,ACB-BR004
ACB-LN0007684,ACB-C014070,Personal Loan,2021-01-13,12113.62,6770.71,0.19,120.0,Current,0,0,ACB-BR020
ACB-LN0007685,ACB-C012673,Mortgage,2023-10-27,341397.05,31021.02,0.0908,12.0,Current,0,0,ACB-BR026
ACB-LN0007686,ACB-C008746,Personal Loan,2023-08-18,11095.76,10685.22,0.2113,180.0,Current,0,0,ACB-BR037
ACB-LN0007687,ACB-C014022,Small Business Loan,2026-01-09,168433.05,11406.15,0.0967,180.0,Current,0,0,ACB-BR077
ACB-LN0007688,ACB-C014803,Auto Loan,2022-04-01,21307.45,3565.05,0.0519,360.0,Current,0,0,ACB-BR063
ACB-LN0007689,ACB-C005403,Student Loan,2025-06-13,43668.22,10550.85,0.0948,60.0,Default,153,1,ACB-BR070
ACB-LN0007690,ACB-C007648,Auto Loan,2024-04-05,12579.32,6987.63,0.0654,24.0,30-59 DPD,38,0,ACB-BR002
ACB-LN0007691,ACB-C001735,Mortgage,2020-05-03,431850.48,354112.42,0.0631,180.0,Current,0,0,ACB-BR027
ACB-LN0007692,ACB-C013628,Personal Loan,2021-03-23,33076.98,32303.95,0.1749,84.0,Current,0,0,ACB-BR007
ACB-LN0007693,ACB-C010209,Auto Loan,2022-11-12,12732.16,5848.4,0.1475,360.0,Current,0,0,ACB-BR056
ACB-LN0007694,ACB-C005566,Personal Loan,2020-01-09,27852.29,10704.83,0.0816,48.0,Current,0,0,ACB-BR060
ACB-LN0007695,ACB-C013392,Personal Loan,2019-11-02,3287.11,1880.04,0.1746,36.0,Current,0,0,ACB-BR058
ACB-LN0007696,ACB-C002526,Auto Loan,2022-03-14,22837.08,3364.72,0.1078,240.0,30-59 DPD,51,0,ACB-BR002
ACB-LN0007697,ACB-C011731,Home Equity Loan,2025-03-30,115280.27,89159.32,0.1329,240.0,Current,0,0,ACB-BR077
ACB-LN0007698,ACB-C008313,Personal Loan,2021-11-24,9825.66,5157.09,0.1216,84.0,Current,0,0,ACB-BR006
ACB-LN0007699,ACB-C010050,Small Business Loan,2026-03-21,114423.95,111787.31,0.1437,36.0,Current,0,0,ACB-BR033
ACB-LN0007700,ACB-C006665,Mortgage,2023-09-13,632345.47,456971.51,0.0947,84.0,Current,0,0,ACB-BR030
ACB-LN0007701,ACB-C002892,Student Loan,2024-04-24,27748.54,21565.55,0.1018,84.0,Current,0,0,ACB-BR078
ACB-LN0007702,ACB-C012865,Personal Loan,2024-11-20,23580.91,10938.22,0.24,24.0,Current,0,0,ACB-BR010
ACB-LN0007703,ACB-C012354,Mortgage,2022-05-28,141129.97,93876.48,0.0676,180.0,Current,0,0,ACB-BR079
ACB-LN0007704,ACB-C013498,Student Loan,2023-01-08,71729.16,23048.65,0.0861,120.0,Current,0,0,ACB-BR027
ACB-LN0007705,ACB-C005628,Personal Loan,2026-01-16,10734.32,5455.65,0.1516,60.0,Paid Off,0,0,ACB-BR027
ACB-LN0007706,ACB-C012675,Auto Loan,2019-02-02,35721.34,32659.91,0.0905,24.0,60-89 DPD,74,0,ACB-BR064
ACB-LN0007707,ACB-C013969,Auto Loan,2022-04-21,47000.46,36176.02,0.1032,240.0,Current,0,0,ACB-BR036
ACB-LN0007708,ACB-C009557,Auto Loan,2025-05-02,28530.82,22273.48,0.118,36.0,Current,0,0,ACB-BR006
ACB-LN0007709,ACB-C014151,Home Equity Loan,2023-06-27,46019.04,10953.64,0.1159,12.0,Current,0,0,ACB-BR070
ACB-LN0007710,ACB-C009597,Mortgage,2023-04-12,483220.04,441944.7,0.0892,240.0,90+ DPD,91,1,ACB-BR018
ACB-LN0007711,ACB-C001040,Student Loan,2021-09-12,23282.93,7641.8,0.0574,12.0,Current,0,0,ACB-BR065
ACB-LN0007712,ACB-C013768,Personal Loan,2025-05-28,19088.84,1016.85,0.1568,120.0,Current,0,0,ACB-BR060
ACB-LN0007713,ACB-C001131,Personal Loan,2021-04-09,25220.96,10873.57,0.193,48.0,Current,0,0,ACB-BR033
ACB-LN0007714,ACB-C011551,Mortgage,2021-03-21,285972.49,123478.28,0.0517,36.0,Current,0,0,ACB-BR001
ACB-LN0007715,ACB-C014587,Home Equity Loan,2023-07-31,71902.44,45246.0,0.0797,180.0,Current,0,0,ACB-BR030
ACB-LN0007716,ACB-C011512,Personal Loan,2021-04-20,31915.36,26411.22,0.1405,48.0,Current,0,0,ACB-BR028
ACB-LN0007717,ACB-C010743,Personal Loan,2022-01-25,19915.45,2256.91,0.1408,240.0,Current,0,0,ACB-BR048
ACB-LN0007718,ACB-C009705,Mortgage,2021-09-25,337965.72,198108.97,0.0701,240.0,Current,0,0,ACB-BR017
ACB-LN0007719,ACB-C012750,Home Equity Loan,2023-06-20,84381.2,29935.95,0.121,120.0,Paid Off,0,0,ACB-BR052
ACB-LN0007720,ACB-C009801,Home Equity Loan,2024-11-23,105206.83,96381.14,0.1071,360.0,Current,0,0,ACB-BR016
ACB-LN0007721,ACB-C009712,Mortgage,2026-02-17,439049.92,250260.02,0.068,24.0,Current,0,0,ACB-BR050
ACB-LN0007722,ACB-C004217,Auto Loan,2024-12-18,54759.07,11703.51,0.1083,84.0,Current,0,0,ACB-BR062
ACB-LN0007723,ACB-C004845,Personal Loan,2024-04-12,26554.64,5720.96,0.2157,60.0,Current,0,0,ACB-BR043
ACB-LN0007724,ACB-C014267,Student Loan,2023-03-23,5143.64,2997.08,0.0649,48.0,Current,0,0,ACB-BR017
ACB-LN0007725,ACB-C009591,Auto Loan,2021-12-25,20572.65,9734.64,0.0974,36.0,Current,0,0,ACB-BR032
ACB-LN0007726,ACB-C011198,Mortgage,2021-05-11,361843.74,286312.97,0.0301,84.0,Current,0,0,ACB-BR051
ACB-LN0007727,ACB-C010748,Auto Loan,2021-06-20,52823.6,7675.12,0.1099,12.0,Paid Off,0,0,ACB-BR072
ACB-LN0007728,ACB-C002816,Mortgage,2026-01-02,249793.96,138569.5,0.0405,24.0,Current,0,0,ACB-BR061
ACB-LN0007729,ACB-C013673,Auto Loan,2023-09-01,41705.09,27979.74,0.1421,180.0,Current,0,0,ACB-BR067
ACB-LN0007730,ACB-C008084,Auto Loan,2024-12-11,34952.01,4999.16,,12.0,Written Off,0,1,ACB-BR039
ACB-LN0007731,ACB-C011003,Home Equity Loan,2022-11-08,78275.77,72058.64,0.14,240.0,Paid Off,0,0,ACB-BR040
ACB-LN0007732,ACB-C014331,Personal Loan,2026-01-24,6088.89,3772.22,0.1155,60.0,Current,0,0,ACB-BR039
ACB-LN0007733,ACB-C008326,Small Business Loan,2023-01-31,84241.02,82023.7,0.1159,24.0,Paid Off,0,0,ACB-BR033
ACB-LN0007734,ACB-C003899,Mortgage,2023-11-07,282035.44,164327.93,0.0482,48.0,Paid Off,0,0,ACB-BR041
ACB-LN0007735,ACB-C000273,Auto Loan,2025-09-19,44120.18,18485.0,0.0738,48.0,Current,0,0,ACB-BR042
ACB-LN0007736,ACB-C003796,Small Business Loan,2022-10-20,160843.64,12919.7,0.0956,84.0,Current,0,0,ACB-BR037
ACB-LN0007737,ACB-C005912,Mortgage,2022-01-17,597629.28,424343.81,0.0621,48.0,60-89 DPD,88,0,ACB-BR052
ACB-LN0007738,ACB-C006572,Home Equity Loan,2020-12-07,80390.01,50602.05,0.109,180.0,Current,0,0,ACB-BR072
ACB-LN0007739,ACB-C008462,Small Business Loan,2021-12-13,248330.54,78340.01,0.1617,180.0,30-59 DPD,46,0,ACB-BR068
ACB-LN0007740,ACB-C012343,Personal Loan,2021-06-20,10417.58,8381.79,0.1549,240.0,Current,0,0,ACB-BR049
ACB-LN0007741,ACB-C013615,Mortgage,2026-02-21,243611.85,37949.47,0.0851,48.0,30-59 DPD,56,0,ACB-BR041
ACB-LN0007742,ACB-C001682,Auto Loan,2025-01-25,47034.28,17493.65,0.1022,360.0,Current,0,0,ACB-BR021
ACB-LN0007743,ACB-C010902,Auto Loan,2026-02-19,14121.66,8035.98,0.1595,36.0,Current,0,0,ACB-BR031
ACB-LN0007744,ACB-C011704,Mortgage,2023-11-24,493400.07,27330.06,0.053,180.0,Current,0,0,ACB-BR032
ACB-LN0007745,ACB-C011935,Home Equity Loan,2024-07-11,103782.66,35802.24,0.14,84.0,Current,0,0,ACB-BR027
ACB-LN0007746,ACB-C003164,Personal Loan,2019-08-29,10263.55,9412.17,0.1534,120.0,Current,0,0,ACB-BR014
ACB-LN0007747,ACB-C008114,Mortgage,2023-07-31,591645.06,282015.99,0.0695,360.0,Current,0,0,ACB-BR041
ACB-LN0007748,ACB-C006085,Personal Loan,2020-12-14,32589.86,5630.98,0.2079,240.0,Current,0,0,ACB-BR056
ACB-LN0007749,ACB-C004111,Mortgage,2023-01-14,347163.02,203335.98,0.0531,240.0,Current,0,0,ACB-BR029
ACB-LN0007750,ACB-C013449,Mortgage,2025-06-20,427495.28,55414.68,0.0935,60.0,Current,0,0,ACB-BR070
ACB-LN0007751,ACB-C002614,Home Equity Loan,2023-06-03,86377.31,71453.11,0.0893,240.0,Current,0,0,ACB-BR023
ACB-LN0007752,ACB-C008067,Auto Loan,2023-07-03,15417.51,9224.26,0.0608,180.0,Current,0,0,ACB-BR017
ACB-LN0007753,ACB-C006921,Student Loan,2020-04-08,42709.92,26104.43,0.0812,240.0,Current,0,0,ACB-BR063
ACB-LN0007754,ACB-C012301,Auto Loan,2025-10-17,35827.25,12167.54,0.0841,120.0,Current,0,0,ACB-BR037
ACB-LN0007755,ACB-C000004,Small Business Loan,2019-12-07,204809.64,67726.69,0.1393,12.0,Current,0,0,ACB-BR008
ACB-LN0007756,ACB-C010570,Mortgage,2019-09-20,432651.56,404031.63,0.0473,36.0,Paid Off,0,0,ACB-BR046
ACB-LN0007757,ACB-C000119,Student Loan,2021-09-08,26496.88,15230.72,0.0716,48.0,Current,0,0,ACB-BR079
ACB-LN0007758,ACB-C001662,Small Business Loan,2019-12-17,142727.52,73134.06,0.1151,240.0,Current,0,0,ACB-BR043
ACB-LN0007759,ACB-C007637,Home Equity Loan,2021-04-30,84035.43,65682.66,0.0558,24.0,Current,0,0,ACB-BR056
ACB-LN0007760,ACB-C009371,Personal Loan,2025-10-11,10832.5,4702.97,0.1121,48.0,Current,0,0,ACB-BR002
ACB-LN0007761,ACB-C001319,Mortgage,2025-06-15,618860.34,36015.59,0.0892,12.0,Current,0,0,ACB-BR001
ACB-LN0007762,ACB-C007699,Mortgage,2023-09-25,631222.78,305030.04,0.0807,180.0,Default,348,1,ACB-BR010
ACB-LN0007763,ACB-C010426,Personal Loan,2022-10-12,30805.2,3447.74,0.1858,24.0,Current,0,0,ACB-BR018
ACB-LN0007764,ACB-C000744,Home Equity Loan,2025-08-06,105094.2,12530.88,0.14,60.0,Current,0,0,ACB-BR015
ACB-LN0007765,ACB-C004523,Home Equity Loan,2023-05-25,114199.69,22577.61,0.0874,60.0,Current,0,0,ACB-BR016
ACB-LN0007766,ACB-C000064,Small Business Loan,2024-10-05,165462.58,71208.0,0.0975,,Paid Off,0,0,ACB-BR009
ACB-LN0007767,ACB-C003247,Auto Loan,2021-10-21,23197.39,15744.16,0.129,240.0,30-59 DPD,50,0,ACB-BR042
ACB-LN0007768,ACB-C002971,Home Equity Loan,2025-11-13,42090.31,17879.2,0.0908,360.0,Current,0,0,ACB-BR052
ACB-LN0007769,ACB-C014185,Mortgage,2019-07-21,347770.46,64491.19,0.0409,36.0,Current,0,0,ACB-BR049
ACB-LN0007770,ACB-C009491,Personal Loan,2023-02-27,17641.18,1354.14,0.1306,180.0,Current,0,0,ACB-BR028
ACB-LN0007771,ACB-C012555,Personal Loan,2021-03-24,14630.45,5661.41,0.208,84.0,Current,0,0,ACB-BR028
ACB-LN0007772,ACB-C010262,Auto Loan,2026-01-27,23261.12,2824.86,0.0933,60.0,Current,0,0,ACB-BR008
ACB-LN0007773,ACB-C012783,Personal Loan,2019-08-06,5651.31,2136.73,0.0878,360.0,Current,0,0,ACB-BR016
ACB-LN0007774,ACB-C007019,Auto Loan,2020-03-13,36848.63,31970.38,0.0506,180.0,Current,0,0,ACB-BR037
ACB-LN0007775,ACB-C005235,Home Equity Loan,2025-02-10,81318.83,24327.73,0.1197,24.0,Current,0,0,ACB-BR022
ACB-LN0007776,ACB-C014372,Personal Loan,2022-11-25,13901.91,6820.6,0.239,48.0,Current,0,0,ACB-BR045
ACB-LN0007777,ACB-C011129,Mortgage,2020-08-19,183986.62,157707.42,0.0399,180.0,Paid Off,0,0,ACB-BR063
ACB-LN0007778,ACB-C001353,Auto Loan,2025-11-04,36037.49,17045.69,0.16,180.0,Current,0,0,ACB-BR058
ACB-LN0007779,ACB-C014935,Mortgage,2020-01-25,439465.39,360529.42,0.0332,84.0,Current,0,0,ACB-BR061
ACB-LN0007780,ACB-C002795,Mortgage,2022-08-18,222617.61,151306.66,0.0523,36.0,Current,0,0,ACB-BR027
ACB-LN0007781,ACB-C007394,Personal Loan,2021-06-24,3268.86,1131.81,0.081,,90+ DPD,126,1,ACB-BR037
ACB-LN0007782,ACB-C011237,Small Business Loan,2023-08-17,183350.25,85516.19,0.1972,180.0,Current,0,0,ACB-BR031
ACB-LN0007783,ACB-C012940,Home Equity Loan,2022-03-13,47896.3,46775.07,0.1146,84.0,Current,0,0,ACB-BR004
ACB-LN0007784,ACB-C013661,Auto Loan,2025-02-23,48386.99,16584.44,0.0677,24.0,Current,0,0,ACB-BR077
ACB-LN0007785,ACB-C002900,Small Business Loan,2024-06-23,226549.92,69203.99,0.2,120.0,Paid Off,0,0,ACB-BR023
ACB-LN0007786,ACB-C002095,Mortgage,2026-01-26,328339.08,213823.3,0.0622,60.0,Default,277,1,ACB-BR032
ACB-LN0007787,ACB-C009549,Mortgage,2021-06-18,141489.85,39858.96,0.052,36.0,Current,0,0,ACB-BR001
ACB-LN0007788,ACB-C011237,Mortgage,2023-10-20,566506.5,132744.76,0.0652,84.0,Current,0,0,ACB-BR063
ACB-LN0007789,ACB-C009746,Mortgage,2024-07-31,645387.37,251312.54,0.095,36.0,Current,0,0,ACB-BR047
ACB-LN0007790,ACB-C009763,Small Business Loan,2019-05-05,229096.35,57790.66,0.1109,12.0,Current,0,0,ACB-BR055
ACB-LN0007791,ACB-C001430,Mortgage,2024-08-11,515289.28,281076.4,0.0551,240.0,Current,0,0,ACB-BR019
ACB-LN0007792,ACB-C008121,Home Equity Loan,2021-11-07,25267.03,2519.14,0.0909,24.0,Current,0,0,ACB-BR060
ACB-LN0007793,ACB-C002136,Auto Loan,2021-05-21,19357.62,2299.4,0.0637,180.0,Current,0,0,ACB-BR069
ACB-LN0007794,ACB-C014739,Home Equity Loan,2020-12-25,103145.89,75606.98,0.0661,84.0,Current,0,0,ACB-BR045
ACB-LN0007795,ACB-C011895,Personal Loan,2022-09-30,3942.18,1554.97,0.156,36.0,Current,0,0,ACB-BR012
ACB-LN0007796,ACB-C003373,Personal Loan,2020-09-08,30838.69,10179.17,0.1841,84.0,Paid Off,0,0,ACB-BR020
ACB-LN0007797,ACB-C003646,Auto Loan,2025-03-09,13344.52,8672.31,0.0832,360.0,Current,0,0,ACB-BR065
ACB-LN0007798,ACB-C014804,Auto Loan,2019-10-08,41920.1,30223.37,0.1325,60.0,30-59 DPD,40,0,ACB-BR042
ACB-LN0007799,ACB-C007298,Auto Loan,2022-02-09,21079.16,12781.78,0.083,12.0,Current,0,0,ACB-BR033
ACB-LN0007800,ACB-C013167,Small Business Loan,2020-07-24,179072.27,53413.82,0.0783,360.0,30-59 DPD,52,0,ACB-BR030
ACB-LN0007801,ACB-C014700,Student Loan,2025-08-08,54093.93,15284.79,0.0693,12.0,Current,0,0,ACB-BR017
ACB-LN0007802,ACB-C011073,Mortgage,2021-11-15,184958.54,19997.65,0.0698,12.0,Current,0,0,ACB-BR036
ACB-LN0007803,ACB-C010064,Mortgage,2021-08-29,499605.0,382879.64,0.0339,36.0,Current,0,0,ACB-BR048
ACB-LN0007804,ACB-C000375,Home Equity Loan,2024-10-21,46626.63,25309.27,0.1185,180.0,Current,0,0,ACB-BR036
ACB-LN0007805,ACB-C013348,Auto Loan,2022-06-22,54698.24,8396.16,0.0785,180.0,Current,0,0,ACB-BR038
ACB-LN0007806,ACB-C006730,Mortgage,2025-11-14,483830.28,278296.56,0.0876,60.0,Current,0,0,ACB-BR076
ACB-LN0007807,ACB-C012562,Home Equity Loan,2019-12-29,34109.46,18890.96,0.0609,240.0,Current,0,0,ACB-BR046
ACB-LN0007808,ACB-C011114,Home Equity Loan,2020-10-15,40610.28,31446.74,0.0684,120.0,Current,0,0,ACB-BR020
ACB-LN0007809,ACB-C010811,Mortgage,2025-10-16,165098.16,157638.66,0.0682,84.0,Current,0,0,ACB-BR004
ACB-LN0007810,ACB-C009379,Student Loan,2024-12-24,63736.17,60308.26,0.1075,48.0,Current,0,0,ACB-BR059
ACB-LN0007811,ACB-C006837,Small Business Loan,2026-02-27,56663.72,45775.14,0.1208,24.0,Current,0,0,ACB-BR003
ACB-LN0007812,ACB-C011344,Personal Loan,2022-05-15,27643.85,19834.71,0.0872,84.0,Written Off,0,1,ACB-BR054
ACB-LN0007813,ACB-C003165,Personal Loan,2023-10-10,21998.22,11943.21,0.128,360.0,Paid Off,0,0,ACB-BR002
ACB-LN0007814,ACB-C006103,Auto Loan,2021-01-04,49578.42,26153.7,0.0878,,Current,0,0,ACB-BR077
ACB-LN0007815,ACB-C002820,Auto Loan,2019-02-07,41327.48,16961.01,0.0556,12.0,Current,0,0,ACB-BR073
ACB-LN0007816,ACB-C001044,Home Equity Loan,2020-01-08,98957.9,20763.4,0.0557,120.0,Current,0,0,ACB-BR045
ACB-LN0007817,ACB-C008686,Auto Loan,2025-06-27,20116.91,2963.13,0.0738,360.0,Current,0,0,ACB-BR063
ACB-LN0007818,ACB-C004326,Mortgage,2021-05-11,270833.62,238794.79,0.0436,360.0,Current,0,0,ACB-BR015
ACB-LN0007819,ACB-C007226,Auto Loan,2019-10-25,31930.07,17582.6,0.0999,24.0,30-59 DPD,34,0,ACB-BR018
ACB-LN0007820,ACB-C010692,Mortgage,2025-10-04,622493.11,468169.69,0.0752,24.0,Current,0,0,ACB-BR010
ACB-LN0007821,ACB-C000959,Personal Loan,2024-08-15,26129.61,8495.03,0.24,120.0,Current,0,0,ACB-BR022
ACB-LN0007822,ACB-C000075,Auto Loan,2021-08-07,32823.65,7521.53,0.1078,24.0,Default,325,1,ACB-BR044
ACB-LN0007823,ACB-C005276,Mortgage,2020-06-18,364719.79,311956.08,0.0333,24.0,Current,0,0,ACB-BR056
ACB-LN0007824,ACB-C010596,Mortgage,2023-03-20,526102.06,430770.24,0.095,36.0,Current,0,0,ACB-BR080
ACB-LN0007825,ACB-C008379,Auto Loan,2023-08-08,46931.97,14751.01,0.1408,180.0,Current,0,0,ACB-BR072
ACB-LN0007826,ACB-C014390,Personal Loan,2023-10-20,34151.66,17657.74,0.24,24.0,30-59 DPD,54,0,ACB-BR045
ACB-LN0007827,ACB-C014790,Mortgage,2022-04-08,545031.98,443178.78,0.0409,24.0,Current,0,0,ACB-BR032
ACB-LN0007828,ACB-C000025,Mortgage,2020-07-21,599434.08,471255.62,0.066,48.0,Current,0,0,ACB-BR039
ACB-LN0007829,ACB-C000251,Small Business Loan,2025-05-12,211781.21,79973.12,0.2,360.0,Paid Off,0,0,ACB-BR010
ACB-LN0007830,ACB-C005207,Auto Loan,2025-02-28,10832.02,4589.02,0.112,60.0,Current,0,0,ACB-BR065
ACB-LN0007831,ACB-C001564,Home Equity Loan,2025-01-20,118140.74,20575.71,0.1279,180.0,Current,0,0,ACB-BR041
ACB-LN0007832,ACB-C011762,Auto Loan,2025-05-03,54711.02,23555.1,,120.0,Current,0,0,ACB-BR050
ACB-LN0007833,ACB-C003816,Student Loan,2019-07-08,25319.88,18324.56,0.0674,120.0,Current,0,0,ACB-BR035
ACB-LN0007834,ACB-C007780,Student Loan,2025-03-31,54751.37,46566.72,0.1068,84.0,Current,0,0,ACB-BR030
ACB-LN0007835,ACB-C000174,Personal Loan,2019-07-22,15757.07,1900.46,0.1603,24.0,Paid Off,0,0,ACB-BR006
ACB-LN0007836,ACB-C010756,Student Loan,2024-09-20,68925.64,67000.88,0.0645,360.0,Default,294,1,ACB-BR052
ACB-LN0007837,ACB-C006339,Small Business Loan,2021-04-03,84238.12,68473.78,0.11,48.0,Current,0,0,ACB-BR010
ACB-LN0007838,ACB-C013797,Personal Loan,2025-04-29,20362.54,8840.92,0.1197,240.0,Paid Off,0,0,ACB-BR068
ACB-LN0007839,ACB-C013105,Personal Loan,2024-08-11,25873.8,1494.78,0.1579,360.0,Current,0,0,ACB-BR029
ACB-LN0007840,ACB-C014050,Mortgage,2025-10-19,141231.4,90650.08,,48.0,Current,0,0,ACB-BR069
ACB-LN0007841,ACB-C006828,Mortgage,2021-07-04,404521.61,197055.91,0.0549,84.0,Current,0,0,ACB-BR033
ACB-LN0007842,ACB-C012623,Personal Loan,2022-06-14,29226.97,19716.17,0.1406,240.0,Current,0,0,ACB-BR056
ACB-LN0007843,ACB-C003508,Personal Loan,2023-03-15,4565.09,3119.68,0.1407,12.0,Current,0,0,ACB-BR032
ACB-LN0007844,ACB-C007876,Personal Loan,2022-12-01,28524.03,5233.5,0.1807,120.0,Current,0,0,ACB-BR013
ACB-LN0007845,ACB-C004277,Home Equity Loan,2019-05-22,106640.18,64368.73,0.1168,12.0,Default,301,1,ACB-BR052
ACB-LN0007846,ACB-C002304,Home Equity Loan,2025-04-24,118640.89,9662.12,0.1147,60.0,Current,0,0,ACB-BR041
ACB-LN0007847,ACB-C008016,Home Equity Loan,2020-01-17,49213.47,39314.3,0.0621,24.0,Current,0,0,ACB-BR066
ACB-LN0007848,ACB-C014665,Auto Loan,2025-01-27,12513.73,1138.17,0.1467,24.0,Current,0,0,ACB-BR034
ACB-LN0007849,ACB-C000868,Small Business Loan,2022-04-04,34968.83,18458.11,0.1179,12.0,Current,0,0,ACB-BR079
ACB-LN0007850,ACB-C004525,Personal Loan,2024-03-03,16096.03,2733.26,0.164,84.0,Paid Off,0,0,ACB-BR037
ACB-LN0007851,ACB-C006985,Mortgage,2025-09-20,577144.14,491788.25,0.0927,60.0,Current,0,0,ACB-BR064
ACB-LN0007852,ACB-C012835,Home Equity Loan,2019-03-16,91469.44,4952.09,0.1134,48.0,Current,0,0,ACB-BR044
ACB-LN0007853,ACB-C013772,Personal Loan,2026-02-01,16495.12,16051.81,0.1403,360.0,Current,0,0,ACB-BR028
ACB-LN0007854,ACB-C014124,Small Business Loan,2019-07-16,233791.36,119493.31,0.1642,180.0,90+ DPD,114,1,ACB-BR034
ACB-LN0007855,ACB-C008221,Home Equity Loan,2025-01-28,110608.22,28512.58,0.0914,120.0,Current,0,0,ACB-BR077
ACB-LN0007856,ACB-C004095,Personal Loan,2022-01-20,6393.39,1353.49,0.1819,36.0,Paid Off,0,0,ACB-BR080
ACB-LN0007857,ACB-C002965,Personal Loan,2025-01-15,22933.93,18253.15,0.24,48.0,Current,0,0,ACB-BR048
ACB-LN0007858,ACB-C006651,Personal Loan,2022-10-06,18453.28,10691.13,0.1884,84.0,Written Off,0,1,ACB-BR040
ACB-LN0007859,ACB-C005609,Personal Loan,2021-06-06,28083.65,17799.33,0.1782,360.0,Current,0,0,ACB-BR029
ACB-LN0007860,ACB-C010184,Mortgage,2022-10-28,296828.38,171712.49,0.0913,24.0,Paid Off,0,0,ACB-BR068
ACB-LN0007861,ACB-C003240,Personal Loan,2019-01-25,6373.79,5839.46,0.1195,12.0,Current,0,0,ACB-BR010
ACB-LN0007862,ACB-C008686,Home Equity Loan,2020-11-24,40379.0,5243.84,0.0683,240.0,Current,0,0,ACB-BR069
ACB-LN0007863,ACB-C003335,Mortgage,2023-11-25,452511.91,272938.68,0.095,84.0,Current,0,0,ACB-BR060
ACB-LN0007864,ACB-C010320,Home Equity Loan,2024-11-18,29591.78,16325.12,0.0829,180.0,Current,0,0,ACB-BR015
ACB-LN0007865,ACB-C000817,Auto Loan,2019-01-14,53484.51,19922.63,,360.0,Current,0,0,ACB-BR012
ACB-LN0007866,ACB-C012332,Personal Loan,2024-09-01,5042.9,4127.99,0.1523,84.0,Current,0,0,ACB-BR070
ACB-LN0007867,ACB-C010110,Mortgage,2023-06-24,444773.55,252865.05,0.0437,360.0,Current,0,0,ACB-BR011
ACB-LN0007868,ACB-C001126,Auto Loan,2022-03-05,30598.8,26861.45,0.0997,48.0,Current,0,0,ACB-BR006
ACB-LN0007869,ACB-C002303,Mortgage,2021-07-16,234973.48,130493.45,0.0736,60.0,Current,0,0,ACB-BR065
ACB-LN0007870,ACB-C008640,Personal Loan,2023-09-29,21546.65,12712.55,0.1502,12.0,Current,0,0,ACB-BR003
ACB-LN0007871,ACB-C007032,Mortgage,2025-03-24,217516.91,192938.09,0.0781,120.0,Paid Off,0,0,ACB-BR042
ACB-LN0007872,ACB-C011516,Small Business Loan,2025-07-20,213415.13,70578.73,0.2,84.0,Default,289,1,ACB-BR031
ACB-LN0007873,ACB-C008130,Personal Loan,2021-12-23,23598.71,14068.13,0.2009,60.0,Current,0,0,ACB-BR049
ACB-LN0007874,ACB-C013947,Small Business Loan,2019-07-18,38551.37,12712.13,0.1411,120.0,Current,0,0,ACB-BR055
ACB-LN0007875,ACB-C009112,Mortgage,2023-10-26,502816.7,383374.96,0.071,60.0,Current,0,0,ACB-BR044
ACB-LN0007876,ACB-C006381,Mortgage,2025-07-01,498186.5,63629.64,0.0882,12.0,Paid Off,0,0,ACB-BR061
ACB-LN0007877,ACB-C000233,Personal Loan,2019-06-13,9250.22,7329.21,0.0808,12.0,Current,0,0,ACB-BR063
ACB-LN0007878,ACB-C004980,Auto Loan,2024-06-29,15700.17,9039.96,0.1313,84.0,Current,0,0,ACB-BR039
ACB-LN0007879,ACB-C014709,Student Loan,2022-03-07,23762.12,4932.84,0.0414,240.0,Current,0,0,ACB-BR033
ACB-LN0007880,ACB-C008080,Personal Loan,2022-12-30,10613.09,8424.63,0.1423,120.0,Current,0,0,ACB-BR034
ACB-LN0007881,ACB-C010674,Personal Loan,2025-01-12,6789.43,4762.15,0.24,360.0,30-59 DPD,49,0,ACB-BR079
ACB-LN0007882,ACB-C002206,Small Business Loan,2025-08-29,198959.78,175382.75,0.2,360.0,30-59 DPD,49,0,ACB-BR031
ACB-LN0007883,ACB-C005822,Personal Loan,2023-11-24,21878.19,16255.01,0.1681,,Current,0,0,ACB-BR044
ACB-LN0007884,ACB-C003967,Student Loan,2026-02-02,57972.74,41931.84,0.0656,24.0,Current,0,0,ACB-BR054
ACB-LN0007885,ACB-C004196,Auto Loan,2019-08-03,50161.31,23222.58,0.0454,180.0,Current,0,0,ACB-BR026
ACB-LN0007886,ACB-C011605,Mortgage,2023-04-11,250665.39,196243.52,0.0595,36.0,60-89 DPD,60,0,ACB-BR036
ACB-LN0007887,ACB-C000936,Home Equity Loan,2019-04-09,102857.55,74124.77,0.0735,24.0,Paid Off,0,0,ACB-BR073
ACB-LN0007888,ACB-C010659,Mortgage,2019-10-03,531113.83,360657.84,0.0674,48.0,Current,0,0,ACB-BR037
ACB-LN0007889,ACB-C007694,Mortgage,2022-06-28,286748.79,133466.6,0.0787,48.0,Current,0,0,ACB-BR003
ACB-LN0007890,ACB-C006099,Personal Loan,2019-03-18,33493.91,23448.69,0.1602,180.0,Current,0,0,ACB-BR061
ACB-LN0007891,ACB-C012791,Personal Loan,2023-03-23,14442.06,9586.74,0.2283,60.0,Current,0,0,ACB-BR056
ACB-LN0007892,ACB-C011588,Auto Loan,2023-07-24,18286.04,4624.46,,240.0,Current,0,0,ACB-BR074
ACB-LN0007893,ACB-C004292,Home Equity Loan,2021-05-23,73393.71,42139.95,0.0628,120.0,Current,0,0,ACB-BR030
ACB-LN0007894,ACB-C008511,Mortgage,2022-05-22,381057.69,50783.99,0.0552,84.0,Current,0,0,ACB-BR037
ACB-LN0007895,ACB-C000412,Mortgage,2021-08-28,175258.89,125973.04,0.0667,120.0,Current,0,0,ACB-BR001
ACB-LN0007896,ACB-C004006,Home Equity Loan,2020-05-08,46002.12,8150.1,0.117,36.0,Current,0,0,ACB-BR029
ACB-LN0007897,ACB-C008051,Auto Loan,2023-03-31,45990.9,25716.76,0.1513,36.0,Current,0,0,ACB-BR032
ACB-LN0007898,ACB-C011287,Student Loan,2025-12-20,9081.92,3294.72,0.11,36.0,60-89 DPD,86,0,ACB-BR050
ACB-LN0007899,ACB-C010709,Home Equity Loan,2021-11-11,92239.85,21289.44,0.1167,36.0,Current,0,0,ACB-BR007
ACB-LN0007900,ACB-C006887,Personal Loan,2021-12-12,31456.71,16276.06,0.1357,240.0,Current,0,0,ACB-BR061
ACB-LN0007901,ACB-C008292,Home Equity Loan,2020-12-07,52843.41,9577.83,0.0719,48.0,Current,0,0,ACB-BR041
ACB-LN0007902,ACB-C005698,Mortgage,2020-05-17,587338.7,348301.18,0.0716,36.0,Current,0,0,ACB-BR031
ACB-LN0007903,ACB-C000623,Home Equity Loan,2022-07-15,88155.26,7522.37,0.1278,120.0,Current,0,0,ACB-BR047
ACB-LN0007904,ACB-C012019,Mortgage,2024-01-11,204062.46,24297.93,0.0915,60.0,Current,0,0,ACB-BR048
ACB-LN0007905,ACB-C012902,Auto Loan,2019-06-04,16198.01,6852.81,0.107,120.0,Current,0,0,ACB-BR036
ACB-LN0007906,ACB-C011307,Mortgage,2020-05-01,128988.92,61067.86,0.0633,84.0,Current,0,0,ACB-BR029
ACB-LN0007907,ACB-C014407,Mortgage,2021-05-15,362338.76,269718.32,0.0384,24.0,Current,0,0,ACB-BR046
ACB-LN0007908,ACB-C007987,Personal Loan,2024-03-27,4382.76,1861.63,0.2138,360.0,Current,0,0,ACB-BR076
ACB-LN0007909,ACB-C010629,Auto Loan,2025-03-26,31203.92,11913.15,0.1324,180.0,Current,0,0,ACB-BR051
ACB-LN0007910,ACB-C011099,Mortgage,2026-03-12,205953.23,90428.85,0.0515,360.0,Written Off,0,1,ACB-BR079
ACB-LN0007911,ACB-C005853,Student Loan,2025-04-24,39126.63,11795.93,0.11,120.0,Current,0,0,ACB-BR060
ACB-LN0007912,ACB-C006332,Personal Loan,2023-04-29,2810.52,2009.1,0.1403,36.0,Paid Off,0,0,ACB-BR007
ACB-LN0007913,ACB-C011333,Personal Loan,2022-10-04,19136.87,16063.49,0.1975,48.0,Current,0,0,ACB-BR050
ACB-LN0007914,ACB-C003643,Personal Loan,2020-10-21,16054.69,1423.46,0.194,120.0,Written Off,0,1,ACB-BR054
ACB-LN0007915,ACB-C002058,Personal Loan,2019-06-11,29696.79,13135.84,0.112,180.0,Current,0,0,ACB-BR019
ACB-LN0007916,ACB-C012748,Student Loan,2020-09-23,62002.42,46689.54,0.0781,48.0,60-89 DPD,89,0,ACB-BR021
ACB-LN0007917,ACB-C007244,Personal Loan,2024-01-21,3222.2,2752.39,0.24,120.0,Current,0,0,ACB-BR013
ACB-LN0007918,ACB-C010664,Auto Loan,2023-10-21,47052.7,5602.48,0.16,48.0,Paid Off,0,0,ACB-BR001
ACB-LN0007919,ACB-C009056,Auto Loan,2019-06-20,25962.06,8582.15,0.1237,120.0,Current,0,0,ACB-BR069
ACB-LN0007920,ACB-C002592,Student Loan,2023-11-29,7428.74,5189.99,0.0816,24.0,90+ DPD,164,1,ACB-BR056
ACB-LN0007921,ACB-C008770,Mortgage,2025-06-24,373298.69,175753.45,0.0839,48.0,Current,0,0,ACB-BR073
ACB-LN0007922,ACB-C002823,Personal Loan,2020-03-11,28689.64,14474.69,0.1457,240.0,Current,0,0,ACB-BR004
ACB-LN0007923,ACB-C007351,Auto Loan,2025-04-27,30430.8,28946.18,0.0648,360.0,Current,0,0,ACB-BR080
ACB-LN0007924,ACB-C003046,Auto Loan,2023-09-26,29183.71,7213.9,0.0948,12.0,Current,0,0,ACB-BR044
ACB-LN0007925,ACB-C004130,Mortgage,2020-06-05,274085.33,266163.89,0.0499,180.0,Current,0,0,ACB-BR028
ACB-LN0007926,ACB-C008395,Personal Loan,2019-04-26,20833.34,2282.46,0.1651,180.0,Current,0,0,ACB-BR045
ACB-LN0007927,ACB-C005271,Mortgage,2025-01-05,400883.7,231224.57,0.0423,360.0,60-89 DPD,76,0,ACB-BR063
ACB-LN0007928,ACB-C001076,Personal Loan,2025-09-29,21492.98,20847.11,0.1619,360.0,Current,0,0,ACB-BR026
ACB-LN0007929,ACB-C014095,Mortgage,2024-01-26,387845.01,181855.28,0.0724,180.0,Current,0,0,ACB-BR020
ACB-LN0007930,ACB-C014241,Mortgage,2024-01-26,634853.15,370428.31,0.0464,24.0,Current,0,0,ACB-BR056
ACB-LN0007931,ACB-C012741,Mortgage,2020-05-06,190407.86,109459.0,0.0666,36.0,Current,0,0,ACB-BR044
ACB-LN0007932,ACB-C006838,Mortgage,2025-10-24,275915.5,203265.16,0.0595,12.0,Current,0,0,ACB-BR068
ACB-LN0007933,ACB-C004907,Mortgage,2022-11-12,299875.62,241292.17,0.0595,24.0,Default,127,1,ACB-BR015
ACB-LN0007934,ACB-C003286,Mortgage,2020-05-12,569562.08,446904.97,0.0649,,Current,0,0,ACB-BR019
ACB-LN0007935,ACB-C012226,Auto Loan,2019-09-28,46364.65,35146.58,0.1131,240.0,Current,0,0,ACB-BR044
ACB-LN0007936,ACB-C006010,Auto Loan,2024-08-10,11747.06,2634.92,0.0827,12.0,Current,0,0,ACB-BR049
ACB-LN0007937,ACB-C011685,Personal Loan,2025-12-06,30875.86,27751.24,0.122,24.0,60-89 DPD,86,0,ACB-BR062
ACB-LN0007938,ACB-C011481,Student Loan,2024-12-19,34648.63,14770.3,0.0978,84.0,30-59 DPD,58,0,ACB-BR034
ACB-LN0007939,ACB-C004509,Personal Loan,2024-11-11,4099.8,1758.33,,360.0,Current,0,0,ACB-BR072
ACB-LN0007940,ACB-C003889,Auto Loan,2022-03-16,20826.36,20089.75,,60.0,Default,361,1,ACB-BR025
ACB-LN0007941,ACB-C014776,Mortgage,2019-10-26,494184.57,477642.61,0.0308,180.0,Current,0,0,ACB-BR054
ACB-LN0007942,ACB-C009556,Auto Loan,2019-10-18,28950.09,12778.07,0.0614,48.0,Current,0,0,ACB-BR050
ACB-LN0007943,ACB-C000635,Mortgage,2021-07-21,200468.33,160524.4,0.0342,24.0,Current,0,0,ACB-BR075
ACB-LN0007944,ACB-C008075,Personal Loan,2021-03-12,12272.29,8319.64,0.1456,24.0,Current,0,0,ACB-BR064
ACB-LN0007945,ACB-C012960,Personal Loan,2021-01-01,7857.77,973.74,0.1903,60.0,Current,0,0,ACB-BR079
ACB-LN0007946,ACB-C013188,Auto Loan,2020-10-31,12348.91,5701.43,0.1387,240.0,Current,0,0,ACB-BR033
ACB-LN0007947,ACB-C007501,Personal Loan,2022-06-06,32676.44,7623.29,0.2096,84.0,60-89 DPD,72,0,ACB-BR040
ACB-LN0007948,ACB-C014618,Personal Loan,2021-04-02,19026.84,7046.37,0.1055,48.0,60-89 DPD,82,0,ACB-BR025
ACB-LN0007949,ACB-C009819,Personal Loan,2024-05-17,27345.87,17808.21,0.2129,84.0,Current,0,0,ACB-BR013
ACB-LN0007950,ACB-C010057,Mortgage,2025-12-02,226044.57,54832.25,0.0811,36.0,Current,0,0,ACB-BR037
ACB-LN0007951,ACB-C013780,Auto Loan,2024-11-04,35752.63,28807.31,0.16,240.0,Current,0,0,ACB-BR039
ACB-LN0007952,ACB-C006353,Mortgage,2026-03-21,134440.03,62649.34,0.0724,12.0,Paid Off,0,0,ACB-BR074
ACB-LN0007953,ACB-C006283,Mortgage,2019-09-14,531132.59,91044.42,0.067,240.0,Current,0,0,ACB-BR011
ACB-LN0007954,ACB-C011998,Student Loan,2024-10-18,66917.68,53762.43,0.064,180.0,60-89 DPD,68,0,ACB-BR041
ACB-LN0007955,ACB-C001066,Home Equity Loan,2020-01-19,59880.8,14599.64,0.0999,240.0,Current,0,0,ACB-BR035
ACB-LN0007956,ACB-C000206,Home Equity Loan,2023-01-28,51845.76,43001.7,0.0788,12.0,Current,0,0,ACB-BR001
ACB-LN0007957,ACB-C003879,Mortgage,2019-04-08,170037.82,9416.0,0.0344,36.0,60-89 DPD,82,0,ACB-BR058
ACB-LN0007958,ACB-C002653,Small Business Loan,2023-09-10,35313.54,19107.49,0.1617,120.0,Current,0,0,ACB-BR055
ACB-LN0007959,ACB-C007793,Auto Loan,2019-11-11,24851.46,10459.18,0.0517,12.0,Current,0,0,ACB-BR079
ACB-LN0007960,ACB-C013606,Mortgage,2021-02-02,456272.29,60834.74,0.0687,84.0,Current,0,0,ACB-BR008
ACB-LN0007961,ACB-C011706,Mortgage,2019-09-01,610435.91,423818.37,0.0511,36.0,Current,0,0,ACB-BR058
ACB-LN0007962,ACB-C010332,Mortgage,2021-12-21,434930.54,358139.47,0.0625,24.0,Current,0,0,ACB-BR068
ACB-LN0007963,ACB-C000577,Mortgage,2023-03-09,449998.87,438864.72,0.0471,180.0,Current,0,0,ACB-BR023
ACB-LN0007964,ACB-C013758,Home Equity Loan,2022-09-29,15740.55,2653.87,0.1204,,Current,0,0,ACB-BR029
ACB-LN0007965,ACB-C007796,Mortgage,2025-01-22,452843.23,430410.11,0.0891,60.0,Current,0,0,ACB-BR073
ACB-LN0007966,ACB-C014180,Personal Loan,2023-07-01,28803.37,28021.82,0.22,24.0,Written Off,0,1,ACB-BR047
ACB-LN0007967,ACB-C000948,Auto Loan,2022-03-31,39158.52,14954.58,0.1159,12.0,Current,0,0,ACB-BR032
ACB-LN0007968,ACB-C001492,Auto Loan,2024-05-30,8504.32,1840.15,0.16,36.0,90+ DPD,94,1,ACB-BR034
ACB-LN0007969,ACB-C004740,Personal Loan,2019-12-22,19236.27,2869.06,0.1334,24.0,Current,0,0,ACB-BR068
ACB-LN0007970,ACB-C006050,Auto Loan,2021-12-28,34211.85,6059.61,0.0892,24.0,Current,0,0,ACB-BR073
ACB-LN0007971,ACB-C006635,Mortgage,2023-02-04,330346.22,36559.82,0.0836,60.0,Default,259,1,ACB-BR031
ACB-LN0007972,ACB-C005932,Personal Loan,2019-08-18,26543.63,3378.38,0.2138,120.0,Current,0,0,ACB-BR007
ACB-LN0007973,ACB-C013297,Home Equity Loan,2023-02-21,57164.81,25256.8,0.1319,24.0,Paid Off,0,0,ACB-BR064
ACB-LN0007974,ACB-C012850,Small Business Loan,2026-01-31,140161.39,88695.23,0.1654,360.0,Current,0,0,ACB-BR004
ACB-LN0007975,ACB-C013805,Auto Loan,2026-01-21,47238.91,27813.39,0.1266,60.0,Current,0,0,ACB-BR059
ACB-LN0007976,ACB-C007530,Mortgage,2025-01-21,403562.97,217954.96,0.0709,360.0,Current,0,0,ACB-BR073
ACB-LN0007977,ACB-C008173,Mortgage,2024-12-09,342827.38,114227.14,0.0605,24.0,Current,0,0,ACB-BR059
ACB-LN0007978,ACB-C004886,Auto Loan,2024-10-13,31023.92,17602.85,0.16,48.0,Current,0,0,ACB-BR008
ACB-LN0007979,ACB-C000499,Mortgage,2020-11-02,509911.42,76125.07,0.0607,,Current,0,0,ACB-BR043
ACB-LN0007980,ACB-C004440,Personal Loan,2025-09-04,31001.74,9312.11,0.1665,360.0,Current,0,0,ACB-BR060
ACB-LN0007981,ACB-C010985,Personal Loan,2023-09-30,18150.25,15980.61,0.2274,360.0,Current,0,0,ACB-BR044
ACB-LN0007982,ACB-C009189,Personal Loan,2019-03-21,17921.89,12580.1,0.092,240.0,Current,0,0,ACB-BR080
ACB-LN0007983,ACB-C000766,Auto Loan,2021-01-19,17504.61,14881.59,0.0811,12.0,Current,0,0,ACB-BR049
ACB-LN0007984,ACB-C009365,Auto Loan,2022-06-05,16524.02,1644.11,0.1062,12.0,Current,0,0,ACB-BR014
ACB-LN0007985,ACB-C006227,Mortgage,2023-02-13,552211.62,506995.77,0.0925,180.0,Current,0,0,ACB-BR065
ACB-LN0007986,ACB-C009972,Personal Loan,2019-09-09,14819.02,6966.98,0.2146,360.0,Current,0,0,ACB-BR044
ACB-LN0007987,ACB-C006952,Student Loan,2023-06-02,28958.59,6663.01,0.1002,180.0,Current,0,0,ACB-BR049
ACB-LN0007988,ACB-C005766,Personal Loan,2019-10-15,17773.69,3682.38,0.1689,36.0,Current,0,0,ACB-BR038
ACB-LN0007989,ACB-C004773,Mortgage,2019-04-15,262937.89,252193.94,0.0569,360.0,Current,0,0,ACB-BR065
ACB-LN0007990,ACB-C004439,Mortgage,2019-06-02,308775.56,207466.36,0.0505,84.0,Paid Off,0,0,ACB-BR035
ACB-LN0007991,ACB-C009111,Personal Loan,2023-07-19,34208.39,30064.65,0.24,24.0,Current,0,0,ACB-BR001
ACB-LN0007992,ACB-C004256,Auto Loan,2022-10-17,43575.43,9077.49,0.1318,360.0,Paid Off,0,0,ACB-BR036
ACB-LN0007993,ACB-C005362,Home Equity Loan,2021-02-25,37287.68,20510.01,0.0886,180.0,Current,0,0,ACB-BR023
ACB-LN0007994,ACB-C013196,Personal Loan,2020-11-24,31456.73,24988.61,0.1385,180.0,Current,0,0,ACB-BR055
ACB-LN0007995,ACB-C008957,Small Business Loan,2021-06-02,189000.64,98736.07,0.1164,360.0,Current,0,0,ACB-BR056
ACB-LN0007996,ACB-C010533,Personal Loan,2019-11-15,7420.17,2706.7,0.2077,240.0,Current,0,0,ACB-BR056
ACB-LN0007997,ACB-C001516,Small Business Loan,2025-04-11,141332.27,46712.46,0.1768,24.0,Current,0,0,ACB-BR037
ACB-LN0007998,ACB-C002153,Student Loan,2025-04-17,16101.07,5386.73,0.0894,120.0,Default,285,1,ACB-BR055
ACB-LN0007999,ACB-C000896,Mortgage,2020-05-20,374975.55,202975.92,0.0509,120.0,Current,0,0,ACB-BR042
ACB-LN0008000,ACB-C011001,Personal Loan,2022-02-16,30586.0,15145.09,0.1596,48.0,Current,0,0,ACB-BR062
ACB-LN0003050,ACB-C009484,Personal Loan,2021-01-09,15458.2,7252.47,0.1022,360.0,Current,0,0,ACB-BR037
ACB-LN0004122,ACB-C010344,Personal Loan,2024-06-09,4590.51,580.46,0.1539,48.0,Current,0,0,ACB-BR050
ACB-LN0003569,ACB-C011361,Mortgage,2022-12-27,270279.02,245703.22,0.0838,36.0,Current,0,0,ACB-BR033
ACB-LN0006833,ACB-C009548,Mortgage,2026-03-25,186842.55,88724.52,0.0886,24.0,Current,0,0,ACB-BR041
ACB-LN0001129,ACB-C000348,Mortgage,2023-04-21,515919.47,103689.75,0.0786,240.0,Current,0,0,ACB-BR006
ACB-LN0003337,ACB-C008134,Mortgage,2022-07-09,262233.9,82669.37,0.044,360.0,Paid Off,0,0,ACB-BR049
ACB-LN0005295,ACB-C004947,Mortgage,2023-06-01,597169.43,448684.77,0.095,84.0,Written Off,0,1,ACB-BR056
ACB-LN0001092,ACB-C013876,Auto Loan,2022-05-14,38645.39,15300.52,0.0821,60.0,Current,0,0,ACB-BR021
ACB-LN0001293,ACB-C002007,Auto Loan,2020-03-22,53436.46,18593.84,0.0744,240.0,Current,0,0,ACB-BR004
ACB-LN0005218,ACB-C008405,Mortgage,2022-03-02,177572.0,142637.07,0.0473,24.0,Current,0,0,ACB-BR072
ACB-LN0006260,ACB-C012523,Personal Loan,2023-11-10,2194.11,385.53,0.24,120.0,90+ DPD,152,1,ACB-BR027
ACB-LN0004723,ACB-C010441,Auto Loan,2024-05-19,34240.79,31293.12,0.0686,48.0,30-59 DPD,46,0,ACB-BR021
ACB-LN0002250,ACB-C000531,Mortgage,2019-07-23,358972.08,151657.34,0.07,36.0,Current,0,0,ACB-BR060
ACB-LN0003904,ACB-C001428,Student Loan,2022-02-14,76952.92,5244.62,0.076,360.0,Current,0,0,ACB-BR026
ACB-LN0004280,ACB-C010718,Student Loan,2020-12-08,60703.99,19298.45,0.0501,360.0,Current,0,0,ACB-BR061
ACB-LN0006081,ACB-C007128,Auto Loan,2026-01-25,10783.4,1632.78,0.075,24.0,Current,0,0,ACB-BR049
ACB-LN0000358,ACB-C013186,Auto Loan,2022-03-08,27655.99,8606.21,0.0703,180.0,Current,0,0,ACB-BR072
ACB-LN0005899,ACB-C000707,Auto Loan,2022-12-26,48663.42,10183.46,0.1415,48.0,Current,0,0,ACB-BR009
