branch_id,report_month,actual_deposits,deposit_target,deposit_attainment,new_accounts_opened,loan_originations,operating_expenses,num_employees,revenue_per_employee,csat_score,sla_adherence_rate,state,region
ACB-BR001,2024-04,33843632.33,32670107.94,1.0359,31,46,62919.32,9,120332.91,5.0,0.9091,TX,South
ACB-BR001,2024-05,37719978.62,32670107.94,1.1546,38,25,48939.69,9,134115.48,4.4,0.9624,TX,South
ACB-BR001,2024-06,32555150.56,32670107.94,0.9965,26,33,59499.25,9,115751.65,3.3,0.9244,TX,South
ACB-BR001,2024-07,30905627.47,32670107.94,0.946,34,37,40773.63,9,109886.68,4.7,0.9522,TX,South
ACB-BR001,2024-08,34531128.71,32670107.94,1.057,25,17,56602.53,9,122777.35,3.1,0.8402,TX,South
ACB-BR001,2024-09,26309828.87,32670107.94,0.8053,33,35,47422.27,9,93546.06,4.4,0.91,TX,South
ACB-BR001,2024-10,26897171.78,32670107.94,0.8233,25,33,50144.21,9,95634.39,3.7,0.9023,TX,South
ACB-BR001,2024-11,28955055.28,32670107.94,0.8863,25,52,46909.35,9,102951.31,4.1,0.8803,TX,South
ACB-BR001,2024-12,28255055.53,32670107.94,0.8649,26,35,44822.85,9,100462.42,4.7,0.889,TX,South
ACB-BR001,2025-01,38744387.39,32670107.94,1.1859,25,26,45174.05,9,137757.82,3.4,0.9677,TX,South
ACB-BR001,2025-02,39728490.46,32670107.94,1.2161,31,38,50024.49,9,141256.85,3.9,0.9701,TX,South
ACB-BR001,2025-03,29460688.48,32670107.94,0.9018,33,29,63050.04,9,104749.11,4.4,0.9214,TX,South
ACB-BR001,2025-04,33032344.53,32670107.94,1.0111,32,45,43923.87,9,117448.34,3.9,0.9479,TX,South
ACB-BR001,2025-05,29372791.14,32670107.94,0.8991,21,34,47270.83,9,104436.59,4.3,0.9044,TX,South
ACB-BR001,2025-06,28437955.77,32670107.94,0.8705,28,28,57727.63,9,101112.73,3.9,0.9174,TX,South
ACB-BR001,2025-07,30838230.08,32670107.94,0.9439,26,36,44348.24,9,109647.04,4.6,0.9908,TX,South
ACB-BR001,2025-08,30090295.0,32670107.94,0.921,27,36,39068.62,9,106987.72,4.3,0.8124,TX,South
ACB-BR001,2025-09,33130925.06,32670107.94,1.0141,38,33,43267.89,9,117798.84,3.4,0.9529,TX,South
ACB-BR001,2025-10,34655488.66,32670107.94,1.0608,27,24,50118.54,9,123219.52,4.0,0.9685,TX,South
ACB-BR001,2025-11,30228131.4,32670107.94,0.9253,24,29,49114.12,9,107477.8,4.7,0.8218,TX,South
ACB-BR001,2025-12,32938558.64,32670107.94,1.0082,20,33,51144.58,9,117114.88,3.7,0.8444,TX,South
ACB-BR001,2026-01,38751346.83,32670107.94,1.1861,22,23,55655.57,9,137782.57,3.5,0.7483,TX,South
ACB-BR001,2026-02,29968218.08,32670107.94,0.9173,28,44,52103.15,9,106553.66,4.1,0.9417,TX,South
ACB-BR001,2026-03,29941544.66,32670107.94,0.9165,34,42,48383.3,9,106458.83,4.3,0.9518,TX,South
ACB-BR002,2024-04,43184248.65,44086983.87,0.9795,27,34,69395.31,13,106299.69,3.7,0.9665,TX,South
ACB-BR002,2024-05,41121286.35,44086983.87,0.9327,27,32,71690.04,13,101221.63,4.1,0.8861,TX,South
ACB-BR002,2024-06,50911519.93,44086983.87,1.1548,29,37,69175.2,13,125320.66,3.6,0.9321,TX,South
ACB-BR002,2024-07,44721485.74,44086983.87,1.0144,33,32,71996.87,13,110083.66,3.9,0.9454,TX,South
ACB-BR002,2024-08,33733168.19,44086983.87,0.7652,30,30,66249.78,13,83035.49,3.4,0.9835,TX,South
ACB-BR002,2024-09,36022108.85,44086983.87,0.8171,36,30,85405.16,13,88669.81,3.2,0.8439,TX,South
ACB-BR002,2024-10,39403250.14,44086983.87,0.8938,30,36,73085.92,13,96992.62,4.0,0.8889,TX,South
ACB-BR002,2024-11,36921984.34,44086983.87,0.8375,26,40,78142.02,13,90884.88,5.0,0.7583,TX,South
ACB-BR002,2024-12,36830798.53,44086983.87,0.8354,26,27,71964.53,13,90660.43,4.1,0.8923,TX,South
ACB-BR002,2025-01,38859772.46,44086983.87,0.8814,30,44,75423.99,13,95654.82,4.4,0.8604,TX,South
ACB-BR002,2025-02,46388610.53,44086983.87,1.0522,25,34,78577.56,13,114187.35,3.7,0.9639,TX,South
ACB-BR002,2025-03,45009275.16,44086983.87,1.0209,28,38,91882.19,13,110792.06,4.0,0.9564,TX,South
ACB-BR002,2025-04,47595755.19,44086983.87,1.0796,34,47,87127.63,13,117158.78,3.8,0.9158,TX,South
ACB-BR002,2025-05,44814616.75,44086983.87,1.0165,34,42,80586.18,13,110312.9,4.2,0.8175,TX,South
ACB-BR002,2025-06,45064455.02,44086983.87,1.0222,41,45,66800.52,13,110927.89,3.6,0.9737,TX,South
ACB-BR002,2025-07,47162795.39,44086983.87,1.0698,21,30,65880.5,13,116093.03,4.4,0.9267,TX,South
ACB-BR002,2025-08,39013112.87,44086983.87,0.8849,21,39,70707.34,13,96032.28,3.8,0.8419,TX,South
ACB-BR002,2025-09,44532914.74,44086983.87,1.0101,38,41,68023.84,13,109619.48,3.5,0.9459,TX,South
ACB-BR002,2025-10,42883552.57,44086983.87,0.9727,30,32,60959.31,13,105559.51,3.3,0.9111,TX,South
ACB-BR002,2025-11,49629849.94,44086983.87,1.1257,30,46,68067.83,13,122165.78,4.3,0.9493,TX,South
ACB-BR002,2025-12,40215915.24,44086983.87,0.9122,20,37,54690.28,13,98993.02,3.9,0.858,TX,South
ACB-BR002,2026-01,43880042.76,44086983.87,0.9953,32,46,66246.32,13,108012.41,3.7,0.8433,TX,South
ACB-BR002,2026-02,46715802.8,44086983.87,1.0596,28,40,69226.74,13,114992.75,4.4,0.9048,TX,South
ACB-BR002,2026-03,42818584.99,44086983.87,0.9712,29,36,70367.48,13,105399.59,4.5,0.8901,TX,South
ACB-BR003,2024-04,123382351.13,107669579.33,1.1459,10,7,232768.39,36,109673.2,3.8,0.8172,FL,Southeast
ACB-BR003,2024-05,92455895.49,107669579.33,0.8587,2,17,181439.01,36,82183.02,4.5,0.9539,FL,Southeast
ACB-BR003,2024-06,101837021.56,107669579.33,0.9458,6,6,163576.38,36,90521.8,4.5,0.9974,FL,Southeast
ACB-BR003,2024-07,96052699.06,107669579.33,0.8921,13,29,196885.88,36,85380.18,4.0,0.7779,FL,Southeast
ACB-BR003,2024-08,92373916.65,107669579.33,0.8579,4,23,218459.2,36,82110.15,4.2,0.8994,FL,Southeast
ACB-BR003,2024-09,110305349.51,107669579.33,1.0245,0,13,195475.5,36,98049.2,4.4,0.9438,FL,Southeast
ACB-BR003,2024-10,102772333.41,107669579.33,0.9545,6,17,198652.0,36,91353.19,4.5,0.9233,FL,Southeast
ACB-BR003,2024-11,102030021.07,107669579.33,0.9476,0,8,185228.52,36,90693.35,4.4,0.8417,FL,Southeast
ACB-BR003,2024-12,118868023.75,107669579.33,1.104,7,5,216318.26,36,105660.47,4.1,0.9461,FL,Southeast
ACB-BR003,2025-01,108658921.49,107669579.33,1.0092,4,19,209577.94,36,96585.71,3.6,0.9532,FL,Southeast
ACB-BR003,2025-02,130161042.94,107669579.33,1.2089,7,21,205651.85,36,115698.7,3.9,0.9393,FL,Southeast
ACB-BR003,2025-03,124269372.19,107669579.33,1.1542,6,18,188131.97,36,110461.66,4.0,0.8102,FL,Southeast
ACB-BR003,2025-04,127075137.46,107669579.33,1.1802,0,21,232395.38,36,112955.68,3.9,0.8958,FL,Southeast
ACB-BR003,2025-05,100005680.64,107669579.33,0.9288,6,28,187874.93,36,88893.94,4.0,0.9717,FL,Southeast
ACB-BR003,2025-06,119752332.63,107669579.33,1.1122,7,22,183448.65,36,106446.52,3.7,0.8975,FL,Southeast
ACB-BR003,2025-07,97633271.25,107669579.33,0.9068,0,13,158487.29,36,86785.13,4.1,0.9037,FL,Southeast
ACB-BR003,2025-08,113671659.44,107669579.33,1.0557,13,23,201375.9,36,101041.48,3.9,0.9035,FL,Southeast
ACB-BR003,2025-09,86721774.57,107669579.33,0.8054,2,7,176170.57,36,77086.02,4.2,0.9005,FL,Southeast
ACB-BR003,2025-10,88246000.25,107669579.33,0.8196,12,1,158347.79,36,78440.89,3.3,0.8577,FL,Southeast
ACB-BR003,2025-11,100672785.68,107669579.33,0.935,3,16,219616.61,36,89486.92,4.7,0.9601,FL,Southeast
ACB-BR003,2025-12,96875215.35,107669579.33,0.8997,9,19,167798.7,36,86111.3,4.3,0.9352,FL,Southeast
ACB-BR003,2026-01,123617283.61,107669579.33,1.1481,0,22,159465.84,36,109882.03,3.7,0.9237,FL,Southeast
ACB-BR003,2026-02,116899953.28,107669579.33,1.0857,10,17,199872.99,36,103911.07,3.9,0.9745,FL,Southeast
ACB-BR003,2026-03,113702452.29,107669579.33,1.056,3,29,244613.59,36,101068.85,4.2,0.8249,FL,Southeast
ACB-BR004,2024-04,12281257.81,10296866.59,1.1927,13,16,41346.25,8,49125.03,4.5,0.9683,CA,West
ACB-BR004,2024-05,8967226.33,10296866.59,0.8709,3,7,41390.19,8,35868.91,4.0,0.8854,CA,West
ACB-BR004,2024-06,10760998.9,10296866.59,1.0451,8,18,44545.55,8,43044.0,3.9,0.9455,CA,West
ACB-BR004,2024-07,9767645.25,10296866.59,0.9486,21,14,48492.42,8,39070.58,4.6,0.9123,CA,West
ACB-BR004,2024-08,11103979.24,10296866.59,1.0784,7,6,38792.24,8,44415.92,4.2,0.8087,CA,West
ACB-BR004,2024-09,9084560.31,10296866.59,0.8823,14,17,51449.25,8,36338.24,3.9,0.8426,CA,West
ACB-BR004,2024-10,10460264.71,10296866.59,1.0159,17,10,46683.64,8,41841.06,3.6,0.8552,CA,West
ACB-BR004,2024-11,10186680.36,10296866.59,0.9893,8,12,35158.9,8,40746.72,4.3,0.9227,CA,West
ACB-BR004,2024-12,8592062.17,10296866.59,0.8344,13,17,44707.39,8,34368.25,4.5,0.8708,CA,West
ACB-BR004,2025-01,10530352.22,10296866.59,1.0227,14,9,48941.35,8,42121.41,,0.9585,CA,West
ACB-BR004,2025-02,12187022.28,10296866.59,1.1836,13,15,42702.22,8,48748.09,4.6,0.6419,CA,West
ACB-BR004,2025-03,11959351.4,10296866.59,1.1615,9,7,48042.26,8,47837.41,4.6,0.9362,CA,West
ACB-BR004,2025-04,12728198.96,10296866.59,1.2361,0,8,34331.17,8,50912.8,4.5,0.8978,CA,West
ACB-BR004,2025-05,8831113.52,10296866.59,0.8577,14,14,38407.23,8,35324.45,3.5,0.7621,CA,West
ACB-BR004,2025-06,9093291.34,10296866.59,0.8831,11,12,48276.69,8,36373.17,4.5,0.9538,CA,West
ACB-BR004,2025-07,8333522.61,10296866.59,0.8093,11,22,46243.27,8,33334.09,4.1,0.9598,CA,West
ACB-BR004,2025-08,11156912.23,10296866.59,1.0835,19,13,46090.77,8,44627.65,4.1,0.821,CA,West
ACB-BR004,2025-09,10648781.03,10296866.59,1.0342,17,16,42270.57,8,42595.12,3.2,0.8035,CA,West
ACB-BR004,2025-10,8063782.08,10296866.59,0.7831,2,17,46476.56,8,32255.13,4.8,0.9651,CA,West
ACB-BR004,2025-11,9056542.4,10296866.59,0.8795,21,21,48846.49,8,36226.17,4.2,0.8302,CA,West
ACB-BR004,2025-12,9794487.45,10296866.59,0.9512,15,22,34581.64,8,39177.95,4.1,0.8851,CA,West
ACB-BR004,2026-01,10606926.46,10296866.59,1.0301,20,8,49882.7,8,42427.71,3.9,0.8245,CA,West
ACB-BR004,2026-02,9409588.11,10296866.59,0.9138,17,19,48250.49,8,37638.35,4.7,0.9192,CA,West
ACB-BR004,2026-03,9894030.64,10296866.59,0.9609,8,0,43089.85,8,39576.12,4.7,0.8769,CA,West
ACB-BR005,2024-04,21174473.37,20030318.92,1.0571,32,38,78624.27,15,45172.21,5.0,0.9337,NC,Southeast
ACB-BR005,2024-05,19193380.91,20030318.92,0.9582,29,47,80211.32,15,40945.88,4.1,0.9764,NC,Southeast
ACB-BR005,2024-06,19632039.14,20030318.92,0.9801,15,24,72321.97,15,41881.68,4.0,0.9512,NC,Southeast
ACB-BR005,2024-07,19101922.27,20030318.92,0.9537,28,46,90384.11,15,40750.77,4.1,0.9462,NC,Southeast
ACB-BR005,2024-08,15872624.96,20030318.92,0.7924,30,21,69486.69,15,33861.6,3.8,0.8897,NC,Southeast
ACB-BR005,2024-09,19797995.59,20030318.92,0.9884,20,41,95906.34,15,42235.72,3.4,0.9457,NC,Southeast
ACB-BR005,2024-10,17153045.39,20030318.92,0.8564,30,35,70203.17,15,36593.16,3.9,0.9473,NC,Southeast
ACB-BR005,2024-11,19510986.68,20030318.92,0.9741,22,36,95839.38,15,41623.44,3.9,0.9168,NC,Southeast
ACB-BR005,2024-12,16853765.2,20030318.92,0.8414,30,25,87615.67,15,35954.7,3.6,0.9176,NC,Southeast
ACB-BR005,2025-01,18445443.34,20030318.92,0.9209,25,29,81069.65,15,39350.28,4.1,0.9324,NC,Southeast
ACB-BR005,2025-02,21874586.22,20030318.92,1.0921,35,43,65210.1,15,46665.78,4.3,0.8157,NC,Southeast
ACB-BR005,2025-03,19667529.73,20030318.92,0.9819,30,28,86599.55,15,41957.4,4.1,0.7848,NC,Southeast
ACB-BR005,2025-04,22514421.42,20030318.92,1.124,25,30,97383.16,15,48030.77,4.4,0.961,NC,Southeast
ACB-BR005,2025-05,17911710.85,20030318.92,0.8942,29,45,90603.49,15,38211.65,4.1,0.9781,NC,Southeast
ACB-BR005,2025-06,16701418.19,20030318.92,0.8338,29,36,86052.05,15,35629.69,3.8,0.8183,NC,Southeast
ACB-BR005,2025-07,22664510.13,20030318.92,1.1315,18,24,81030.8,15,48350.95,4.2,0.9195,NC,Southeast
ACB-BR005,2025-08,21289969.93,20030318.92,1.0629,24,40,77287.93,15,45418.6,4.9,0.9903,NC,Southeast
ACB-BR005,2025-09,18416880.44,20030318.92,0.9195,31,29,79081.75,15,39289.34,3.6,0.9034,NC,Southeast
ACB-BR005,2025-10,15350441.19,20030318.92,0.7664,45,34,98631.28,15,32747.61,4.6,0.8792,NC,Southeast
ACB-BR005,2025-11,22251651.98,20030318.92,1.1109,22,44,86795.73,15,47470.19,4.1,0.9618,NC,Southeast
ACB-BR005,2025-12,18988306.3,20030318.92,0.948,30,33,71999.77,15,40508.39,4.2,0.9619,NC,Southeast
ACB-BR005,2026-01,22030099.73,20030318.92,1.0998,36,34,75737.79,15,46997.55,4.3,0.9185,NC,Southeast
ACB-BR005,2026-02,21626594.44,20030318.92,1.0797,28,44,93330.22,15,46136.73,4.2,0.8956,NC,Southeast
ACB-BR005,2026-03,18893815.06,20030318.92,0.9433,24,13,96109.36,15,40306.81,4.1,0.7672,NC,Southeast
ACB-BR006,2024-04,5673887.13,6429101.26,0.8825,5,0,77779.09,13,13966.49,4.1,0.8613,NC,Southeast
ACB-BR006,2024-05,6705420.78,6429101.26,1.043,10,12,78357.1,13,16505.65,3.9,0.9395,NC,Southeast
ACB-BR006,2024-06,5925426.04,6429101.26,0.9217,10,8,67869.37,13,14585.66,4.3,0.9388,NC,Southeast
ACB-BR006,2024-07,6333039.96,6429101.26,0.9851,9,15,68281.47,13,15589.02,4.2,0.9829,NC,Southeast
ACB-BR006,2024-08,5283196.4,6429101.26,0.8218,5,8,75805.77,13,13004.79,5.0,0.8839,NC,Southeast
ACB-BR006,2024-09,5566670.52,6429101.26,0.8659,4,12,71820.71,13,13702.57,,0.9018,NC,Southeast
ACB-BR006,2024-10,6846602.04,6429101.26,1.0649,2,0,65950.95,13,16853.17,4.7,0.9711,NC,Southeast
ACB-BR006,2024-11,6399524.9,6429101.26,0.9954,15,15,75026.58,13,15752.68,3.6,0.8151,NC,Southeast
ACB-BR006,2024-12,7147363.61,6429101.26,1.1117,6,10,78712.04,13,17593.51,4.1,0.8315,NC,Southeast
ACB-BR006,2025-01,6076488.8,6429101.26,0.9452,5,15,71131.08,13,14957.51,3.9,0.741,NC,Southeast
ACB-BR006,2025-02,6299695.52,6429101.26,0.9799,9,2,76237.76,13,15506.94,3.7,0.9193,NC,Southeast
ACB-BR006,2025-03,5844801.15,6429101.26,0.9091,10,5,69629.65,13,14387.2,4.8,0.7956,NC,Southeast
ACB-BR006,2025-04,7329311.07,6429101.26,1.14,6,0,69464.48,13,18041.38,4.1,0.9653,NC,Southeast
ACB-BR006,2025-05,7364093.11,6429101.26,1.1454,9,27,59348.24,13,18127.0,4.0,0.9735,NC,Southeast
ACB-BR006,2025-06,7240152.58,6429101.26,1.1262,14,0,66121.06,13,17821.91,3.6,0.8911,NC,Southeast
ACB-BR006,2025-07,5905052.48,6429101.26,0.9185,9,5,62918.32,13,14535.51,4.0,0.9267,NC,Southeast
ACB-BR006,2025-08,5990196.75,6429101.26,0.9317,8,0,58628.84,13,14745.1,3.6,0.9373,NC,Southeast
ACB-BR006,2025-09,6220410.23,6429101.26,0.9675,12,20,64240.76,13,15311.78,,0.7813,NC,Southeast
ACB-BR006,2025-10,6448585.95,6429101.26,1.003,9,8,74515.89,13,15873.44,4.6,0.9327,NC,Southeast
ACB-BR006,2025-11,6437341.35,6429101.26,1.0013,13,0,60306.44,13,15845.76,4.4,0.9818,NC,Southeast
ACB-BR006,2025-12,7389342.44,6429101.26,1.1494,7,0,72798.0,13,18189.15,3.2,0.9783,NC,Southeast
ACB-BR006,2026-01,6224494.94,6429101.26,0.9682,2,6,62625.35,13,15321.83,4.9,0.812,NC,Southeast
ACB-BR006,2026-02,7117354.69,6429101.26,1.1071,12,3,67357.34,13,17519.64,4.3,0.9692,NC,Southeast
ACB-BR006,2026-03,5755069.74,6429101.26,0.8952,10,3,62667.85,13,14166.33,,0.8074,NC,Southeast
ACB-BR007,2024-04,15795757.85,15396989.57,1.0259,5,24,127538.54,21,24069.73,3.8,0.9275,GA,Southeast
ACB-BR007,2024-05,16683410.04,15396989.57,1.0836,23,19,107924.62,21,25422.34,4.1,0.9468,GA,Southeast
ACB-BR007,2024-06,14931444.94,15396989.57,0.9698,11,29,116245.69,21,22752.68,4.5,0.946,GA,Southeast
ACB-BR007,2024-07,12202946.94,15396989.57,0.7926,6,17,133799.71,21,18594.97,4.8,0.9617,GA,Southeast
ACB-BR007,2024-08,14403282.2,15396989.57,0.9355,26,19,98865.98,21,21947.86,4.1,0.8646,GA,Southeast
ACB-BR007,2024-09,13111347.48,15396989.57,0.8516,12,15,148973.48,21,19979.2,4.3,0.9302,GA,Southeast
ACB-BR007,2024-10,14497662.8,15396989.57,0.9416,12,8,118397.31,21,22091.68,4.6,0.8942,GA,Southeast
ACB-BR007,2024-11,12518615.82,15396989.57,0.8131,14,4,113141.26,21,19075.99,3.3,0.8944,GA,Southeast
ACB-BR007,2024-12,17210492.58,15396989.57,1.1178,19,12,129720.26,21,26225.51,3.5,0.8741,GA,Southeast
ACB-BR007,2025-01,16821287.48,15396989.57,1.0925,3,21,122978.57,21,25632.44,4.8,0.7872,GA,Southeast
ACB-BR007,2025-02,13745023.91,15396989.57,0.8927,9,15,97744.59,21,20944.8,4.4,0.9664,GA,Southeast
ACB-BR007,2025-03,15961017.91,15396989.57,1.0366,17,16,128586.0,21,24321.55,,0.9819,GA,Southeast
ACB-BR007,2025-04,16450154.93,15396989.57,1.0684,16,17,96913.53,21,25066.9,4.0,0.9282,GA,Southeast
ACB-BR007,2025-05,15831096.92,15396989.57,1.0282,14,6,119862.7,21,24123.58,4.0,0.9533,GA,Southeast
ACB-BR007,2025-06,15265501.71,15396989.57,0.9915,11,18,120753.08,21,23261.72,3.5,0.9302,GA,Southeast
ACB-BR007,2025-07,15863722.1,15396989.57,1.0303,8,17,100168.48,21,24173.29,4.2,0.9068,GA,Southeast
ACB-BR007,2025-08,12172978.63,15396989.57,0.7906,10,1,129059.08,21,18549.3,3.8,0.9592,GA,Southeast
ACB-BR007,2025-09,14714884.62,15396989.57,0.9557,6,13,103717.23,21,22422.68,3.3,0.8213,GA,Southeast
ACB-BR007,2025-10,12878379.77,15396989.57,0.8364,7,4,143697.0,21,19624.2,4.1,0.8829,GA,Southeast
ACB-BR007,2025-11,13630437.36,15396989.57,0.8853,7,26,106551.8,21,20770.19,4.3,0.9797,GA,Southeast
ACB-BR007,2025-12,16073323.39,15396989.57,1.0439,15,22,92043.95,21,24492.68,4.8,0.9447,GA,Southeast
ACB-BR007,2026-01,13442044.25,15396989.57,0.873,13,4,135736.76,21,20483.12,4.7,0.9469,GA,Southeast
ACB-BR007,2026-02,14620495.09,15396989.57,0.9496,16,3,107592.75,21,22278.85,3.8,0.9893,GA,Southeast
ACB-BR007,2026-03,14955860.1,15396989.57,0.9713,7,9,113896.11,21,22789.88,3.7,0.9876,GA,Southeast
ACB-BR008,2024-04,25519839.17,20395580.56,1.2512,22,41,232889.66,44,18559.88,4.4,0.9477,VA,Northeast
ACB-BR008,2024-05,17888556.93,20395580.56,0.8771,25,27,256884.69,44,13009.86,4.1,0.9178,VA,Northeast
ACB-BR008,2024-06,23181527.73,20395580.56,1.1366,27,33,272339.14,44,16859.29,4.5,0.8972,VA,Northeast
ACB-BR008,2024-07,17036394.43,20395580.56,0.8353,22,37,237243.15,44,12390.11,4.3,0.9704,VA,Northeast
ACB-BR008,2024-08,22358868.06,20395580.56,1.0963,35,42,246950.38,44,16260.99,4.0,0.9443,VA,Northeast
ACB-BR008,2024-09,15661037.14,20395580.56,0.7679,25,20,281672.68,44,11389.85,3.7,0.9799,VA,Northeast
ACB-BR008,2024-10,22365989.62,20395580.56,1.0966,26,29,236197.66,44,16266.17,4.1,0.893,VA,Northeast
ACB-BR008,2024-11,19582602.36,20395580.56,0.9601,32,28,201460.6,44,14241.89,3.9,0.972,VA,Northeast
ACB-BR008,2024-12,19588834.62,20395580.56,0.9604,25,36,224309.85,44,14246.43,4.0,0.9693,VA,Northeast
ACB-BR008,2025-01,17806448.59,20395580.56,0.8731,24,45,263631.17,44,12950.14,4.5,0.9125,VA,Northeast
ACB-BR008,2025-02,21711636.52,20395580.56,1.0645,24,49,214586.16,44,15790.28,4.4,0.9079,VA,Northeast
ACB-BR008,2025-03,24434693.07,20395580.56,1.198,32,25,224672.02,44,17770.69,4.4,0.8938,VA,Northeast
ACB-BR008,2025-04,18935179.07,20395580.56,0.9284,27,41,236189.12,44,13771.04,4.5,0.7406,VA,Northeast
ACB-BR008,2025-05,20759760.67,20395580.56,1.0179,28,43,211164.94,44,15098.01,4.4,0.8355,VA,Northeast
ACB-BR008,2025-06,21331763.82,20395580.56,1.0459,22,26,216316.83,44,15514.01,3.5,0.9489,VA,Northeast
ACB-BR008,2025-07,21006305.94,20395580.56,1.0299,28,46,191634.7,44,15277.31,4.5,0.9731,VA,Northeast
ACB-BR008,2025-08,20961658.77,20395580.56,1.0278,26,30,247348.41,44,15244.84,4.3,0.8954,VA,Northeast
ACB-BR008,2025-09,21686114.87,20395580.56,1.0633,31,34,265288.52,44,15771.72,3.1,0.93,VA,Northeast
ACB-BR008,2025-10,20156150.8,20395580.56,0.9883,28,20,217121.56,44,14659.02,3.4,0.9075,VA,Northeast
ACB-BR008,2025-11,18015696.08,20395580.56,0.8833,36,52,248398.68,44,13102.32,4.9,0.8261,VA,Northeast
ACB-BR008,2025-12,20046253.39,20395580.56,0.9829,22,44,215494.12,44,14579.09,4.2,0.8883,VA,Northeast
ACB-BR008,2026-01,18149784.92,20395580.56,0.8899,23,20,220691.05,44,13199.84,4.4,0.8309,VA,Northeast
ACB-BR008,2026-02,25232001.45,20395580.56,1.2371,29,39,242950.59,44,18350.55,4.2,0.9087,VA,Northeast
ACB-BR008,2026-03,23485662.46,20395580.56,1.1515,25,21,257197.86,44,17080.48,3.9,0.7254,VA,Northeast
ACB-BR009,2024-04,29555877.59,29990866.43,0.9855,31,27,156289.15,26,36376.46,4.4,0.8425,GA,Southeast
ACB-BR009,2024-05,33802645.21,29990866.43,1.1271,22,35,132354.14,26,41603.26,3.6,0.825,GA,Southeast
ACB-BR009,2024-06,34983731.48,29990866.43,1.1665,21,39,147076.01,26,43056.9,3.9,0.9645,GA,Southeast
ACB-BR009,2024-07,31811609.74,29990866.43,1.0607,30,28,119825.61,26,39152.75,3.8,0.9009,GA,Southeast
ACB-BR009,2024-08,30714045.21,29990866.43,1.0241,26,34,183778.19,26,37801.9,4.5,0.9533,GA,Southeast
ACB-BR009,2024-09,31013046.63,29990866.43,1.0341,30,28,128670.36,26,38169.9,3.8,0.8306,GA,Southeast
ACB-BR009,2024-10,23081633.59,29990866.43,0.7696,29,34,127245.56,26,28408.16,3.8,0.8143,GA,Southeast
ACB-BR009,2024-11,28589090.57,29990866.43,0.9533,24,27,176358.0,26,35186.57,4.2,0.8096,GA,Southeast
ACB-BR009,2024-12,33060008.42,29990866.43,1.1023,23,25,161308.32,26,40689.24,4.4,0.7508,GA,Southeast
ACB-BR009,2025-01,28982445.98,29990866.43,0.9664,35,49,134032.1,26,35670.7,4.4,0.9379,GA,Southeast
ACB-BR009,2025-02,28031651.89,29990866.43,0.9347,26,31,145384.08,26,34500.49,4.3,0.8823,GA,Southeast
ACB-BR009,2025-03,27953900.91,29990866.43,0.9321,24,23,117906.22,26,34404.8,5.0,0.9143,GA,Southeast
ACB-BR009,2025-04,34835757.81,29990866.43,1.1615,26,40,137814.45,26,42874.78,4.0,0.8264,GA,Southeast
ACB-BR009,2025-05,34750014.94,29990866.43,1.1587,25,16,154518.44,26,42769.25,3.8,0.7845,GA,Southeast
ACB-BR009,2025-06,25879926.94,29990866.43,0.8629,26,34,131836.46,26,31852.22,,0.7825,GA,Southeast
ACB-BR009,2025-07,30806424.69,29990866.43,1.0272,25,30,157865.24,26,37915.6,3.7,0.9099,GA,Southeast
ACB-BR009,2025-08,24440865.78,29990866.43,0.8149,25,24,134802.01,26,30081.07,4.9,0.963,GA,Southeast
ACB-BR009,2025-09,25867010.97,29990866.43,0.8625,26,47,173699.9,26,31836.32,3.8,0.9504,GA,Southeast
ACB-BR009,2025-10,30668342.88,29990866.43,1.0226,23,49,149952.62,26,37745.65,4.1,0.928,GA,Southeast
ACB-BR009,2025-11,30939700.47,29990866.43,1.0316,35,31,155258.15,26,38079.63,3.6,0.938,GA,Southeast
ACB-BR009,2025-12,30584575.56,29990866.43,1.0198,28,49,155641.93,26,37642.55,3.6,0.9881,GA,Southeast
ACB-BR009,2026-01,25636550.64,29990866.43,0.8548,30,37,142254.92,26,31552.68,4.3,0.83,GA,Southeast
ACB-BR009,2026-02,29138700.33,29990866.43,0.9716,26,37,146072.9,26,35863.02,4.0,0.8092,GA,Southeast
ACB-BR009,2026-03,29546497.66,29990866.43,0.9852,31,43,127710.51,26,36364.92,3.6,0.9668,GA,Southeast
ACB-BR010,2024-04,131386564.9,116578815.85,1.127,12,17,177706.44,31,135624.84,4.1,0.64,IL,Midwest
ACB-BR010,2024-05,125514255.79,116578815.85,1.0766,3,24,187200.6,31,129563.1,3.6,0.902,IL,Midwest
ACB-BR010,2024-06,103800701.59,116578815.85,0.8904,7,0,150213.5,31,107149.11,4.4,0.8757,IL,Midwest
ACB-BR010,2024-07,129476422.33,116578815.85,1.1106,4,26,164919.17,31,133653.08,3.6,0.918,IL,Midwest
ACB-BR010,2024-08,127992872.5,116578815.85,1.0979,12,16,193690.11,31,132121.67,3.5,0.8862,IL,Midwest
ACB-BR010,2024-09,104355721.83,116578815.85,0.8952,9,12,170351.04,31,107722.04,4.1,0.9539,IL,Midwest
ACB-BR010,2024-10,111499814.64,116578815.85,0.9564,11,22,189441.62,31,115096.58,3.7,0.9287,IL,Midwest
ACB-BR010,2024-11,113555425.56,116578815.85,0.9741,6,25,151160.97,31,117218.5,3.9,0.8593,IL,Midwest
ACB-BR010,2024-12,116673522.63,116578815.85,1.0008,14,11,154758.11,31,120437.18,3.8,0.9162,IL,Midwest
ACB-BR010,2025-01,116337803.98,116578815.85,0.9979,6,25,168116.16,31,120090.64,4.3,0.8957,IL,Midwest
ACB-BR010,2025-02,109919132.05,116578815.85,0.9429,14,17,171159.17,31,113464.91,3.9,0.9293,IL,Midwest
ACB-BR010,2025-03,133263678.37,116578815.85,1.1431,4,13,196630.83,31,137562.51,,0.9768,IL,Midwest
ACB-BR010,2025-04,120840414.44,116578815.85,1.0366,1,17,199053.74,31,124738.49,3.7,0.9044,IL,Midwest
ACB-BR010,2025-05,104195919.35,116578815.85,0.8938,6,13,167083.7,31,107557.08,3.9,0.9696,IL,Midwest
ACB-BR010,2025-06,119748752.11,116578815.85,1.0272,9,18,153398.6,31,123611.62,3.6,0.9876,IL,Midwest
ACB-BR010,2025-07,121143816.99,116578815.85,1.0392,6,17,147252.31,31,125051.68,4.0,0.9332,IL,Midwest
ACB-BR010,2025-08,116525594.79,116578815.85,0.9995,3,14,152342.01,31,120284.48,4.4,0.8611,IL,Midwest
ACB-BR010,2025-09,100873571.24,116578815.85,0.8653,4,24,149406.73,31,104127.56,3.9,0.9149,IL,Midwest
ACB-BR010,2025-10,105402241.81,116578815.85,0.9041,2,7,179205.64,31,108802.31,3.9,0.8639,IL,Midwest
ACB-BR010,2025-11,110412877.3,116578815.85,0.9471,5,25,159896.64,31,113974.58,4.4,0.8423,IL,Midwest
ACB-BR010,2025-12,137291054.19,116578815.85,1.1777,3,21,168535.27,31,141719.8,4.2,0.9126,IL,Midwest
ACB-BR010,2026-01,122672549.65,116578815.85,1.0523,5,26,154118.04,31,126629.73,4.0,0.8341,IL,Midwest
ACB-BR010,2026-02,115431804.44,116578815.85,0.9902,0,10,168848.87,31,119155.41,4.2,0.9593,IL,Midwest
ACB-BR010,2026-03,126071401.61,116578815.85,1.0814,0,26,182409.42,31,130138.22,4.7,0.9246,IL,Midwest
ACB-BR011,2024-04,33115411.21,33348368.69,0.993,31,29,189585.71,33,32111.91,3.7,0.9391,GA,Southeast
ACB-BR011,2024-05,32184978.87,33348368.69,0.9651,31,30,224376.61,33,31209.68,3.8,0.9102,GA,Southeast
ACB-BR011,2024-06,36934553.64,33348368.69,1.1075,16,20,219440.91,33,35815.32,3.8,0.8848,GA,Southeast
ACB-BR011,2024-07,29378719.23,33348368.69,0.881,35,24,192203.49,33,28488.46,,0.8821,GA,Southeast
ACB-BR011,2024-08,26033398.22,33348368.69,0.7806,28,45,187356.99,33,25244.51,,0.925,GA,Southeast
ACB-BR011,2024-09,33130145.72,33348368.69,0.9935,25,49,192661.53,33,32126.2,3.6,0.925,GA,Southeast
ACB-BR011,2024-10,31250726.18,33348368.69,0.9371,30,29,179182.35,33,30303.73,4.3,0.8772,GA,Southeast
ACB-BR011,2024-11,30904428.78,33348368.69,0.9267,27,29,181857.27,33,29967.93,4.9,0.8881,GA,Southeast
ACB-BR011,2024-12,28815846.89,33348368.69,0.8641,21,30,193604.39,33,27942.64,4.6,0.8584,GA,Southeast
ACB-BR011,2025-01,31161463.59,33348368.69,0.9344,24,59,182151.01,33,30217.18,4.0,0.9682,GA,Southeast
ACB-BR011,2025-02,29542276.75,33348368.69,0.8859,26,41,200625.67,33,28647.06,4.4,0.9231,GA,Southeast
ACB-BR011,2025-03,42063144.59,33348368.69,1.2613,23,26,177433.27,33,40788.5,4.5,0.9403,GA,Southeast
ACB-BR011,2025-04,31598151.67,33348368.69,0.9475,30,20,192003.48,33,30640.63,4.0,0.9701,GA,Southeast
ACB-BR011,2025-05,32016662.36,33348368.69,0.9601,28,33,214472.1,33,31046.46,3.8,0.9264,GA,Southeast
ACB-BR011,2025-06,29009345.75,33348368.69,0.8699,37,26,204734.23,33,28130.27,4.2,0.8874,GA,Southeast
ACB-BR011,2025-07,37599413.95,33348368.69,1.1275,23,35,226754.09,33,36460.04,4.2,0.7256,GA,Southeast
ACB-BR011,2025-08,28035651.06,33348368.69,0.8407,33,27,148501.31,33,27186.09,3.9,0.9232,GA,Southeast
ACB-BR011,2025-09,30528472.72,33348368.69,0.9154,26,24,183579.98,33,29603.37,4.0,0.8672,GA,Southeast
ACB-BR011,2025-10,36256426.11,33348368.69,1.0872,30,21,190633.52,33,35157.75,3.4,0.8198,GA,Southeast
ACB-BR011,2025-11,37172233.3,33348368.69,1.1147,32,28,186366.41,33,36045.8,4.6,0.9181,GA,Southeast
ACB-BR011,2025-12,35455333.62,33348368.69,1.0632,35,28,181653.94,33,34380.93,3.7,0.9409,GA,Southeast
ACB-BR011,2026-01,35995746.31,33348368.69,1.0794,21,45,226784.81,33,34904.97,3.7,0.8494,GA,Southeast
ACB-BR011,2026-02,30142001.42,33348368.69,0.9039,25,37,167243.05,33,29228.61,4.1,0.8833,GA,Southeast
ACB-BR011,2026-03,37675372.48,33348368.69,1.1298,25,43,186227.91,33,36533.69,3.9,0.9012,GA,Southeast
ACB-BR012,2024-04,27367429.15,25169847.41,1.0873,32,45,211956.19,42,20851.37,4.6,0.9822,TX,South
ACB-BR012,2024-05,24134825.44,25169847.41,0.9589,30,32,278924.8,42,18388.44,4.2,0.8683,TX,South
ACB-BR012,2024-06,28804058.54,25169847.41,1.1444,28,28,288747.62,42,21945.95,3.5,0.7987,TX,South
ACB-BR012,2024-07,27900197.12,25169847.41,1.1085,24,30,192054.32,42,21257.29,4.2,0.9718,TX,South
ACB-BR012,2024-08,25139949.38,25169847.41,0.9988,38,57,232308.15,42,19154.25,4.8,0.8828,TX,South
ACB-BR012,2024-09,24714911.53,25169847.41,0.9819,32,37,211730.65,42,18830.41,4.1,0.9172,TX,South
ACB-BR012,2024-10,21726564.98,25169847.41,0.8632,34,21,273789.33,42,16553.57,4.1,0.891,TX,South
ACB-BR012,2024-11,22300900.07,25169847.41,0.886,34,40,212530.99,42,16991.16,3.9,0.923,TX,South
ACB-BR012,2024-12,27535591.85,25169847.41,1.094,32,25,199475.22,42,20979.5,4.7,0.8901,TX,South
ACB-BR012,2025-01,21789293.64,25169847.41,0.8657,29,62,196116.57,42,16601.37,3.6,0.9471,TX,South
ACB-BR012,2025-02,25715383.6,25169847.41,1.0217,23,40,281088.34,42,19592.67,4.1,0.8628,TX,South
ACB-BR012,2025-03,30252504.41,25169847.41,1.2019,32,48,252870.4,42,23049.53,4.3,0.8366,TX,South
ACB-BR012,2025-04,28615155.36,25169847.41,1.1369,32,33,201502.76,42,21802.02,4.6,0.8033,TX,South
ACB-BR012,2025-05,21473235.06,25169847.41,0.8531,32,26,202654.83,42,16360.56,3.9,0.8783,TX,South
ACB-BR012,2025-06,27269547.1,25169847.41,1.0834,34,37,237801.83,42,20776.8,3.8,0.8768,TX,South
ACB-BR012,2025-07,27053293.76,25169847.41,1.0748,29,49,251455.14,42,20612.03,4.7,0.8681,TX,South
ACB-BR012,2025-08,21879796.03,25169847.41,0.8693,33,29,268296.51,42,16670.32,3.9,0.9436,TX,South
ACB-BR012,2025-09,23582467.14,25169847.41,0.9369,26,35,248853.77,42,17967.59,3.3,0.8807,TX,South
ACB-BR012,2025-10,26193868.23,25169847.41,1.0407,23,33,255998.71,42,19957.23,3.9,0.8875,TX,South
ACB-BR012,2025-11,24630839.17,25169847.41,0.9786,22,26,197139.01,42,18766.35,4.0,0.8716,TX,South
ACB-BR012,2025-12,21044238.34,25169847.41,0.8361,23,35,227350.81,42,16033.71,3.3,0.9215,TX,South
ACB-BR012,2026-01,26543756.71,25169847.41,1.0546,33,38,203802.65,42,20223.81,4.2,0.8449,TX,South
ACB-BR012,2026-02,26106539.73,25169847.41,1.0372,33,40,254982.46,42,19890.7,4.3,0.8643,TX,South
ACB-BR012,2026-03,27828552.13,25169847.41,1.1056,25,38,192459.33,42,21202.71,4.0,0.9726,TX,South
ACB-BR013,2024-04,36493545.34,28923349.31,1.2617,21,38,72410.8,14,83413.82,4.2,0.9597,IL,Midwest
ACB-BR013,2024-05,30226668.65,28923349.31,1.0451,23,47,70608.49,14,69089.53,4.5,0.9597,IL,Midwest
ACB-BR013,2024-06,30009386.97,28923349.31,1.0375,30,22,68659.37,14,68592.88,4.1,0.9501,IL,Midwest
ACB-BR013,2024-07,28862328.08,28923349.31,0.9979,24,22,75382.27,14,65971.04,4.2,0.894,IL,Midwest
ACB-BR013,2024-08,22879077.71,28923349.31,0.791,19,37,81242.82,14,52295.03,3.8,0.9975,IL,Midwest
ACB-BR013,2024-09,28917901.61,28923349.31,0.9998,27,41,78778.21,14,66098.06,4.5,0.8853,IL,Midwest
ACB-BR013,2024-10,25660737.26,28923349.31,0.8872,28,34,93116.01,14,58653.11,3.9,0.7931,IL,Midwest
ACB-BR013,2024-11,24579768.86,28923349.31,0.8498,19,51,65958.38,14,56182.33,4.0,0.9505,IL,Midwest
ACB-BR013,2024-12,29139154.62,28923349.31,1.0075,30,27,94866.94,14,66603.78,4.1,0.9843,IL,Midwest
ACB-BR013,2025-01,35216563.24,28923349.31,1.2176,25,39,66506.41,14,80495.0,4.1,0.9515,IL,Midwest
ACB-BR013,2025-02,35005076.86,28923349.31,1.2103,30,30,77295.24,14,80011.6,4.1,0.838,IL,Midwest
ACB-BR013,2025-03,27822997.79,28923349.31,0.962,21,34,70232.29,14,63595.42,4.0,0.9004,IL,Midwest
ACB-BR013,2025-04,29337233.01,28923349.31,1.0143,24,44,62937.01,14,67056.53,4.3,0.8126,IL,Midwest
ACB-BR013,2025-05,26111169.93,28923349.31,0.9028,31,25,93711.11,14,59682.67,4.6,0.8617,IL,Midwest
ACB-BR013,2025-06,29919076.07,28923349.31,1.0344,27,40,82468.63,14,68386.46,3.9,0.8939,IL,Midwest
ACB-BR013,2025-07,25900409.12,28923349.31,0.8955,27,31,81156.26,14,59200.94,4.1,0.7616,IL,Midwest
ACB-BR013,2025-08,25953075.25,28923349.31,0.8973,27,37,66859.85,14,59321.31,4.1,0.9538,IL,Midwest
ACB-BR013,2025-09,29219624.9,28923349.31,1.0102,22,26,64232.2,14,66787.71,4.1,0.9076,IL,Midwest
ACB-BR013,2025-10,31231604.33,28923349.31,1.0798,36,30,63620.08,14,71386.52,3.9,0.8558,IL,Midwest
ACB-BR013,2025-11,29020252.77,28923349.31,1.0034,29,33,84484.77,14,66332.01,4.3,0.9248,IL,Midwest
ACB-BR013,2025-12,24365594.58,28923349.31,0.8424,24,24,76325.61,14,55692.79,3.9,0.9253,IL,Midwest
ACB-BR013,2026-01,26400472.59,28923349.31,0.9128,28,34,72068.91,14,60343.94,4.0,0.9074,IL,Midwest
ACB-BR013,2026-02,28114641.33,28923349.31,0.972,24,31,67249.66,14,64262.04,3.9,0.9549,IL,Midwest
ACB-BR013,2026-03,27616115.77,28923349.31,0.9548,19,28,86690.99,14,63122.55,3.5,0.8953,IL,Midwest
ACB-BR014,2024-04,26803372.55,21709207.08,1.2347,32,28,172316.8,27,31766.96,4.6,0.8598,TX,South
ACB-BR014,2024-05,20577645.29,21709207.08,0.9479,30,30,157241.23,27,24388.32,3.6,0.9873,TX,South
ACB-BR014,2024-06,19298703.14,21709207.08,0.889,28,29,139648.41,27,22872.54,4.0,0.9317,TX,South
ACB-BR014,2024-07,21246103.37,21709207.08,0.9787,23,33,126216.63,27,25180.57,4.7,0.8398,TX,South
ACB-BR014,2024-08,18621842.65,21709207.08,0.8578,28,51,167321.86,27,22070.33,3.3,0.9314,TX,South
ACB-BR014,2024-09,22051754.95,21709207.08,1.0158,28,36,150351.38,27,26135.41,3.6,0.8703,TX,South
ACB-BR014,2024-10,21407598.86,21709207.08,0.9861,39,23,130317.14,27,25371.97,3.8,0.9834,TX,South
ACB-BR014,2024-11,19272309.38,21709207.08,0.8877,28,37,144964.56,27,22841.26,3.8,0.8761,TX,South
ACB-BR014,2024-12,22809396.27,21709207.08,1.0507,30,36,150442.17,27,27033.36,4.4,0.9765,TX,South
ACB-BR014,2025-01,21344815.63,21709207.08,0.9832,28,38,136307.72,27,25297.56,4.1,0.8194,TX,South
ACB-BR014,2025-02,23609141.62,21709207.08,1.0875,26,31,168881.9,27,27981.2,4.1,0.8668,TX,South
ACB-BR014,2025-03,25197857.74,21709207.08,1.1607,22,19,189799.71,27,29864.13,4.3,0.9548,TX,South
ACB-BR014,2025-04,24266407.11,21709207.08,1.1178,21,43,116076.3,27,28760.19,4.4,0.8828,TX,South
ACB-BR014,2025-05,22305548.11,21709207.08,1.0275,22,35,169270.79,27,26436.21,4.2,0.8905,TX,South
ACB-BR014,2025-06,24451369.74,21709207.08,1.1263,21,31,153555.71,27,28979.4,3.3,0.9052,TX,South
ACB-BR014,2025-07,23811097.31,21709207.08,1.0968,27,22,173336.31,27,28220.56,4.4,0.9082,TX,South
ACB-BR014,2025-08,17682164.04,21709207.08,0.8145,31,27,131635.9,27,20956.64,4.2,0.8411,TX,South
ACB-BR014,2025-09,19100294.34,21709207.08,0.8798,19,24,122321.66,27,22637.39,4.0,0.9262,TX,South
ACB-BR014,2025-10,22554886.05,21709207.08,1.039,23,50,151560.91,27,26731.72,4.4,0.9838,TX,South
ACB-BR014,2025-11,19430417.48,21709207.08,0.895,30,40,136310.08,27,23028.64,4.7,0.8684,TX,South
ACB-BR014,2025-12,22843184.79,21709207.08,1.0522,26,43,123146.61,27,27073.4,3.9,0.8315,TX,South
ACB-BR014,2026-01,21238765.95,21709207.08,0.9783,32,23,139416.01,27,25171.87,3.4,0.8512,TX,South
ACB-BR014,2026-02,25580853.67,21709207.08,1.1783,30,33,134915.41,27,30318.05,4.1,0.8852,TX,South
ACB-BR014,2026-03,21206444.63,21709207.08,0.9768,32,34,148119.99,27,25133.56,3.7,0.9784,TX,South
ACB-BR015,2024-04,37855316.76,30224961.41,1.2525,30,20,208216.35,38,31878.16,5.0,0.9119,TX,South
ACB-BR015,2024-05,28671162.47,30224961.41,0.9486,27,26,256042.4,38,24144.14,4.6,0.901,TX,South
ACB-BR015,2024-06,34383381.7,30224961.41,1.1376,35,32,159070.16,38,28954.43,4.0,0.9125,TX,South
ACB-BR015,2024-07,33030793.51,30224961.41,1.0928,31,30,195405.8,38,27815.41,4.1,0.947,TX,South
ACB-BR015,2024-08,27784146.89,30224961.41,0.9192,21,27,211486.06,38,23397.18,3.6,0.9657,TX,South
ACB-BR015,2024-09,25873246.43,30224961.41,0.856,28,32,212359.45,38,21788.0,4.5,0.9172,TX,South
ACB-BR015,2024-10,26508744.56,30224961.41,0.877,35,25,218794.53,38,22323.15,4.6,0.9439,TX,South
ACB-BR015,2024-11,33021415.58,30224961.41,1.0925,24,29,202001.67,38,27807.51,4.0,0.9692,TX,South
ACB-BR015,2024-12,31977874.1,30224961.41,1.058,36,34,219942.12,38,26928.74,3.9,0.8621,TX,South
ACB-BR015,2025-01,35789057.81,30224961.41,1.1841,26,46,243217.37,38,30138.15,4.2,0.9534,TX,South
ACB-BR015,2025-02,31379055.33,30224961.41,1.0382,26,50,226884.87,38,26424.47,3.5,0.8991,TX,South
ACB-BR015,2025-03,32249326.06,30224961.41,1.067,26,27,221228.96,38,27157.33,4.0,0.952,TX,South
ACB-BR015,2025-04,34743694.23,30224961.41,1.1495,29,55,217813.16,38,29257.85,4.0,0.8443,TX,South
ACB-BR015,2025-05,30102519.21,30224961.41,0.9959,25,35,167363.15,38,25349.49,3.5,0.9379,TX,South
ACB-BR015,2025-06,33074686.65,30224961.41,1.0943,33,42,266365.96,38,27852.37,4.3,0.9134,TX,South
ACB-BR015,2025-07,27495703.71,30224961.41,0.9097,32,34,217511.49,38,23154.28,4.5,0.9715,TX,South
ACB-BR015,2025-08,29019624.64,30224961.41,0.9601,26,52,184693.86,38,24437.58,4.1,0.9814,TX,South
ACB-BR015,2025-09,25068090.42,30224961.41,0.8294,37,26,254950.2,38,21109.97,3.9,0.9256,TX,South
ACB-BR015,2025-10,30544301.56,30224961.41,1.0106,19,52,224996.31,38,25721.52,3.0,0.8275,TX,South
ACB-BR015,2025-11,31382752.25,30224961.41,1.0383,36,38,239702.74,38,26427.58,,0.8888,TX,South
ACB-BR015,2025-12,28694317.62,30224961.41,0.9494,28,34,224645.13,38,24163.64,4.7,0.9745,TX,South
ACB-BR015,2026-01,25844639.31,30224961.41,0.8551,25,44,181219.91,38,21763.91,4.8,0.9218,TX,South
ACB-BR015,2026-02,32703638.61,30224961.41,1.082,27,54,192250.26,38,27539.91,4.1,0.7995,TX,South
ACB-BR015,2026-03,29184704.37,30224961.41,0.9656,29,45,228302.88,38,24576.59,3.6,0.9288,TX,South
ACB-BR016,2024-04,21111570.26,17571548.4,1.2015,9,19,86584.59,17,39739.43,3.8,0.9393,TX,South
ACB-BR016,2024-05,19919388.22,17571548.4,1.1336,13,15,83674.0,17,37495.32,3.6,0.843,TX,South
ACB-BR016,2024-06,19225694.68,17571548.4,1.0941,22,20,104528.85,17,36189.54,4.2,0.8669,TX,South
ACB-BR016,2024-07,16150498.79,17571548.4,0.9191,5,30,98914.42,17,30400.94,3.8,0.6919,TX,South
ACB-BR016,2024-08,15924665.37,17571548.4,0.9063,6,17,94092.77,17,29975.84,3.6,0.9331,TX,South
ACB-BR016,2024-09,18904259.96,17571548.4,1.0758,3,5,106888.08,17,35584.49,4.1,0.858,TX,South
ACB-BR016,2024-10,13566101.6,17571548.4,0.772,5,17,81684.58,17,25536.19,4.0,0.8465,TX,South
ACB-BR016,2024-11,13863870.05,17571548.4,0.789,6,13,108501.17,17,26096.7,3.7,0.9236,TX,South
ACB-BR016,2024-12,16723501.54,17571548.4,0.9517,13,15,99543.54,17,31479.53,3.7,0.8828,TX,South
ACB-BR016,2025-01,16469795.87,17571548.4,0.9373,13,12,106030.05,17,31001.97,4.4,0.7883,TX,South
ACB-BR016,2025-02,19403488.64,17571548.4,1.1043,18,0,102092.21,17,36524.21,3.7,0.9624,TX,South
ACB-BR016,2025-03,17754707.72,17571548.4,1.0104,11,13,95050.0,17,33420.63,3.3,0.8897,TX,South
ACB-BR016,2025-04,17594127.04,17571548.4,1.0013,9,14,103975.49,17,33118.36,4.3,0.8932,TX,South
ACB-BR016,2025-05,16085198.34,17571548.4,0.9154,11,15,88457.67,17,30278.02,4.0,0.7313,TX,South
ACB-BR016,2025-06,19923567.27,17571548.4,1.1339,7,14,84270.72,17,37503.19,4.1,0.9484,TX,South
ACB-BR016,2025-07,17475677.92,17571548.4,0.9945,13,7,83561.7,17,32895.39,4.1,0.8854,TX,South
ACB-BR016,2025-08,14869910.57,17571548.4,0.8462,11,18,102339.06,17,27990.42,4.2,0.8382,TX,South
ACB-BR016,2025-09,16667096.0,17571548.4,0.9485,9,11,96326.88,17,31373.36,4.1,0.796,TX,South
ACB-BR016,2025-10,17245651.9,17571548.4,0.9815,13,14,119453.04,17,32462.4,4.4,0.9188,TX,South
ACB-BR016,2025-11,18726025.55,17571548.4,1.0657,7,15,100349.62,17,35248.99,4.6,0.9468,TX,South
ACB-BR016,2025-12,15207952.2,17571548.4,0.8655,18,23,87329.67,17,28626.73,4.2,0.7703,TX,South
ACB-BR016,2026-01,21086342.62,17571548.4,1.2,8,16,106507.08,17,39691.94,4.4,0.8961,TX,South
ACB-BR016,2026-02,19533210.19,17571548.4,1.1116,17,19,116150.95,17,36768.4,4.8,0.8166,TX,South
ACB-BR016,2026-03,20670191.19,17571548.4,1.1763,13,18,100924.79,17,38908.6,4.4,0.9413,TX,South
ACB-BR017,2024-04,19349670.55,19736335.24,0.9804,27,42,85714.8,20,30959.47,5.0,0.9565,VA,Northeast
ACB-BR017,2024-05,20081047.37,19736335.24,1.0175,32,20,114227.77,20,32129.68,4.0,0.9184,VA,Northeast
ACB-BR017,2024-06,19073451.49,19736335.24,0.9664,30,36,106789.36,20,30517.52,4.3,0.9373,VA,Northeast
ACB-BR017,2024-07,15566662.8,19736335.24,0.7887,31,35,92677.3,20,24906.66,4.8,0.9948,VA,Northeast
ACB-BR017,2024-08,18670249.24,19736335.24,0.946,29,21,113006.43,20,29872.4,3.7,0.9293,VA,Northeast
ACB-BR017,2024-09,16094806.74,19736335.24,0.8155,24,33,131683.73,20,25751.69,3.8,0.8548,VA,Northeast
ACB-BR017,2024-10,19415858.82,19736335.24,0.9838,20,49,95703.27,20,31065.37,4.2,0.8264,VA,Northeast
ACB-BR017,2024-11,18913245.87,19736335.24,0.9583,28,27,126089.83,20,30261.19,4.0,0.9202,VA,Northeast
ACB-BR017,2024-12,22852210.53,19736335.24,1.1579,28,28,118402.21,20,36563.54,3.9,0.6903,VA,Northeast
ACB-BR017,2025-01,18236729.92,19736335.24,0.924,20,35,131983.95,20,29178.77,4.1,0.9452,VA,Northeast
ACB-BR017,2025-02,23608920.46,19736335.24,1.1962,17,23,116302.69,20,37774.27,4.0,0.7608,VA,Northeast
ACB-BR017,2025-03,22688114.55,19736335.24,1.1496,27,40,108125.74,20,36300.98,3.9,0.9437,VA,Northeast
ACB-BR017,2025-04,19895306.72,19736335.24,1.0081,28,41,126703.31,20,31832.49,4.1,0.9214,VA,Northeast
ACB-BR017,2025-05,23552086.17,19736335.24,1.1933,28,38,102412.89,20,37683.34,,0.8389,VA,Northeast
ACB-BR017,2025-06,16808199.37,19736335.24,0.8516,23,38,108608.96,20,26893.12,4.4,0.8716,VA,Northeast
ACB-BR017,2025-07,17971369.69,19736335.24,0.9106,25,48,96853.81,20,28754.19,4.2,0.9553,VA,Northeast
ACB-BR017,2025-08,18627793.58,19736335.24,0.9438,32,32,126819.49,20,29804.47,4.6,0.936,VA,Northeast
ACB-BR017,2025-09,21142507.83,19736335.24,1.0712,28,44,103737.88,20,33828.01,3.9,0.918,VA,Northeast
ACB-BR017,2025-10,17626105.32,19736335.24,0.8931,26,43,113122.6,20,28201.77,3.9,0.7775,VA,Northeast
ACB-BR017,2025-11,18549064.5,19736335.24,0.9398,27,38,86749.09,20,29678.5,4.4,0.6729,VA,Northeast
ACB-BR017,2025-12,19651810.34,19736335.24,0.9957,22,29,102079.27,20,31442.9,5.0,0.9565,VA,Northeast
ACB-BR017,2026-01,23775691.84,19736335.24,1.2047,32,21,98707.6,20,38041.11,4.6,0.8422,VA,Northeast
ACB-BR017,2026-02,17665869.52,19736335.24,0.8951,23,38,92400.64,20,28265.39,3.9,0.9622,VA,Northeast
ACB-BR017,2026-03,19483008.22,19736335.24,0.9872,32,46,125867.31,20,31172.81,3.7,0.9603,VA,Northeast
ACB-BR018,2024-04,35228526.68,36679246.43,0.9604,24,41,148244.66,22,51241.49,4.8,0.9093,OH,Midwest
ACB-BR018,2024-05,37542612.51,36679246.43,1.0235,20,32,149278.75,22,54607.44,4.2,0.9441,OH,Midwest
ACB-BR018,2024-06,38665390.05,36679246.43,1.0541,27,32,108258.84,22,56240.57,4.1,0.9189,OH,Midwest
ACB-BR018,2024-07,39562591.44,36679246.43,1.0786,33,35,128862.09,22,57545.59,3.8,0.8145,OH,Midwest
ACB-BR018,2024-08,33149296.57,36679246.43,0.9038,34,52,121922.42,22,48217.16,4.4,0.9565,OH,Midwest
ACB-BR018,2024-09,32871521.82,36679246.43,0.8962,19,32,141537.32,22,47813.12,3.9,0.7325,OH,Midwest
ACB-BR018,2024-10,39468801.91,36679246.43,1.0761,19,50,113859.18,22,57409.17,4.1,0.9478,OH,Midwest
ACB-BR018,2024-11,30322749.94,36679246.43,0.8267,17,42,123600.0,22,44105.82,4.0,0.8603,OH,Midwest
ACB-BR018,2024-12,40012354.57,36679246.43,1.0909,39,32,127249.35,22,58199.79,4.2,0.7264,OH,Midwest
ACB-BR018,2025-01,31515006.56,36679246.43,0.8592,34,12,112706.74,22,45840.01,3.1,0.8879,OH,Midwest
ACB-BR018,2025-02,36997994.14,36679246.43,1.0087,39,29,134516.12,22,53815.26,3.8,0.8395,OH,Midwest
ACB-BR018,2025-03,36910606.35,36679246.43,1.0063,27,37,152553.67,22,53688.15,4.0,0.9611,OH,Midwest
ACB-BR018,2025-04,44995812.68,36679246.43,1.2267,34,41,147036.19,22,65448.45,3.7,0.8588,OH,Midwest
ACB-BR018,2025-05,34378308.13,36679246.43,0.9373,25,32,126236.36,22,50004.81,3.9,0.9676,OH,Midwest
ACB-BR018,2025-06,32811096.57,36679246.43,0.8945,31,48,109673.23,22,47725.23,3.9,0.9455,OH,Midwest
ACB-BR018,2025-07,30106629.71,36679246.43,0.8208,20,51,127015.16,22,43791.46,4.0,0.8984,OH,Midwest
ACB-BR018,2025-08,35995262.57,36679246.43,0.9814,26,30,104368.39,22,52356.75,3.4,0.9107,OH,Midwest
ACB-BR018,2025-09,32331484.45,36679246.43,0.8815,19,48,108534.59,22,47027.61,3.9,0.884,OH,Midwest
ACB-BR018,2025-10,39981586.77,36679246.43,1.09,33,47,144998.49,22,58155.04,3.8,0.9327,OH,Midwest
ACB-BR018,2025-11,33695942.55,36679246.43,0.9187,27,38,145542.58,22,49012.28,4.3,0.8534,OH,Midwest
ACB-BR018,2025-12,31195410.49,36679246.43,0.8505,31,34,98022.69,22,45375.14,3.3,0.9841,OH,Midwest
ACB-BR018,2026-01,39430343.21,36679246.43,1.075,38,32,147658.01,22,57353.23,4.2,0.883,OH,Midwest
ACB-BR018,2026-02,33756378.23,36679246.43,0.9203,22,14,128558.06,22,49100.19,4.1,0.7293,OH,Midwest
ACB-BR018,2026-03,41798568.04,36679246.43,1.1396,30,27,135484.01,22,60797.92,4.6,0.9663,OH,Midwest
ACB-BR019,2024-04,44179486.34,42711715.84,1.0344,28,36,175562.51,35,40392.67,4.5,0.8939,VA,Northeast
ACB-BR019,2024-05,42717734.55,42711715.84,1.0001,37,29,229571.23,35,39056.21,4.3,0.9273,VA,Northeast
ACB-BR019,2024-06,44629029.95,42711715.84,1.0449,26,41,209433.11,35,40803.68,4.7,0.9048,VA,Northeast
ACB-BR019,2024-07,44226275.16,42711715.84,1.0355,27,35,182827.84,35,40435.45,4.4,0.8565,VA,Northeast
ACB-BR019,2024-08,37114591.48,42711715.84,0.869,21,39,179788.53,35,33933.34,4.5,0.844,VA,Northeast
ACB-BR019,2024-09,45255437.13,42711715.84,1.0596,21,46,241936.34,35,41376.4,4.6,0.9224,VA,Northeast
ACB-BR019,2024-10,39780733.72,42711715.84,0.9314,28,38,179518.74,35,36370.96,4.5,0.9442,VA,Northeast
ACB-BR019,2024-11,44862062.58,42711715.84,1.0503,23,48,194108.91,35,41016.74,4.5,0.8802,VA,Northeast
ACB-BR019,2024-12,43172335.82,42711715.84,1.0108,31,44,157786.09,35,39471.85,3.7,0.9435,VA,Northeast
ACB-BR019,2025-01,50998847.53,42711715.84,1.194,24,37,200858.57,35,46627.52,4.2,0.9522,VA,Northeast
ACB-BR019,2025-02,42948123.75,42711715.84,1.0055,27,34,183197.68,35,39266.86,4.9,0.9803,VA,Northeast
ACB-BR019,2025-03,43139751.32,42711715.84,1.01,32,41,194975.69,35,39442.06,4.4,0.919,VA,Northeast
ACB-BR019,2025-04,40434632.05,42711715.84,0.9467,30,36,221267.59,35,36968.81,4.4,0.9504,VA,Northeast
ACB-BR019,2025-05,46508409.09,42711715.84,1.0889,17,38,213712.87,35,42521.97,4.5,0.9254,VA,Northeast
ACB-BR019,2025-06,48784342.27,42711715.84,1.1422,33,37,211359.96,35,44602.83,3.9,0.7517,VA,Northeast
ACB-BR019,2025-07,45718889.79,42711715.84,1.0704,28,38,225772.17,35,41800.13,3.5,0.9147,VA,Northeast
ACB-BR019,2025-08,32947170.52,42711715.84,0.7714,24,41,180707.03,35,30123.13,3.8,0.9185,VA,Northeast
ACB-BR019,2025-09,46058829.54,42711715.84,1.0784,22,45,203524.27,35,42110.93,,0.9288,VA,Northeast
ACB-BR019,2025-10,40810973.41,42711715.84,0.9555,25,36,176101.4,35,37312.89,4.9,0.9007,VA,Northeast
ACB-BR019,2025-11,42608250.64,42711715.84,0.9976,28,19,176191.73,35,38956.11,4.5,0.9371,VA,Northeast
ACB-BR019,2025-12,37662901.77,42711715.84,0.8818,21,42,197798.66,35,34434.65,3.9,0.9164,VA,Northeast
ACB-BR019,2026-01,38838093.62,42711715.84,0.9093,36,31,177047.76,35,35509.11,4.3,0.9204,VA,Northeast
ACB-BR019,2026-02,53553866.6,42711715.84,1.2538,29,45,179468.63,35,48963.54,4.2,0.8511,VA,Northeast
ACB-BR019,2026-03,41864509.63,42711715.84,0.9802,32,49,188591.59,35,38276.12,4.2,0.9475,VA,Northeast
ACB-BR020,2024-04,14752967.73,11847794.86,1.2452,10,7,268959.83,43,10978.95,4.4,0.9579,NY,Northeast
ACB-BR020,2024-05,12911955.18,11847794.86,1.0898,6,0,231291.85,43,9608.9,4.3,0.865,NY,Northeast
ACB-BR020,2024-06,13748356.83,11847794.86,1.1604,15,17,252917.06,43,10231.34,4.4,0.9498,NY,Northeast
ACB-BR020,2024-07,11021609.13,11847794.86,0.9303,13,10,255227.12,43,8202.13,4.4,0.6755,NY,Northeast
ACB-BR020,2024-08,10726756.9,11847794.86,0.9054,7,3,244988.15,43,7982.7,3.5,0.9203,NY,Northeast
ACB-BR020,2024-09,11543407.81,11847794.86,0.9743,12,24,208311.17,43,8590.44,3.7,0.8628,NY,Northeast
ACB-BR020,2024-10,9700333.63,11847794.86,0.8187,3,13,283599.77,43,7218.85,3.8,0.945,NY,Northeast
ACB-BR020,2024-11,12774688.81,11847794.86,1.0782,23,1,205880.92,43,9506.75,4.3,0.9057,NY,Northeast
ACB-BR020,2024-12,13825129.56,11847794.86,1.1669,3,14,293044.96,43,10288.47,4.3,0.8239,NY,Northeast
ACB-BR020,2025-01,14479385.64,11847794.86,1.2221,6,1,232446.35,43,10775.36,4.2,0.9758,NY,Northeast
ACB-BR020,2025-02,10901384.67,11847794.86,0.9201,0,14,294335.23,43,8112.66,4.2,0.915,NY,Northeast
ACB-BR020,2025-03,11983968.94,11847794.86,1.0115,16,26,243238.16,43,8918.3,4.0,0.8999,NY,Northeast
ACB-BR020,2025-04,11603067.59,11847794.86,0.9793,16,19,278212.34,43,8634.84,4.3,0.9767,NY,Northeast
ACB-BR020,2025-05,12056687.56,11847794.86,1.0176,7,0,230596.56,43,8972.42,4.3,0.9132,NY,Northeast
ACB-BR020,2025-06,12390168.33,11847794.86,1.0458,7,20,238148.59,43,9220.59,4.0,0.8726,NY,Northeast
ACB-BR020,2025-07,12568622.74,11847794.86,1.0608,3,10,258220.79,43,9353.39,4.0,0.9585,NY,Northeast
ACB-BR020,2025-08,11665580.03,11847794.86,0.9846,14,0,207880.23,43,8681.36,3.6,0.9298,NY,Northeast
ACB-BR020,2025-09,12725201.0,11847794.86,1.0741,9,6,243795.06,43,9469.92,4.2,0.9341,NY,Northeast
ACB-BR020,2025-10,9465354.68,11847794.86,0.7989,3,15,205874.74,43,7043.98,4.0,0.855,NY,Northeast
ACB-BR020,2025-11,9698752.83,11847794.86,0.8186,2,0,269520.82,43,7217.68,4.4,0.8453,NY,Northeast
ACB-BR020,2025-12,10568712.96,11847794.86,0.892,8,13,232408.54,43,7865.09,4.1,0.9113,NY,Northeast
ACB-BR020,2026-01,14461045.88,11847794.86,1.2206,8,15,198046.59,43,10761.71,4.7,0.9582,NY,Northeast
ACB-BR020,2026-02,14390402.51,11847794.86,1.2146,7,2,213279.16,43,10709.14,4.3,0.8957,NY,Northeast
ACB-BR020,2026-03,11924409.93,11847794.86,1.0065,11,15,232612.33,43,8873.98,3.5,0.9092,NY,Northeast
ACB-BR021,2024-04,31885519.76,31111473.54,1.0249,20,37,118034.3,17,60019.8,4.1,0.8583,TN,South
ACB-BR021,2024-05,33659100.77,31111473.54,1.0819,23,41,92426.38,17,63358.31,4.1,0.9886,TN,South
ACB-BR021,2024-06,32637934.96,31111473.54,1.0491,38,45,90606.66,17,61436.11,4.1,0.6581,TN,South
ACB-BR021,2024-07,25756537.56,31111473.54,0.8279,31,31,81402.86,17,48482.89,4.3,0.9874,TN,South
ACB-BR021,2024-08,29387843.59,31111473.54,0.9446,20,37,76243.4,17,55318.29,3.9,0.9449,TN,South
ACB-BR021,2024-09,28427917.0,31111473.54,0.9137,21,34,91899.03,17,53511.37,3.9,0.957,TN,South
ACB-BR021,2024-10,30719523.68,31111473.54,0.9874,24,56,85326.81,17,57824.99,4.3,0.6837,TN,South
ACB-BR021,2024-11,25310693.77,31111473.54,0.8135,29,28,115870.18,17,47643.66,4.7,0.9134,TN,South
ACB-BR021,2024-12,28014726.81,31111473.54,0.9005,30,33,78717.84,17,52733.6,3.9,0.9226,TN,South
ACB-BR021,2025-01,34573720.05,31111473.54,1.1113,37,32,92354.43,17,65079.94,4.8,0.8747,TN,South
ACB-BR021,2025-02,30885285.68,31111473.54,0.9927,27,38,77650.73,17,58137.01,3.8,0.76,TN,South
ACB-BR021,2025-03,33413485.11,31111473.54,1.074,32,46,92737.19,17,62895.97,3.8,0.8446,TN,South
ACB-BR021,2025-04,28606976.99,31111473.54,0.9195,22,33,90487.86,17,53848.43,4.6,0.795,TN,South
ACB-BR021,2025-05,28688857.15,31111473.54,0.9221,27,40,84196.22,17,54002.55,4.3,0.8396,TN,South
ACB-BR021,2025-06,30911957.26,31111473.54,0.9936,34,28,98943.83,17,58187.21,4.4,0.9816,TN,South
ACB-BR021,2025-07,31586889.8,31111473.54,1.0153,21,27,81266.45,17,59457.67,4.5,0.9156,TN,South
ACB-BR021,2025-08,24910510.35,31111473.54,0.8007,26,18,84192.26,17,46890.37,3.7,0.8996,TN,South
ACB-BR021,2025-09,26481171.91,31111473.54,0.8512,26,37,93541.86,17,49846.91,4.1,0.85,TN,South
ACB-BR021,2025-10,28469899.62,31111473.54,0.9151,32,24,80209.85,17,53590.4,3.7,0.9563,TN,South
ACB-BR021,2025-11,33602308.17,31111473.54,1.0801,22,17,100814.62,17,63251.4,,0.9717,TN,South
ACB-BR021,2025-12,34503055.43,31111473.54,1.109,27,31,93440.07,17,64946.93,4.3,0.8062,TN,South
ACB-BR021,2026-01,32796112.61,31111473.54,1.0541,28,33,106740.47,17,61733.86,4.0,0.8577,TN,South
ACB-BR021,2026-02,27859600.72,31111473.54,0.8955,29,36,106802.71,17,52441.6,3.4,0.9423,TN,South
ACB-BR021,2026-03,38272062.77,31111473.54,1.2302,36,35,94089.23,17,72041.53,3.7,0.9658,TN,South
ACB-BR022,2024-04,49309489.28,41714296.48,1.1821,28,35,155439.79,31,50900.12,4.4,0.9769,TN,South
ACB-BR022,2024-05,46385426.25,41714296.48,1.112,35,37,204409.34,31,47881.73,4.0,0.9284,TN,South
ACB-BR022,2024-06,40879110.07,41714296.48,0.98,35,36,182647.89,31,42197.79,3.7,0.9823,TN,South
ACB-BR022,2024-07,35196703.37,41714296.48,0.8438,37,35,162774.53,31,36332.08,3.7,0.9093,TN,South
ACB-BR022,2024-08,40099033.29,41714296.48,0.9613,26,35,189675.09,31,41392.55,3.6,0.9605,TN,South
ACB-BR022,2024-09,33815963.37,41714296.48,0.8107,32,42,179886.51,31,34906.8,3.7,0.994,TN,South
ACB-BR022,2024-10,32514979.44,41714296.48,0.7795,25,29,150130.03,31,33563.85,4.4,0.9039,TN,South
ACB-BR022,2024-11,36107542.45,41714296.48,0.8656,31,24,192701.15,31,37272.3,3.8,0.7344,TN,South
ACB-BR022,2024-12,38694733.88,41714296.48,0.9276,27,32,196725.56,31,39942.95,4.5,0.8931,TN,South
ACB-BR022,2025-01,49118476.75,41714296.48,1.1775,25,36,208641.45,31,50702.94,3.7,0.9093,TN,South
ACB-BR022,2025-02,44190929.41,41714296.48,1.0594,31,37,176523.26,31,45616.44,3.9,0.9465,TN,South
ACB-BR022,2025-03,49566049.4,41714296.48,1.1882,29,36,181399.12,31,51164.95,4.5,0.9248,TN,South
ACB-BR022,2025-04,37568015.24,41714296.48,0.9006,21,34,156571.41,31,38779.89,3.8,0.9428,TN,South
ACB-BR022,2025-05,47341006.08,41714296.48,1.1349,28,32,152268.27,31,48868.14,4.5,0.9479,TN,South
ACB-BR022,2025-06,37087075.72,41714296.48,0.8891,23,31,136893.82,31,38283.43,4.0,0.9213,TN,South
ACB-BR022,2025-07,33317811.87,41714296.48,0.7987,30,39,138624.03,31,34392.58,4.4,0.8971,TN,South
ACB-BR022,2025-08,45504213.27,41714296.48,1.0909,19,32,175647.97,31,46972.09,3.5,0.8617,TN,South
ACB-BR022,2025-09,41427699.13,41714296.48,0.9931,33,30,173219.72,31,42764.08,4.1,0.8889,TN,South
ACB-BR022,2025-10,42822814.31,41714296.48,1.0266,28,38,183862.48,31,44204.2,4.0,0.9774,TN,South
ACB-BR022,2025-11,38571214.8,41714296.48,0.9247,36,27,161170.18,31,39815.45,4.4,0.9915,TN,South
ACB-BR022,2025-12,43383641.12,41714296.48,1.04,29,25,138626.02,31,44783.11,3.7,0.932,TN,South
ACB-BR022,2026-01,45847548.41,41714296.48,1.0991,30,38,192667.43,31,47326.5,4.2,0.9666,TN,South
ACB-BR022,2026-02,40110166.03,41714296.48,0.9615,25,40,148274.34,31,41404.04,4.1,0.8383,TN,South
ACB-BR022,2026-03,48843669.09,41714296.48,1.1709,26,33,179960.72,31,50419.27,4.1,0.9165,TN,South
ACB-BR023,2024-04,18031760.29,18353540.08,0.9825,20,36,182519.57,41,14073.57,4.3,0.9169,NY,Northeast
ACB-BR023,2024-05,16988221.9,18353540.08,0.9256,31,37,278401.43,41,13259.1,3.9,0.8895,NY,Northeast
ACB-BR023,2024-06,16624317.32,18353540.08,0.9058,27,31,240284.18,41,12975.08,3.6,0.907,NY,Northeast
ACB-BR023,2024-07,19413595.58,18353540.08,1.0578,36,24,188467.08,41,15152.07,4.2,0.8895,NY,Northeast
ACB-BR023,2024-08,15686291.8,18353540.08,0.8547,28,27,222658.16,41,12242.96,4.0,0.8244,NY,Northeast
ACB-BR023,2024-09,15834229.25,18353540.08,0.8627,28,26,225391.37,41,12358.42,3.5,0.9238,NY,Northeast
ACB-BR023,2024-10,17340629.11,18353540.08,0.9448,26,25,250824.68,41,13534.15,4.8,0.9123,NY,Northeast
ACB-BR023,2024-11,16881249.02,18353540.08,0.9198,32,35,192180.33,41,13175.61,3.7,0.9394,NY,Northeast
ACB-BR023,2024-12,16438630.35,18353540.08,0.8957,31,35,196890.59,41,12830.15,,0.9317,NY,Northeast
ACB-BR023,2025-01,17675703.5,18353540.08,0.9631,19,32,238017.12,41,13795.67,3.8,0.9132,NY,Northeast
ACB-BR023,2025-02,17352646.55,18353540.08,0.9455,31,42,256124.06,41,13543.53,3.8,0.8827,NY,Northeast
ACB-BR023,2025-03,18241458.19,18353540.08,0.9939,30,37,248565.84,41,14237.24,4.4,0.9521,NY,Northeast
ACB-BR023,2025-04,18743228.74,18353540.08,1.0212,35,37,216438.78,41,14628.86,4.2,0.9561,NY,Northeast
ACB-BR023,2025-05,18752514.58,18353540.08,1.0217,29,49,215783.34,41,14636.11,3.5,0.937,NY,Northeast
ACB-BR023,2025-06,21647343.66,18353540.08,1.1795,29,29,265778.24,41,16895.49,3.9,0.9184,NY,Northeast
ACB-BR023,2025-07,18183083.51,18353540.08,0.9907,32,48,253492.92,41,14191.67,3.6,0.9718,NY,Northeast
ACB-BR023,2025-08,15868874.66,18353540.08,0.8646,31,22,253339.48,41,12385.46,4.6,0.9596,NY,Northeast
ACB-BR023,2025-09,19465457.76,18353540.08,1.0606,23,25,259368.98,41,15192.55,3.9,0.6498,NY,Northeast
ACB-BR023,2025-10,16530383.05,18353540.08,0.9007,38,28,249768.56,41,12901.76,4.7,0.8978,NY,Northeast
ACB-BR023,2025-11,14467283.46,18353540.08,0.7883,21,30,236789.39,41,11291.54,3.5,0.7791,NY,Northeast
ACB-BR023,2025-12,16129519.1,18353540.08,0.8788,28,26,211249.31,41,12588.89,4.2,0.9064,NY,Northeast
ACB-BR023,2026-01,18353158.06,18353540.08,1.0,35,46,240029.65,41,14324.42,4.1,0.8838,NY,Northeast
ACB-BR023,2026-02,19983887.83,18353540.08,1.0888,25,31,238460.55,41,15597.18,3.9,0.9281,NY,Northeast
ACB-BR023,2026-03,20176392.09,18353540.08,1.0993,27,31,224834.57,41,15747.43,4.2,0.8515,NY,Northeast
ACB-BR024,2024-04,55696405.43,57802895.06,0.9636,4,26,85807.86,15,118819.0,4.1,0.9396,TX,South
ACB-BR024,2024-05,68657079.29,57802895.06,1.1878,6,35,80538.49,15,146468.44,,0.9517,TX,South
ACB-BR024,2024-06,67463914.95,57802895.06,1.1671,4,15,92940.29,15,143923.02,4.6,0.6767,TX,South
ACB-BR024,2024-07,57543552.43,57802895.06,0.9955,14,18,84943.37,15,122759.58,4.5,0.8552,TX,South
ACB-BR024,2024-08,46821922.65,57802895.06,0.81,5,20,81936.23,15,99886.77,4.1,0.8364,TX,South
ACB-BR024,2024-09,51164040.9,57802895.06,0.8851,5,13,81644.28,15,109149.95,4.5,0.9322,TX,South
ACB-BR024,2024-10,62831762.22,57802895.06,1.087,8,0,100946.35,15,134041.09,4.8,0.87,TX,South
ACB-BR024,2024-11,50458174.69,57802895.06,0.8729,4,10,83980.08,15,107644.11,4.8,0.8951,TX,South
ACB-BR024,2024-12,55403716.27,57802895.06,0.9585,5,23,101820.55,15,118194.59,4.1,0.8838,TX,South
ACB-BR024,2025-01,66381128.31,57802895.06,1.1484,1,26,81474.08,15,141613.07,,0.8966,TX,South
ACB-BR024,2025-02,50742365.75,57802895.06,0.8779,7,21,94105.37,15,108250.38,4.5,0.8821,TX,South
ACB-BR024,2025-03,64688757.82,57802895.06,1.1191,5,22,86465.68,15,138002.68,3.8,0.8012,TX,South
ACB-BR024,2025-04,69990701.84,57802895.06,1.2109,7,15,102936.07,15,149313.5,4.2,0.9491,TX,South
ACB-BR024,2025-05,66084787.73,57802895.06,1.1433,0,18,99636.4,15,140980.88,4.6,0.8842,TX,South
ACB-BR024,2025-06,50804637.23,57802895.06,0.8789,11,21,68861.73,15,108383.23,4.3,0.7081,TX,South
ACB-BR024,2025-07,52619632.79,57802895.06,0.9103,14,14,69780.84,15,112255.22,3.7,0.7655,TX,South
ACB-BR024,2025-08,47289918.16,57802895.06,0.8181,6,24,71458.74,15,100885.16,4.6,0.8445,TX,South
ACB-BR024,2025-09,51957252.09,57802895.06,0.8989,0,2,89627.01,15,110842.14,4.3,0.9572,TX,South
ACB-BR024,2025-10,60584353.44,57802895.06,1.0481,5,23,79125.61,15,129246.62,4.6,0.9912,TX,South
ACB-BR024,2025-11,51642300.97,57802895.06,0.8934,0,22,91428.85,15,110170.24,4.6,0.9386,TX,South
ACB-BR024,2025-12,64289406.19,57802895.06,1.1122,10,15,68514.6,15,137150.73,3.7,0.977,TX,South
ACB-BR024,2026-01,63775970.12,57802895.06,1.1033,6,10,81806.51,15,136055.4,4.2,0.9672,TX,South
ACB-BR024,2026-02,52149670.23,57802895.06,0.9022,4,27,106142.36,15,111252.63,4.3,0.9056,TX,South
ACB-BR024,2026-03,65851722.96,57802895.06,1.1392,6,16,72926.54,15,140483.68,4.3,0.8693,TX,South
ACB-BR025,2024-04,14392134.42,14514104.15,0.9916,16,26,181503.45,29,15880.98,4.2,0.9653,FL,Southeast
ACB-BR025,2024-05,13401403.29,14514104.15,0.9233,22,34,164820.55,29,14787.76,3.2,0.9375,FL,Southeast
ACB-BR025,2024-06,14518785.81,14514104.15,1.0003,9,20,138312.12,29,16020.73,4.1,0.9106,FL,Southeast
ACB-BR025,2024-07,15967333.08,14514104.15,1.1001,16,24,149948.31,29,17619.13,4.0,0.9102,FL,Southeast
ACB-BR025,2024-08,12340569.38,14514104.15,0.8502,9,13,140094.89,29,13617.18,3.9,0.8585,FL,Southeast
ACB-BR025,2024-09,15395661.48,14514104.15,1.0607,11,9,198579.43,29,16988.32,4.4,0.9853,FL,Southeast
ACB-BR025,2024-10,13599323.69,14514104.15,0.937,9,14,143248.35,29,15006.15,4.1,0.7895,FL,Southeast
ACB-BR025,2024-11,13554137.81,14514104.15,0.9339,21,4,146498.21,29,14956.29,3.8,0.9392,FL,Southeast
ACB-BR025,2024-12,12346945.0,14514104.15,0.8507,14,14,199273.78,29,13624.22,4.9,0.7786,FL,Southeast
ACB-BR025,2025-01,14905360.31,14514104.15,1.027,10,12,136756.84,29,16447.29,3.9,0.8852,FL,Southeast
ACB-BR025,2025-02,17255711.33,14514104.15,1.1889,10,10,200768.77,29,19040.78,4.4,0.8113,FL,Southeast
ACB-BR025,2025-03,15967680.41,14514104.15,1.1001,15,19,162578.2,29,17619.51,3.9,0.8305,FL,Southeast
ACB-BR025,2025-04,17441887.51,14514104.15,1.2017,5,12,191404.98,29,19246.22,3.6,0.8074,FL,Southeast
ACB-BR025,2025-05,16710059.63,14514104.15,1.1513,20,6,172162.95,29,18438.69,4.1,0.8999,FL,Southeast
ACB-BR025,2025-06,16799954.7,14514104.15,1.1575,8,13,172502.83,29,18537.88,3.6,0.9638,FL,Southeast
ACB-BR025,2025-07,14468952.46,14514104.15,0.9969,12,0,192696.03,29,15965.74,3.8,0.8276,FL,Southeast
ACB-BR025,2025-08,12241662.53,14514104.15,0.8434,7,2,197659.07,29,13508.04,3.6,0.8154,FL,Southeast
ACB-BR025,2025-09,11212975.11,14514104.15,0.7726,15,11,162554.11,29,12372.94,,0.9159,FL,Southeast
ACB-BR025,2025-10,15700729.5,14514104.15,1.0818,0,26,153177.97,29,17324.94,3.7,0.8565,FL,Southeast
ACB-BR025,2025-11,14446227.17,14514104.15,0.9953,19,10,185992.68,29,15940.66,3.3,0.886,FL,Southeast
ACB-BR025,2025-12,14995334.91,14514104.15,1.0332,14,11,145199.03,29,16546.58,4.8,0.9675,FL,Southeast
ACB-BR025,2026-01,13039294.62,14514104.15,0.8984,0,7,131230.1,29,14388.19,4.7,0.955,FL,Southeast
ACB-BR025,2026-02,16427161.92,14514104.15,1.1318,13,16,134149.66,29,18126.52,4.2,0.9425,FL,Southeast
ACB-BR025,2026-03,17806081.99,14514104.15,1.2268,14,13,156476.16,29,19648.09,4.0,0.9701,FL,Southeast
ACB-BR026,2024-04,12751453.93,10780946.83,1.1828,7,23,102995.12,20,20402.33,4.1,0.9771,CA,West
ACB-BR026,2024-05,12403433.53,10780946.83,1.1505,18,17,94047.81,20,19845.49,3.7,0.8604,CA,West
ACB-BR026,2024-06,9129939.1,10780946.83,0.8469,7,12,115403.29,20,14607.9,4.2,0.95,CA,West
ACB-BR026,2024-07,11708244.07,10780946.83,1.086,13,14,103175.87,20,18733.19,3.9,0.824,CA,West
ACB-BR026,2024-08,9028575.75,10780946.83,0.8375,11,10,110314.48,20,14445.72,3.2,0.8642,CA,West
ACB-BR026,2024-09,9791155.78,10780946.83,0.9082,14,12,102042.42,20,15665.85,3.8,0.921,CA,West
ACB-BR026,2024-10,8784977.19,10780946.83,0.8149,17,10,111330.47,20,14055.96,4.7,0.9207,CA,West
ACB-BR026,2024-11,9080685.33,10780946.83,0.8423,15,12,110582.34,20,14529.1,3.5,0.9134,CA,West
ACB-BR026,2024-12,9626623.11,10780946.83,0.8929,0,14,95183.36,20,15402.6,3.8,0.8994,CA,West
ACB-BR026,2025-01,12572917.65,10780946.83,1.1662,10,22,126265.0,20,20116.67,3.7,0.8083,CA,West
ACB-BR026,2025-02,10446963.3,10780946.83,0.969,6,19,115312.45,20,16715.14,4.4,0.7471,CA,West
ACB-BR026,2025-03,13063096.29,10780946.83,1.2117,6,8,112142.87,20,20900.95,3.9,0.8675,CA,West
ACB-BR026,2025-04,11537170.1,10780946.83,1.0701,11,18,134532.54,20,18459.47,3.7,0.7655,CA,West
ACB-BR026,2025-05,10044279.74,10780946.83,0.9317,9,10,123182.76,20,16070.85,4.3,0.8444,CA,West
ACB-BR026,2025-06,12021846.88,10780946.83,1.1151,8,25,100285.19,20,19234.96,3.2,0.9568,CA,West
ACB-BR026,2025-07,11668023.97,10780946.83,1.0823,11,4,106288.82,20,18668.84,4.1,0.8634,CA,West
ACB-BR026,2025-08,10354490.53,10780946.83,0.9604,15,4,94421.57,20,16567.18,3.4,0.9584,CA,West
ACB-BR026,2025-09,11121195.23,10780946.83,1.0316,13,12,127525.9,20,17793.91,4.2,0.8903,CA,West
ACB-BR026,2025-10,9182412.39,10780946.83,0.8517,9,25,88326.67,20,14691.86,4.2,0.865,CA,West
ACB-BR026,2025-11,9597651.47,10780946.83,0.8902,11,2,99075.86,20,15356.24,4.3,0.9467,CA,West
ACB-BR026,2025-12,9248586.61,10780946.83,0.8579,15,19,102173.12,20,14797.74,4.3,0.9703,CA,West
ACB-BR026,2026-01,13061160.27,10780946.83,1.2115,14,29,117974.76,20,20897.86,3.8,0.7252,CA,West
ACB-BR026,2026-02,9949233.76,10780946.83,0.9229,18,7,108888.87,20,15918.77,4.0,0.8526,CA,West
ACB-BR026,2026-03,10637115.19,10780946.83,0.9867,9,34,104190.28,20,17019.38,4.0,0.9366,CA,West
ACB-BR027,2024-04,39690083.3,35533759.37,1.117,22,34,148893.35,22,57731.03,4.7,0.8952,CA,West
ACB-BR027,2024-05,32480204.39,35533759.37,0.9141,27,24,117135.02,22,47243.93,3.0,0.8299,CA,West
ACB-BR027,2024-06,35449545.78,35533759.37,0.9976,28,29,109410.42,22,51562.98,4.0,0.9364,CA,West
ACB-BR027,2024-07,38338881.47,35533759.37,1.0789,29,42,120156.28,22,55765.65,3.7,0.8811,CA,West
ACB-BR027,2024-08,31269759.92,35533759.37,0.88,23,39,106680.42,22,45483.29,4.0,0.9114,CA,West
ACB-BR027,2024-09,29723427.28,35533759.37,0.8365,27,30,103277.52,22,43234.08,4.4,0.9262,CA,West
ACB-BR027,2024-10,31056903.3,35533759.37,0.874,36,41,136636.7,22,45173.68,4.1,0.8772,CA,West
ACB-BR027,2024-11,36856709.81,35533759.37,1.0372,28,38,138578.09,22,53609.76,3.9,0.976,CA,West
ACB-BR027,2024-12,32077893.21,35533759.37,0.9027,29,39,111001.35,22,46658.75,3.5,0.8485,CA,West
ACB-BR027,2025-01,33955143.6,35533759.37,0.9556,28,28,98051.2,22,49389.3,3.7,0.7506,CA,West
ACB-BR027,2025-02,41831364.45,35533759.37,1.1772,29,32,96609.24,22,60845.62,3.6,0.9628,CA,West
ACB-BR027,2025-03,38124935.88,35533759.37,1.0729,16,36,135388.13,22,55454.45,3.8,0.9882,CA,West
ACB-BR027,2025-04,40638091.11,35533759.37,1.1436,33,35,109234.99,22,59109.95,3.5,0.9572,CA,West
ACB-BR027,2025-05,39617898.47,35533759.37,1.1149,23,33,121458.91,22,57626.03,3.4,0.884,CA,West
ACB-BR027,2025-06,32458957.09,35533759.37,0.9135,29,42,127389.22,22,47213.03,4.0,0.9417,CA,West
ACB-BR027,2025-07,35407040.19,35533759.37,0.9964,23,32,119139.9,22,51501.15,3.6,0.9626,CA,West
ACB-BR027,2025-08,30403634.82,35533759.37,0.8556,27,44,111351.72,22,44223.47,4.5,0.9015,CA,West
ACB-BR027,2025-09,37512186.17,35533759.37,1.0557,27,43,121975.29,22,54563.18,4.4,0.8671,CA,West
ACB-BR027,2025-10,32281349.28,35533759.37,0.9085,30,34,114082.73,22,46954.69,4.2,0.8792,CA,West
ACB-BR027,2025-11,29667275.7,35533759.37,0.8349,30,32,113980.25,22,43152.4,4.3,0.7798,CA,West
ACB-BR027,2025-12,38679976.84,35533759.37,1.0885,27,37,98582.82,22,56261.78,3.9,0.829,CA,West
ACB-BR027,2026-01,40609247.65,35533759.37,1.1428,24,27,109454.34,22,59068.0,,0.8246,CA,West
ACB-BR027,2026-02,39150192.73,35533759.37,1.1018,28,30,137380.93,22,56945.73,4.2,0.657,CA,West
ACB-BR027,2026-03,38857906.14,35533759.37,1.0935,19,42,107098.87,22,56520.59,3.8,0.9637,CA,West
ACB-BR028,2024-04,5226278.98,5795423.17,0.9018,8,21,122402.09,23,7271.34,4.2,0.9657,NC,Southeast
ACB-BR028,2024-05,6715902.47,5795423.17,1.1588,15,22,149341.03,23,9343.86,4.3,0.8612,NC,Southeast
ACB-BR028,2024-06,5722311.11,5795423.17,0.9874,0,5,155171.87,23,7961.48,4.0,0.9749,NC,Southeast
ACB-BR028,2024-07,5003410.31,5795423.17,0.8633,5,8,148309.27,23,6961.27,4.2,0.8712,NC,Southeast
ACB-BR028,2024-08,4698007.36,5795423.17,0.8106,7,7,122272.63,23,6536.36,4.0,0.939,NC,Southeast
ACB-BR028,2024-09,5482786.35,5795423.17,0.9461,6,5,135056.23,23,7628.22,4.4,0.8872,NC,Southeast
ACB-BR028,2024-10,6075239.21,5795423.17,1.0483,6,0,113742.15,23,8452.51,4.8,0.9437,NC,Southeast
ACB-BR028,2024-11,4610291.83,5795423.17,0.7955,13,7,107439.86,23,6414.32,3.6,0.9199,NC,Southeast
ACB-BR028,2024-12,5610370.2,5795423.17,0.9681,8,9,131760.13,23,7805.73,4.1,0.8858,NC,Southeast
ACB-BR028,2025-01,5269728.77,5795423.17,0.9093,17,24,162846.09,23,7331.8,4.2,0.863,NC,Southeast
ACB-BR028,2025-02,5353639.04,5795423.17,0.9238,10,1,112235.49,23,7448.54,3.9,0.877,NC,Southeast
ACB-BR028,2025-03,6700041.61,5795423.17,1.1561,16,14,107478.17,23,9321.8,4.5,0.7407,NC,Southeast
ACB-BR028,2025-04,5211740.74,5795423.17,0.8993,2,23,132399.73,23,7251.12,4.3,0.9371,NC,Southeast
ACB-BR028,2025-05,6114383.67,5795423.17,1.055,14,19,133281.2,23,8506.97,3.9,0.977,NC,Southeast
ACB-BR028,2025-06,5078609.75,5795423.17,0.8763,17,4,124603.71,23,7065.89,3.8,0.932,NC,Southeast
ACB-BR028,2025-07,5396459.87,5795423.17,0.9312,10,16,125723.33,23,7508.12,4.1,0.9287,NC,Southeast
ACB-BR028,2025-08,5972889.5,5795423.17,1.0306,15,10,128897.53,23,8310.11,3.9,0.8321,NC,Southeast
ACB-BR028,2025-09,4869602.97,5795423.17,0.8402,9,16,139901.86,23,6775.1,3.9,0.9915,NC,Southeast
ACB-BR028,2025-10,5005989.57,5795423.17,0.8638,3,15,138274.26,23,6964.86,4.2,0.9255,NC,Southeast
ACB-BR028,2025-11,5495455.4,5795423.17,0.9482,3,9,133367.22,23,7645.85,4.0,0.9448,NC,Southeast
ACB-BR028,2025-12,6602235.04,5795423.17,1.1392,1,10,133753.92,23,9185.72,4.3,0.92,NC,Southeast
ACB-BR028,2026-01,5180299.99,5795423.17,0.8939,9,12,131961.08,23,7207.37,3.6,0.943,NC,Southeast
ACB-BR028,2026-02,6173371.18,5795423.17,1.0652,2,2,145297.84,23,8589.04,4.8,0.8651,NC,Southeast
ACB-BR028,2026-03,6157171.36,5795423.17,1.0624,16,13,159818.87,23,8566.5,3.8,0.9088,NC,Southeast
ACB-BR029,2024-04,49994364.27,40221957.07,1.243,31,44,221409.89,33,48479.38,4.8,0.9544,FL,Southeast
ACB-BR029,2024-05,40382223.13,40221957.07,1.004,31,36,171522.46,33,39158.52,4.6,0.9763,FL,Southeast
ACB-BR029,2024-06,40884109.56,40221957.07,1.0165,23,35,156311.68,33,39645.2,3.1,0.8177,FL,Southeast
ACB-BR029,2024-07,41829249.51,40221957.07,1.04,22,51,219192.15,33,40561.7,4.6,0.945,FL,Southeast
ACB-BR029,2024-08,34761622.83,40221957.07,0.8642,30,40,164485.54,33,33708.24,3.6,0.9853,FL,Southeast
ACB-BR029,2024-09,34197427.0,40221957.07,0.8502,30,39,177510.3,33,33161.14,4.6,0.8661,FL,Southeast
ACB-BR029,2024-10,43424927.86,40221957.07,1.0796,34,21,219867.12,33,42109.02,4.0,0.9547,FL,Southeast
ACB-BR029,2024-11,38620964.59,40221957.07,0.9602,30,45,228583.05,33,37450.63,3.6,0.9807,FL,Southeast
ACB-BR029,2024-12,38843408.12,40221957.07,0.9657,35,23,213529.26,33,37666.34,4.6,0.8969,FL,Southeast
ACB-BR029,2025-01,49119412.14,40221957.07,1.2212,28,51,216519.15,33,47630.95,4.2,0.8431,FL,Southeast
ACB-BR029,2025-02,49257195.14,40221957.07,1.2246,25,37,221575.27,33,47764.55,3.6,0.9187,FL,Southeast
ACB-BR029,2025-03,38194009.06,40221957.07,0.9496,26,32,176453.8,33,37036.61,4.0,0.9537,FL,Southeast
ACB-BR029,2025-04,37357557.7,40221957.07,0.9288,24,33,165870.06,33,36225.51,4.5,0.967,FL,Southeast
ACB-BR029,2025-05,42042617.09,40221957.07,1.0453,21,43,196341.67,33,40768.6,3.9,0.9328,FL,Southeast
ACB-BR029,2025-06,46873677.73,40221957.07,1.1654,28,30,159601.33,33,45453.26,4.3,0.9204,FL,Southeast
ACB-BR029,2025-07,36185109.96,40221957.07,0.8996,29,47,189407.33,33,35088.59,4.1,0.9592,FL,Southeast
ACB-BR029,2025-08,33606383.85,40221957.07,0.8355,25,24,182030.0,33,32588.01,4.0,0.8331,FL,Southeast
ACB-BR029,2025-09,36919261.34,40221957.07,0.9179,37,50,228598.36,33,35800.5,4.2,0.8821,FL,Southeast
ACB-BR029,2025-10,35796102.48,40221957.07,0.89,27,34,200612.91,33,34711.37,4.4,0.8092,FL,Southeast
ACB-BR029,2025-11,35445710.3,40221957.07,0.8813,21,43,150478.2,33,34371.6,4.0,0.7217,FL,Southeast
ACB-BR029,2025-12,38657385.61,40221957.07,0.9611,24,28,174442.21,33,37485.95,3.5,0.8226,FL,Southeast
ACB-BR029,2026-01,34789011.74,40221957.07,0.8649,27,53,163452.85,33,33734.8,4.6,0.9743,FL,Southeast
ACB-BR029,2026-02,44004586.94,40221957.07,1.094,22,26,184008.05,33,42671.11,4.8,0.8864,FL,Southeast
ACB-BR029,2026-03,36925356.17,40221957.07,0.918,30,25,170888.97,33,35806.41,4.5,0.9041,FL,Southeast
ACB-BR030,2024-04,36945894.65,37427986.44,0.9871,29,45,164895.61,24,49261.19,3.9,0.8609,OH,Midwest
ACB-BR030,2024-05,43634841.55,37427986.44,1.1658,24,31,161131.76,24,58179.79,4.5,0.8453,OH,Midwest
ACB-BR030,2024-06,40366801.51,37427986.44,1.0785,26,21,120178.04,24,53822.4,3.6,0.9609,OH,Midwest
ACB-BR030,2024-07,30521307.68,37427986.44,0.8155,20,42,137905.13,24,40695.08,3.9,0.8754,OH,Midwest
ACB-BR030,2024-08,39311115.75,37427986.44,1.0503,33,36,154269.16,24,52414.82,3.9,0.9148,OH,Midwest
ACB-BR030,2024-09,38082450.44,37427986.44,1.0175,19,38,130099.17,24,50776.6,4.5,0.8659,OH,Midwest
ACB-BR030,2024-10,37577826.84,37427986.44,1.004,29,34,137064.91,24,50103.77,4.7,0.9393,OH,Midwest
ACB-BR030,2024-11,35574839.71,37427986.44,0.9505,26,21,104152.63,24,47433.12,4.4,0.9309,OH,Midwest
ACB-BR030,2024-12,35400257.9,37427986.44,0.9458,28,26,126089.19,24,47200.34,4.0,0.9678,OH,Midwest
ACB-BR030,2025-01,42372101.8,37427986.44,1.1321,27,26,158027.54,24,56496.14,3.5,0.9317,OH,Midwest
ACB-BR030,2025-02,46607114.2,37427986.44,1.2452,30,37,111042.31,24,62142.82,3.9,0.7899,OH,Midwest
ACB-BR030,2025-03,34493249.42,37427986.44,0.9216,19,36,149510.33,24,45991.0,4.9,0.9155,OH,Midwest
ACB-BR030,2025-04,47086543.54,37427986.44,1.2581,23,35,143827.6,24,62782.06,3.7,0.9489,OH,Midwest
ACB-BR030,2025-05,40429640.88,37427986.44,1.0802,24,33,105496.49,24,53906.19,3.8,0.6746,OH,Midwest
ACB-BR030,2025-06,30812126.92,37427986.44,0.8232,26,23,150283.97,24,41082.84,4.3,0.9503,OH,Midwest
ACB-BR030,2025-07,32435403.63,37427986.44,0.8666,30,34,159576.99,24,43247.2,4.2,0.9392,OH,Midwest
ACB-BR030,2025-08,37969022.02,37427986.44,1.0145,30,31,157276.3,24,50625.36,4.2,0.948,OH,Midwest
ACB-BR030,2025-09,32454345.89,37427986.44,0.8671,41,41,122229.59,24,43272.46,3.9,0.8802,OH,Midwest
ACB-BR030,2025-10,34774803.99,37427986.44,0.9291,20,47,121010.01,24,46366.41,3.7,0.9535,OH,Midwest
ACB-BR030,2025-11,39352953.84,37427986.44,1.0514,23,30,130510.83,24,52470.61,4.2,0.7744,OH,Midwest
ACB-BR030,2025-12,39845486.89,37427986.44,1.0646,19,42,151685.18,24,53127.32,3.8,0.8191,OH,Midwest
ACB-BR030,2026-01,35214543.54,37427986.44,0.9409,28,43,139758.27,24,46952.72,4.0,0.9361,OH,Midwest
ACB-BR030,2026-02,36628752.71,37427986.44,0.9786,32,37,105130.52,24,48838.34,3.4,0.9155,OH,Midwest
ACB-BR030,2026-03,40774967.98,37427986.44,1.0894,34,33,121720.58,24,54366.62,3.8,0.9452,OH,Midwest
ACB-BR031,2024-04,25114500.43,20741540.97,1.2108,26,20,156079.32,30,26788.8,3.9,0.8181,GA,Southeast
ACB-BR031,2024-05,18206567.73,20741540.97,0.8778,24,29,180728.53,30,19420.34,3.6,0.9282,GA,Southeast
ACB-BR031,2024-06,22803881.58,20741540.97,1.0994,26,23,159271.59,30,24324.14,3.9,0.9723,GA,Southeast
ACB-BR031,2024-07,17766960.39,20741540.97,0.8566,30,38,175517.21,30,18951.42,4.2,0.7552,GA,Southeast
ACB-BR031,2024-08,20835846.79,20741540.97,1.0045,32,45,168319.17,30,22224.9,3.6,0.9115,GA,Southeast
ACB-BR031,2024-09,20668731.97,20741540.97,0.9965,25,38,173471.44,30,22046.65,3.4,0.9859,GA,Southeast
ACB-BR031,2024-10,22056778.52,20741540.97,1.0634,23,23,150809.89,30,23527.23,4.4,0.9462,GA,Southeast
ACB-BR031,2024-11,17480546.18,20741540.97,0.8428,29,24,194370.6,30,18645.92,4.2,0.9465,GA,Southeast
ACB-BR031,2024-12,22444384.84,20741540.97,1.0821,24,31,152577.1,30,23940.68,3.7,0.9134,GA,Southeast
ACB-BR031,2025-01,24604298.12,20741540.97,1.1862,26,32,148096.22,30,26244.58,3.7,0.9554,GA,Southeast
ACB-BR031,2025-02,24149935.6,20741540.97,1.1643,32,35,130032.49,30,25759.93,4.6,0.9019,GA,Southeast
ACB-BR031,2025-03,22320874.21,20741540.97,1.0761,31,44,136589.13,30,23808.93,4.4,0.9565,GA,Southeast
ACB-BR031,2025-04,23090238.92,20741540.97,1.1132,28,45,159921.42,30,24629.59,3.8,0.9409,GA,Southeast
ACB-BR031,2025-05,21854848.87,20741540.97,1.0537,23,34,155610.87,30,23311.84,4.5,0.9498,GA,Southeast
ACB-BR031,2025-06,21331353.84,20741540.97,1.0284,24,33,165463.25,30,22753.44,4.4,0.9815,GA,Southeast
ACB-BR031,2025-07,17424567.42,20741540.97,0.8401,30,34,140048.57,30,18586.21,4.6,0.9891,GA,Southeast
ACB-BR031,2025-08,21304325.47,20741540.97,1.0271,24,35,145611.97,30,22724.61,3.8,0.7887,GA,Southeast
ACB-BR031,2025-09,19990564.6,20741540.97,0.9638,28,45,153874.76,30,21323.27,3.9,0.7973,GA,Southeast
ACB-BR031,2025-10,17673809.64,20741540.97,0.8521,28,26,147505.98,30,18852.06,4.6,0.9449,GA,Southeast
ACB-BR031,2025-11,19521870.66,20741540.97,0.9412,33,45,168348.5,30,20823.33,4.5,0.8522,GA,Southeast
ACB-BR031,2025-12,18587432.06,20741540.97,0.8961,32,38,131830.97,30,19826.59,3.9,0.8612,GA,Southeast
ACB-BR031,2026-01,24027068.0,20741540.97,1.1584,33,39,153764.18,30,25628.87,5.0,0.9798,GA,Southeast
ACB-BR031,2026-02,18569041.48,20741540.97,0.8953,31,36,192954.21,30,19806.98,4.3,0.8307,GA,Southeast
ACB-BR031,2026-03,22778812.15,20741540.97,1.0982,31,39,167714.72,30,24297.4,4.4,0.6986,GA,Southeast
ACB-BR032,2024-04,14437562.71,14232603.72,1.0144,5,26,252258.78,44,10500.05,4.3,0.8973,AZ,West
ACB-BR032,2024-05,14766007.97,14232603.72,1.0375,16,14,299167.27,44,10738.91,3.6,0.856,AZ,West
ACB-BR032,2024-06,16163442.66,14232603.72,1.1357,18,14,250150.41,44,11755.23,4.0,0.9181,AZ,West
ACB-BR032,2024-07,13506120.85,14232603.72,0.949,16,11,235083.11,44,9822.63,3.4,0.9464,AZ,West
ACB-BR032,2024-08,12069598.32,14232603.72,0.848,2,13,221800.71,44,8777.89,3.9,0.8535,AZ,West
ACB-BR032,2024-09,13009931.54,14232603.72,0.9141,12,5,206476.5,44,9461.77,4.0,0.9158,AZ,West
ACB-BR032,2024-10,12702013.87,14232603.72,0.8925,6,10,231076.94,44,9237.83,4.8,0.8829,AZ,West
ACB-BR032,2024-11,14418790.78,14232603.72,1.0131,16,17,215602.24,44,10486.39,4.4,0.933,AZ,West
ACB-BR032,2024-12,15489444.28,14232603.72,1.0883,14,12,239890.29,44,11265.05,4.0,0.848,AZ,West
ACB-BR032,2025-01,12816434.54,14232603.72,0.9005,8,17,206435.37,44,9321.04,,0.7181,AZ,West
ACB-BR032,2025-02,14375837.69,14232603.72,1.0101,4,9,243185.97,44,10455.15,3.9,0.8674,AZ,West
ACB-BR032,2025-03,13699898.63,14232603.72,0.9626,1,8,234430.6,44,9963.56,3.6,0.8668,AZ,West
ACB-BR032,2025-04,14110120.89,14232603.72,0.9914,14,4,298703.91,44,10261.91,4.7,0.9702,AZ,West
ACB-BR032,2025-05,12196953.59,14232603.72,0.857,5,19,195706.68,44,8870.51,3.1,0.8796,AZ,West
ACB-BR032,2025-06,15232066.0,14232603.72,1.0702,6,8,264816.04,44,11077.87,3.8,0.9482,AZ,West
ACB-BR032,2025-07,14501198.47,14232603.72,1.0189,11,11,267181.62,44,10546.33,3.8,0.9712,AZ,West
ACB-BR032,2025-08,15622144.61,14232603.72,1.0976,11,3,218093.38,44,11361.56,4.6,0.8758,AZ,West
ACB-BR032,2025-09,13349959.12,14232603.72,0.938,12,17,296392.44,44,9709.06,4.2,0.9568,AZ,West
ACB-BR032,2025-10,11943660.28,14232603.72,0.8392,9,12,202305.63,44,8686.3,4.4,0.9879,AZ,West
ACB-BR032,2025-11,14169195.58,14232603.72,0.9955,6,6,199115.55,44,10304.87,4.7,0.9591,AZ,West
ACB-BR032,2025-12,11832091.59,14232603.72,0.8313,3,11,266158.89,44,8605.16,3.9,0.9652,AZ,West
ACB-BR032,2026-01,17423326.2,14232603.72,1.2242,15,6,229326.11,44,12671.51,4.4,0.8402,AZ,West
ACB-BR032,2026-02,15910687.49,14232603.72,1.1179,10,14,237326.62,44,11571.41,3.5,0.941,AZ,West
ACB-BR032,2026-03,15635480.14,14232603.72,1.0986,18,21,281150.02,44,11371.26,3.9,0.8897,AZ,West
ACB-BR033,2024-04,50441662.5,42183826.94,1.1958,22,24,116006.39,22,73369.69,4.0,0.8878,TX,South
ACB-BR033,2024-05,39510809.96,42183826.94,0.9366,30,23,113000.69,22,57470.27,4.2,0.8445,TX,South
ACB-BR033,2024-06,41128694.44,42183826.94,0.975,34,34,108823.68,22,59823.56,4.1,0.7703,TX,South
ACB-BR033,2024-07,40755525.32,42183826.94,0.9661,19,46,96341.66,22,59280.76,,0.8249,TX,South
ACB-BR033,2024-08,43031200.94,42183826.94,1.0201,25,31,152235.74,22,62590.84,3.9,0.89,TX,South
ACB-BR033,2024-09,35226670.76,42183826.94,0.8351,23,29,113716.11,22,51238.79,3.8,0.8633,TX,South
ACB-BR033,2024-10,32642392.36,42183826.94,0.7738,23,36,124982.84,22,47479.84,4.1,0.988,TX,South
ACB-BR033,2024-11,37876679.45,42183826.94,0.8979,24,34,127810.15,22,55093.35,4.5,0.9126,TX,South
ACB-BR033,2024-12,46054418.56,42183826.94,1.0918,29,20,121285.46,22,66988.25,4.4,0.7956,TX,South
ACB-BR033,2025-01,42871921.23,42183826.94,1.0163,28,32,101283.07,22,62359.16,3.5,0.9262,TX,South
ACB-BR033,2025-02,46847586.35,42183826.94,1.1106,20,25,120544.23,22,68141.94,3.9,0.9055,TX,South
ACB-BR033,2025-03,52505979.84,42183826.94,1.2447,29,25,126237.73,22,76372.33,4.2,0.8413,TX,South
ACB-BR033,2025-04,50751780.82,42183826.94,1.2031,24,40,143705.25,22,73820.77,4.9,0.9334,TX,South
ACB-BR033,2025-05,36213259.7,42183826.94,0.8585,34,27,102547.72,22,52673.83,3.1,0.9679,TX,South
ACB-BR033,2025-06,35170575.4,42183826.94,0.8337,21,30,110165.79,22,51157.2,4.1,0.7667,TX,South
ACB-BR033,2025-07,38262734.87,42183826.94,0.907,24,45,106766.06,22,55654.89,4.2,0.7819,TX,South
ACB-BR033,2025-08,39112163.1,42183826.94,0.9272,28,38,99322.45,22,56890.42,4.3,0.8996,TX,South
ACB-BR033,2025-09,32381855.07,42183826.94,0.7676,30,22,135079.51,22,47100.88,4.6,0.9724,TX,South
ACB-BR033,2025-10,43188804.2,42183826.94,1.0238,30,37,139671.1,22,62820.08,4.9,0.965,TX,South
ACB-BR033,2025-11,40568154.89,42183826.94,0.9617,31,46,135008.32,22,59008.23,3.4,0.8168,TX,South
ACB-BR033,2025-12,36648845.74,42183826.94,0.8688,26,32,133332.06,22,53307.41,4.4,0.9887,TX,South
ACB-BR033,2026-01,51680999.13,42183826.94,1.2251,26,26,111386.9,22,75172.36,3.9,0.8526,TX,South
ACB-BR033,2026-02,39934904.93,42183826.94,0.9467,38,28,120730.22,22,58087.13,4.3,0.9739,TX,South
ACB-BR033,2026-03,44812721.75,42183826.94,1.0623,32,30,131485.51,22,65182.14,,0.9239,TX,South
ACB-BR034,2024-04,35440789.79,36336752.22,0.9753,40,36,213815.64,42,27002.51,4.3,0.8374,FL,Southeast
ACB-BR034,2024-05,39743578.03,36336752.22,1.0938,26,42,239290.47,42,30280.82,3.8,0.8505,FL,Southeast
ACB-BR034,2024-06,39800547.29,36336752.22,1.0953,24,26,214601.35,42,30324.23,4.3,0.8987,FL,Southeast
ACB-BR034,2024-07,32536629.89,36336752.22,0.8954,33,37,255413.52,42,24789.81,4.6,0.8945,FL,Southeast
ACB-BR034,2024-08,35233133.44,36336752.22,0.9696,33,33,250642.18,42,26844.29,4.2,0.9298,FL,Southeast
ACB-BR034,2024-09,36768443.86,36336752.22,1.0119,26,30,201489.03,42,28014.05,3.9,0.7365,FL,Southeast
ACB-BR034,2024-10,29200724.6,36336752.22,0.8036,27,22,234682.64,42,22248.17,4.0,0.7214,FL,Southeast
ACB-BR034,2024-11,30978540.11,36336752.22,0.8525,33,57,226028.53,42,23602.7,3.7,0.9118,FL,Southeast
ACB-BR034,2024-12,41829623.02,36336752.22,1.1512,30,23,217248.61,42,31870.19,3.7,0.8437,FL,Southeast
ACB-BR034,2025-01,31198690.49,36336752.22,0.8586,34,26,188438.26,42,23770.43,4.2,0.9071,FL,Southeast
ACB-BR034,2025-02,42071171.69,36336752.22,1.1578,30,24,209828.99,42,32054.23,4.1,0.798,FL,Southeast
ACB-BR034,2025-03,45467477.64,36336752.22,1.2513,23,45,208260.48,42,34641.89,4.2,0.9631,FL,Southeast
ACB-BR034,2025-04,39246968.29,36336752.22,1.0801,18,24,216499.25,42,29902.45,4.1,0.8445,FL,Southeast
ACB-BR034,2025-05,32015734.84,36336752.22,0.8811,36,32,263536.04,42,24392.94,3.7,0.9206,FL,Southeast
ACB-BR034,2025-06,41937202.74,36336752.22,1.1541,27,32,257915.75,42,31952.15,4.4,0.9236,FL,Southeast
ACB-BR034,2025-07,33009025.87,36336752.22,0.9084,30,32,255410.61,42,25149.73,4.8,0.9774,FL,Southeast
ACB-BR034,2025-08,27925142.69,36336752.22,0.7685,21,26,207628.89,42,21276.3,4.9,0.9298,FL,Southeast
ACB-BR034,2025-09,28153169.29,36336752.22,0.7748,28,34,230200.8,42,21450.03,4.2,0.9677,FL,Southeast
ACB-BR034,2025-10,33083260.11,36336752.22,0.9105,28,46,203336.27,42,25206.29,4.1,0.66,FL,Southeast
ACB-BR034,2025-11,39808669.19,36336752.22,1.0955,29,35,251889.92,42,30330.41,3.8,0.9302,FL,Southeast
ACB-BR034,2025-12,40676138.94,36336752.22,1.1194,31,25,195364.95,42,30991.34,4.1,0.9175,FL,Southeast
ACB-BR034,2026-01,44403434.09,36336752.22,1.222,26,34,267250.29,42,33831.19,3.5,0.9497,FL,Southeast
ACB-BR034,2026-02,33121321.17,36336752.22,0.9115,36,33,184743.05,42,25235.29,4.7,0.8692,FL,Southeast
ACB-BR034,2026-03,42326241.41,36336752.22,1.1648,25,34,259357.89,42,32248.56,4.0,0.9483,FL,Southeast
ACB-BR035,2024-04,34031807.45,27105836.84,1.2555,31,24,249220.85,44,24750.41,4.0,0.9128,IL,Midwest
ACB-BR035,2024-05,29368053.99,27105836.84,1.0835,30,33,257615.47,44,21358.58,4.2,0.9136,IL,Midwest
ACB-BR035,2024-06,25253678.21,27105836.84,0.9317,29,27,252160.36,44,18366.31,4.2,0.8436,IL,Midwest
ACB-BR035,2024-07,25308959.66,27105836.84,0.9337,34,29,285555.8,44,18406.52,4.0,0.9653,IL,Midwest
ACB-BR035,2024-08,23885991.99,27105836.84,0.8812,28,26,217158.92,44,17371.63,4.4,0.9368,IL,Midwest
ACB-BR035,2024-09,21932151.48,27105836.84,0.8091,31,41,258088.24,44,15950.66,4.5,0.9422,IL,Midwest
ACB-BR035,2024-10,28489919.17,27105836.84,1.0511,25,28,286203.64,44,20719.94,3.6,0.9384,IL,Midwest
ACB-BR035,2024-11,23707968.33,27105836.84,0.8746,29,34,233098.56,44,17242.16,4.9,0.9899,IL,Midwest
ACB-BR035,2024-12,30467814.24,27105836.84,1.124,27,32,273087.72,44,22158.41,3.7,0.964,IL,Midwest
ACB-BR035,2025-01,30386380.45,27105836.84,1.121,29,24,250623.74,44,22099.19,4.6,0.8921,IL,Midwest
ACB-BR035,2025-02,28361376.29,27105836.84,1.0463,23,26,280203.14,44,20626.46,3.8,0.7989,IL,Midwest
ACB-BR035,2025-03,29636479.53,27105836.84,1.0934,39,39,200766.65,44,21553.8,4.2,0.9801,IL,Midwest
ACB-BR035,2025-04,27638396.35,27105836.84,1.0196,21,39,258361.9,44,20100.65,3.8,0.9221,IL,Midwest
ACB-BR035,2025-05,25861362.14,27105836.84,0.9541,23,33,301672.64,44,18808.26,4.3,0.908,IL,Midwest
ACB-BR035,2025-06,26358185.83,27105836.84,0.9724,22,37,212600.76,44,19169.59,4.3,0.911,IL,Midwest
ACB-BR035,2025-07,25569930.75,27105836.84,0.9433,27,25,268049.71,44,18596.31,4.5,0.9279,IL,Midwest
ACB-BR035,2025-08,28809650.11,27105836.84,1.0629,26,37,258162.15,44,20952.47,3.8,0.9662,IL,Midwest
ACB-BR035,2025-09,24664887.82,27105836.84,0.9099,18,41,253140.45,44,17938.1,4.3,0.9848,IL,Midwest
ACB-BR035,2025-10,24252971.59,27105836.84,0.8948,34,29,235385.48,44,17638.52,4.7,0.6856,IL,Midwest
ACB-BR035,2025-11,27532688.31,27105836.84,1.0157,18,33,215539.29,44,20023.77,3.6,0.911,IL,Midwest
ACB-BR035,2025-12,23821811.98,27105836.84,0.8788,30,25,214628.61,44,17324.95,,0.8638,IL,Midwest
ACB-BR035,2026-01,31829864.12,27105836.84,1.1743,31,34,260302.39,44,23148.99,4.0,0.8281,IL,Midwest
ACB-BR035,2026-02,25077811.76,27105836.84,0.9252,19,48,252555.76,44,18238.41,4.1,0.9224,IL,Midwest
ACB-BR035,2026-03,28200551.62,27105836.84,1.0404,34,52,290121.93,44,20509.49,4.2,0.9319,IL,Midwest
ACB-BR036,2024-04,30340272.06,30098900.05,1.008,22,40,123625.4,26,37341.87,4.1,0.973,OH,Midwest
ACB-BR036,2024-05,27186842.61,30098900.05,0.9033,24,27,162697.78,26,33460.73,4.0,0.8625,OH,Midwest
ACB-BR036,2024-06,30595324.39,30098900.05,1.0165,37,44,135489.91,26,37655.78,3.9,0.9007,OH,Midwest
ACB-BR036,2024-07,33695665.67,30098900.05,1.1195,32,54,138687.71,26,41471.59,4.4,0.8914,OH,Midwest
ACB-BR036,2024-08,31792911.47,30098900.05,1.0563,33,35,133134.64,26,39129.74,4.4,0.8054,OH,Midwest
ACB-BR036,2024-09,25072092.52,30098900.05,0.833,21,24,176371.5,26,30857.96,3.9,0.9103,OH,Midwest
ACB-BR036,2024-10,30759793.74,30098900.05,1.022,30,43,132281.65,26,37858.21,3.9,0.8153,OH,Midwest
ACB-BR036,2024-11,23823410.53,30098900.05,0.7915,23,45,140454.52,26,29321.12,3.6,0.7412,OH,Midwest
ACB-BR036,2024-12,28460401.45,30098900.05,0.9456,24,39,122352.66,26,35028.19,4.8,0.9213,OH,Midwest
ACB-BR036,2025-01,32527201.67,30098900.05,1.0807,28,36,141516.48,26,40033.48,4.3,0.9392,OH,Midwest
ACB-BR036,2025-02,30253137.91,30098900.05,1.0051,31,30,140938.09,26,37234.63,4.1,0.9632,OH,Midwest
ACB-BR036,2025-03,33017731.21,30098900.05,1.097,24,30,127131.56,26,40637.21,4.2,0.8397,OH,Midwest
ACB-BR036,2025-04,30466015.77,30098900.05,1.0122,25,41,141036.87,26,37496.63,4.2,0.937,OH,Midwest
ACB-BR036,2025-05,29703778.8,30098900.05,0.9869,23,34,116586.25,26,36558.5,4.2,0.9349,OH,Midwest
ACB-BR036,2025-06,34667316.78,30098900.05,1.1518,26,40,118329.9,26,42667.47,3.9,0.9617,OH,Midwest
ACB-BR036,2025-07,28675242.46,30098900.05,0.9527,27,39,163604.02,26,35292.61,3.9,0.9596,OH,Midwest
ACB-BR036,2025-08,23117101.12,30098900.05,0.768,26,34,127467.42,26,28451.82,3.4,0.916,OH,Midwest
ACB-BR036,2025-09,25378903.46,30098900.05,0.8432,19,36,137625.46,26,31235.57,4.9,0.9123,OH,Midwest
ACB-BR036,2025-10,30032006.15,30098900.05,0.9978,23,36,133580.93,26,36962.47,4.4,0.9095,OH,Midwest
ACB-BR036,2025-11,31030098.81,30098900.05,1.0309,25,35,132955.28,26,38190.89,5.0,0.8673,OH,Midwest
ACB-BR036,2025-12,34889015.64,30098900.05,1.1591,31,54,161241.54,26,42940.33,3.6,0.9944,OH,Midwest
ACB-BR036,2026-01,25989812.96,30098900.05,0.8635,22,27,126243.27,26,31987.46,4.0,0.8549,OH,Midwest
ACB-BR036,2026-02,30514678.24,30098900.05,1.0138,30,51,120825.6,26,37556.53,4.6,0.8754,OH,Midwest
ACB-BR036,2026-03,28075907.73,30098900.05,0.9328,30,31,129611.41,26,34554.96,4.1,0.9784,OH,Midwest
ACB-BR037,2024-04,8441086.88,8100319.84,1.0421,13,14,67410.22,12,22509.57,4.0,0.9102,TN,South
ACB-BR037,2024-05,9446986.46,8100319.84,1.1662,7,20,57429.04,12,25191.96,4.1,0.8898,TN,South
ACB-BR037,2024-06,7256981.98,8100319.84,0.8959,12,8,68879.94,12,19351.95,4.3,0.9075,TN,South
ACB-BR037,2024-07,7968913.6,8100319.84,0.9838,12,34,64601.13,12,21250.44,4.2,0.8262,TN,South
ACB-BR037,2024-08,7410111.52,8100319.84,0.9148,14,18,59090.59,12,19760.3,4.7,0.8321,TN,South
ACB-BR037,2024-09,6602009.71,8100319.84,0.815,10,17,67300.79,12,17605.36,4.0,0.9039,TN,South
ACB-BR037,2024-10,8587092.04,8100319.84,1.0601,14,14,65167.77,12,22898.91,3.7,0.7807,TN,South
ACB-BR037,2024-11,8558041.87,8100319.84,1.0565,4,1,68385.65,12,22821.44,3.8,0.9231,TN,South
ACB-BR037,2024-12,8536240.95,8100319.84,1.0538,16,10,62025.25,12,22763.31,3.7,0.917,TN,South
ACB-BR037,2025-01,9008401.95,8100319.84,1.1121,17,22,72515.03,12,24022.41,4.4,0.9695,TN,South
ACB-BR037,2025-02,8768844.68,8100319.84,1.0825,14,21,70880.19,12,23383.59,4.6,0.8074,TN,South
ACB-BR037,2025-03,8918247.81,8100319.84,1.101,18,0,67271.99,12,23781.99,4.4,0.9813,TN,South
ACB-BR037,2025-04,9697963.98,8100319.84,1.1972,0,8,76450.76,12,25861.24,3.7,0.9614,TN,South
ACB-BR037,2025-05,8906848.28,8100319.84,1.0996,10,20,62953.4,12,23751.6,3.3,0.9663,TN,South
ACB-BR037,2025-06,8574778.13,8100319.84,1.0586,16,13,70762.94,12,22866.08,3.7,0.9789,TN,South
ACB-BR037,2025-07,7165829.87,8100319.84,0.8846,12,15,75437.64,12,19108.88,4.6,0.8502,TN,South
ACB-BR037,2025-08,6739058.35,8100319.84,0.8319,3,11,58230.15,12,17970.82,3.4,0.8849,TN,South
ACB-BR037,2025-09,8384301.76,8100319.84,1.0351,11,16,67898.15,12,22358.14,4.4,0.9895,TN,South
ACB-BR037,2025-10,8873417.18,8100319.84,1.0954,7,22,51863.61,12,23662.45,4.3,0.9597,TN,South
ACB-BR037,2025-11,7927596.73,8100319.84,0.9787,14,14,57132.92,12,21140.26,3.2,0.9375,TN,South
ACB-BR037,2025-12,8127875.95,8100319.84,1.0034,22,24,57981.95,12,21674.34,3.4,0.877,TN,South
ACB-BR037,2026-01,9448434.67,8100319.84,1.1664,13,10,61545.13,12,25195.83,3.7,0.9523,TN,South
ACB-BR037,2026-02,10021962.54,8100319.84,1.2372,11,26,61588.08,12,26725.23,3.7,0.9697,TN,South
ACB-BR037,2026-03,8146201.43,8100319.84,1.0057,13,13,59020.13,12,21723.2,4.3,0.7377,TN,South
ACB-BR038,2024-04,49968628.86,42785797.22,1.1679,21,32,56015.83,9,177666.24,4.5,0.9497,IL,Midwest
ACB-BR038,2024-05,43869169.32,42785797.22,1.0253,30,23,46964.14,9,155979.27,3.9,0.929,IL,Midwest
ACB-BR038,2024-06,40619847.83,42785797.22,0.9494,31,40,53239.22,9,144426.13,4.4,0.9297,IL,Midwest
ACB-BR038,2024-07,39797094.48,42785797.22,0.9301,29,39,40934.06,9,141500.78,4.2,0.9096,IL,Midwest
ACB-BR038,2024-08,32926327.65,42785797.22,0.7696,30,20,48237.64,9,117071.39,3.3,0.9031,IL,Midwest
ACB-BR038,2024-09,37231320.95,42785797.22,0.8702,32,24,40103.98,9,132378.03,3.8,0.8861,IL,Midwest
ACB-BR038,2024-10,46290305.17,42785797.22,1.0819,30,33,58965.75,9,164587.75,4.9,0.83,IL,Midwest
ACB-BR038,2024-11,45895034.49,42785797.22,1.0727,27,43,46549.87,9,163182.34,4.1,0.8964,IL,Midwest
ACB-BR038,2024-12,48599841.84,42785797.22,1.1359,22,34,43514.73,9,172799.44,4.4,0.9006,IL,Midwest
ACB-BR038,2025-01,40765911.64,42785797.22,0.9528,25,27,48130.21,9,144945.46,3.8,0.9356,IL,Midwest
ACB-BR038,2025-02,43672977.21,42785797.22,1.0207,28,36,49187.72,9,155281.7,5.0,0.9145,IL,Midwest
ACB-BR038,2025-03,46128010.63,42785797.22,1.0781,25,32,58486.56,9,164010.7,4.6,0.8368,IL,Midwest
ACB-BR038,2025-04,52049858.18,42785797.22,1.2165,20,39,56502.08,9,185066.16,4.4,0.84,IL,Midwest
ACB-BR038,2025-05,40365455.57,42785797.22,0.9434,30,31,47969.21,9,143521.62,4.1,0.9871,IL,Midwest
ACB-BR038,2025-06,36642609.28,42785797.22,0.8564,29,21,46078.56,9,130284.83,3.9,0.8013,IL,Midwest
ACB-BR038,2025-07,39936518.3,42785797.22,0.9334,33,50,47823.97,9,141996.51,4.4,0.812,IL,Midwest
ACB-BR038,2025-08,37853368.48,42785797.22,0.8847,20,45,51682.5,9,134589.75,3.9,0.8975,IL,Midwest
ACB-BR038,2025-09,43359594.01,42785797.22,1.0134,31,24,60897.74,9,154167.45,3.5,0.9793,IL,Midwest
ACB-BR038,2025-10,36166572.55,42785797.22,0.8453,26,33,41522.57,9,128592.26,4.5,0.8367,IL,Midwest
ACB-BR038,2025-11,45393477.9,42785797.22,1.0609,27,38,49018.78,9,161399.03,4.3,0.939,IL,Midwest
ACB-BR038,2025-12,41148492.09,42785797.22,0.9617,24,29,53279.85,9,146305.75,4.5,0.9504,IL,Midwest
ACB-BR038,2026-01,48811831.82,42785797.22,1.1408,25,42,51967.03,9,173553.18,3.9,0.9282,IL,Midwest
ACB-BR038,2026-02,49984421.69,42785797.22,1.1682,28,31,43374.63,9,177722.39,3.2,0.8375,IL,Midwest
ACB-BR038,2026-03,46366306.43,42785797.22,1.0837,30,19,55986.93,9,164857.98,4.4,0.9941,IL,Midwest
ACB-BR039,2024-04,37887627.59,32678042.4,1.1594,30,40,193022.92,30,40413.47,4.8,0.9284,FL,Southeast
ACB-BR039,2024-05,30113268.54,32678042.4,0.9215,28,49,163870.28,30,32120.82,3.9,0.7762,FL,Southeast
ACB-BR039,2024-06,37881431.97,32678042.4,1.1592,33,19,164084.24,30,40406.86,4.2,0.9292,FL,Southeast
ACB-BR039,2024-07,27736567.41,32678042.4,0.8488,26,31,167013.46,30,29585.67,3.7,0.8452,FL,Southeast
ACB-BR039,2024-08,35672660.76,32678042.4,1.0916,34,29,143096.88,30,38050.84,4.0,0.9284,FL,Southeast
ACB-BR039,2024-09,32978069.28,32678042.4,1.0092,40,38,171973.13,30,35176.61,3.9,0.9807,FL,Southeast
ACB-BR039,2024-10,25315126.13,32678042.4,0.7747,32,27,144212.35,30,27002.8,3.9,0.91,FL,Southeast
ACB-BR039,2024-11,35185392.38,32678042.4,1.0767,26,38,164089.76,30,37531.09,3.9,0.8755,FL,Southeast
ACB-BR039,2024-12,28218349.72,32678042.4,0.8635,31,30,209149.72,30,30099.57,3.7,0.9505,FL,Southeast
ACB-BR039,2025-01,37375056.63,32678042.4,1.1437,20,40,184031.15,30,39866.73,4.5,0.9622,FL,Southeast
ACB-BR039,2025-02,38219509.45,32678042.4,1.1696,37,35,151068.85,30,40767.48,4.0,0.9241,FL,Southeast
ACB-BR039,2025-03,32193342.03,32678042.4,0.9852,19,42,170412.47,30,34339.56,4.1,0.9294,FL,Southeast
ACB-BR039,2025-04,36205378.79,32678042.4,1.1079,34,34,142429.73,30,38619.07,3.8,0.9099,FL,Southeast
ACB-BR039,2025-05,33478676.03,32678042.4,1.0245,21,46,157971.5,30,35710.59,4.2,0.9122,FL,Southeast
ACB-BR039,2025-06,30464493.11,32678042.4,0.9323,33,20,189373.5,30,32495.46,3.8,0.8592,FL,Southeast
ACB-BR039,2025-07,29702982.39,32678042.4,0.909,19,26,155349.33,30,31683.18,4.1,0.9566,FL,Southeast
ACB-BR039,2025-08,34364276.59,32678042.4,1.0516,14,41,157346.35,30,36655.23,4.2,0.9359,FL,Southeast
ACB-BR039,2025-09,28447776.12,32678042.4,0.8705,29,28,161738.24,30,30344.29,4.0,0.8517,FL,Southeast
ACB-BR039,2025-10,32458335.91,32678042.4,0.9933,28,39,147142.52,30,34622.22,4.7,0.9585,FL,Southeast
ACB-BR039,2025-11,34773332.67,32678042.4,1.0641,29,21,145269.71,30,37091.55,4.6,0.8946,FL,Southeast
ACB-BR039,2025-12,31965046.91,32678042.4,0.9782,22,42,158649.23,30,34096.05,4.0,0.8825,FL,Southeast
ACB-BR039,2026-01,28499082.64,32678042.4,0.8721,32,29,179453.12,30,30399.02,4.2,0.9362,FL,Southeast
ACB-BR039,2026-02,36796618.46,32678042.4,1.126,22,36,181368.78,30,39249.73,4.6,0.8698,FL,Southeast
ACB-BR039,2026-03,36002042.45,32678042.4,1.1017,40,25,148231.77,30,38402.18,4.3,0.9564,FL,Southeast
ACB-BR040,2024-04,10893108.9,10020178.78,1.0871,0,14,86950.98,17,20504.68,3.6,0.9255,OH,Midwest
ACB-BR040,2024-05,11038650.33,10020178.78,1.1016,10,9,94089.6,17,20778.64,4.3,0.9161,OH,Midwest
ACB-BR040,2024-06,11817075.93,10020178.78,1.1793,4,26,101128.09,17,22243.91,3.4,0.8903,OH,Midwest
ACB-BR040,2024-07,9831845.14,10020178.78,0.9812,8,9,91477.87,17,18507.0,4.0,0.9743,OH,Midwest
ACB-BR040,2024-08,9564819.15,10020178.78,0.9546,21,11,94651.55,17,18004.37,4.1,0.9626,OH,Midwest
ACB-BR040,2024-09,9885678.22,10020178.78,0.9866,15,30,106165.36,17,18608.34,3.4,0.9315,OH,Midwest
ACB-BR040,2024-10,8690525.43,10020178.78,0.8673,14,8,101766.64,17,16358.64,3.5,0.8832,OH,Midwest
ACB-BR040,2024-11,8062016.52,10020178.78,0.8046,16,15,97832.63,17,15175.56,4.9,0.9056,OH,Midwest
ACB-BR040,2024-12,9217137.42,10020178.78,0.9199,16,1,87727.49,17,17349.91,3.6,0.904,OH,Midwest
ACB-BR040,2025-01,10434578.04,10020178.78,1.0414,6,15,80852.14,17,19641.56,4.9,0.907,OH,Midwest
ACB-BR040,2025-02,10379040.87,10020178.78,1.0358,18,7,77518.63,17,19537.02,4.8,0.9604,OH,Midwest
ACB-BR040,2025-03,9248614.09,10020178.78,0.923,12,0,95996.43,17,17409.16,4.3,0.9351,OH,Midwest
ACB-BR040,2025-04,12428965.45,10020178.78,1.2404,20,20,81109.81,17,23395.7,4.3,0.9138,OH,Midwest
ACB-BR040,2025-05,10017301.93,10020178.78,0.9997,7,16,94911.71,17,18856.1,4.2,0.9074,OH,Midwest
ACB-BR040,2025-06,9910787.46,10020178.78,0.9891,19,0,85178.07,17,18655.6,3.7,0.9205,OH,Midwest
ACB-BR040,2025-07,8142184.93,10020178.78,0.8126,12,8,95521.05,17,15326.47,4.2,0.9091,OH,Midwest
ACB-BR040,2025-08,10841521.12,10020178.78,1.082,16,21,101381.5,17,20407.57,4.1,0.8487,OH,Midwest
ACB-BR040,2025-09,9288397.81,10020178.78,0.927,9,25,84771.6,17,17484.04,3.3,0.903,OH,Midwest
ACB-BR040,2025-10,8350740.02,10020178.78,0.8334,10,17,96138.76,17,15719.04,,0.9563,OH,Midwest
ACB-BR040,2025-11,10387073.46,10020178.78,1.0366,9,21,112769.8,17,19552.14,4.6,0.8302,OH,Midwest
ACB-BR040,2025-12,8684771.35,10020178.78,0.8667,7,5,103705.26,17,16347.8,3.5,0.9955,OH,Midwest
ACB-BR040,2026-01,9395182.68,10020178.78,0.9376,18,13,90035.36,17,17685.05,4.0,0.7519,OH,Midwest
ACB-BR040,2026-02,9110059.62,10020178.78,0.9092,6,20,108334.94,17,17148.35,4.6,0.9078,OH,Midwest
ACB-BR040,2026-03,11359974.0,10020178.78,1.1337,1,8,107108.82,17,21383.48,3.7,0.9512,OH,Midwest
ACB-BR041,2024-04,21383256.1,18908482.07,1.1309,35,24,33996.25,8,85533.02,4.4,0.9682,GA,Southeast
ACB-BR041,2024-05,22232827.29,18908482.07,1.1758,27,27,48722.35,8,88931.31,4.1,0.9817,GA,Southeast
ACB-BR041,2024-06,18470886.45,18908482.07,0.9769,32,35,47809.89,8,73883.55,3.9,0.8683,GA,Southeast
ACB-BR041,2024-07,16406381.18,18908482.07,0.8677,34,35,46556.21,8,65625.52,4.3,0.9386,GA,Southeast
ACB-BR041,2024-08,20382624.33,18908482.07,1.078,36,38,44484.17,8,81530.5,3.7,0.8642,GA,Southeast
ACB-BR041,2024-09,19555462.72,18908482.07,1.0342,41,20,45249.67,8,78221.85,3.7,0.9698,GA,Southeast
ACB-BR041,2024-10,15167121.48,18908482.07,0.8021,26,14,45411.72,8,60668.49,4.0,0.756,GA,Southeast
ACB-BR041,2024-11,19275028.36,18908482.07,1.0194,33,43,38946.85,8,77100.11,4.2,0.9094,GA,Southeast
ACB-BR041,2024-12,17130421.88,18908482.07,0.906,29,29,47805.77,8,68521.69,4.3,0.9657,GA,Southeast
ACB-BR041,2025-01,20632462.94,18908482.07,1.0912,28,37,40712.3,8,82529.85,3.5,0.9736,GA,Southeast
ACB-BR041,2025-02,22229979.98,18908482.07,1.1757,32,47,44659.13,8,88919.92,4.4,0.9782,GA,Southeast
ACB-BR041,2025-03,19844041.63,18908482.07,1.0495,28,33,44858.75,8,79376.17,4.1,0.8543,GA,Southeast
ACB-BR041,2025-04,23096391.52,18908482.07,1.2215,31,34,36778.65,8,92385.57,4.3,0.9067,GA,Southeast
ACB-BR041,2025-05,19777320.32,18908482.07,1.0459,33,30,37923.15,8,79109.28,3.7,0.9255,GA,Southeast
ACB-BR041,2025-06,19488631.55,18908482.07,1.0307,20,50,53344.54,8,77954.53,4.2,0.9392,GA,Southeast
ACB-BR041,2025-07,15475656.33,18908482.07,0.8185,29,15,35635.47,8,61902.63,4.1,0.9756,GA,Southeast
ACB-BR041,2025-08,19944796.3,18908482.07,1.0548,29,37,38651.48,8,79779.19,4.4,0.9443,GA,Southeast
ACB-BR041,2025-09,18476898.19,18908482.07,0.9772,28,20,39786.61,8,73907.59,4.0,0.773,GA,Southeast
ACB-BR041,2025-10,18447842.4,18908482.07,0.9756,27,37,43020.67,8,73791.37,4.5,0.8937,GA,Southeast
ACB-BR041,2025-11,21265988.31,18908482.07,1.1247,29,22,38538.41,8,85063.95,3.5,0.8634,GA,Southeast
ACB-BR041,2025-12,19124755.92,18908482.07,1.0114,23,34,39502.53,8,76499.02,4.4,0.96,GA,Southeast
ACB-BR041,2026-01,20652343.72,18908482.07,1.0922,30,26,42194.04,8,82609.37,4.7,0.8285,GA,Southeast
ACB-BR041,2026-02,20545385.29,18908482.07,1.0866,30,46,41908.58,8,82181.54,4.2,0.9218,GA,Southeast
ACB-BR041,2026-03,21975996.9,18908482.07,1.1622,38,30,44417.13,8,87903.99,3.8,0.8633,GA,Southeast
ACB-BR042,2024-04,40913970.35,43094309.79,0.9494,23,32,97792.04,14,93517.65,4.1,0.8094,FL,Southeast
ACB-BR042,2024-05,45391267.15,43094309.79,1.0533,24,35,80973.14,14,103751.47,3.9,0.9251,FL,Southeast
ACB-BR042,2024-06,39139170.43,43094309.79,0.9082,23,36,67289.39,14,89460.96,4.0,0.861,FL,Southeast
ACB-BR042,2024-07,38312837.58,43094309.79,0.889,36,29,84637.54,14,87572.2,4.1,0.8794,FL,Southeast
ACB-BR042,2024-08,34177572.94,43094309.79,0.7931,23,45,70877.89,14,78120.17,4.5,0.8414,FL,Southeast
ACB-BR042,2024-09,35632943.65,43094309.79,0.8269,23,40,91378.84,14,81446.73,3.7,0.89,FL,Southeast
ACB-BR042,2024-10,35267028.44,43094309.79,0.8184,23,33,87263.35,14,80610.35,3.8,0.9549,FL,Southeast
ACB-BR042,2024-11,43400559.34,43094309.79,1.0071,20,34,60082.19,14,99201.28,4.6,0.8346,FL,Southeast
ACB-BR042,2024-12,46556845.82,43094309.79,1.0803,27,40,84481.94,14,106415.65,3.6,0.9717,FL,Southeast
ACB-BR042,2025-01,37585407.54,43094309.79,0.8722,21,45,94210.12,14,85909.5,4.1,0.9415,FL,Southeast
ACB-BR042,2025-02,51234843.94,43094309.79,1.1889,25,28,68758.46,14,117108.21,4.1,0.8458,FL,Southeast
ACB-BR042,2025-03,53276980.89,43094309.79,1.2363,28,30,97155.9,14,121775.96,4.1,0.9628,FL,Southeast
ACB-BR042,2025-04,40766551.93,43094309.79,0.946,17,37,76432.13,14,93180.69,4.3,0.9136,FL,Southeast
ACB-BR042,2025-05,47715913.15,43094309.79,1.1072,29,49,70986.79,14,109064.94,4.3,0.6738,FL,Southeast
ACB-BR042,2025-06,45494722.33,43094309.79,1.0557,25,18,80718.2,14,103987.94,3.7,0.7374,FL,Southeast
ACB-BR042,2025-07,38991479.15,43094309.79,0.9048,20,31,70555.73,14,89123.38,5.0,0.8107,FL,Southeast
ACB-BR042,2025-08,42247144.37,43094309.79,0.9803,25,20,68643.17,14,96564.9,3.6,0.8835,FL,Southeast
ACB-BR042,2025-09,35773212.35,43094309.79,0.8301,25,49,80120.42,14,81767.34,4.2,0.8172,FL,Southeast
ACB-BR042,2025-10,40905795.93,43094309.79,0.9492,38,36,77475.63,14,93498.96,4.0,0.9829,FL,Southeast
ACB-BR042,2025-11,44772255.45,43094309.79,1.0389,29,26,74989.13,14,102336.58,4.3,0.885,FL,Southeast
ACB-BR042,2025-12,36283115.65,43094309.79,0.8419,26,32,84630.16,14,82932.84,4.4,0.9081,FL,Southeast
ACB-BR042,2026-01,49400871.25,43094309.79,1.1463,27,31,88630.37,14,112916.28,4.8,0.8902,FL,Southeast
ACB-BR042,2026-02,45032404.15,43094309.79,1.045,27,40,76586.05,14,102931.21,4.0,0.9515,FL,Southeast
ACB-BR042,2026-03,51593438.11,43094309.79,1.1972,28,45,84006.06,14,117927.86,,0.8303,FL,Southeast
ACB-BR043,2024-04,15117557.99,14889014.05,1.0153,9,21,227482.48,34,14228.29,3.7,0.9127,CA,West
ACB-BR043,2024-05,13057156.12,14889014.05,0.877,9,24,191336.89,34,12289.09,4.7,0.9444,CA,West
ACB-BR043,2024-06,13172257.97,14889014.05,0.8847,8,20,173479.51,34,12397.42,3.8,0.9298,CA,West
ACB-BR043,2024-07,12709924.28,14889014.05,0.8536,15,30,203733.96,34,11962.28,4.1,0.5923,CA,West
ACB-BR043,2024-08,14208395.1,14889014.05,0.9543,10,25,162848.12,34,13372.61,4.1,0.9367,CA,West
ACB-BR043,2024-09,15113577.75,14889014.05,1.0151,17,14,184014.98,34,14224.54,4.3,0.916,CA,West
ACB-BR043,2024-10,14401971.9,14889014.05,0.9673,22,13,194672.04,34,13554.8,3.8,0.8966,CA,West
ACB-BR043,2024-11,15660837.86,14889014.05,1.0518,13,0,153893.72,34,14739.61,4.1,0.9266,CA,West
ACB-BR043,2024-12,16357279.82,14889014.05,1.0986,13,28,158987.42,34,15395.09,4.4,0.8916,CA,West
ACB-BR043,2025-01,16551788.7,14889014.05,1.1117,4,10,200996.88,34,15578.15,3.5,0.9657,CA,West
ACB-BR043,2025-02,14124611.94,14889014.05,0.9487,18,8,232057.33,34,13293.75,4.2,0.9363,CA,West
ACB-BR043,2025-03,13913802.27,14889014.05,0.9345,14,25,187798.29,34,13095.34,4.0,0.8876,CA,West
ACB-BR043,2025-04,17056796.47,14889014.05,1.1456,6,17,214423.84,34,16053.46,3.5,0.9477,CA,West
ACB-BR043,2025-05,14431398.61,14889014.05,0.9693,17,13,176009.26,34,13582.49,4.5,0.8389,CA,West
ACB-BR043,2025-06,14997054.6,14889014.05,1.0073,8,14,198840.11,34,14114.87,4.6,0.9655,CA,West
ACB-BR043,2025-07,15218024.2,14889014.05,1.0221,23,14,196298.87,34,14322.85,3.8,0.8655,CA,West
ACB-BR043,2025-08,14591259.64,14889014.05,0.98,8,25,192181.3,34,13732.95,4.2,0.9457,CA,West
ACB-BR043,2025-09,14076630.47,14889014.05,0.9454,10,8,177342.47,34,13248.59,4.1,0.9678,CA,West
ACB-BR043,2025-10,12361550.16,14889014.05,0.8302,10,5,145115.31,34,11634.4,4.2,0.9758,CA,West
ACB-BR043,2025-11,16788492.99,14889014.05,1.1276,16,20,218938.4,34,15800.93,4.2,0.8055,CA,West
ACB-BR043,2025-12,15998307.61,14889014.05,1.0745,16,12,201122.46,34,15057.23,5.0,0.9166,CA,West
ACB-BR043,2026-01,17673057.78,14889014.05,1.187,9,21,229238.02,34,16633.47,3.5,0.933,CA,West
ACB-BR043,2026-02,18335008.84,14889014.05,1.2314,10,18,180570.3,34,17256.48,3.4,0.8903,CA,West
ACB-BR043,2026-03,18655122.44,14889014.05,1.2529,12,19,213297.17,34,17557.76,3.5,0.9535,CA,West
ACB-BR044,2024-04,5921374.34,5626371.64,1.0524,7,0,129369.34,27,7017.93,3.6,0.9648,NC,Southeast
ACB-BR044,2024-05,6276610.18,5626371.64,1.1156,8,17,124482.06,27,7438.95,4.5,0.8492,NC,Southeast
ACB-BR044,2024-06,5819425.07,5626371.64,1.0343,3,16,130190.31,27,6897.1,3.8,0.9641,NC,Southeast
ACB-BR044,2024-07,6296684.61,5626371.64,1.1191,0,18,164593.74,27,7462.74,4.0,0.9406,NC,Southeast
ACB-BR044,2024-08,5452684.45,5626371.64,0.9691,6,7,151180.39,27,6462.44,3.8,0.852,NC,Southeast
ACB-BR044,2024-09,4467359.58,5626371.64,0.794,10,27,173105.73,27,5294.65,3.8,0.8419,NC,Southeast
ACB-BR044,2024-10,4835245.55,5626371.64,0.8594,7,6,152483.67,27,5730.66,4.2,0.8124,NC,Southeast
ACB-BR044,2024-11,4660416.67,5626371.64,0.8283,11,6,129642.72,27,5523.46,4.1,0.9645,NC,Southeast
ACB-BR044,2024-12,6446437.15,5626371.64,1.1458,8,20,143286.52,27,7640.22,4.1,0.8733,NC,Southeast
ACB-BR044,2025-01,6228952.99,5626371.64,1.1071,11,3,150552.87,27,7382.46,4.6,0.919,NC,Southeast
ACB-BR044,2025-02,5324258.44,5626371.64,0.9463,5,13,149260.01,27,6310.23,3.9,0.8794,NC,Southeast
ACB-BR044,2025-03,6727117.76,5626371.64,1.1956,7,9,151632.28,27,7972.88,4.1,0.7983,NC,Southeast
ACB-BR044,2025-04,6799185.61,5626371.64,1.2084,9,16,160614.91,27,8058.29,4.0,0.9615,NC,Southeast
ACB-BR044,2025-05,5649458.91,5626371.64,1.0041,3,0,143990.6,27,6695.66,4.3,0.9031,NC,Southeast
ACB-BR044,2025-06,6011090.77,5626371.64,1.0684,0,21,137629.22,27,7124.26,3.9,0.9159,NC,Southeast
ACB-BR044,2025-07,5985041.64,5626371.64,1.0637,13,7,126981.53,27,7093.38,3.9,0.9318,NC,Southeast
ACB-BR044,2025-08,5194974.13,5626371.64,0.9233,7,0,156131.64,27,6157.01,4.1,0.9225,NC,Southeast
ACB-BR044,2025-09,5113746.37,5626371.64,0.9089,8,11,136419.69,27,6060.74,4.0,0.9449,NC,Southeast
ACB-BR044,2025-10,6006612.92,5626371.64,1.0676,6,12,122424.72,27,7118.95,4.2,0.9503,NC,Southeast
ACB-BR044,2025-11,5249018.69,5626371.64,0.9329,9,1,185769.7,27,6221.06,,0.923,NC,Southeast
ACB-BR044,2025-12,5062336.92,5626371.64,0.8998,0,4,145521.04,27,5999.81,3.2,0.9735,NC,Southeast
ACB-BR044,2026-01,6304843.98,5626371.64,1.1206,7,7,148869.88,27,7472.41,3.0,0.9125,NC,Southeast
ACB-BR044,2026-02,4949116.64,5626371.64,0.8796,7,10,162791.49,27,5865.62,3.8,0.8264,NC,Southeast
ACB-BR044,2026-03,6163807.78,5626371.64,1.0955,8,10,127359.43,27,7305.25,4.4,0.9226,NC,Southeast
ACB-BR045,2024-04,27316429.62,29417379.16,0.9286,31,46,151729.74,26,33620.22,3.5,0.9642,TX,South
ACB-BR045,2024-05,25413367.29,29417379.16,0.8639,25,22,119897.7,26,31277.99,3.9,0.8474,TX,South
ACB-BR045,2024-06,24472754.65,29417379.16,0.8319,28,42,127189.31,26,30120.31,3.9,0.9646,TX,South
ACB-BR045,2024-07,23828978.16,29417379.16,0.81,36,43,145574.33,26,29327.97,4.5,0.9088,TX,South
ACB-BR045,2024-08,27974413.79,29417379.16,0.9509,23,41,157419.08,26,34430.05,3.7,0.8675,TX,South
ACB-BR045,2024-09,27288485.0,29417379.16,0.9276,25,33,142766.12,26,33585.83,3.8,0.8787,TX,South
ACB-BR045,2024-10,26836424.98,29417379.16,0.9123,27,31,147209.51,26,33029.45,4.0,0.827,TX,South
ACB-BR045,2024-11,31820324.52,29417379.16,1.0817,34,26,136409.31,26,39163.48,4.6,0.9709,TX,South
ACB-BR045,2024-12,30956138.43,29417379.16,1.0523,18,21,155825.54,26,38099.86,3.9,0.9487,TX,South
ACB-BR045,2025-01,34690120.12,29417379.16,1.1792,31,18,153884.18,26,42695.53,4.3,0.8353,TX,South
ACB-BR045,2025-02,35361629.6,29417379.16,1.2021,30,34,162013.44,26,43522.01,4.2,0.5119,TX,South
ACB-BR045,2025-03,27888108.26,29417379.16,0.948,26,50,138997.16,26,34323.83,3.9,0.9169,TX,South
ACB-BR045,2025-04,29742976.43,29417379.16,1.0111,23,39,141316.22,26,36606.74,,0.925,TX,South
ACB-BR045,2025-05,30354833.95,29417379.16,1.0319,30,40,140306.41,26,37359.8,4.2,0.9664,TX,South
ACB-BR045,2025-06,24710632.67,29417379.16,0.84,39,37,159970.09,26,30413.09,4.4,0.9565,TX,South
ACB-BR045,2025-07,28182964.57,29417379.16,0.958,16,27,173704.6,26,34686.73,3.9,0.947,TX,South
ACB-BR045,2025-08,27125636.73,29417379.16,0.9221,19,24,160783.57,26,33385.4,4.1,0.9512,TX,South
ACB-BR045,2025-09,23928898.48,29417379.16,0.8134,26,26,129261.22,26,29450.95,4.2,0.8921,TX,South
ACB-BR045,2025-10,29266649.32,29417379.16,0.9949,36,16,133942.94,26,36020.49,4.0,0.8847,TX,South
ACB-BR045,2025-11,27735862.01,29417379.16,0.9428,19,32,134209.8,26,34136.45,,0.9218,TX,South
ACB-BR045,2025-12,30469507.48,29417379.16,1.0358,30,18,124703.67,26,37500.93,3.7,0.9728,TX,South
ACB-BR045,2026-01,34614710.83,29417379.16,1.1767,30,35,115229.09,26,42602.72,4.2,0.8525,TX,South
ACB-BR045,2026-02,31161158.75,29417379.16,1.0593,18,26,113456.36,26,38352.2,4.1,0.9789,TX,South
ACB-BR045,2026-03,36799494.53,29417379.16,1.2509,18,34,131689.76,26,45291.69,4.5,0.9191,TX,South
ACB-BR046,2024-04,34508143.2,39350183.37,0.8769,24,24,141332.17,26,42471.56,4.6,0.877,TX,South
ACB-BR046,2024-05,45430697.07,39350183.37,1.1545,30,41,142690.18,26,55914.7,5.0,0.8711,TX,South
ACB-BR046,2024-06,46070377.87,39350183.37,1.1708,32,38,150513.9,26,56702.0,4.1,0.93,TX,South
ACB-BR046,2024-07,36883200.84,39350183.37,0.9373,24,38,128101.11,26,45394.71,4.5,0.9786,TX,South
ACB-BR046,2024-08,41770823.13,39350183.37,1.0615,31,33,176145.3,26,51410.24,4.1,0.8715,TX,South
ACB-BR046,2024-09,33345300.32,39350183.37,0.8474,25,23,120492.5,26,41040.37,3.9,0.9119,TX,South
ACB-BR046,2024-10,31799308.58,39350183.37,0.8081,24,28,160205.56,26,39137.61,4.3,0.9528,TX,South
ACB-BR046,2024-11,42223504.5,39350183.37,1.073,29,37,169905.04,26,51967.39,,0.8957,TX,South
ACB-BR046,2024-12,35801483.22,39350183.37,0.9098,18,42,121814.17,26,44063.36,3.5,0.8943,TX,South
ACB-BR046,2025-01,36161084.96,39350183.37,0.919,29,36,141803.18,26,44505.95,4.0,0.8614,TX,South
ACB-BR046,2025-02,45413977.68,39350183.37,1.1541,32,35,156825.64,26,55894.13,4.0,0.7933,TX,South
ACB-BR046,2025-03,46933235.95,39350183.37,1.1927,29,38,120904.47,26,57763.98,4.4,0.9378,TX,South
ACB-BR046,2025-04,49350696.94,39350183.37,1.2541,20,46,130330.73,26,60739.32,3.5,0.9576,TX,South
ACB-BR046,2025-05,40119558.54,39350183.37,1.0196,23,37,139528.74,26,49377.92,,0.9482,TX,South
ACB-BR046,2025-06,41948499.53,39350183.37,1.066,24,27,174802.85,26,51628.92,3.5,0.8147,TX,South
ACB-BR046,2025-07,31691250.33,39350183.37,0.8054,26,27,179669.43,26,39004.62,4.2,0.9419,TX,South
ACB-BR046,2025-08,41373140.37,39350183.37,1.0514,21,48,157262.23,26,50920.79,4.3,0.8503,TX,South
ACB-BR046,2025-09,31711510.3,39350183.37,0.8059,34,44,151834.87,26,39029.55,4.0,0.8898,TX,South
ACB-BR046,2025-10,38816434.42,39350183.37,0.9864,19,33,172332.11,26,47774.07,4.1,0.8193,TX,South
ACB-BR046,2025-11,37511027.41,39350183.37,0.9533,22,37,150329.91,26,46167.42,4.0,0.9516,TX,South
ACB-BR046,2025-12,38834685.17,39350183.37,0.9869,28,42,147048.91,26,47796.54,4.2,0.8851,TX,South
ACB-BR046,2026-01,40295665.91,39350183.37,1.024,26,20,153444.63,26,49594.67,3.7,0.9145,TX,South
ACB-BR046,2026-02,38567384.3,39350183.37,0.9801,24,28,135132.67,26,47467.55,4.4,0.9329,TX,South
ACB-BR046,2026-03,44901456.48,39350183.37,1.1411,25,40,126400.89,26,55263.33,4.0,0.9407,TX,South
ACB-BR047,2024-04,46863428.76,38779433.75,1.2085,36,31,171705.37,32,46863.43,3.4,0.8534,NC,Southeast
ACB-BR047,2024-05,45698742.46,38779433.75,1.1784,21,41,184344.27,32,45698.74,3.9,0.8773,NC,Southeast
ACB-BR047,2024-06,32333538.01,38779433.75,0.8338,23,38,182915.6,32,32333.54,4.0,0.8985,NC,Southeast
ACB-BR047,2024-07,31486397.19,38779433.75,0.8119,29,34,147253.6,32,31486.4,3.4,0.8449,NC,Southeast
ACB-BR047,2024-08,36627114.73,38779433.75,0.9445,26,36,196439.85,32,36627.11,4.5,0.85,NC,Southeast
ACB-BR047,2024-09,30103540.24,38779433.75,0.7763,17,33,191747.3,32,30103.54,3.2,0.9693,NC,Southeast
ACB-BR047,2024-10,36847495.15,38779433.75,0.9502,26,23,162109.17,32,36847.5,4.4,0.8378,NC,Southeast
ACB-BR047,2024-11,35485980.54,38779433.75,0.9151,21,30,156130.44,32,35485.98,3.8,0.9106,NC,Southeast
ACB-BR047,2024-12,38630226.3,38779433.75,0.9962,41,26,186947.04,32,38630.23,4.0,0.956,NC,Southeast
ACB-BR047,2025-01,43379918.18,38779433.75,1.1186,25,30,176854.66,32,43379.92,,0.9252,NC,Southeast
ACB-BR047,2025-02,36912800.28,38779433.75,0.9519,28,27,195111.51,32,36912.8,4.1,0.7497,NC,Southeast
ACB-BR047,2025-03,37020868.9,38779433.75,0.9547,25,32,214357.8,32,37020.87,4.7,0.907,NC,Southeast
ACB-BR047,2025-04,43227720.17,38779433.75,1.1147,33,33,194427.46,32,43227.72,4.3,0.9108,NC,Southeast
ACB-BR047,2025-05,40361766.88,38779433.75,1.0408,18,45,153978.63,32,40361.77,4.6,0.9699,NC,Southeast
ACB-BR047,2025-06,43854738.14,38779433.75,1.1309,24,36,147267.26,32,43854.74,4.1,0.719,NC,Southeast
ACB-BR047,2025-07,34332418.49,38779433.75,0.8853,29,31,193666.74,32,34332.42,4.4,0.8541,NC,Southeast
ACB-BR047,2025-08,30043652.75,38779433.75,0.7747,30,48,200211.31,32,30043.65,3.9,0.9699,NC,Southeast
ACB-BR047,2025-09,39579912.74,38779433.75,1.0206,29,31,209787.73,32,39579.91,4.5,0.9681,NC,Southeast
ACB-BR047,2025-10,33286179.82,38779433.75,0.8583,24,29,198627.48,32,33286.18,3.6,0.9634,NC,Southeast
ACB-BR047,2025-11,42894265.06,38779433.75,1.1061,31,44,196383.79,32,42894.27,3.4,0.8961,NC,Southeast
ACB-BR047,2025-12,41066912.42,38779433.75,1.059,26,42,179686.47,32,41066.91,4.2,0.8233,NC,Southeast
ACB-BR047,2026-01,46458783.95,38779433.75,1.198,28,49,182280.88,32,46458.78,4.1,0.9429,NC,Southeast
ACB-BR047,2026-02,38514658.46,38779433.75,0.9932,30,41,156984.71,32,38514.66,3.3,0.9178,NC,Southeast
ACB-BR047,2026-03,45721705.91,38779433.75,1.179,26,33,201191.2,32,45721.71,4.1,0.8029,NC,Southeast
ACB-BR048,2024-04,85708009.23,86896412.68,0.9863,8,7,178686.68,28,97952.01,4.1,0.8226,TX,South
ACB-BR048,2024-05,90549764.91,86896412.68,1.042,1,13,138291.96,28,103485.45,4.2,0.954,TX,South
ACB-BR048,2024-06,75787810.17,86896412.68,0.8722,0,17,126451.13,28,86614.64,4.5,0.8507,TX,South
ACB-BR048,2024-07,89154016.82,86896412.68,1.026,1,17,181810.13,28,101890.3,4.7,0.9792,TX,South
ACB-BR048,2024-08,86772048.77,86896412.68,0.9986,11,34,167027.53,28,99168.06,3.7,0.821,TX,South
ACB-BR048,2024-09,94154471.93,86896412.68,1.0835,1,23,146693.09,28,107605.11,4.5,0.9623,TX,South
ACB-BR048,2024-10,87995807.39,86896412.68,1.0127,0,14,169285.92,28,100566.64,3.6,0.9712,TX,South
ACB-BR048,2024-11,75538265.22,86896412.68,0.8693,5,12,149169.27,28,86329.45,4.8,0.9185,TX,South
ACB-BR048,2024-12,100187361.95,86896412.68,1.153,5,34,161695.89,28,114499.84,4.1,0.8664,TX,South
ACB-BR048,2025-01,76063074.7,86896412.68,0.8753,0,20,175412.6,28,86929.23,4.0,0.7817,TX,South
ACB-BR048,2025-02,96143127.08,86896412.68,1.1064,7,34,118106.01,28,109877.86,3.5,0.9547,TX,South
ACB-BR048,2025-03,93449186.08,86896412.68,1.0754,7,32,174196.48,28,106799.07,3.7,0.873,TX,South
ACB-BR048,2025-04,92414247.97,86896412.68,1.0635,2,17,156464.51,28,105616.28,4.5,0.9739,TX,South
ACB-BR048,2025-05,103974524.41,86896412.68,1.1965,2,16,129408.79,28,118828.03,4.0,0.9711,TX,South
ACB-BR048,2025-06,101778959.63,86896412.68,1.1713,0,30,128901.9,28,116318.81,4.4,0.9252,TX,South
ACB-BR048,2025-07,84897444.97,86896412.68,0.977,7,24,154275.96,28,97025.65,3.5,0.9563,TX,South
ACB-BR048,2025-08,68375145.91,86896412.68,0.7869,0,25,129527.04,28,78143.02,3.6,0.8902,TX,South
ACB-BR048,2025-09,74466342.32,86896412.68,0.857,9,1,123861.51,28,85104.39,4.1,0.8598,TX,South
ACB-BR048,2025-10,77505476.6,86896412.68,0.8919,3,10,140103.25,28,88577.69,4.0,0.9008,TX,South
ACB-BR048,2025-11,81536011.12,86896412.68,0.9383,1,22,154890.8,28,93184.01,3.6,0.9251,TX,South
ACB-BR048,2025-12,99919804.36,86896412.68,1.1499,8,46,193319.07,28,114194.06,4.4,0.928,TX,South
ACB-BR048,2026-01,90494717.93,86896412.68,1.0414,0,19,129327.18,28,103422.53,4.2,0.6228,TX,South
ACB-BR048,2026-02,100928023.57,86896412.68,1.1615,11,7,171878.24,28,115346.31,4.1,0.8745,TX,South
ACB-BR048,2026-03,84357774.59,86896412.68,0.9708,3,21,186876.33,28,96408.89,4.1,0.8104,TX,South
ACB-BR049,2024-04,31060342.88,34672210.11,0.8958,29,38,170932.13,26,38228.11,4.0,0.8195,TX,South
ACB-BR049,2024-05,38071460.5,34672210.11,1.098,26,33,139875.4,26,46857.18,4.5,0.9718,TX,South
ACB-BR049,2024-06,38494386.46,34672210.11,1.1102,22,52,130678.42,26,47377.71,4.3,0.9597,TX,South
ACB-BR049,2024-07,38886503.44,34672210.11,1.1215,23,39,122973.46,26,47860.31,4.3,0.9259,TX,South
ACB-BR049,2024-08,31469376.48,34672210.11,0.9076,31,37,144407.18,26,38731.54,3.5,0.9531,TX,South
ACB-BR049,2024-09,32569714.53,34672210.11,0.9394,29,39,159287.18,26,40085.8,4.1,0.9639,TX,South
ACB-BR049,2024-10,32214888.45,34672210.11,0.9291,32,51,153068.78,26,39649.09,3.8,0.9391,TX,South
ACB-BR049,2024-11,38356740.5,34672210.11,1.1063,27,25,112190.68,26,47208.3,4.0,0.8771,TX,South
ACB-BR049,2024-12,38851311.07,34672210.11,1.1205,26,32,126534.79,26,47817.0,4.6,0.9877,TX,South
ACB-BR049,2025-01,37330340.01,34672210.11,1.0767,29,23,146003.88,26,45945.03,3.9,0.9612,TX,South
ACB-BR049,2025-02,31728466.53,34672210.11,0.9151,30,28,123560.82,26,39050.42,3.9,0.9277,TX,South
ACB-BR049,2025-03,36680720.75,34672210.11,1.0579,30,25,144136.34,26,45145.5,4.1,0.9918,TX,South
ACB-BR049,2025-04,35727031.63,34672210.11,1.0304,26,42,146747.39,26,43971.73,4.0,0.8395,TX,South
ACB-BR049,2025-05,31230742.97,34672210.11,0.9007,31,38,134708.86,26,38437.84,4.0,0.8896,TX,South
ACB-BR049,2025-06,40356454.13,34672210.11,1.1639,31,37,143050.96,26,49669.48,3.9,0.8545,TX,South
ACB-BR049,2025-07,28600860.65,34672210.11,0.8249,23,31,141531.25,26,35201.06,,0.9407,TX,South
ACB-BR049,2025-08,30215454.32,34672210.11,0.8715,30,43,148812.15,26,37188.25,4.1,0.9648,TX,South
ACB-BR049,2025-09,28904166.26,34672210.11,0.8336,25,38,171965.66,26,35574.36,3.2,0.8544,TX,South
ACB-BR049,2025-10,28615394.84,34672210.11,0.8253,26,21,142755.68,26,35218.95,3.5,0.9649,TX,South
ACB-BR049,2025-11,37123617.14,34672210.11,1.0707,27,21,164979.9,26,45690.61,4.0,0.9116,TX,South
ACB-BR049,2025-12,36306663.06,34672210.11,1.0471,31,42,150451.51,26,44685.12,4.7,0.9154,TX,South
ACB-BR049,2026-01,37962621.46,34672210.11,1.0949,26,37,135695.25,26,46723.23,3.8,0.6448,TX,South
ACB-BR049,2026-02,38599736.8,34672210.11,1.1133,23,29,122253.44,26,47507.37,4.6,0.9436,TX,South
ACB-BR049,2026-03,34220108.67,34672210.11,0.987,28,37,138670.53,26,42117.06,3.8,0.8852,TX,South
ACB-BR050,2024-04,10665084.1,10753275.56,0.9918,8,4,82602.48,18,18960.15,4.3,0.8579,VA,Northeast
ACB-BR050,2024-05,12735417.23,10753275.56,1.1843,16,1,92112.99,18,22640.74,4.1,0.9773,VA,Northeast
ACB-BR050,2024-06,12568570.59,10753275.56,1.1688,4,7,102152.18,18,22344.13,4.6,0.9927,VA,Northeast
ACB-BR050,2024-07,9743586.78,10753275.56,0.9061,8,14,84917.49,18,17321.93,4.3,0.644,VA,Northeast
ACB-BR050,2024-08,8311143.69,10753275.56,0.7729,5,2,95636.23,18,14775.37,,0.8987,VA,Northeast
ACB-BR050,2024-09,11446025.27,10753275.56,1.0644,2,5,111538.2,18,20348.49,4.9,0.9408,VA,Northeast
ACB-BR050,2024-10,10541487.06,10753275.56,0.9803,15,14,119290.05,18,18740.42,4.1,0.9497,VA,Northeast
ACB-BR050,2024-11,10311300.42,10753275.56,0.9589,12,12,104663.95,18,18331.2,4.4,0.9557,VA,Northeast
ACB-BR050,2024-12,8971905.11,10753275.56,0.8343,13,8,109864.14,18,15950.05,4.3,0.8699,VA,Northeast
ACB-BR050,2025-01,9428215.49,10753275.56,0.8768,5,0,118132.12,18,16761.27,3.7,0.8283,VA,Northeast
ACB-BR050,2025-02,11311437.06,10753275.56,1.0519,9,5,107081.89,18,20109.22,3.8,0.9597,VA,Northeast
ACB-BR050,2025-03,11653252.12,10753275.56,1.0837,9,7,88291.43,18,20716.89,4.1,0.9635,VA,Northeast
ACB-BR050,2025-04,12436506.59,10753275.56,1.1565,1,12,119726.64,18,22109.35,3.8,0.866,VA,Northeast
ACB-BR050,2025-05,10514149.43,10753275.56,0.9778,10,0,104287.27,18,18691.82,4.1,0.9318,VA,Northeast
ACB-BR050,2025-06,12444040.44,10753275.56,1.1572,11,0,89900.97,18,22122.74,4.5,0.9243,VA,Northeast
ACB-BR050,2025-07,9706882.84,10753275.56,0.9027,11,10,83377.66,18,17256.68,4.0,0.8628,VA,Northeast
ACB-BR050,2025-08,11742993.05,10753275.56,1.092,9,19,100599.21,18,20876.43,3.6,0.8732,VA,Northeast
ACB-BR050,2025-09,9348430.87,10753275.56,0.8694,15,15,94947.23,18,16619.43,4.1,0.7532,VA,Northeast
ACB-BR050,2025-10,11165154.73,10753275.56,1.0383,4,18,89719.64,18,19849.16,4.6,0.8343,VA,Northeast
ACB-BR050,2025-11,9403334.51,10753275.56,0.8745,3,1,113870.16,18,16717.04,4.0,0.9533,VA,Northeast
ACB-BR050,2025-12,10198153.61,10753275.56,0.9484,3,0,106487.4,18,18130.05,3.8,0.9751,VA,Northeast
ACB-BR050,2026-01,9454023.04,10753275.56,0.8792,2,14,83144.87,18,16807.15,4.3,0.9022,VA,Northeast
ACB-BR050,2026-02,10298431.63,10753275.56,0.9577,9,6,119296.29,18,18308.32,3.7,0.8836,VA,Northeast
ACB-BR050,2026-03,13526513.77,10753275.56,1.2579,8,13,87308.75,18,24047.14,3.5,0.7818,VA,Northeast
ACB-BR051,2024-04,12118538.42,9922566.07,1.2213,4,21,74522.33,15,25852.88,4.0,0.9719,NC,Southeast
ACB-BR051,2024-05,9588230.52,9922566.07,0.9663,21,18,88580.78,15,20454.89,4.4,0.9745,NC,Southeast
ACB-BR051,2024-06,10068956.8,9922566.07,1.0148,14,27,68449.75,15,21480.44,4.3,0.917,NC,Southeast
ACB-BR051,2024-07,10662009.74,9922566.07,1.0745,12,20,94623.41,15,22745.62,,0.8894,NC,Southeast
ACB-BR051,2024-08,9901094.17,9922566.07,0.9978,16,19,96063.68,15,21122.33,2.9,0.9678,NC,Southeast
ACB-BR051,2024-09,10609934.61,9922566.07,1.0693,7,14,71874.67,15,22634.53,4.1,0.9683,NC,Southeast
ACB-BR051,2024-10,8593812.23,9922566.07,0.8661,8,0,92810.17,15,18333.47,4.1,0.8935,NC,Southeast
ACB-BR051,2024-11,10055269.94,9922566.07,1.0134,9,17,86153.45,15,21451.24,4.6,0.9387,NC,Southeast
ACB-BR051,2024-12,9355715.72,9922566.07,0.9429,14,22,101988.52,15,19958.86,4.1,0.8111,NC,Southeast
ACB-BR051,2025-01,9838533.55,9922566.07,0.9915,15,18,98065.33,15,20988.87,5.0,0.9338,NC,Southeast
ACB-BR051,2025-02,11959334.91,9922566.07,1.2053,9,15,83336.27,15,25513.25,3.7,0.8742,NC,Southeast
ACB-BR051,2025-03,12492384.12,9922566.07,1.259,20,16,88734.71,15,26650.42,3.9,0.9545,NC,Southeast
ACB-BR051,2025-04,9035984.31,9922566.07,0.9106,15,21,81778.35,15,19276.77,3.9,0.9475,NC,Southeast
ACB-BR051,2025-05,9013936.78,9922566.07,0.9084,8,22,79563.1,15,19229.73,,0.8261,NC,Southeast
ACB-BR051,2025-06,8775005.35,9922566.07,0.8843,7,25,75642.99,15,18720.01,4.4,0.9404,NC,Southeast
ACB-BR051,2025-07,10588421.99,9922566.07,1.0671,4,4,63495.58,15,22588.63,3.6,0.834,NC,Southeast
ACB-BR051,2025-08,10544432.27,9922566.07,1.0627,20,25,80663.29,15,22494.79,4.3,0.9144,NC,Southeast
ACB-BR051,2025-09,9815849.18,9922566.07,0.9892,16,11,70533.29,15,20940.48,3.5,0.931,NC,Southeast
ACB-BR051,2025-10,8236820.28,9922566.07,0.8301,11,15,83568.42,15,17571.88,4.4,0.849,NC,Southeast
ACB-BR051,2025-11,9108599.93,9922566.07,0.918,4,20,96918.86,15,19431.68,3.9,0.8969,NC,Southeast
ACB-BR051,2025-12,10073388.06,9922566.07,1.0152,10,9,68522.82,15,21489.89,4.2,0.9646,NC,Southeast
ACB-BR051,2026-01,8970479.34,9922566.07,0.904,10,9,80432.57,15,19137.02,3.9,0.9108,NC,Southeast
ACB-BR051,2026-02,11010746.01,9922566.07,1.1097,10,26,67252.95,15,23489.59,4.7,0.8922,NC,Southeast
ACB-BR051,2026-03,10382502.23,9922566.07,1.0464,13,16,95433.0,15,22149.34,3.8,0.9443,NC,Southeast
ACB-BR052,2024-04,35339876.17,32073775.49,1.1018,28,26,126194.61,24,47119.83,4.7,0.8373,CA,West
ACB-BR052,2024-05,34504465.23,32073775.49,1.0758,28,25,118715.41,24,46005.95,4.0,0.9672,CA,West
ACB-BR052,2024-06,30829695.16,32073775.49,0.9612,26,42,142179.27,24,41106.26,4.3,0.9043,CA,West
ACB-BR052,2024-07,26965075.24,32073775.49,0.8407,28,41,136295.3,24,35953.43,4.1,0.8667,CA,West
ACB-BR052,2024-08,34238473.41,32073775.49,1.0675,20,37,106153.47,24,45651.3,4.3,0.9232,CA,West
ACB-BR052,2024-09,24491307.7,32073775.49,0.7636,25,14,131345.23,24,32655.08,3.8,0.9512,CA,West
ACB-BR052,2024-10,34652601.27,32073775.49,1.0804,18,46,157193.63,24,46203.47,4.5,0.9042,CA,West
ACB-BR052,2024-11,36220959.01,32073775.49,1.1293,28,30,113414.27,24,48294.61,3.6,0.7816,CA,West
ACB-BR052,2024-12,31591837.09,32073775.49,0.985,33,28,155460.46,24,42122.45,4.1,0.9803,CA,West
ACB-BR052,2025-01,32224050.77,32073775.49,1.0047,29,41,109820.0,24,42965.4,4.0,0.9069,CA,West
ACB-BR052,2025-02,35828034.2,32073775.49,1.1171,28,24,141483.67,24,47770.71,4.7,0.9322,CA,West
ACB-BR052,2025-03,31702758.87,32073775.49,0.9884,30,37,163582.04,24,42270.35,4.1,0.8352,CA,West
ACB-BR052,2025-04,28311885.98,32073775.49,0.8827,20,28,118742.24,24,37749.18,,0.9675,CA,West
ACB-BR052,2025-05,31434761.98,32073775.49,0.9801,19,27,153545.76,24,41913.02,3.7,0.8877,CA,West
ACB-BR052,2025-06,33619658.21,32073775.49,1.0482,25,33,134855.02,24,44826.21,3.9,0.8375,CA,West
ACB-BR052,2025-07,34544047.2,32073775.49,1.077,34,30,138707.26,24,46058.73,4.0,0.9039,CA,West
ACB-BR052,2025-08,28604537.39,32073775.49,0.8918,27,39,123341.6,24,38139.38,4.5,0.9196,CA,West
ACB-BR052,2025-09,32916477.79,32073775.49,1.0263,33,24,161495.35,24,43888.64,4.2,0.8688,CA,West
ACB-BR052,2025-10,33082497.76,32073775.49,1.0315,26,39,131567.89,24,44110.0,3.9,0.8279,CA,West
ACB-BR052,2025-11,27943196.74,32073775.49,0.8712,26,33,166724.25,24,37257.6,4.2,0.8732,CA,West
ACB-BR052,2025-12,29934632.36,32073775.49,0.9333,21,38,129983.8,24,39912.84,3.9,0.966,CA,West
ACB-BR052,2026-01,36619369.09,32073775.49,1.1417,36,41,117358.94,24,48825.83,3.5,0.9475,CA,West
ACB-BR052,2026-02,30956112.88,32073775.49,0.9652,22,28,122323.14,24,41274.82,,0.8214,CA,West
ACB-BR052,2026-03,35640713.16,32073775.49,1.1112,36,33,141796.53,24,47520.95,4.2,0.9347,CA,West
ACB-BR053,2024-04,98199903.64,98606439.5,0.9959,4,29,140884.94,27,116385.07,4.2,0.8651,TN,South
ACB-BR053,2024-05,88801858.58,98606439.5,0.9006,4,31,137055.04,27,105246.65,3.6,0.9648,TN,South
ACB-BR053,2024-06,91079053.73,98606439.5,0.9237,4,16,133063.48,27,107945.55,4.0,0.931,TN,South
ACB-BR053,2024-07,89799444.56,98606439.5,0.9107,7,18,152416.76,27,106428.97,3.7,0.9073,TN,South
ACB-BR053,2024-08,97486652.39,98606439.5,0.9886,0,29,128996.8,27,115539.74,3.8,0.8688,TN,South
ACB-BR053,2024-09,103851785.83,98606439.5,1.0532,14,17,148483.93,27,123083.6,4.7,0.8621,TN,South
ACB-BR053,2024-10,88267115.15,98606439.5,0.8951,8,29,137402.34,27,104612.88,4.1,0.9153,TN,South
ACB-BR053,2024-11,105662794.75,98606439.5,1.0716,3,16,128020.99,27,125229.98,3.6,0.883,TN,South
ACB-BR053,2024-12,111394010.04,98606439.5,1.1297,2,26,122503.52,27,132022.53,4.3,0.8313,TN,South
ACB-BR053,2025-01,94981239.14,98606439.5,0.9632,3,12,134483.59,27,112570.36,3.8,0.9392,TN,South
ACB-BR053,2025-02,104446802.33,98606439.5,1.0592,3,25,142237.7,27,123788.8,3.8,0.9247,TN,South
ACB-BR053,2025-03,88301423.52,98606439.5,0.8955,20,16,164918.51,27,104653.54,4.3,0.9244,TN,South
ACB-BR053,2025-04,88556968.21,98606439.5,0.8981,9,29,128846.56,27,104956.41,3.6,0.971,TN,South
ACB-BR053,2025-05,86370296.29,98606439.5,0.8759,7,5,174351.88,27,102364.8,4.0,0.9497,TN,South
ACB-BR053,2025-06,114793705.92,98606439.5,1.1642,12,9,127581.8,27,136051.8,4.0,0.9403,TN,South
ACB-BR053,2025-07,99737012.36,98606439.5,1.0115,3,24,181550.81,27,118206.83,4.9,0.9303,TN,South
ACB-BR053,2025-08,102410408.98,98606439.5,1.0386,5,11,165218.79,27,121375.3,4.4,0.8925,TN,South
ACB-BR053,2025-09,97948268.92,98606439.5,0.9933,0,22,119157.02,27,116086.84,4.5,0.909,TN,South
ACB-BR053,2025-10,86611638.41,98606439.5,0.8784,6,13,146749.62,27,102650.83,4.2,0.918,TN,South
ACB-BR053,2025-11,87098320.31,98606439.5,0.8833,0,17,173866.1,27,103227.64,4.5,0.9265,TN,South
ACB-BR053,2025-12,112450090.1,98606439.5,1.1404,6,23,137116.65,27,133274.18,4.9,0.9604,TN,South
ACB-BR053,2026-01,90653635.51,98606439.5,0.9193,5,17,157831.04,27,107441.35,4.6,0.9103,TN,South
ACB-BR053,2026-02,91794209.83,98606439.5,0.9309,15,16,144198.88,27,108793.14,4.0,0.9272,TN,South
ACB-BR053,2026-03,98293630.71,98606439.5,0.9968,17,30,150991.8,27,116496.15,4.0,0.9245,TN,South
ACB-BR054,2024-04,10648185.85,11550278.99,0.9219,13,20,190138.14,38,8966.89,4.0,0.9742,IL,Midwest
ACB-BR054,2024-05,10272752.08,11550278.99,0.8894,8,11,176138.91,38,8650.74,4.7,0.7574,IL,Midwest
ACB-BR054,2024-06,9506239.9,11550278.99,0.823,11,0,207407.5,38,8005.25,4.4,0.9717,IL,Midwest
ACB-BR054,2024-07,9155369.07,11550278.99,0.7927,12,13,188374.95,38,7709.78,4.3,0.9438,IL,Midwest
ACB-BR054,2024-08,9725827.25,11550278.99,0.842,14,17,187703.65,38,8190.17,3.9,0.962,IL,Midwest
ACB-BR054,2024-09,10153284.26,11550278.99,0.8791,8,0,190595.62,38,8550.13,4.1,0.9028,IL,Midwest
ACB-BR054,2024-10,10094450.04,11550278.99,0.874,9,0,174595.7,38,8500.59,4.2,0.9465,IL,Midwest
ACB-BR054,2024-11,10125353.5,11550278.99,0.8766,19,30,222413.75,38,8526.61,4.1,0.6991,IL,Midwest
ACB-BR054,2024-12,12132362.32,11550278.99,1.0504,22,15,201418.15,38,10216.73,,0.8768,IL,Midwest
ACB-BR054,2025-01,11425440.8,11550278.99,0.9892,6,18,228092.99,38,9621.42,4.0,0.8083,IL,Midwest
ACB-BR054,2025-02,11455708.01,11550278.99,0.9918,15,14,231948.63,38,9646.91,4.5,0.9685,IL,Midwest
ACB-BR054,2025-03,12313461.78,11550278.99,1.0661,16,30,202875.53,38,10369.23,4.6,0.7935,IL,Midwest
ACB-BR054,2025-04,10884220.07,11550278.99,0.9423,8,9,197667.15,38,9165.66,4.5,0.9211,IL,Midwest
ACB-BR054,2025-05,12172751.69,11550278.99,1.0539,5,4,235642.2,38,10250.74,4.4,0.9429,IL,Midwest
ACB-BR054,2025-06,9578737.86,11550278.99,0.8293,15,25,212699.94,38,8066.31,4.6,0.7461,IL,Midwest
ACB-BR054,2025-07,12495680.71,11550278.99,1.0819,10,22,254530.7,38,10522.68,3.7,0.9675,IL,Midwest
ACB-BR054,2025-08,9851159.28,11550278.99,0.8529,16,20,245712.4,38,8295.71,4.1,0.9689,IL,Midwest
ACB-BR054,2025-09,9340488.68,11550278.99,0.8087,16,16,222673.77,38,7865.67,4.5,0.8413,IL,Midwest
ACB-BR054,2025-10,11855184.99,11550278.99,1.0264,12,21,202275.58,38,9983.31,4.1,0.8103,IL,Midwest
ACB-BR054,2025-11,12346499.5,11550278.99,1.0689,4,19,185387.21,38,10397.05,3.7,0.9044,IL,Midwest
ACB-BR054,2025-12,9538143.57,11550278.99,0.8258,14,17,166562.58,38,8032.12,4.5,0.88,IL,Midwest
ACB-BR054,2026-01,10878347.58,11550278.99,0.9418,13,5,187416.25,38,9160.71,4.2,0.9421,IL,Midwest
ACB-BR054,2026-02,10478744.05,11550278.99,0.9072,12,22,257185.6,38,8824.21,4.8,0.9706,IL,Midwest
ACB-BR054,2026-03,10908594.7,11550278.99,0.9444,6,13,167986.74,38,9186.19,,0.7965,IL,Midwest
ACB-BR055,2024-04,99095669.42,103754046.43,0.9551,5,2,68987.91,11,288278.31,3.8,0.9722,GA,Southeast
ACB-BR055,2024-05,93172877.13,103754046.43,0.898,0,14,74738.23,11,271048.37,3.3,0.8773,GA,Southeast
ACB-BR055,2024-06,86196691.83,103754046.43,0.8308,14,10,52817.65,11,250754.01,4.1,0.9122,GA,Southeast
ACB-BR055,2024-07,115745511.41,103754046.43,1.1156,2,18,67876.11,11,336714.22,4.0,0.8976,GA,Southeast
ACB-BR055,2024-08,94751677.8,103754046.43,0.9132,0,30,61180.57,11,275641.24,4.0,0.8258,GA,Southeast
ACB-BR055,2024-09,89763998.9,103754046.43,0.8652,4,24,49023.34,11,261131.63,4.0,0.971,GA,Southeast
ACB-BR055,2024-10,100763360.46,103754046.43,0.9712,2,20,69188.43,11,293129.78,3.8,0.9319,GA,Southeast
ACB-BR055,2024-11,85643194.62,103754046.43,0.8254,6,27,59496.54,11,249143.84,4.9,0.9816,GA,Southeast
ACB-BR055,2024-12,119588251.22,103754046.43,1.1526,10,11,61365.06,11,347893.09,3.7,0.9261,GA,Southeast
ACB-BR055,2025-01,104952894.81,103754046.43,1.0116,9,6,65330.1,11,305317.51,4.3,0.8601,GA,Southeast
ACB-BR055,2025-02,128648776.59,103754046.43,1.2399,6,21,64886.74,11,374250.99,3.9,0.9324,GA,Southeast
ACB-BR055,2025-03,91889968.5,103754046.43,0.8857,5,20,53681.81,11,267316.27,4.1,0.9616,GA,Southeast
ACB-BR055,2025-04,98896924.66,103754046.43,0.9532,8,25,70479.58,11,287700.14,4.4,0.8373,GA,Southeast
ACB-BR055,2025-05,113225258.13,103754046.43,1.0913,4,7,66308.62,11,329382.57,4.2,0.8446,GA,Southeast
ACB-BR055,2025-06,87459010.61,103754046.43,0.8429,8,17,56520.27,11,254426.21,4.5,0.9728,GA,Southeast
ACB-BR055,2025-07,111354460.61,103754046.43,1.0733,6,18,56227.83,11,323940.25,4.4,0.7831,GA,Southeast
ACB-BR055,2025-08,98597735.12,103754046.43,0.9503,2,23,67320.46,11,286829.77,4.0,0.8281,GA,Southeast
ACB-BR055,2025-09,80870469.55,103754046.43,0.7794,13,21,57988.47,11,235259.55,4.4,0.9843,GA,Southeast
ACB-BR055,2025-10,103032596.15,103754046.43,0.993,0,28,68234.73,11,299731.19,3.3,0.9937,GA,Southeast
ACB-BR055,2025-11,113238460.35,103754046.43,1.0914,6,12,55208.48,11,329420.98,4.2,0.94,GA,Southeast
ACB-BR055,2025-12,114039537.91,103754046.43,1.0991,3,21,58322.37,11,331751.38,3.1,0.82,GA,Southeast
ACB-BR055,2026-01,95816617.91,103754046.43,0.9235,3,26,72655.68,11,278739.25,3.8,0.9753,GA,Southeast
ACB-BR055,2026-02,116645403.58,103754046.43,1.1242,0,14,60954.55,11,339332.08,3.3,0.9602,GA,Southeast
ACB-BR055,2026-03,123008122.66,103754046.43,1.1856,1,10,55891.79,11,357841.81,3.1,0.8662,GA,Southeast
ACB-BR056,2024-04,28553496.35,26777669.45,1.0663,22,38,110424.59,19,48090.1,4.6,0.9704,TX,South
ACB-BR056,2024-05,25788621.45,26777669.45,0.9631,34,50,84517.25,19,43433.47,3.4,0.9044,TX,South
ACB-BR056,2024-06,29846764.93,26777669.45,1.1146,29,47,101710.91,19,50268.24,3.8,0.9589,TX,South
ACB-BR056,2024-07,30333204.09,26777669.45,1.1328,22,28,105850.32,19,51087.5,4.3,0.9917,TX,South
ACB-BR056,2024-08,29323611.85,26777669.45,1.0951,20,31,93605.73,19,49387.14,4.0,0.9546,TX,South
ACB-BR056,2024-09,26322806.84,26777669.45,0.983,24,22,117590.66,19,44333.15,4.7,0.9362,TX,South
ACB-BR056,2024-10,20733859.42,26777669.45,0.7743,25,27,107643.56,19,34920.18,4.1,0.7665,TX,South
ACB-BR056,2024-11,21524110.11,26777669.45,0.8038,32,36,90337.63,19,36251.13,4.2,0.8497,TX,South
ACB-BR056,2024-12,29747535.29,26777669.45,1.1109,26,24,107072.81,19,50101.11,4.2,0.7673,TX,South
ACB-BR056,2025-01,30951073.37,26777669.45,1.1559,17,26,88900.71,19,52128.12,4.2,0.8822,TX,South
ACB-BR056,2025-02,24018849.04,26777669.45,0.897,27,43,109839.02,19,40452.8,3.7,0.9116,TX,South
ACB-BR056,2025-03,24067451.76,26777669.45,0.8988,32,37,85724.86,19,40534.66,4.2,0.8784,TX,South
ACB-BR056,2025-04,27796154.25,26777669.45,1.038,27,41,85896.57,19,46814.58,4.6,0.7258,TX,South
ACB-BR056,2025-05,25059570.4,26777669.45,0.9358,21,28,111609.7,19,42205.59,4.1,0.9338,TX,South
ACB-BR056,2025-06,24427028.11,26777669.45,0.9122,37,31,109148.22,19,41140.26,4.6,0.8103,TX,South
ACB-BR056,2025-07,23243050.82,26777669.45,0.868,29,47,87470.17,19,39146.19,3.6,0.9441,TX,South
ACB-BR056,2025-08,21668417.09,26777669.45,0.8092,27,46,103835.77,19,36494.18,4.0,0.9018,TX,South
ACB-BR056,2025-09,26113712.31,26777669.45,0.9752,23,21,98116.13,19,43980.99,3.9,0.9223,TX,South
ACB-BR056,2025-10,21106462.49,26777669.45,0.7882,26,19,101578.14,19,35547.73,4.3,0.9381,TX,South
ACB-BR056,2025-11,21543550.16,26777669.45,0.8045,28,33,100009.15,19,36283.87,4.4,0.9962,TX,South
ACB-BR056,2025-12,29350799.99,26777669.45,1.0961,30,44,91037.23,19,49432.93,4.1,0.9202,TX,South
ACB-BR056,2026-01,22942239.28,26777669.45,0.8568,33,37,111286.12,19,38639.56,4.3,0.9151,TX,South
ACB-BR056,2026-02,31782780.35,26777669.45,1.1869,29,34,95084.33,19,53528.89,2.9,0.9762,TX,South
ACB-BR056,2026-03,28265098.33,26777669.45,1.0555,30,36,102134.89,19,47604.38,4.4,0.889,TX,South
ACB-BR057,2024-04,47746957.07,40302672.64,1.1847,33,19,173166.21,30,50930.09,4.0,0.8966,NC,Southeast
ACB-BR057,2024-05,43826784.01,40302672.64,1.0874,32,33,173506.3,30,46748.57,4.7,0.9252,NC,Southeast
ACB-BR057,2024-06,44981798.65,40302672.64,1.1161,23,42,142660.73,30,47980.59,4.1,0.8037,NC,Southeast
ACB-BR057,2024-07,44793346.3,40302672.64,1.1114,33,43,168037.07,30,47779.57,4.4,0.9179,NC,Southeast
ACB-BR057,2024-08,31379795.24,40302672.64,0.7786,26,35,161884.19,30,33471.78,4.3,0.916,NC,Southeast
ACB-BR057,2024-09,31921637.27,40302672.64,0.792,21,50,173373.19,30,34049.75,4.4,0.9129,NC,Southeast
ACB-BR057,2024-10,39456180.09,40302672.64,0.979,24,20,142446.93,30,42086.59,4.3,0.9581,NC,Southeast
ACB-BR057,2024-11,36288214.66,40302672.64,0.9004,32,39,158503.7,30,38707.43,3.6,0.9142,NC,Southeast
ACB-BR057,2024-12,40488920.67,40302672.64,1.0046,29,45,163822.42,30,43188.18,4.5,0.8616,NC,Southeast
ACB-BR057,2025-01,45608453.38,40302672.64,1.1316,26,45,136587.66,30,48649.02,3.7,0.8415,NC,Southeast
ACB-BR057,2025-02,46198315.15,40302672.64,1.1463,31,28,135641.1,30,49278.2,3.8,0.8633,NC,Southeast
ACB-BR057,2025-03,36331897.72,40302672.64,0.9015,33,32,162083.39,30,38754.02,4.4,0.8704,NC,Southeast
ACB-BR057,2025-04,43491047.63,40302672.64,1.0791,22,42,147693.13,30,46390.45,4.6,0.9201,NC,Southeast
ACB-BR057,2025-05,47179138.1,40302672.64,1.1706,27,37,171163.77,30,50324.41,3.9,0.859,NC,Southeast
ACB-BR057,2025-06,39614548.85,40302672.64,0.9829,22,52,170593.63,30,42255.52,4.3,0.9364,NC,Southeast
ACB-BR057,2025-07,41876917.9,40302672.64,1.0391,29,38,195665.11,30,44668.71,4.5,0.9364,NC,Southeast
ACB-BR057,2025-08,42019616.02,40302672.64,1.0426,24,38,154533.44,30,44820.92,4.5,0.8322,NC,Southeast
ACB-BR057,2025-09,32642886.91,40302672.64,0.8099,21,47,202667.54,30,34819.08,5.0,0.9271,NC,Southeast
ACB-BR057,2025-10,35722003.85,40302672.64,0.8863,21,40,165401.5,30,38103.47,4.1,0.8844,NC,Southeast
ACB-BR057,2025-11,45151409.89,40302672.64,1.1203,21,35,145553.42,30,48161.5,4.0,0.9524,NC,Southeast
ACB-BR057,2025-12,42158785.11,40302672.64,1.0461,34,33,153863.42,30,44969.37,4.2,0.9292,NC,Southeast
ACB-BR057,2026-01,40138309.03,40302672.64,0.9959,35,20,140405.59,30,42814.2,3.6,0.6729,NC,Southeast
ACB-BR057,2026-02,36185879.01,40302672.64,0.8979,38,29,138713.98,30,38598.27,4.4,0.8111,NC,Southeast
ACB-BR057,2026-03,41777023.03,40302672.64,1.0366,21,37,169022.83,30,44562.16,4.0,0.9172,NC,Southeast
ACB-BR058,2024-04,8407582.43,8011348.62,1.0495,14,0,127712.32,21,12811.55,4.8,0.9562,AZ,West
ACB-BR058,2024-05,8794361.61,8011348.62,1.0977,5,12,92389.78,21,13400.93,4.5,0.926,AZ,West
ACB-BR058,2024-06,8738606.03,8011348.62,1.0908,7,8,136494.36,21,13315.97,4.0,0.8289,AZ,West
ACB-BR058,2024-07,8913574.98,8011348.62,1.1126,16,11,109813.65,21,13582.59,3.8,0.7696,AZ,West
ACB-BR058,2024-08,6603659.06,8011348.62,0.8243,4,0,93675.16,21,10062.72,4.5,0.7837,AZ,West
ACB-BR058,2024-09,7164904.79,8011348.62,0.8943,13,14,98005.21,21,10917.95,3.7,0.9082,AZ,West
ACB-BR058,2024-10,6729429.77,8011348.62,0.84,17,20,126551.42,21,10254.37,4.0,0.8867,AZ,West
ACB-BR058,2024-11,6692849.26,8011348.62,0.8354,12,2,120975.45,21,10198.63,4.5,0.748,AZ,West
ACB-BR058,2024-12,8285648.91,8011348.62,1.0342,5,5,119455.9,21,12625.75,3.8,0.9579,AZ,West
ACB-BR058,2025-01,7475314.91,8011348.62,0.9331,9,2,118172.04,21,11390.96,3.7,0.877,AZ,West
ACB-BR058,2025-02,7437487.79,8011348.62,0.9284,11,26,121123.36,21,11333.31,3.4,0.9078,AZ,West
ACB-BR058,2025-03,8149704.83,8011348.62,1.0173,20,9,116954.32,21,12418.6,,0.83,AZ,West
ACB-BR058,2025-04,8812885.5,8011348.62,1.1001,6,6,108690.28,21,13429.16,4.7,0.9487,AZ,West
ACB-BR058,2025-05,7135887.5,8011348.62,0.8907,6,17,102432.09,21,10873.73,3.9,0.7886,AZ,West
ACB-BR058,2025-06,7760216.69,8011348.62,0.9687,9,1,127782.01,21,11825.09,4.2,0.8814,AZ,West
ACB-BR058,2025-07,8178858.63,8011348.62,1.0209,10,13,98479.65,21,12463.02,,0.8322,AZ,West
ACB-BR058,2025-08,8495976.24,8011348.62,1.0605,6,7,109131.25,21,12946.25,4.1,0.9543,AZ,West
ACB-BR058,2025-09,7766091.03,8011348.62,0.9694,9,4,107795.46,21,11834.04,4.4,0.8244,AZ,West
ACB-BR058,2025-10,7889526.19,8011348.62,0.9848,4,2,96228.65,21,12022.14,4.0,0.9565,AZ,West
ACB-BR058,2025-11,7665481.32,8011348.62,0.9568,5,8,110995.26,21,11680.73,4.1,0.9222,AZ,West
ACB-BR058,2025-12,7335145.23,8011348.62,0.9156,15,7,106192.36,21,11177.36,4.1,0.9544,AZ,West
ACB-BR058,2026-01,8812646.22,8011348.62,1.1,15,6,116926.22,21,13428.79,3.8,0.8757,AZ,West
ACB-BR058,2026-02,9225033.99,8011348.62,1.1515,0,0,104071.05,21,14057.19,5.0,0.9437,AZ,West
ACB-BR058,2026-03,8446140.24,8011348.62,1.0543,0,2,110210.95,21,12870.31,4.8,0.8407,AZ,West
ACB-BR059,2024-04,9190375.58,9354642.99,0.9824,14,16,178502.09,33,8911.88,4.1,0.9165,IL,Midwest
ACB-BR059,2024-05,9221622.65,9354642.99,0.9858,14,29,188911.24,33,8942.18,4.3,0.8503,IL,Midwest
ACB-BR059,2024-06,10375012.99,9354642.99,1.1091,20,11,175557.53,33,10060.62,4.1,0.9259,IL,Midwest
ACB-BR059,2024-07,8481403.93,9354642.99,0.9067,3,11,204863.58,33,8224.39,4.1,0.9804,IL,Midwest
ACB-BR059,2024-08,8977927.06,9354642.99,0.9597,16,9,187243.94,33,8705.87,4.4,0.979,IL,Midwest
ACB-BR059,2024-09,9921056.17,9354642.99,1.0605,11,14,157343.07,33,9620.42,4.5,0.9042,IL,Midwest
ACB-BR059,2024-10,7444011.91,9354642.99,0.7958,10,25,148430.12,33,7218.44,4.1,0.9811,IL,Midwest
ACB-BR059,2024-11,8015796.32,9354642.99,0.8569,27,7,227246.76,33,7772.89,4.5,0.8292,IL,Midwest
ACB-BR059,2024-12,9270924.32,9354642.99,0.9911,8,20,192242.0,33,8989.99,3.7,0.9657,IL,Midwest
ACB-BR059,2025-01,9479931.53,9354642.99,1.0134,16,21,231888.75,33,9192.66,4.1,0.8442,IL,Midwest
ACB-BR059,2025-02,9355355.04,9354642.99,1.0001,16,11,154224.75,33,9071.86,3.7,0.8818,IL,Midwest
ACB-BR059,2025-03,11108617.16,9354642.99,1.1875,11,30,166889.53,33,10771.99,4.2,0.8348,IL,Midwest
ACB-BR059,2025-04,9899421.48,9354642.99,1.0582,11,7,205133.91,33,9599.44,3.9,0.9875,IL,Midwest
ACB-BR059,2025-05,9924005.75,9354642.99,1.0609,5,15,170027.1,33,9623.28,4.1,0.9648,IL,Midwest
ACB-BR059,2025-06,8711943.79,9354642.99,0.9313,17,11,165870.81,33,8447.95,4.0,0.9119,IL,Midwest
ACB-BR059,2025-07,10556500.19,9354642.99,1.1285,10,11,155308.31,33,10236.61,3.3,0.8676,IL,Midwest
ACB-BR059,2025-08,9434789.78,9354642.99,1.0086,14,4,161362.38,33,9148.89,3.8,0.8843,IL,Midwest
ACB-BR059,2025-09,9663024.07,9354642.99,1.033,6,6,199525.16,33,9370.21,3.8,0.9451,IL,Midwest
ACB-BR059,2025-10,8425581.18,9354642.99,0.9007,9,37,187894.56,33,8170.26,4.1,0.9055,IL,Midwest
ACB-BR059,2025-11,9962591.06,9354642.99,1.065,8,27,212288.64,33,9660.69,4.0,0.8982,IL,Midwest
ACB-BR059,2025-12,7857009.75,9354642.99,0.8399,14,2,170356.87,33,7618.92,4.1,0.6831,IL,Midwest
ACB-BR059,2026-01,11225456.39,9354642.99,1.2,16,18,159536.29,33,10885.29,,0.9029,IL,Midwest
ACB-BR059,2026-02,9102331.63,9354642.99,0.973,2,9,161276.52,33,8826.5,4.4,0.8718,IL,Midwest
ACB-BR059,2026-03,9342632.52,9354642.99,0.9987,1,7,140201.32,33,9059.52,4.8,0.9003,IL,Midwest
ACB-BR060,2024-04,38437919.84,34960207.3,1.0995,25,31,238862.97,39,31538.81,3.8,0.9795,TX,South
ACB-BR060,2024-05,37290160.62,34960207.3,1.0666,24,44,178619.36,39,30597.05,4.6,0.9964,TX,South
ACB-BR060,2024-06,39351008.67,34960207.3,1.1256,32,39,232585.73,39,32288.01,4.8,0.9499,TX,South
ACB-BR060,2024-07,30572410.66,34960207.3,0.8745,28,39,248063.55,39,25085.05,3.4,0.8785,TX,South
ACB-BR060,2024-08,28990387.35,34960207.3,0.8292,35,39,190984.43,39,23786.98,,0.8541,TX,South
ACB-BR060,2024-09,32707276.12,34960207.3,0.9356,32,33,234718.38,39,26836.74,3.6,0.9398,TX,South
ACB-BR060,2024-10,26991429.15,34960207.3,0.7721,18,44,238749.06,39,22146.81,3.8,0.9477,TX,South
ACB-BR060,2024-11,28289270.63,34960207.3,0.8092,31,29,189785.78,39,23211.71,4.3,0.8886,TX,South
ACB-BR060,2024-12,30633145.42,34960207.3,0.8762,25,38,186488.84,39,25134.89,4.2,0.9295,TX,South
ACB-BR060,2025-01,41821914.58,34960207.3,1.1963,20,33,220015.25,39,34315.42,4.0,0.9003,TX,South
ACB-BR060,2025-02,43683816.39,34960207.3,1.2495,28,39,179276.29,39,35843.13,4.0,0.8993,TX,South
ACB-BR060,2025-03,31666389.37,34960207.3,0.9058,26,38,249254.7,39,25982.68,3.6,0.8055,TX,South
ACB-BR060,2025-04,42828594.11,34960207.3,1.2251,27,32,187111.49,39,35141.41,4.3,0.9982,TX,South
ACB-BR060,2025-05,39651613.98,34960207.3,1.1342,29,37,223007.87,39,32534.66,3.8,0.9797,TX,South
ACB-BR060,2025-06,35378551.92,34960207.3,1.012,22,28,198555.46,39,29028.56,3.8,0.9339,TX,South
ACB-BR060,2025-07,32571200.28,34960207.3,0.9317,19,31,215950.12,39,26725.09,4.1,0.9303,TX,South
ACB-BR060,2025-08,32030001.76,34960207.3,0.9162,31,33,258622.22,39,26281.03,4.1,0.954,TX,South
ACB-BR060,2025-09,32375413.28,34960207.3,0.9261,20,33,233062.69,39,26564.44,4.6,0.9173,TX,South
ACB-BR060,2025-10,31070384.37,34960207.3,0.8887,34,31,188968.77,39,25493.65,4.5,0.9607,TX,South
ACB-BR060,2025-11,39399305.78,34960207.3,1.127,24,30,217258.31,39,32327.64,4.1,0.9364,TX,South
ACB-BR060,2025-12,38814568.44,34960207.3,1.1102,21,29,203442.95,39,31847.85,3.9,0.9619,TX,South
ACB-BR060,2026-01,38758071.77,34960207.3,1.1086,27,32,269996.89,39,31801.49,4.4,0.7103,TX,South
ACB-BR060,2026-02,34355845.54,34960207.3,0.9827,20,25,250059.04,39,28189.41,4.4,0.9015,TX,South
ACB-BR060,2026-03,32319483.18,34960207.3,0.9245,26,39,174209.48,39,26518.55,4.1,0.9233,TX,South
ACB-BR061,2024-04,43283385.28,38984771.28,1.1103,20,39,143042.24,28,49466.73,4.8,0.8649,FL,Southeast
ACB-BR061,2024-05,42349366.27,38984771.28,1.0863,29,32,178250.41,28,48399.28,3.8,0.7464,FL,Southeast
ACB-BR061,2024-06,36705373.42,38984771.28,0.9415,20,37,120953.16,28,41949.0,4.5,0.9459,FL,Southeast
ACB-BR061,2024-07,32631970.59,38984771.28,0.837,34,31,168853.99,28,37293.68,,0.8598,FL,Southeast
ACB-BR061,2024-08,34910736.74,38984771.28,0.8955,36,23,127488.52,28,39897.98,3.9,0.8201,FL,Southeast
ACB-BR061,2024-09,32000100.98,38984771.28,0.8208,28,45,180769.47,28,36571.54,4.2,0.8158,FL,Southeast
ACB-BR061,2024-10,31435423.94,38984771.28,0.8064,32,39,141039.08,28,35926.2,3.7,0.787,FL,Southeast
ACB-BR061,2024-11,44128298.6,38984771.28,1.1319,29,26,132000.07,28,50432.34,3.8,0.977,FL,Southeast
ACB-BR061,2024-12,38306945.33,38984771.28,0.9826,30,30,121364.89,28,43779.37,3.2,0.8328,FL,Southeast
ACB-BR061,2025-01,35521129.77,38984771.28,0.9112,30,39,155355.57,28,40595.58,,0.9777,FL,Southeast
ACB-BR061,2025-02,35485931.35,38984771.28,0.9103,24,36,162406.22,28,40555.35,4.5,0.8901,FL,Southeast
ACB-BR061,2025-03,40789388.15,38984771.28,1.0463,30,22,150591.35,28,46616.44,4.5,0.936,FL,Southeast
ACB-BR061,2025-04,48614565.55,38984771.28,1.247,36,21,121611.13,28,55559.5,4.0,0.9205,FL,Southeast
ACB-BR061,2025-05,47562132.87,38984771.28,1.22,32,37,132226.68,28,54356.72,4.0,0.9668,FL,Southeast
ACB-BR061,2025-06,37401663.86,38984771.28,0.9594,32,29,134540.27,28,42744.76,4.4,0.901,FL,Southeast
ACB-BR061,2025-07,38682145.59,38984771.28,0.9922,21,42,163316.64,28,44208.17,4.2,0.9581,FL,Southeast
ACB-BR061,2025-08,38899769.48,38984771.28,0.9978,25,52,118490.85,28,44456.88,4.7,0.8475,FL,Southeast
ACB-BR061,2025-09,39616937.62,38984771.28,1.0162,31,47,168096.82,28,45276.5,3.7,0.9129,FL,Southeast
ACB-BR061,2025-10,41280703.98,38984771.28,1.0589,25,42,175136.89,28,47177.95,3.3,0.9666,FL,Southeast
ACB-BR061,2025-11,34830396.59,38984771.28,0.8934,36,37,177857.11,28,39806.17,4.5,0.9058,FL,Southeast
ACB-BR061,2025-12,35504266.51,38984771.28,0.9107,33,32,165758.64,28,40576.3,4.4,0.9195,FL,Southeast
ACB-BR061,2026-01,41825628.51,38984771.28,1.0729,28,30,144908.9,28,47800.72,4.0,0.8059,FL,Southeast
ACB-BR061,2026-02,35849334.49,38984771.28,0.9196,32,28,137466.56,28,40970.67,3.7,0.9922,FL,Southeast
ACB-BR061,2026-03,38350805.61,38984771.28,0.9837,33,34,133770.95,28,43829.49,4.0,0.957,FL,Southeast
ACB-BR062,2024-04,95194071.22,88020648.69,1.0815,10,20,160253.67,34,89594.42,4.3,0.9792,TX,South
ACB-BR062,2024-05,81772941.28,88020648.69,0.929,10,22,159838.16,34,76962.77,4.2,0.767,TX,South
ACB-BR062,2024-06,94879020.84,88020648.69,1.0779,4,14,204525.62,34,89297.9,4.1,0.868,TX,South
ACB-BR062,2024-07,95301891.35,88020648.69,1.0827,2,26,209364.8,34,89695.9,3.9,0.8634,TX,South
ACB-BR062,2024-08,87431654.5,88020648.69,0.9933,5,32,188410.72,34,82288.62,4.1,0.9261,TX,South
ACB-BR062,2024-09,78566842.79,88020648.69,0.8926,6,23,192560.44,34,73945.26,3.5,0.8725,TX,South
ACB-BR062,2024-10,92687179.2,88020648.69,1.053,3,28,195350.71,34,87234.99,,0.9472,TX,South
ACB-BR062,2024-11,75348671.47,88020648.69,0.856,7,16,212223.52,34,70916.4,3.7,0.9609,TX,South
ACB-BR062,2024-12,75601328.0,88020648.69,0.8589,3,20,166049.77,34,71154.19,4.1,0.8666,TX,South
ACB-BR062,2025-01,106061957.53,88020648.69,1.205,5,6,178814.4,34,99823.02,3.6,0.9264,TX,South
ACB-BR062,2025-02,81849150.73,88020648.69,0.9299,3,34,172602.54,34,77034.49,3.6,0.9549,TX,South
ACB-BR062,2025-03,99525763.69,88020648.69,1.1307,6,19,230451.83,34,93671.31,3.8,0.8855,TX,South
ACB-BR062,2025-04,110279388.34,88020648.69,1.2529,16,3,181379.14,34,103792.37,5.0,0.9038,TX,South
ACB-BR062,2025-05,102683007.46,88020648.69,1.1666,8,32,178124.28,34,96642.83,4.1,0.8936,TX,South
ACB-BR062,2025-06,101374645.99,88020648.69,1.1517,3,18,235546.3,34,95411.43,4.2,0.8994,TX,South
ACB-BR062,2025-07,90697528.42,88020648.69,1.0304,5,14,143199.39,34,85362.38,4.0,0.8639,TX,South
ACB-BR062,2025-08,70434789.43,88020648.69,0.8002,0,27,190978.17,34,66291.57,3.7,0.8493,TX,South
ACB-BR062,2025-09,77844399.3,88020648.69,0.8844,6,18,174699.11,34,73265.32,3.9,0.9337,TX,South
ACB-BR062,2025-10,95750295.89,88020648.69,1.0878,0,3,161319.15,34,90117.93,,0.8014,TX,South
ACB-BR062,2025-11,95534814.11,88020648.69,1.0854,0,23,221139.46,34,89915.12,3.3,0.9865,TX,South
ACB-BR062,2025-12,77102362.36,88020648.69,0.876,1,20,159794.88,34,72566.93,4.9,0.978,TX,South
ACB-BR062,2026-01,76903624.19,88020648.69,0.8737,8,27,141907.88,34,72379.88,3.6,0.873,TX,South
ACB-BR062,2026-02,90654665.24,88020648.69,1.0299,3,25,177539.32,34,85322.04,3.7,0.9758,TX,South
ACB-BR062,2026-03,78783150.01,88020648.69,0.8951,5,11,216952.51,34,74148.85,4.2,0.9553,TX,South
ACB-BR063,2024-04,9898111.12,8943011.9,1.1068,11,14,222838.07,39,8121.53,3.9,0.9799,NY,Northeast
ACB-BR063,2024-05,9840004.55,8943011.9,1.1003,13,33,246005.42,39,8073.85,4.2,0.8906,NY,Northeast
ACB-BR063,2024-06,10216379.74,8943011.9,1.1424,11,18,192735.98,39,8382.67,4.2,0.8375,NY,Northeast
ACB-BR063,2024-07,8969694.3,8943011.9,1.003,9,14,264641.22,39,7359.75,3.8,0.9315,NY,Northeast
ACB-BR063,2024-08,8174980.82,8943011.9,0.9141,18,17,210167.07,39,6707.68,4.3,0.9449,NY,Northeast
ACB-BR063,2024-09,9082851.65,8943011.9,1.0156,5,15,187478.93,39,7452.6,4.5,0.9294,NY,Northeast
ACB-BR063,2024-10,9736745.25,8943011.9,1.0888,9,21,214747.52,39,7989.12,3.8,0.8249,NY,Northeast
ACB-BR063,2024-11,7518215.35,8943011.9,0.8407,14,10,186543.71,39,6168.79,4.4,0.9243,NY,Northeast
ACB-BR063,2024-12,9265355.13,8943011.9,1.036,23,3,223879.54,39,7602.34,3.8,0.9484,NY,Northeast
ACB-BR063,2025-01,7677872.3,8943011.9,0.8585,17,6,240933.98,39,6299.79,3.6,0.937,NY,Northeast
ACB-BR063,2025-02,9628689.83,8943011.9,1.0767,20,8,245798.7,39,7900.46,4.3,0.9608,NY,Northeast
ACB-BR063,2025-03,9040507.77,8943011.9,1.0109,16,13,184865.3,39,7417.85,4.3,0.9136,NY,Northeast
ACB-BR063,2025-04,9271698.6,8943011.9,1.0368,10,28,199750.49,39,7607.55,4.9,0.8636,NY,Northeast
ACB-BR063,2025-05,7676155.86,8943011.9,0.8583,9,9,226366.29,39,6298.38,4.2,0.8306,NY,Northeast
ACB-BR063,2025-06,10246740.32,8943011.9,1.1458,4,15,206153.83,39,8407.58,3.7,0.9587,NY,Northeast
ACB-BR063,2025-07,10018435.71,8943011.9,1.1203,18,23,220974.94,39,8220.25,,0.8977,NY,Northeast
ACB-BR063,2025-08,7847166.53,8943011.9,0.8775,4,25,232464.6,39,6438.7,,0.8356,NY,Northeast
ACB-BR063,2025-09,9379079.04,8943011.9,1.0488,4,14,222229.14,39,7695.65,4.6,0.9853,NY,Northeast
ACB-BR063,2025-10,8310405.2,8943011.9,0.9293,15,12,206993.45,39,6818.79,3.7,0.9215,NY,Northeast
ACB-BR063,2025-11,7689552.98,8943011.9,0.8598,9,11,178431.59,39,6309.38,3.9,0.9267,NY,Northeast
ACB-BR063,2025-12,10207470.62,8943011.9,1.1414,11,15,218986.97,39,8375.36,4.0,0.9207,NY,Northeast
ACB-BR063,2026-01,10767271.83,8943011.9,1.204,16,23,242814.1,39,8834.68,4.4,0.9734,NY,Northeast
ACB-BR063,2026-02,9987043.85,8943011.9,1.1167,13,28,197246.2,39,8194.5,4.3,0.9479,NY,Northeast
ACB-BR063,2026-03,10655391.72,8943011.9,1.1915,4,30,229052.1,39,8742.89,4.4,0.9486,NY,Northeast
ACB-BR064,2024-04,9723893.73,8905178.21,1.0919,0,7,138899.89,30,10372.15,3.0,0.7149,GA,Southeast
ACB-BR064,2024-05,8616380.29,8905178.21,0.9676,16,16,174895.36,30,9190.81,3.6,0.9619,GA,Southeast
ACB-BR064,2024-06,10353299.08,8905178.21,1.1626,11,18,145524.49,30,11043.52,4.4,0.8987,GA,Southeast
ACB-BR064,2024-07,8424703.76,8905178.21,0.946,10,19,185629.2,30,8986.35,4.1,0.878,GA,Southeast
ACB-BR064,2024-08,8011296.76,8905178.21,0.8996,12,9,179548.07,30,8545.38,3.5,0.7813,GA,Southeast
ACB-BR064,2024-09,9066144.5,8905178.21,1.0181,12,21,166436.03,30,9670.55,4.1,0.948,GA,Southeast
ACB-BR064,2024-10,9190003.71,8905178.21,1.032,13,2,162506.72,30,9802.67,4.3,0.8762,GA,Southeast
ACB-BR064,2024-11,9485563.93,8905178.21,1.0652,7,10,176919.23,30,10117.93,4.6,0.9746,GA,Southeast
ACB-BR064,2024-12,8940644.66,8905178.21,1.004,8,19,156216.87,30,9536.69,3.8,0.9776,GA,Southeast
ACB-BR064,2025-01,7875277.54,8905178.21,0.8843,12,7,137525.91,30,8400.3,3.9,0.9782,GA,Southeast
ACB-BR064,2025-02,10436381.01,8905178.21,1.1719,12,2,170659.97,30,11132.14,4.1,0.9283,GA,Southeast
ACB-BR064,2025-03,9478830.76,8905178.21,1.0644,15,10,136658.17,30,10110.75,4.2,0.926,GA,Southeast
ACB-BR064,2025-04,8132026.53,8905178.21,0.9132,18,23,147741.07,30,8674.16,3.7,0.9202,GA,Southeast
ACB-BR064,2025-05,9346712.37,8905178.21,1.0496,13,7,163945.29,30,9969.83,4.4,0.899,GA,Southeast
ACB-BR064,2025-06,9080678.04,8905178.21,1.0197,26,22,130100.36,30,9686.06,3.9,0.8888,GA,Southeast
ACB-BR064,2025-07,8384725.86,8905178.21,0.9416,4,19,171825.52,30,8943.71,3.6,0.8978,GA,Southeast
ACB-BR064,2025-08,7835767.32,8905178.21,0.8799,12,21,189553.57,30,8358.15,4.0,0.8517,GA,Southeast
ACB-BR064,2025-09,7807471.45,8905178.21,0.8767,14,15,156901.16,30,8327.97,3.8,0.9101,GA,Southeast
ACB-BR064,2025-10,8233499.86,8905178.21,0.9246,8,5,179607.42,30,8782.4,4.4,0.9264,GA,Southeast
ACB-BR064,2025-11,9292282.09,8905178.21,1.0435,15,19,145375.57,30,9911.77,4.1,0.8946,GA,Southeast
ACB-BR064,2025-12,10194145.75,8905178.21,1.1447,16,28,181845.6,30,10873.76,4.2,0.9478,GA,Southeast
ACB-BR064,2026-01,7782401.13,8905178.21,0.8739,1,18,145439.66,30,8301.23,4.2,0.81,GA,Southeast
ACB-BR064,2026-02,10653904.96,8905178.21,1.1964,9,13,165826.99,30,11364.17,3.8,0.9476,GA,Southeast
ACB-BR064,2026-03,8300942.04,8905178.21,0.9321,13,25,140398.8,30,8854.34,4.2,0.8576,GA,Southeast
ACB-BR065,2024-04,43530808.29,37783058.05,1.1521,27,25,74965.87,16,87061.62,3.7,0.8244,FL,Southeast
ACB-BR065,2024-05,36465610.97,37783058.05,0.9651,33,46,94174.97,16,72931.22,4.8,0.9619,FL,Southeast
ACB-BR065,2024-06,41491740.07,37783058.05,1.0982,26,29,95912.77,16,82983.48,4.1,0.9266,FL,Southeast
ACB-BR065,2024-07,39278055.51,37783058.05,1.0396,26,50,81138.8,16,78556.11,4.2,0.9328,FL,Southeast
ACB-BR065,2024-08,36981303.86,37783058.05,0.9788,20,37,89185.48,16,73962.61,3.9,0.8241,FL,Southeast
ACB-BR065,2024-09,33586331.19,37783058.05,0.8889,29,43,99036.83,16,67172.66,3.9,0.8902,FL,Southeast
ACB-BR065,2024-10,38414635.55,37783058.05,1.0167,22,30,92886.45,16,76829.27,3.8,0.9665,FL,Southeast
ACB-BR065,2024-11,39450186.92,37783058.05,1.0441,27,19,88525.63,16,78900.37,4.0,0.8713,FL,Southeast
ACB-BR065,2024-12,32319983.46,37783058.05,0.8554,30,29,99506.75,16,64639.97,4.3,0.9324,FL,Southeast
ACB-BR065,2025-01,34130521.19,37783058.05,0.9033,36,21,91779.03,16,68261.04,4.2,0.8601,FL,Southeast
ACB-BR065,2025-02,42519565.44,37783058.05,1.1254,27,41,91772.32,16,85039.13,4.0,0.9653,FL,Southeast
ACB-BR065,2025-03,43882647.93,37783058.05,1.1614,32,46,78786.44,16,87765.3,3.5,0.9016,FL,Southeast
ACB-BR065,2025-04,34740887.17,37783058.05,0.9195,19,31,103436.12,16,69481.77,3.9,0.8184,FL,Southeast
ACB-BR065,2025-05,39023021.69,37783058.05,1.0328,26,49,87904.52,16,78046.04,4.0,0.8845,FL,Southeast
ACB-BR065,2025-06,40640306.69,37783058.05,1.0756,42,36,95231.17,16,81280.61,4.0,0.915,FL,Southeast
ACB-BR065,2025-07,36277388.36,37783058.05,0.9601,28,34,83559.99,16,72554.78,4.5,0.9523,FL,Southeast
ACB-BR065,2025-08,41357503.33,37783058.05,1.0946,32,44,97492.17,16,82715.01,3.9,0.918,FL,Southeast
ACB-BR065,2025-09,33065237.74,37783058.05,0.8751,26,46,74023.67,16,66130.48,4.4,0.9704,FL,Southeast
ACB-BR065,2025-10,37017960.31,37783058.05,0.9798,29,37,77436.1,16,74035.92,4.1,0.7895,FL,Southeast
ACB-BR065,2025-11,40440287.43,37783058.05,1.0703,24,40,110428.76,16,80880.57,4.0,0.7759,FL,Southeast
ACB-BR065,2025-12,32723683.5,37783058.05,0.8661,20,24,90634.61,16,65447.37,4.0,0.8098,FL,Southeast
ACB-BR065,2026-01,33850405.35,37783058.05,0.8959,31,20,111189.72,16,67700.81,4.5,0.9295,FL,Southeast
ACB-BR065,2026-02,43288639.3,37783058.05,1.1457,30,37,77594.92,16,86577.28,4.6,0.9029,FL,Southeast
ACB-BR065,2026-03,34998465.54,37783058.05,0.9263,32,35,74214.5,16,69996.93,4.4,0.919,FL,Southeast
ACB-BR066,2024-04,9621742.51,10517552.21,0.9148,11,5,79891.15,15,20526.38,3.6,0.9399,NC,Southeast
ACB-BR066,2024-05,11819400.76,10517552.21,1.1238,15,25,87007.11,15,25214.72,3.6,0.9451,NC,Southeast
ACB-BR066,2024-06,11671182.96,10517552.21,1.1097,6,19,85471.16,15,24898.52,3.4,0.9141,NC,Southeast
ACB-BR066,2024-07,11503241.26,10517552.21,1.0937,11,20,68415.79,15,24540.25,4.3,0.8223,NC,Southeast
ACB-BR066,2024-08,11478137.81,10517552.21,1.0913,17,9,91294.75,15,24486.69,4.5,0.9736,NC,Southeast
ACB-BR066,2024-09,8493856.8,10517552.21,0.8076,5,10,77347.42,15,18120.23,4.0,0.8406,NC,Southeast
ACB-BR066,2024-10,8733843.59,10517552.21,0.8304,19,7,80591.68,15,18632.2,3.7,0.853,NC,Southeast
ACB-BR066,2024-11,10351745.8,10517552.21,0.9842,7,7,84210.42,15,22083.72,4.4,0.8026,NC,Southeast
ACB-BR066,2024-12,9273199.94,10517552.21,0.8817,16,35,93542.37,15,19782.83,4.1,0.9812,NC,Southeast
ACB-BR066,2025-01,10572521.92,10517552.21,1.0052,7,12,89176.47,15,22554.71,4.1,0.8994,NC,Southeast
ACB-BR066,2025-02,12927515.75,10517552.21,1.2291,8,23,97516.27,15,27578.7,4.3,0.9191,NC,Southeast
ACB-BR066,2025-03,11130900.63,10517552.21,1.0583,13,21,73054.05,15,23745.92,4.4,0.9615,NC,Southeast
ACB-BR066,2025-04,11525404.76,10517552.21,1.0958,13,15,95240.26,15,24587.53,4.3,0.8324,NC,Southeast
ACB-BR066,2025-05,10807867.5,10517552.21,1.0276,6,16,94508.56,15,23056.78,3.6,0.9458,NC,Southeast
ACB-BR066,2025-06,11054726.58,10517552.21,1.0511,12,15,77792.44,15,23583.42,4.6,0.9892,NC,Southeast
ACB-BR066,2025-07,9484052.39,10517552.21,0.9017,8,11,71252.58,15,20232.65,4.2,0.9835,NC,Southeast
ACB-BR066,2025-08,10148901.21,10517552.21,0.9649,0,23,76781.94,15,21650.99,3.6,0.8717,NC,Southeast
ACB-BR066,2025-09,9391025.7,10517552.21,0.8929,11,20,73128.26,15,20034.19,4.5,0.9223,NC,Southeast
ACB-BR066,2025-10,9750841.06,10517552.21,0.9271,14,12,87914.84,15,20801.79,3.9,0.8838,NC,Southeast
ACB-BR066,2025-11,8934917.12,10517552.21,0.8495,8,14,82054.89,15,19061.16,4.4,0.8268,NC,Southeast
ACB-BR066,2025-12,10672660.43,10517552.21,1.0147,16,9,95955.34,15,22768.34,4.3,0.7162,NC,Southeast
ACB-BR066,2026-01,9721412.15,10517552.21,0.9243,6,22,92616.7,15,20739.01,4.1,0.9589,NC,Southeast
ACB-BR066,2026-02,10248535.4,10517552.21,0.9744,14,23,90643.85,15,21863.54,4.1,0.8429,NC,Southeast
ACB-BR066,2026-03,9846492.83,10517552.21,0.9362,17,19,93324.39,15,21005.85,4.4,0.9754,NC,Southeast
ACB-BR067,2024-04,28550976.63,29959157.29,0.953,27,54,108223.58,20,45681.56,4.3,0.9413,TX,South
ACB-BR067,2024-05,34898593.99,29959157.29,1.1649,30,31,103333.74,20,55837.75,5.0,0.9345,TX,South
ACB-BR067,2024-06,27714548.61,29959157.29,0.9251,33,30,94937.77,20,44343.28,4.0,0.8533,TX,South
ACB-BR067,2024-07,26549248.14,29959157.29,0.8862,37,42,102071.71,20,42478.8,4.5,0.9002,TX,South
ACB-BR067,2024-08,31175947.41,29959157.29,1.0406,24,35,86034.91,20,49881.52,4.7,0.7688,TX,South
ACB-BR067,2024-09,27459813.54,29959157.29,0.9166,27,28,93046.01,20,43935.7,3.7,0.9327,TX,South
ACB-BR067,2024-10,23340752.22,29959157.29,0.7791,33,49,128936.31,20,37345.2,3.3,0.7576,TX,South
ACB-BR067,2024-11,30935054.42,29959157.29,1.0326,31,42,104698.38,20,49496.09,4.2,0.853,TX,South
ACB-BR067,2024-12,34290725.13,29959157.29,1.1446,24,47,108644.82,20,54865.16,4.1,0.9484,TX,South
ACB-BR067,2025-01,27960965.88,29959157.29,0.9333,34,30,102768.0,20,44737.55,4.8,0.8808,TX,South
ACB-BR067,2025-02,36830582.23,29959157.29,1.2294,33,31,123682.23,20,58928.93,4.7,0.9366,TX,South
ACB-BR067,2025-03,37795152.63,29959157.29,1.2616,28,36,118782.31,20,60472.24,5.0,0.8877,TX,South
ACB-BR067,2025-04,31833279.26,29959157.29,1.0626,29,37,108484.38,20,50933.25,4.3,0.9098,TX,South
ACB-BR067,2025-05,35986257.75,29959157.29,1.2012,39,32,130144.82,20,57578.01,4.3,0.7769,TX,South
ACB-BR067,2025-06,28304840.28,29959157.29,0.9448,23,30,93561.3,20,45287.74,4.3,0.8531,TX,South
ACB-BR067,2025-07,27074630.89,29959157.29,0.9037,30,34,126619.7,20,43319.41,4.1,0.9584,TX,South
ACB-BR067,2025-08,29723266.14,29959157.29,0.9921,31,29,97959.63,20,47557.23,4.1,0.9778,TX,South
ACB-BR067,2025-09,31908007.55,29959157.29,1.0651,21,30,108409.28,20,51052.81,4.1,0.9279,TX,South
ACB-BR067,2025-10,28793466.81,29959157.29,0.9611,26,40,96313.99,20,46069.55,3.6,0.9555,TX,South
ACB-BR067,2025-11,30917532.12,29959157.29,1.032,30,39,112566.59,20,49468.05,4.4,0.917,TX,South
ACB-BR067,2025-12,32498033.24,29959157.29,1.0847,33,26,99558.36,20,51996.85,3.2,0.9186,TX,South
ACB-BR067,2026-01,36110364.49,29959157.29,1.2053,29,13,121446.61,20,57776.58,4.1,0.9037,TX,South
ACB-BR067,2026-02,34665019.53,29959157.29,1.1571,20,33,133549.29,20,55464.03,3.3,0.8404,TX,South
ACB-BR067,2026-03,31598868.49,29959157.29,1.0547,41,36,127430.46,20,50558.19,4.5,0.9674,TX,South
ACB-BR068,2024-04,57513707.17,55239398.0,1.0412,8,16,109581.37,20,92021.93,3.4,0.9691,TX,South
ACB-BR068,2024-05,66879321.89,55239398.0,1.2107,10,8,116760.75,20,107006.92,4.7,0.9411,TX,South
ACB-BR068,2024-06,49197217.41,55239398.0,0.8906,8,15,105242.38,20,78715.55,3.7,0.9879,TX,South
ACB-BR068,2024-07,52969625.69,55239398.0,0.9589,5,24,122721.06,20,84751.4,4.3,0.9427,TX,South
ACB-BR068,2024-08,48841415.66,55239398.0,0.8842,2,24,129797.74,20,78146.27,4.2,0.9715,TX,South
ACB-BR068,2024-09,45963978.99,55239398.0,0.8321,6,9,132083.56,20,73542.37,4.2,0.9538,TX,South
ACB-BR068,2024-10,52343943.6,55239398.0,0.9476,10,19,127948.18,20,83750.31,4.2,0.6883,TX,South
ACB-BR068,2024-11,44954315.22,55239398.0,0.8138,4,14,105838.84,20,71926.9,3.5,0.939,TX,South
ACB-BR068,2024-12,62862887.35,55239398.0,1.138,9,18,98921.8,20,100580.62,4.3,0.8956,TX,South
ACB-BR068,2025-01,48425064.71,55239398.0,0.8766,6,18,111602.65,20,77480.1,3.9,0.8891,TX,South
ACB-BR068,2025-02,49601094.28,55239398.0,0.8979,11,25,137630.79,20,79361.75,4.0,0.8477,TX,South
ACB-BR068,2025-03,51074833.23,55239398.0,0.9246,9,17,122428.44,20,81719.73,4.1,0.8257,TX,South
ACB-BR068,2025-04,67444842.37,55239398.0,1.221,5,21,96368.6,20,107911.75,4.6,0.8846,TX,South
ACB-BR068,2025-05,62753642.69,55239398.0,1.136,5,27,99515.84,20,100405.83,3.5,0.9022,TX,South
ACB-BR068,2025-06,51417387.11,55239398.0,0.9308,9,10,122545.53,20,82267.82,4.5,0.9662,TX,South
ACB-BR068,2025-07,52190094.75,55239398.0,0.9448,4,14,109646.3,20,83504.15,3.3,0.8504,TX,South
ACB-BR068,2025-08,53130989.14,55239398.0,0.9618,1,24,111899.37,20,85009.58,4.1,0.8876,TX,South
ACB-BR068,2025-09,48052669.15,55239398.0,0.8699,0,24,96963.84,20,76884.27,5.0,0.735,TX,South
ACB-BR068,2025-10,60295561.38,55239398.0,1.0915,0,19,118342.88,20,96472.9,4.9,0.9795,TX,South
ACB-BR068,2025-11,47241981.45,55239398.0,0.8552,0,34,132055.4,20,75587.17,4.2,0.7694,TX,South
ACB-BR068,2025-12,58901921.47,55239398.0,1.0663,2,34,123058.74,20,94243.07,4.2,0.9413,TX,South
ACB-BR068,2026-01,56125483.49,55239398.0,1.016,0,17,128044.89,20,89800.77,3.7,0.99,TX,South
ACB-BR068,2026-02,54228515.4,55239398.0,0.9817,0,4,126092.78,20,86765.62,4.2,0.9319,TX,South
ACB-BR068,2026-03,62763032.5,55239398.0,1.1362,0,35,116274.05,20,100420.85,4.2,0.8343,TX,South
ACB-BR069,2024-04,26669431.2,25193595.43,1.0586,25,33,80891.01,16,53338.86,3.5,0.9547,NC,Southeast
ACB-BR069,2024-05,27062314.42,25193595.43,1.0742,21,43,102730.78,16,54124.63,4.3,0.9816,NC,Southeast
ACB-BR069,2024-06,20901905.17,25193595.43,0.8297,26,44,75882.55,16,41803.81,4.3,0.8296,NC,Southeast
ACB-BR069,2024-07,20438393.82,25193595.43,0.8113,20,31,91775.27,16,40876.79,4.3,0.9319,NC,Southeast
ACB-BR069,2024-08,24498359.81,25193595.43,0.9724,26,39,103947.89,16,48996.72,3.5,0.7985,NC,Southeast
ACB-BR069,2024-09,22744850.96,25193595.43,0.9028,30,21,86913.7,16,45489.7,4.0,0.9923,NC,Southeast
ACB-BR069,2024-10,25914589.42,25193595.43,1.0286,26,18,98520.22,16,51829.18,3.7,0.9515,NC,Southeast
ACB-BR069,2024-11,27392294.15,25193595.43,1.0873,29,29,76239.95,16,54784.59,4.4,0.7734,NC,Southeast
ACB-BR069,2024-12,27133548.08,25193595.43,1.077,23,31,76950.76,16,54267.1,4.0,0.911,NC,Southeast
ACB-BR069,2025-01,26009072.98,25193595.43,1.0324,21,43,91672.44,16,52018.15,4.0,0.9113,NC,Southeast
ACB-BR069,2025-02,27468014.59,25193595.43,1.0903,33,41,112578.47,16,54936.03,4.2,0.9611,NC,Southeast
ACB-BR069,2025-03,25239838.53,25193595.43,1.0018,26,27,101807.7,16,50479.68,3.9,0.9392,NC,Southeast
ACB-BR069,2025-04,30990015.97,25193595.43,1.2301,27,20,88409.95,16,61980.03,4.5,0.9942,NC,Southeast
ACB-BR069,2025-05,26740664.96,25193595.43,1.0614,37,22,75487.38,16,53481.33,3.6,0.9096,NC,Southeast
ACB-BR069,2025-06,28221409.84,25193595.43,1.1202,25,35,105741.72,16,56442.82,4.3,0.9407,NC,Southeast
ACB-BR069,2025-07,26401211.64,25193595.43,1.0479,24,37,74108.01,16,52802.42,,0.9471,NC,Southeast
ACB-BR069,2025-08,21020652.81,25193595.43,0.8344,38,36,86323.59,16,42041.31,4.4,0.9227,NC,Southeast
ACB-BR069,2025-09,21967013.8,25193595.43,0.8719,27,39,98497.99,16,43934.03,4.2,0.942,NC,Southeast
ACB-BR069,2025-10,22758779.11,25193595.43,0.9034,21,32,93037.33,16,45517.56,3.8,0.8979,NC,Southeast
ACB-BR069,2025-11,23490131.29,25193595.43,0.9324,34,26,74199.4,16,46980.26,3.8,0.8669,NC,Southeast
ACB-BR069,2025-12,27081347.77,25193595.43,1.0749,25,33,75256.14,16,54162.7,3.6,0.9142,NC,Southeast
ACB-BR069,2026-01,24194224.53,25193595.43,0.9603,19,21,99133.2,16,48388.45,4.1,0.9334,NC,Southeast
ACB-BR069,2026-02,23419839.27,25193595.43,0.9296,34,44,88510.3,16,46839.68,3.1,0.9254,NC,Southeast
ACB-BR069,2026-03,29030380.55,25193595.43,1.1523,35,37,84175.62,16,58060.76,3.7,0.9035,NC,Southeast
ACB-BR070,2024-04,44686164.77,39439997.25,1.133,27,37,229783.86,40,35748.93,3.5,0.7594,AZ,West
ACB-BR070,2024-05,44906372.6,39439997.25,1.1386,24,37,178261.07,40,35925.1,4.8,0.9729,AZ,West
ACB-BR070,2024-06,40341501.96,39439997.25,1.0229,24,43,240163.02,40,32273.2,3.4,0.9834,AZ,West
ACB-BR070,2024-07,43116821.21,39439997.25,1.0932,25,39,222477.36,40,34493.46,4.3,0.9579,AZ,West
ACB-BR070,2024-08,34743538.34,39439997.25,0.8809,25,21,259256.06,40,27794.83,3.4,0.9474,AZ,West
ACB-BR070,2024-09,31937557.14,39439997.25,0.8098,38,42,226897.07,40,25550.05,4.3,0.9161,AZ,West
ACB-BR070,2024-10,35664450.53,39439997.25,0.9043,32,30,273010.73,40,28531.56,3.8,0.9382,AZ,West
ACB-BR070,2024-11,33409031.31,39439997.25,0.8471,21,39,253240.11,40,26727.23,4.1,0.9634,AZ,West
ACB-BR070,2024-12,36041085.56,39439997.25,0.9138,26,28,189855.52,40,28832.87,4.2,0.9768,AZ,West
ACB-BR070,2025-01,44338313.42,39439997.25,1.1242,35,35,198662.83,40,35470.65,3.4,0.8736,AZ,West
ACB-BR070,2025-02,37989524.21,39439997.25,0.9632,18,42,234817.29,40,30391.62,3.6,0.8998,AZ,West
ACB-BR070,2025-03,45204575.5,39439997.25,1.1462,31,43,188081.17,40,36163.66,3.8,0.8176,AZ,West
ACB-BR070,2025-04,43150364.71,39439997.25,1.0941,30,35,199003.77,40,34520.29,4.2,0.8888,AZ,West
ACB-BR070,2025-05,38681985.91,39439997.25,0.9808,25,38,186864.74,40,30945.59,3.8,0.9275,AZ,West
ACB-BR070,2025-06,40112482.61,39439997.25,1.0171,26,36,201075.73,40,32089.99,3.5,0.9304,AZ,West
ACB-BR070,2025-07,33722227.31,39439997.25,0.855,34,40,219995.79,40,26977.78,3.6,0.9841,AZ,West
ACB-BR070,2025-08,30250153.14,39439997.25,0.767,34,30,234701.3,40,24200.12,4.0,0.8702,AZ,West
ACB-BR070,2025-09,38686428.57,39439997.25,0.9809,27,33,196228.76,40,30949.14,3.5,0.8684,AZ,West
ACB-BR070,2025-10,41892670.65,39439997.25,1.0622,30,40,251998.19,40,33514.14,5.0,0.9338,AZ,West
ACB-BR070,2025-11,36957046.71,39439997.25,0.937,29,22,217181.05,40,29565.64,4.5,0.8022,AZ,West
ACB-BR070,2025-12,35972585.59,39439997.25,0.9121,26,25,200953.34,40,28778.07,4.2,0.9227,AZ,West
ACB-BR070,2026-01,42537559.14,39439997.25,1.0785,34,27,227050.54,40,34030.05,4.2,0.7676,AZ,West
ACB-BR070,2026-02,44131241.62,39439997.25,1.1189,23,36,215237.81,40,35304.99,3.9,0.9289,AZ,West
ACB-BR070,2026-03,40189143.36,39439997.25,1.019,23,50,177725.47,40,32151.31,4.5,0.9344,AZ,West
ACB-BR071,2024-04,26028260.88,24689303.02,1.0542,30,38,59000.72,12,69408.7,3.5,0.8602,GA,Southeast
ACB-BR071,2024-05,27556869.25,24689303.02,1.1161,17,46,56593.06,12,73484.98,5.0,0.9478,GA,Southeast
ACB-BR071,2024-06,21162758.65,24689303.02,0.8572,31,28,77332.6,12,56434.02,4.9,0.9086,GA,Southeast
ACB-BR071,2024-07,21994145.6,24689303.02,0.8908,27,51,63460.56,12,58651.05,3.7,0.8174,GA,Southeast
ACB-BR071,2024-08,26750581.66,24689303.02,1.0835,20,39,58436.32,12,71334.88,,0.983,GA,Southeast
ACB-BR071,2024-09,23019450.72,24689303.02,0.9324,41,25,71197.96,12,61385.2,4.3,0.6037,GA,Southeast
ACB-BR071,2024-10,23895297.97,24689303.02,0.9678,25,33,62052.1,12,63720.79,5.0,0.921,GA,Southeast
ACB-BR071,2024-11,24336866.54,24689303.02,0.9857,20,36,77426.2,12,64898.31,3.8,0.9471,GA,Southeast
ACB-BR071,2024-12,26497281.79,24689303.02,1.0732,28,36,76983.24,12,70659.42,4.8,0.9662,GA,Southeast
ACB-BR071,2025-01,29103474.9,24689303.02,1.1788,27,43,60352.47,12,77609.27,4.2,0.8319,GA,Southeast
ACB-BR071,2025-02,30533685.94,24689303.02,1.2367,33,31,58889.72,12,81423.16,4.3,0.9708,GA,Southeast
ACB-BR071,2025-03,27563675.48,24689303.02,1.1164,30,38,72532.14,12,73503.13,4.1,0.9261,GA,Southeast
ACB-BR071,2025-04,29096795.31,24689303.02,1.1785,21,37,55327.0,12,77591.45,3.8,0.8936,GA,Southeast
ACB-BR071,2025-05,25505975.69,24689303.02,1.0331,31,47,71632.65,12,68015.94,4.0,0.9555,GA,Southeast
ACB-BR071,2025-06,25540171.41,24689303.02,1.0345,30,40,56756.0,12,68107.12,4.5,0.9225,GA,Southeast
ACB-BR071,2025-07,21139714.12,24689303.02,0.8562,30,35,73144.3,12,56372.57,4.0,0.9084,GA,Southeast
ACB-BR071,2025-08,22549547.98,24689303.02,0.9133,23,40,68752.45,12,60132.13,4.0,0.9775,GA,Southeast
ACB-BR071,2025-09,22490965.45,24689303.02,0.911,26,25,66657.48,12,59975.91,3.5,0.9081,GA,Southeast
ACB-BR071,2025-10,22841494.38,24689303.02,0.9252,25,31,58009.24,12,60910.65,4.4,0.931,GA,Southeast
ACB-BR071,2025-11,22550236.43,24689303.02,0.9134,29,26,75804.15,12,60133.96,3.4,0.8456,GA,Southeast
ACB-BR071,2025-12,25812132.32,24689303.02,1.0455,39,43,67452.13,12,68832.35,3.9,0.8078,GA,Southeast
ACB-BR071,2026-01,24674210.81,24689303.02,0.9994,30,36,71078.89,12,65797.9,4.7,0.9422,GA,Southeast
ACB-BR071,2026-02,25534003.98,24689303.02,1.0342,17,19,64146.3,12,68090.68,4.0,0.9346,GA,Southeast
ACB-BR071,2026-03,31077324.02,24689303.02,1.2587,25,39,71386.54,12,82872.86,3.7,0.9283,GA,Southeast
ACB-BR072,2024-04,17461209.54,16395875.14,1.065,14,19,175026.33,29,19267.54,4.1,0.8482,NY,Northeast
ACB-BR072,2024-05,20002265.43,16395875.14,1.22,7,8,195719.77,29,22071.47,3.5,0.7181,NY,Northeast
ACB-BR072,2024-06,14271526.74,16395875.14,0.8704,19,13,183159.05,29,15747.89,4.3,0.9536,NY,Northeast
ACB-BR072,2024-07,18208392.73,16395875.14,1.1105,8,11,177761.39,29,20092.02,4.1,0.9118,NY,Northeast
ACB-BR072,2024-08,17950514.12,16395875.14,1.0948,7,11,178197.3,29,19807.46,4.1,0.9755,NY,Northeast
ACB-BR072,2024-09,14022568.64,16395875.14,0.8552,21,14,133325.3,29,15473.18,4.0,0.9693,NY,Northeast
ACB-BR072,2024-10,15897262.74,16395875.14,0.9696,14,12,142980.26,29,17541.81,4.7,0.9275,NY,Northeast
ACB-BR072,2024-11,15130090.81,16395875.14,0.9228,25,22,132560.56,29,16695.27,4.4,0.8843,NY,Northeast
ACB-BR072,2024-12,16014180.98,16395875.14,0.9767,4,11,176326.83,29,17670.82,4.3,0.9836,NY,Northeast
ACB-BR072,2025-01,15079179.41,16395875.14,0.9197,13,5,140663.11,29,16639.09,4.5,0.9514,NY,Northeast
ACB-BR072,2025-02,20019974.85,16395875.14,1.221,10,5,162149.33,29,22091.01,4.2,0.9415,NY,Northeast
ACB-BR072,2025-03,19395398.24,16395875.14,1.1829,22,11,138656.9,29,21401.82,3.9,0.9695,NY,Northeast
ACB-BR072,2025-04,20402872.92,16395875.14,1.2444,11,15,181098.92,29,22513.51,,0.8884,NY,Northeast
ACB-BR072,2025-05,14985500.69,16395875.14,0.914,21,21,152055.22,29,16535.72,4.3,0.9571,NY,Northeast
ACB-BR072,2025-06,17423665.16,16395875.14,1.0627,17,18,161552.65,29,19226.11,4.2,0.9471,NY,Northeast
ACB-BR072,2025-07,14862513.24,16395875.14,0.9065,3,36,170397.83,29,16400.01,4.0,0.7256,NY,Northeast
ACB-BR072,2025-08,14313921.49,16395875.14,0.873,15,8,169850.49,29,15794.67,4.3,0.9349,NY,Northeast
ACB-BR072,2025-09,14244934.19,16395875.14,0.8688,12,15,143864.7,29,15718.55,4.1,0.9687,NY,Northeast
ACB-BR072,2025-10,17120882.79,16395875.14,1.0442,21,13,141037.99,29,18892.01,4.2,0.8743,NY,Northeast
ACB-BR072,2025-11,13288619.7,16395875.14,0.8105,9,20,153111.17,29,14663.3,4.6,0.9361,NY,Northeast
ACB-BR072,2025-12,16687732.74,16395875.14,1.0178,0,11,133893.4,29,18414.05,4.2,0.9721,NY,Northeast
ACB-BR072,2026-01,17442626.53,16395875.14,1.0638,10,13,130991.55,29,19247.04,3.9,0.8716,NY,Northeast
ACB-BR072,2026-02,17330053.79,16395875.14,1.057,12,7,187124.92,29,19122.82,3.7,0.9865,NY,Northeast
ACB-BR072,2026-03,19210055.96,16395875.14,1.1716,16,21,140870.63,29,21197.3,3.8,0.8556,NY,Northeast
ACB-BR073,2024-04,43501370.19,34900509.01,1.2464,26,41,164769.79,34,40942.47,4.5,0.9748,IL,Midwest
ACB-BR073,2024-05,32251949.82,34900509.01,0.9241,27,27,172878.67,34,30354.78,3.9,0.7358,IL,Midwest
ACB-BR073,2024-06,30278399.1,34900509.01,0.8676,31,43,185546.31,34,28497.32,4.5,0.9073,IL,Midwest
ACB-BR073,2024-07,29891527.92,34900509.01,0.8565,30,32,223457.8,34,28133.2,3.9,0.8873,IL,Midwest
ACB-BR073,2024-08,30957325.11,34900509.01,0.887,26,45,186510.45,34,29136.31,3.6,0.9303,IL,Midwest
ACB-BR073,2024-09,37139280.91,34900509.01,1.0641,23,37,224391.73,34,34954.62,3.5,0.8828,IL,Midwest
ACB-BR073,2024-10,37481773.59,34900509.01,1.074,23,27,221491.17,34,35276.96,4.3,0.9074,IL,Midwest
ACB-BR073,2024-11,39091443.75,34900509.01,1.1201,28,31,203674.19,34,36791.95,3.9,0.8908,IL,Midwest
ACB-BR073,2024-12,39566506.74,34900509.01,1.1337,30,40,178006.53,34,37239.07,3.9,0.9185,IL,Midwest
ACB-BR073,2025-01,37577611.87,34900509.01,1.0767,18,34,199907.81,34,35367.16,4.7,0.8678,IL,Midwest
ACB-BR073,2025-02,31714043.97,34900509.01,0.9087,30,44,222775.56,34,29848.51,3.6,0.9795,IL,Midwest
ACB-BR073,2025-03,32814254.78,34900509.01,0.9402,26,38,227093.61,34,30884.0,3.9,0.9819,IL,Midwest
ACB-BR073,2025-04,30876650.22,34900509.01,0.8847,36,28,169224.79,34,29060.38,3.9,0.9264,IL,Midwest
ACB-BR073,2025-05,33650056.26,34900509.01,0.9642,39,26,172799.68,34,31670.64,3.9,0.8616,IL,Midwest
ACB-BR073,2025-06,28995259.83,34900509.01,0.8308,26,36,208367.79,34,27289.66,4.4,0.8743,IL,Midwest
ACB-BR073,2025-07,39419467.77,34900509.01,1.1295,30,25,183413.27,34,37100.68,4.5,0.9033,IL,Midwest
ACB-BR073,2025-08,32850882.1,34900509.01,0.9413,33,25,191250.36,34,30918.48,4.3,0.9694,IL,Midwest
ACB-BR073,2025-09,35314216.11,34900509.01,1.0119,23,39,229640.46,34,33236.91,,0.9944,IL,Midwest
ACB-BR073,2025-10,28444713.06,34900509.01,0.815,14,28,188814.74,34,26771.49,3.4,0.9431,IL,Midwest
ACB-BR073,2025-11,31834236.5,34900509.01,0.9121,23,45,194286.28,34,29961.63,3.8,0.9474,IL,Midwest
ACB-BR073,2025-12,37938570.07,34900509.01,1.087,32,43,185867.08,34,35706.89,4.0,0.9373,IL,Midwest
ACB-BR073,2026-01,42079748.04,34900509.01,1.2057,31,31,197174.8,34,39604.47,4.2,0.9552,IL,Midwest
ACB-BR073,2026-02,31297299.98,34900509.01,0.8968,31,24,209232.64,34,29456.28,5.0,0.6806,IL,Midwest
ACB-BR073,2026-03,33660786.73,34900509.01,0.9645,29,41,191674.97,34,31680.74,4.1,0.9574,IL,Midwest
ACB-BR074,2024-04,40458533.76,35584873.46,1.137,28,35,147930.59,29,44643.9,4.2,0.9534,VA,Northeast
ACB-BR074,2024-05,32307420.01,35584873.46,0.9079,30,40,126953.92,29,35649.57,4.0,0.8652,VA,Northeast
ACB-BR074,2024-06,29308223.15,35584873.46,0.8236,28,24,155009.17,29,32340.11,4.4,0.8423,VA,Northeast
ACB-BR074,2024-07,36109483.99,35584873.46,1.0147,24,35,176328.47,29,39844.95,4.5,0.8768,VA,Northeast
ACB-BR074,2024-08,31943678.05,35584873.46,0.8977,31,36,190235.78,29,35248.2,3.5,0.9685,VA,Northeast
ACB-BR074,2024-09,31207182.07,35584873.46,0.877,33,42,155739.41,29,34435.51,3.6,0.9293,VA,Northeast
ACB-BR074,2024-10,28053918.72,35584873.46,0.7884,28,34,174059.1,29,30956.05,4.1,0.9446,VA,Northeast
ACB-BR074,2024-11,34105366.56,35584873.46,0.9584,26,25,141146.96,29,37633.51,4.2,0.7812,VA,Northeast
ACB-BR074,2024-12,31132877.16,35584873.46,0.8749,22,38,171361.57,29,34353.52,4.0,0.9196,VA,Northeast
ACB-BR074,2025-01,42209664.8,35584873.46,1.1862,34,42,164411.6,29,46576.18,4.5,0.9456,VA,Northeast
ACB-BR074,2025-02,43662138.6,35584873.46,1.227,30,46,150257.89,29,48178.91,4.6,0.9367,VA,Northeast
ACB-BR074,2025-03,35701789.65,35584873.46,1.0033,34,55,175709.63,29,39395.08,3.9,0.8886,VA,Northeast
ACB-BR074,2025-04,42196102.45,35584873.46,1.1858,29,29,161283.74,29,46561.22,3.4,0.9465,VA,Northeast
ACB-BR074,2025-05,43526813.27,35584873.46,1.2232,20,40,184058.06,29,48029.59,4.2,0.8677,VA,Northeast
ACB-BR074,2025-06,29743464.95,35584873.46,0.8358,34,47,152334.69,29,32820.38,4.0,0.8363,VA,Northeast
ACB-BR074,2025-07,37759315.94,35584873.46,1.0611,27,32,144695.97,29,41665.45,3.6,0.9345,VA,Northeast
ACB-BR074,2025-08,36723346.46,35584873.46,1.032,24,32,150733.2,29,40522.31,3.7,0.8378,VA,Northeast
ACB-BR074,2025-09,30909389.3,35584873.46,0.8686,31,21,179836.09,29,34106.91,4.1,0.8971,VA,Northeast
ACB-BR074,2025-10,36422297.56,35584873.46,1.0235,32,37,165212.34,29,40190.12,4.0,0.9401,VA,Northeast
ACB-BR074,2025-11,34215632.55,35584873.46,0.9615,21,14,166567.45,29,37755.18,4.4,0.8419,VA,Northeast
ACB-BR074,2025-12,36752340.25,35584873.46,1.0328,23,39,162677.52,29,40554.31,3.1,0.9972,VA,Northeast
ACB-BR074,2026-01,43051587.16,35584873.46,1.2098,28,34,171388.9,29,47505.2,4.3,0.98,VA,Northeast
ACB-BR074,2026-02,40701364.3,35584873.46,1.1438,21,30,176325.3,29,44911.85,4.3,0.8245,VA,Northeast
ACB-BR074,2026-03,32143112.11,35584873.46,0.9033,28,26,140803.24,29,35468.26,4.0,0.9714,VA,Northeast
ACB-BR075,2024-04,14917473.93,15122663.87,0.9864,2,10,95413.5,15,31823.94,4.4,0.9385,AZ,West
ACB-BR075,2024-05,12921765.68,15122663.87,0.8545,7,1,75181.2,15,27566.43,4.5,0.8981,AZ,West
ACB-BR075,2024-06,17770153.49,15122663.87,1.1751,7,16,95404.82,15,37909.66,3.8,0.795,AZ,West
ACB-BR075,2024-07,16901515.97,15122663.87,1.1176,3,18,90062.38,15,36056.57,4.0,0.9785,AZ,West
ACB-BR075,2024-08,13416430.92,15122663.87,0.8872,5,30,91496.06,15,28621.72,3.3,0.8931,AZ,West
ACB-BR075,2024-09,13965393.29,15122663.87,0.9235,10,24,98941.04,15,29792.84,4.4,0.9056,AZ,West
ACB-BR075,2024-10,12582998.14,15122663.87,0.8321,8,21,73233.42,15,26843.73,4.3,0.9592,AZ,West
ACB-BR075,2024-11,14394800.64,15122663.87,0.9519,13,19,81911.14,15,30708.91,3.3,0.9457,AZ,West
ACB-BR075,2024-12,17573634.19,15122663.87,1.1621,14,6,98942.91,15,37490.42,3.6,0.8968,AZ,West
ACB-BR075,2025-01,16611014.41,15122663.87,1.0984,14,11,76368.2,15,35436.83,3.2,0.9299,AZ,West
ACB-BR075,2025-02,14997792.06,15122663.87,0.9917,9,13,80595.56,15,31995.29,4.4,0.9739,AZ,West
ACB-BR075,2025-03,16793184.93,15122663.87,1.1105,16,11,74998.14,15,35825.46,4.4,0.9181,AZ,West
ACB-BR075,2025-04,15171779.42,15122663.87,1.0032,18,8,72730.27,15,32366.46,4.4,0.7438,AZ,West
ACB-BR075,2025-05,14256653.47,15122663.87,0.9427,13,22,64193.38,15,30414.19,4.1,0.9414,AZ,West
ACB-BR075,2025-06,15335353.37,15122663.87,1.0141,11,13,85342.63,15,32715.42,4.3,0.9449,AZ,West
ACB-BR075,2025-07,16646846.65,15122663.87,1.1008,6,23,94198.16,15,35513.27,4.7,0.7849,AZ,West
ACB-BR075,2025-08,13035372.56,15122663.87,0.862,12,6,102342.18,15,27808.79,3.6,0.8249,AZ,West
ACB-BR075,2025-09,13275561.61,15122663.87,0.8779,8,23,86887.32,15,28321.2,4.0,0.8873,AZ,West
ACB-BR075,2025-10,13779715.62,15122663.87,0.9112,13,3,86419.57,15,29396.73,4.1,0.668,AZ,West
ACB-BR075,2025-11,16974717.43,15122663.87,1.1225,13,24,96305.67,15,36212.73,4.3,0.8855,AZ,West
ACB-BR075,2025-12,16730355.3,15122663.87,1.1063,14,26,106319.91,15,35691.42,4.5,0.9477,AZ,West
ACB-BR075,2026-01,13939204.69,15122663.87,0.9217,6,19,78345.37,15,29736.97,4.1,0.9588,AZ,West
ACB-BR075,2026-02,18614705.2,15122663.87,1.2309,19,12,105238.15,15,39711.37,4.2,0.9752,AZ,West
ACB-BR075,2026-03,16503128.19,15122663.87,1.0913,8,28,74333.39,15,35206.67,3.9,0.8215,AZ,West
ACB-BR076,2024-04,12587860.11,11004873.32,1.1438,24,17,112275.65,21,19181.5,4.4,0.9133,TX,South
ACB-BR076,2024-05,10579608.94,11004873.32,0.9614,8,18,121454.49,21,16121.31,4.2,0.9412,TX,South
ACB-BR076,2024-06,11165710.47,11004873.32,1.0146,12,14,88986.84,21,17014.42,3.8,0.8348,TX,South
ACB-BR076,2024-07,9133465.21,11004873.32,0.8299,7,21,126575.43,21,13917.66,,0.9267,TX,South
ACB-BR076,2024-08,11785847.74,11004873.32,1.071,15,8,114876.96,21,17959.39,3.7,0.9148,TX,South
ACB-BR076,2024-09,10062699.15,11004873.32,0.9144,13,16,109263.86,21,15333.64,4.3,0.9473,TX,South
ACB-BR076,2024-10,10528133.44,11004873.32,0.9567,11,7,120828.68,21,16042.87,3.9,0.9362,TX,South
ACB-BR076,2024-11,10542088.55,11004873.32,0.9579,6,29,120020.33,21,16064.13,4.3,0.9346,TX,South
ACB-BR076,2024-12,10498269.69,11004873.32,0.954,17,18,132106.08,21,15997.36,3.9,0.9715,TX,South
ACB-BR076,2025-01,10045901.88,11004873.32,0.9129,8,7,120586.67,21,15308.04,4.5,0.8744,TX,South
ACB-BR076,2025-02,10839214.95,11004873.32,0.9849,10,21,128504.61,21,16516.9,4.1,0.9797,TX,South
ACB-BR076,2025-03,11540162.38,11004873.32,1.0486,22,25,90957.58,21,17585.01,4.1,0.9274,TX,South
ACB-BR076,2025-04,12408156.68,11004873.32,1.1275,11,22,103320.11,21,18907.67,3.7,0.9598,TX,South
ACB-BR076,2025-05,9506619.66,11004873.32,0.8639,9,14,119703.83,21,14486.28,4.2,0.9786,TX,South
ACB-BR076,2025-06,10323048.76,11004873.32,0.938,8,12,106457.35,21,15730.36,4.4,0.9402,TX,South
ACB-BR076,2025-07,12403417.11,11004873.32,1.1271,20,18,125296.83,21,18900.45,3.6,0.9107,TX,South
ACB-BR076,2025-08,9230084.95,11004873.32,0.8387,11,11,100764.86,21,14064.89,3.9,0.8159,TX,South
ACB-BR076,2025-09,10260181.83,11004873.32,0.9323,20,17,109031.85,21,15634.56,3.6,0.8428,TX,South
ACB-BR076,2025-10,11885491.9,11004873.32,1.08,6,13,99498.54,21,18111.23,3.7,0.9498,TX,South
ACB-BR076,2025-11,9129273.43,11004873.32,0.8296,8,25,93820.36,21,13911.27,4.3,0.9331,TX,South
ACB-BR076,2025-12,10061768.8,11004873.32,0.9143,3,19,116245.27,21,15332.22,4.1,0.9596,TX,South
ACB-BR076,2026-01,13010598.61,11004873.32,1.1823,10,11,142870.16,21,19825.67,4.1,0.9235,TX,South
ACB-BR076,2026-02,9839814.28,11004873.32,0.8941,4,18,132814.62,21,14994.0,4.0,0.9728,TX,South
ACB-BR076,2026-03,10059001.5,11004873.32,0.914,9,3,132319.34,21,15328.0,3.7,0.9533,TX,South
ACB-BR077,2024-04,15304129.89,12511071.6,1.2232,16,31,111746.03,22,22260.55,4.7,0.8976,GA,Southeast
ACB-BR077,2024-05,14375843.08,12511071.6,1.149,13,9,119432.72,22,20910.32,4.0,0.9344,GA,Southeast
ACB-BR077,2024-06,11912843.0,12511071.6,0.9522,14,3,142751.96,22,17327.77,4.3,0.8948,GA,Southeast
ACB-BR077,2024-07,12906971.35,12511071.6,1.0316,11,20,134167.2,22,18773.78,4.8,0.837,GA,Southeast
ACB-BR077,2024-08,10369811.88,12511071.6,0.8289,12,0,134690.69,22,15083.36,4.1,0.8956,GA,Southeast
ACB-BR077,2024-09,10388046.24,12511071.6,0.8303,0,7,105940.1,22,15109.89,3.9,0.9366,GA,Southeast
ACB-BR077,2024-10,9665486.72,12511071.6,0.7726,11,18,148159.9,22,14058.89,3.5,0.9565,GA,Southeast
ACB-BR077,2024-11,10213921.46,12511071.6,0.8164,13,0,122147.84,22,14856.61,3.9,0.9631,GA,Southeast
ACB-BR077,2024-12,11213899.13,12511071.6,0.8963,11,7,110995.02,22,16311.13,4.0,0.9041,GA,Southeast
ACB-BR077,2025-01,13461085.44,12511071.6,1.0759,22,8,107479.5,22,19579.76,4.2,0.9657,GA,Southeast
ACB-BR077,2025-02,11681118.45,12511071.6,0.9337,13,8,129734.02,22,16990.72,3.8,0.9869,GA,Southeast
ACB-BR077,2025-03,13948816.34,12511071.6,1.1149,17,27,120359.75,22,20289.19,3.9,0.8558,GA,Southeast
ACB-BR077,2025-04,13635549.12,12511071.6,1.0899,11,11,100696.59,22,19833.53,3.5,0.9146,GA,Southeast
ACB-BR077,2025-05,13487705.37,12511071.6,1.0781,12,14,96722.08,22,19618.48,4.0,0.9597,GA,Southeast
ACB-BR077,2025-06,14747536.96,12511071.6,1.1788,4,16,135297.86,22,21450.96,4.1,0.8575,GA,Southeast
ACB-BR077,2025-07,10135866.03,12511071.6,0.8102,18,18,147273.54,22,14743.08,4.3,0.8452,GA,Southeast
ACB-BR077,2025-08,10596032.63,12511071.6,0.8469,6,20,113305.92,22,15412.41,4.2,0.9293,GA,Southeast
ACB-BR077,2025-09,11262844.32,12511071.6,0.9002,13,24,146375.91,22,16382.32,4.3,0.9215,GA,Southeast
ACB-BR077,2025-10,12008980.9,12511071.6,0.9599,7,9,122681.89,22,17467.61,4.5,0.8179,GA,Southeast
ACB-BR077,2025-11,12997733.41,12511071.6,1.0389,9,20,127172.29,22,18905.79,3.6,0.9806,GA,Southeast
ACB-BR077,2025-12,12089362.08,12511071.6,0.9663,10,22,108547.32,22,17584.53,4.1,0.8803,GA,Southeast
ACB-BR077,2026-01,11813577.54,12511071.6,0.9442,2,28,132918.05,22,17183.39,3.6,0.9519,GA,Southeast
ACB-BR077,2026-02,13672122.97,12511071.6,1.0928,18,3,130070.02,22,19886.72,3.9,0.8949,GA,Southeast
ACB-BR077,2026-03,13612149.27,12511071.6,1.088,4,13,113889.89,22,19799.49,3.5,0.8948,GA,Southeast
ACB-BR078,2024-04,7466028.9,6396415.12,1.1672,6,4,218217.54,43,5556.11,4.1,0.9353,TX,South
ACB-BR078,2024-05,6261492.51,6396415.12,0.9789,9,0,215863.72,43,4659.72,3.6,0.9331,TX,South
ACB-BR078,2024-06,6130960.22,6396415.12,0.9585,13,15,259137.96,43,4562.58,4.3,0.8931,TX,South
ACB-BR078,2024-07,6569029.13,6396415.12,1.027,13,15,209017.71,43,4888.58,4.0,0.9218,TX,South
ACB-BR078,2024-08,6587601.78,6396415.12,1.0299,10,10,272033.75,43,4902.4,3.6,0.9662,TX,South
ACB-BR078,2024-09,6428615.53,6396415.12,1.005,4,3,217083.95,43,4784.09,3.8,0.9294,TX,South
ACB-BR078,2024-10,6027984.5,6396415.12,0.9424,14,2,251133.47,43,4485.94,5.0,0.6969,TX,South
ACB-BR078,2024-11,6361695.66,6396415.12,0.9946,14,22,271153.65,43,4734.29,4.4,0.9634,TX,South
ACB-BR078,2024-12,5810406.29,6396415.12,0.9084,1,10,279280.89,43,4324.02,4.3,0.9301,TX,South
ACB-BR078,2025-01,5468303.39,6396415.12,0.8549,8,2,276329.67,43,4069.44,4.2,0.9716,TX,South
ACB-BR078,2025-02,6873385.36,6396415.12,1.0746,11,4,251643.82,43,5115.08,4.2,0.8988,TX,South
ACB-BR078,2025-03,7638989.88,6396415.12,1.1943,3,16,197450.77,43,5684.83,,0.9287,TX,South
ACB-BR078,2025-04,6526549.57,6396415.12,1.0203,6,0,189936.13,43,4856.97,4.1,0.8835,TX,South
ACB-BR078,2025-05,5878002.34,6396415.12,0.919,3,1,247742.76,43,4374.33,4.8,0.9179,TX,South
ACB-BR078,2025-06,7043393.14,6396415.12,1.1011,10,7,199852.56,43,5241.59,3.6,0.9421,TX,South
ACB-BR078,2025-07,6335215.66,6396415.12,0.9904,19,0,245164.58,43,4714.58,3.6,0.8526,TX,South
ACB-BR078,2025-08,6373388.63,6396415.12,0.9964,7,14,190968.16,43,4742.99,3.7,0.9016,TX,South
ACB-BR078,2025-09,6081327.43,6396415.12,0.9507,7,4,184234.68,43,4525.64,4.0,0.9638,TX,South
ACB-BR078,2025-10,5305054.7,6396415.12,0.8294,10,0,238812.34,43,3947.95,3.2,0.9574,TX,South
ACB-BR078,2025-11,6125895.99,6396415.12,0.9577,10,5,257159.61,43,4558.81,4.1,0.8961,TX,South
ACB-BR078,2025-12,6189653.23,6396415.12,0.9677,12,4,230555.35,43,4606.25,2.7,0.8737,TX,South
ACB-BR078,2026-01,7334002.86,6396415.12,1.1466,14,14,224729.85,43,5457.86,4.3,0.8339,TX,South
ACB-BR078,2026-02,7745586.4,6396415.12,1.2109,4,11,289344.33,43,5764.16,3.9,0.9664,TX,South
ACB-BR078,2026-03,8020333.48,6396415.12,1.2539,10,5,239723.25,43,5968.62,5.0,0.9326,TX,South
ACB-BR079,2024-04,28798640.04,31221452.75,0.9224,28,33,155709.0,35,26330.19,4.6,0.7609,NY,Northeast
ACB-BR079,2024-05,28707282.72,31221452.75,0.9195,24,24,204301.45,35,26246.66,3.8,0.7929,NY,Northeast
ACB-BR079,2024-06,34713600.81,31221452.75,1.1119,34,9,166822.12,35,31738.15,3.8,0.8294,NY,Northeast
ACB-BR079,2024-07,33954357.78,31221452.75,1.0875,27,43,203449.03,35,31043.98,3.9,0.8616,NY,Northeast
ACB-BR079,2024-08,30837850.13,31221452.75,0.9877,35,34,173232.74,35,28194.61,4.0,0.8505,NY,Northeast
ACB-BR079,2024-09,32478464.13,31221452.75,1.0403,26,32,196986.76,35,29694.6,4.7,0.9173,NY,Northeast
ACB-BR079,2024-10,28295614.78,31221452.75,0.9063,35,36,226462.11,35,25870.28,3.4,0.9258,NY,Northeast
ACB-BR079,2024-11,25672536.27,31221452.75,0.8223,29,27,206796.21,35,23472.03,4.1,0.9236,NY,Northeast
ACB-BR079,2024-12,26546540.94,31221452.75,0.8503,22,31,203230.79,35,24271.12,4.6,0.9334,NY,Northeast
ACB-BR079,2025-01,31423380.54,31221452.75,1.0065,26,31,224428.09,35,28729.95,4.9,0.954,NY,Northeast
ACB-BR079,2025-02,38284826.03,31221452.75,1.2262,19,46,200572.39,35,35003.27,4.2,0.964,NY,Northeast
ACB-BR079,2025-03,38415513.85,31221452.75,1.2304,28,29,176196.09,35,35122.76,,0.9801,NY,Northeast
ACB-BR079,2025-04,27754415.68,31221452.75,0.889,29,21,158528.13,35,25375.47,4.3,0.9225,NY,Northeast
ACB-BR079,2025-05,27910497.27,31221452.75,0.894,29,32,203736.2,35,25518.17,3.9,0.9547,NY,Northeast
ACB-BR079,2025-06,26893116.64,31221452.75,0.8614,30,39,160324.96,35,24587.99,5.0,0.9359,NY,Northeast
ACB-BR079,2025-07,30647512.65,31221452.75,0.9816,32,31,217743.6,35,28020.58,4.2,0.9654,NY,Northeast
ACB-BR079,2025-08,30505189.67,31221452.75,0.9771,31,39,223593.23,35,27890.46,4.2,0.8127,NY,Northeast
ACB-BR079,2025-09,33080166.42,31221452.75,1.0595,25,44,222225.54,35,30244.72,4.8,0.9721,NY,Northeast
ACB-BR079,2025-10,25304037.42,31221452.75,0.8105,31,31,202665.05,35,23135.12,,0.8597,NY,Northeast
ACB-BR079,2025-11,29871608.44,31221452.75,0.9568,31,23,186898.22,35,27311.18,3.7,0.8797,NY,Northeast
ACB-BR079,2025-12,32439888.58,31221452.75,1.039,27,25,165033.9,35,29659.33,4.0,0.9338,NY,Northeast
ACB-BR079,2026-01,31994348.45,31221452.75,1.0248,37,36,202114.9,35,29251.98,4.7,0.8961,NY,Northeast
ACB-BR079,2026-02,27635549.22,31221452.75,0.8851,31,43,188659.73,35,25266.79,4.0,0.9757,NY,Northeast
ACB-BR079,2026-03,31797279.23,31221452.75,1.0184,25,24,173747.48,35,29071.8,4.2,0.8348,NY,Northeast
ACB-BR080,2024-04,13307612.45,13579877.08,0.98,12,21,87804.0,17,25049.62,4.3,0.9143,GA,Southeast
ACB-BR080,2024-05,14239866.31,13579877.08,1.0486,12,20,90810.67,17,26804.45,4.1,0.9706,GA,Southeast
ACB-BR080,2024-06,12137169.07,13579877.08,0.8938,13,12,87926.37,17,22846.44,3.6,0.8962,GA,Southeast
ACB-BR080,2024-07,10837281.23,13579877.08,0.798,7,11,111833.83,17,20399.59,4.5,0.9719,GA,Southeast
ACB-BR080,2024-08,14126486.13,13579877.08,1.0403,16,22,104888.58,17,26591.03,4.0,0.9954,GA,Southeast
ACB-BR080,2024-09,10951324.6,13579877.08,0.8064,6,29,106028.26,17,20614.26,4.7,0.9573,GA,Southeast
ACB-BR080,2024-10,13684658.41,13579877.08,1.0077,15,4,100005.52,17,25759.36,4.1,0.9488,GA,Southeast
ACB-BR080,2024-11,14975706.79,13579877.08,1.1028,12,22,89476.21,17,28189.57,,0.9202,GA,Southeast
ACB-BR080,2024-12,15175317.83,13579877.08,1.1175,0,23,103348.17,17,28565.3,4.0,0.9384,GA,Southeast
ACB-BR080,2025-01,16092067.54,13579877.08,1.185,12,16,109765.02,17,30290.95,4.1,0.8787,GA,Southeast
ACB-BR080,2025-02,12379849.04,13579877.08,0.9116,10,16,106046.22,17,23303.25,4.4,0.8958,GA,Southeast
ACB-BR080,2025-03,15592480.71,13579877.08,1.1482,7,23,93545.6,17,29350.55,3.2,0.9426,GA,Southeast
ACB-BR080,2025-04,16463764.57,13579877.08,1.2124,15,22,85407.05,17,30990.62,4.5,0.9769,GA,Southeast
ACB-BR080,2025-05,15906846.28,13579877.08,1.1714,6,31,98819.64,17,29942.3,4.1,0.83,GA,Southeast
ACB-BR080,2025-06,12300291.05,13579877.08,0.9058,22,7,104567.31,17,23153.49,4.2,0.7891,GA,Southeast
ACB-BR080,2025-07,14091995.7,13579877.08,1.0377,0,4,108039.85,17,26526.11,,0.9816,GA,Southeast
ACB-BR080,2025-08,13183779.79,13579877.08,0.9708,9,20,92882.36,17,24816.53,4.3,0.9473,GA,Southeast
ACB-BR080,2025-09,14410443.7,13579877.08,1.0612,13,4,91453.42,17,27125.54,4.4,0.8581,GA,Southeast
ACB-BR080,2025-10,12881853.96,13579877.08,0.9486,8,6,98599.29,17,24248.2,4.3,0.9504,GA,Southeast
ACB-BR080,2025-11,13985959.85,13579877.08,1.0299,14,18,93359.75,17,26326.51,4.6,0.8428,GA,Southeast
ACB-BR080,2025-12,14894216.82,13579877.08,1.0968,23,3,83557.01,17,28036.17,4.1,0.8344,GA,Southeast
ACB-BR080,2026-01,16358299.35,13579877.08,1.2046,14,6,115296.84,17,30792.09,3.4,0.9711,GA,Southeast
ACB-BR080,2026-02,16893336.65,13579877.08,1.244,15,27,95252.3,17,31799.22,4.2,0.9914,GA,Southeast
ACB-BR080,2026-03,16402560.22,13579877.08,1.2079,15,23,101919.94,17,30875.41,4.5,0.9621,GA,Southeast
