customer_id,cluster,cluster_label
ACB-C000001,1,Stable Core Customer
ACB-C000002,0,Premium / Multi-Product
ACB-C000003,3,High Risk / Low Engagement
ACB-C000004,1,Stable Core Customer
ACB-C000005,1,Stable Core Customer
ACB-C000006,3,High Risk / Low Engagement
ACB-C000007,3,High Risk / Low Engagement
ACB-C000008,1,Stable Core Customer
ACB-C000009,1,Stable Core Customer
ACB-C000010,0,Premium / Multi-Product
ACB-C000011,0,Premium / Multi-Product
ACB-C000012,3,High Risk / Low Engagement
ACB-C000013,2,Developing / Building Credit
ACB-C000014,1,Stable Core Customer
ACB-C000015,0,Premium / Multi-Product
ACB-C000016,3,High Risk / Low Engagement
ACB-C000017,0,Premium / Multi-Product
ACB-C000018,1,Stable Core Customer
ACB-C000019,0,Premium / Multi-Product
ACB-C000020,0,Premium / Multi-Product
ACB-C000021,3,High Risk / Low Engagement
ACB-C000022,1,Stable Core Customer
ACB-C000023,1,Stable Core Customer
ACB-C000024,3,High Risk / Low Engagement
ACB-C000025,3,High Risk / Low Engagement
ACB-C000026,1,Stable Core Customer
ACB-C000027,0,Premium / Multi-Product
ACB-C000028,1,Stable Core Customer
ACB-C000029,0,Premium / Multi-Product
ACB-C000030,0,Premium / Multi-Product
ACB-C000031,3,High Risk / Low Engagement
ACB-C000032,0,Premium / Multi-Product
ACB-C000033,3,High Risk / Low Engagement
ACB-C000034,1,Stable Core Customer
ACB-C000035,3,High Risk / Low Engagement
ACB-C000036,1,Stable Core Customer
ACB-C000037,3,High Risk / Low Engagement
ACB-C000038,0,Premium / Multi-Product
ACB-C000039,0,Premium / Multi-Product
ACB-C000040,0,Premium / Multi-Product
ACB-C000041,0,Premium / Multi-Product
ACB-C000042,0,Premium / Multi-Product
ACB-C000043,1,Stable Core Customer
ACB-C000044,1,Stable Core Customer
ACB-C000045,0,Premium / Multi-Product
ACB-C000046,0,Premium / Multi-Product
ACB-C000047,1,Stable Core Customer
ACB-C000048,0,Premium / Multi-Product
ACB-C000049,1,Stable Core Customer
ACB-C000050,3,High Risk / Low Engagement
ACB-C000051,0,Premium / Multi-Product
ACB-C000052,3,High Risk / Low Engagement
ACB-C000053,0,Premium / Multi-Product
ACB-C000054,3,High Risk / Low Engagement
ACB-C000055,1,Stable Core Customer
ACB-C000056,1,Stable Core Customer
ACB-C000057,3,High Risk / Low Engagement
ACB-C000058,1,Stable Core Customer
ACB-C000059,1,Stable Core Customer
ACB-C000060,3,High Risk / Low Engagement
ACB-C000061,3,High Risk / Low Engagement
ACB-C000062,1,Stable Core Customer
ACB-C000063,3,High Risk / Low Engagement
ACB-C000064,0,Premium / Multi-Product
ACB-C000065,3,High Risk / Low Engagement
ACB-C000066,0,Premium / Multi-Product
ACB-C000067,1,Stable Core Customer
ACB-C000068,1,Stable Core Customer
ACB-C000069,1,Stable Core Customer
ACB-C000070,3,High Risk / Low Engagement
ACB-C000071,0,Premium / Multi-Product
ACB-C000072,0,Premium / Multi-Product
ACB-C000073,1,Stable Core Customer
ACB-C000074,3,High Risk / Low Engagement
ACB-C000075,0,Premium / Multi-Product
ACB-C000076,1,Stable Core Customer
ACB-C000077,0,Premium / Multi-Product
ACB-C000078,0,Premium / Multi-Product
ACB-C000079,0,Premium / Multi-Product
ACB-C000080,1,Stable Core Customer
ACB-C000081,3,High Risk / Low Engagement
ACB-C000082,3,High Risk / Low Engagement
ACB-C000083,1,Stable Core Customer
ACB-C000084,0,Premium / Multi-Product
ACB-C000085,0,Premium / Multi-Product
ACB-C000086,0,Premium / Multi-Product
ACB-C000087,0,Premium / Multi-Product
ACB-C000088,0,Premium / Multi-Product
ACB-C000089,3,High Risk / Low Engagement
ACB-C000090,1,Stable Core Customer
ACB-C000091,0,Premium / Multi-Product
ACB-C000092,3,High Risk / Low Engagement
ACB-C000093,0,Premium / Multi-Product
ACB-C000094,1,Stable Core Customer
ACB-C000095,3,High Risk / Low Engagement
ACB-C000096,1,Stable Core Customer
ACB-C000097,3,High Risk / Low Engagement
ACB-C000098,0,Premium / Multi-Product
ACB-C000099,3,High Risk / Low Engagement
ACB-C000100,3,High Risk / Low Engagement
ACB-C000101,0,Premium / Multi-Product
ACB-C000102,0,Premium / Multi-Product
ACB-C000103,1,Stable Core Customer
ACB-C000104,0,Premium / Multi-Product
ACB-C000105,3,High Risk / Low Engagement
ACB-C000106,0,Premium / Multi-Product
ACB-C000107,0,Premium / Multi-Product
ACB-C000108,0,Premium / Multi-Product
ACB-C000109,1,Stable Core Customer
ACB-C000110,0,Premium / Multi-Product
ACB-C000111,0,Premium / Multi-Product
ACB-C000112,1,Stable Core Customer
ACB-C000113,0,Premium / Multi-Product
ACB-C000114,0,Premium / Multi-Product
ACB-C000115,3,High Risk / Low Engagement
ACB-C000116,2,Developing / Building Credit
ACB-C000117,1,Stable Core Customer
ACB-C000118,1,Stable Core Customer
ACB-C000119,0,Premium / Multi-Product
ACB-C000120,1,Stable Core Customer
ACB-C000121,0,Premium / Multi-Product
ACB-C000122,0,Premium / Multi-Product
ACB-C000123,3,High Risk / Low Engagement
ACB-C000124,1,Stable Core Customer
ACB-C000125,3,High Risk / Low Engagement
ACB-C000126,3,High Risk / Low Engagement
ACB-C000127,0,Premium / Multi-Product
ACB-C000128,0,Premium / Multi-Product
ACB-C000129,3,High Risk / Low Engagement
ACB-C000130,1,Stable Core Customer
ACB-C000131,0,Premium / Multi-Product
ACB-C000132,2,Developing / Building Credit
ACB-C000133,3,High Risk / Low Engagement
ACB-C000134,0,Premium / Multi-Product
ACB-C000135,1,Stable Core Customer
ACB-C000136,0,Premium / Multi-Product
ACB-C000137,1,Stable Core Customer
ACB-C000138,3,High Risk / Low Engagement
ACB-C000139,3,High Risk / Low Engagement
ACB-C000140,0,Premium / Multi-Product
ACB-C000141,3,High Risk / Low Engagement
ACB-C000142,3,High Risk / Low Engagement
ACB-C000143,0,Premium / Multi-Product
ACB-C000144,1,Stable Core Customer
ACB-C000145,3,High Risk / Low Engagement
ACB-C000146,0,Premium / Multi-Product
ACB-C000147,1,Stable Core Customer
ACB-C000148,0,Premium / Multi-Product
ACB-C000149,2,Developing / Building Credit
ACB-C000150,0,Premium / Multi-Product
ACB-C000151,1,Stable Core Customer
ACB-C000152,0,Premium / Multi-Product
ACB-C000153,2,Developing / Building Credit
ACB-C000154,0,Premium / Multi-Product
ACB-C000155,0,Premium / Multi-Product
ACB-C000156,0,Premium / Multi-Product
ACB-C000157,0,Premium / Multi-Product
ACB-C000158,1,Stable Core Customer
ACB-C000159,1,Stable Core Customer
ACB-C000160,1,Stable Core Customer
ACB-C000161,1,Stable Core Customer
ACB-C000162,3,High Risk / Low Engagement
ACB-C000163,3,High Risk / Low Engagement
ACB-C000164,0,Premium / Multi-Product
ACB-C000165,3,High Risk / Low Engagement
ACB-C000166,3,High Risk / Low Engagement
ACB-C000167,3,High Risk / Low Engagement
ACB-C000168,3,High Risk / Low Engagement
ACB-C000169,3,High Risk / Low Engagement
ACB-C000170,0,Premium / Multi-Product
ACB-C000171,1,Stable Core Customer
ACB-C000172,3,High Risk / Low Engagement
ACB-C000173,0,Premium / Multi-Product
ACB-C000174,1,Stable Core Customer
ACB-C000175,2,Developing / Building Credit
ACB-C000176,0,Premium / Multi-Product
ACB-C000177,0,Premium / Multi-Product
ACB-C000178,1,Stable Core Customer
ACB-C000179,0,Premium / Multi-Product
ACB-C000180,0,Premium / Multi-Product
ACB-C000181,0,Premium / Multi-Product
ACB-C000182,3,High Risk / Low Engagement
ACB-C000183,0,Premium / Multi-Product
ACB-C000184,0,Premium / Multi-Product
ACB-C000185,1,Stable Core Customer
ACB-C000186,0,Premium / Multi-Product
ACB-C000187,1,Stable Core Customer
ACB-C000188,0,Premium / Multi-Product
ACB-C000189,0,Premium / Multi-Product
ACB-C000190,0,Premium / Multi-Product
ACB-C000191,0,Premium / Multi-Product
ACB-C000192,0,Premium / Multi-Product
ACB-C000193,1,Stable Core Customer
ACB-C000194,3,High Risk / Low Engagement
ACB-C000195,1,Stable Core Customer
ACB-C000196,3,High Risk / Low Engagement
ACB-C000197,3,High Risk / Low Engagement
ACB-C000198,2,Developing / Building Credit
ACB-C000199,3,High Risk / Low Engagement
ACB-C000200,0,Premium / Multi-Product
ACB-C000201,3,High Risk / Low Engagement
ACB-C000202,1,Stable Core Customer
ACB-C000203,3,High Risk / Low Engagement
ACB-C000204,0,Premium / Multi-Product
ACB-C000205,3,High Risk / Low Engagement
ACB-C000206,1,Stable Core Customer
ACB-C000207,1,Stable Core Customer
ACB-C000208,3,High Risk / Low Engagement
ACB-C000209,0,Premium / Multi-Product
ACB-C000210,0,Premium / Multi-Product
ACB-C000211,3,High Risk / Low Engagement
ACB-C000212,0,Premium / Multi-Product
ACB-C000213,0,Premium / Multi-Product
ACB-C000214,3,High Risk / Low Engagement
ACB-C000215,1,Stable Core Customer
ACB-C000216,0,Premium / Multi-Product
ACB-C000217,0,Premium / Multi-Product
ACB-C000218,0,Premium / Multi-Product
ACB-C000219,0,Premium / Multi-Product
ACB-C000220,0,Premium / Multi-Product
ACB-C000221,1,Stable Core Customer
ACB-C000222,3,High Risk / Low Engagement
ACB-C000223,2,Developing / Building Credit
ACB-C000224,2,Developing / Building Credit
ACB-C000225,1,Stable Core Customer
ACB-C000226,0,Premium / Multi-Product
ACB-C000227,3,High Risk / Low Engagement
ACB-C000228,1,Stable Core Customer
ACB-C000229,3,High Risk / Low Engagement
ACB-C000230,0,Premium / Multi-Product
ACB-C000231,1,Stable Core Customer
ACB-C000232,0,Premium / Multi-Product
ACB-C000233,2,Developing / Building Credit
ACB-C000234,0,Premium / Multi-Product
ACB-C000235,1,Stable Core Customer
ACB-C000236,1,Stable Core Customer
ACB-C000237,3,High Risk / Low Engagement
ACB-C000238,0,Premium / Multi-Product
ACB-C000239,0,Premium / Multi-Product
ACB-C000240,0,Premium / Multi-Product
ACB-C000241,2,Developing / Building Credit
ACB-C000242,0,Premium / Multi-Product
ACB-C000243,3,High Risk / Low Engagement
ACB-C000244,2,Developing / Building Credit
ACB-C000245,3,High Risk / Low Engagement
ACB-C000246,3,High Risk / Low Engagement
ACB-C000247,3,High Risk / Low Engagement
ACB-C000248,0,Premium / Multi-Product
ACB-C000249,1,Stable Core Customer
ACB-C000250,3,High Risk / Low Engagement
ACB-C000251,1,Stable Core Customer
ACB-C000252,0,Premium / Multi-Product
ACB-C000253,3,High Risk / Low Engagement
ACB-C000254,1,Stable Core Customer
ACB-C000255,3,High Risk / Low Engagement
ACB-C000256,0,Premium / Multi-Product
ACB-C000257,3,High Risk / Low Engagement
ACB-C000258,0,Premium / Multi-Product
ACB-C000259,1,Stable Core Customer
ACB-C000260,3,High Risk / Low Engagement
ACB-C000261,0,Premium / Multi-Product
ACB-C000262,0,Premium / Multi-Product
ACB-C000263,3,High Risk / Low Engagement
ACB-C000264,0,Premium / Multi-Product
ACB-C000265,1,Stable Core Customer
ACB-C000266,1,Stable Core Customer
ACB-C000267,0,Premium / Multi-Product
ACB-C000268,0,Premium / Multi-Product
ACB-C000269,3,High Risk / Low Engagement
ACB-C000270,0,Premium / Multi-Product
ACB-C000271,0,Premium / Multi-Product
ACB-C000272,0,Premium / Multi-Product
ACB-C000273,0,Premium / Multi-Product
ACB-C000274,3,High Risk / Low Engagement
ACB-C000275,1,Stable Core Customer
ACB-C000276,3,High Risk / Low Engagement
ACB-C000277,1,Stable Core Customer
ACB-C000278,3,High Risk / Low Engagement
ACB-C000279,0,Premium / Multi-Product
ACB-C000280,2,Developing / Building Credit
ACB-C000281,1,Stable Core Customer
ACB-C000282,0,Premium / Multi-Product
ACB-C000283,2,Developing / Building Credit
ACB-C000284,0,Premium / Multi-Product
ACB-C000285,3,High Risk / Low Engagement
ACB-C000286,1,Stable Core Customer
ACB-C000287,0,Premium / Multi-Product
ACB-C000288,3,High Risk / Low Engagement
ACB-C000289,0,Premium / Multi-Product
ACB-C000290,2,Developing / Building Credit
ACB-C000291,1,Stable Core Customer
ACB-C000292,1,Stable Core Customer
ACB-C000293,0,Premium / Multi-Product
ACB-C000294,1,Stable Core Customer
ACB-C000295,3,High Risk / Low Engagement
ACB-C000296,3,High Risk / Low Engagement
ACB-C000297,2,Developing / Building Credit
ACB-C000298,3,High Risk / Low Engagement
ACB-C000299,0,Premium / Multi-Product
ACB-C000300,1,Stable Core Customer
ACB-C000301,3,High Risk / Low Engagement
ACB-C000302,1,Stable Core Customer
ACB-C000303,0,Premium / Multi-Product
ACB-C000304,1,Stable Core Customer
ACB-C000305,3,High Risk / Low Engagement
ACB-C000306,0,Premium / Multi-Product
ACB-C000307,1,Stable Core Customer
ACB-C000308,3,High Risk / Low Engagement
ACB-C000309,0,Premium / Multi-Product
ACB-C000310,0,Premium / Multi-Product
ACB-C000311,2,Developing / Building Credit
ACB-C000312,3,High Risk / Low Engagement
ACB-C000313,0,Premium / Multi-Product
ACB-C000314,0,Premium / Multi-Product
ACB-C000315,1,Stable Core Customer
ACB-C000316,0,Premium / Multi-Product
ACB-C000317,0,Premium / Multi-Product
ACB-C000318,0,Premium / Multi-Product
ACB-C000319,0,Premium / Multi-Product
ACB-C000320,3,High Risk / Low Engagement
ACB-C000321,0,Premium / Multi-Product
ACB-C000322,3,High Risk / Low Engagement
ACB-C000323,1,Stable Core Customer
ACB-C000324,2,Developing / Building Credit
ACB-C000325,0,Premium / Multi-Product
ACB-C000326,3,High Risk / Low Engagement
ACB-C000327,0,Premium / Multi-Product
ACB-C000328,3,High Risk / Low Engagement
ACB-C000329,2,Developing / Building Credit
ACB-C000330,0,Premium / Multi-Product
ACB-C000331,0,Premium / Multi-Product
ACB-C000332,0,Premium / Multi-Product
ACB-C000333,1,Stable Core Customer
ACB-C000334,0,Premium / Multi-Product
ACB-C000335,1,Stable Core Customer
ACB-C000336,0,Premium / Multi-Product
ACB-C000337,0,Premium / Multi-Product
ACB-C000338,1,Stable Core Customer
ACB-C000339,1,Stable Core Customer
ACB-C000340,1,Stable Core Customer
ACB-C000341,0,Premium / Multi-Product
ACB-C000342,3,High Risk / Low Engagement
ACB-C000343,1,Stable Core Customer
ACB-C000344,3,High Risk / Low Engagement
ACB-C000345,1,Stable Core Customer
ACB-C000346,0,Premium / Multi-Product
ACB-C000347,0,Premium / Multi-Product
ACB-C000348,0,Premium / Multi-Product
ACB-C000349,0,Premium / Multi-Product
ACB-C000350,0,Premium / Multi-Product
ACB-C000351,0,Premium / Multi-Product
ACB-C000352,3,High Risk / Low Engagement
ACB-C000353,1,Stable Core Customer
ACB-C000354,2,Developing / Building Credit
ACB-C000355,1,Stable Core Customer
ACB-C000356,3,High Risk / Low Engagement
ACB-C000357,1,Stable Core Customer
ACB-C000358,0,Premium / Multi-Product
ACB-C000359,3,High Risk / Low Engagement
ACB-C000360,0,Premium / Multi-Product
ACB-C000361,3,High Risk / Low Engagement
ACB-C000362,0,Premium / Multi-Product
ACB-C000363,1,Stable Core Customer
ACB-C000364,0,Premium / Multi-Product
ACB-C000365,0,Premium / Multi-Product
ACB-C000366,1,Stable Core Customer
ACB-C000367,0,Premium / Multi-Product
ACB-C000368,0,Premium / Multi-Product
ACB-C000369,1,Stable Core Customer
ACB-C000370,3,High Risk / Low Engagement
ACB-C000371,3,High Risk / Low Engagement
ACB-C000372,1,Stable Core Customer
ACB-C000373,3,High Risk / Low Engagement
ACB-C000374,1,Stable Core Customer
ACB-C000375,0,Premium / Multi-Product
ACB-C000376,0,Premium / Multi-Product
ACB-C000377,1,Stable Core Customer
ACB-C000378,3,High Risk / Low Engagement
ACB-C000379,0,Premium / Multi-Product
ACB-C000380,1,Stable Core Customer
ACB-C000381,0,Premium / Multi-Product
ACB-C000382,1,Stable Core Customer
ACB-C000383,3,High Risk / Low Engagement
ACB-C000384,3,High Risk / Low Engagement
ACB-C000385,0,Premium / Multi-Product
ACB-C000386,0,Premium / Multi-Product
ACB-C000387,1,Stable Core Customer
ACB-C000388,3,High Risk / Low Engagement
ACB-C000389,0,Premium / Multi-Product
ACB-C000390,3,High Risk / Low Engagement
ACB-C000391,1,Stable Core Customer
ACB-C000392,3,High Risk / Low Engagement
ACB-C000393,0,Premium / Multi-Product
ACB-C000394,1,Stable Core Customer
ACB-C000395,1,Stable Core Customer
ACB-C000396,3,High Risk / Low Engagement
ACB-C000397,1,Stable Core Customer
ACB-C000398,3,High Risk / Low Engagement
ACB-C000399,1,Stable Core Customer
ACB-C000400,3,High Risk / Low Engagement
ACB-C000401,3,High Risk / Low Engagement
ACB-C000402,3,High Risk / Low Engagement
ACB-C000403,0,Premium / Multi-Product
ACB-C000404,0,Premium / Multi-Product
ACB-C000405,3,High Risk / Low Engagement
ACB-C000406,1,Stable Core Customer
ACB-C000407,0,Premium / Multi-Product
ACB-C000408,0,Premium / Multi-Product
ACB-C000409,1,Stable Core Customer
ACB-C000410,0,Premium / Multi-Product
ACB-C000411,1,Stable Core Customer
ACB-C000412,0,Premium / Multi-Product
ACB-C000413,3,High Risk / Low Engagement
ACB-C000414,3,High Risk / Low Engagement
ACB-C000415,0,Premium / Multi-Product
ACB-C000416,1,Stable Core Customer
ACB-C000417,1,Stable Core Customer
ACB-C000418,3,High Risk / Low Engagement
ACB-C000419,1,Stable Core Customer
ACB-C000420,1,Stable Core Customer
ACB-C000421,3,High Risk / Low Engagement
ACB-C000422,1,Stable Core Customer
ACB-C000423,1,Stable Core Customer
ACB-C000424,3,High Risk / Low Engagement
ACB-C000425,3,High Risk / Low Engagement
ACB-C000426,1,Stable Core Customer
ACB-C000427,3,High Risk / Low Engagement
ACB-C000428,3,High Risk / Low Engagement
ACB-C000429,0,Premium / Multi-Product
ACB-C000430,0,Premium / Multi-Product
ACB-C000431,1,Stable Core Customer
ACB-C000432,3,High Risk / Low Engagement
ACB-C000433,0,Premium / Multi-Product
ACB-C000434,1,Stable Core Customer
ACB-C000435,3,High Risk / Low Engagement
ACB-C000436,3,High Risk / Low Engagement
ACB-C000437,0,Premium / Multi-Product
ACB-C000438,3,High Risk / Low Engagement
ACB-C000439,0,Premium / Multi-Product
ACB-C000440,0,Premium / Multi-Product
ACB-C000441,0,Premium / Multi-Product
ACB-C000442,3,High Risk / Low Engagement
ACB-C000443,0,Premium / Multi-Product
ACB-C000444,1,Stable Core Customer
ACB-C000445,0,Premium / Multi-Product
ACB-C000446,3,High Risk / Low Engagement
ACB-C000447,1,Stable Core Customer
ACB-C000448,1,Stable Core Customer
ACB-C000449,0,Premium / Multi-Product
ACB-C000450,0,Premium / Multi-Product
ACB-C000451,3,High Risk / Low Engagement
ACB-C000452,3,High Risk / Low Engagement
ACB-C000453,2,Developing / Building Credit
ACB-C000454,3,High Risk / Low Engagement
ACB-C000455,1,Stable Core Customer
ACB-C000456,1,Stable Core Customer
ACB-C000457,0,Premium / Multi-Product
ACB-C000458,0,Premium / Multi-Product
ACB-C000459,3,High Risk / Low Engagement
ACB-C000460,3,High Risk / Low Engagement
ACB-C000461,1,Stable Core Customer
ACB-C000462,0,Premium / Multi-Product
ACB-C000463,1,Stable Core Customer
ACB-C000464,1,Stable Core Customer
ACB-C000465,1,Stable Core Customer
ACB-C000466,1,Stable Core Customer
ACB-C000467,0,Premium / Multi-Product
ACB-C000468,1,Stable Core Customer
ACB-C000469,0,Premium / Multi-Product
ACB-C000470,3,High Risk / Low Engagement
ACB-C000471,3,High Risk / Low Engagement
ACB-C000472,0,Premium / Multi-Product
ACB-C000473,0,Premium / Multi-Product
ACB-C000474,1,Stable Core Customer
ACB-C000475,0,Premium / Multi-Product
ACB-C000476,3,High Risk / Low Engagement
ACB-C000477,3,High Risk / Low Engagement
ACB-C000478,0,Premium / Multi-Product
ACB-C000479,2,Developing / Building Credit
ACB-C000480,3,High Risk / Low Engagement
ACB-C000481,3,High Risk / Low Engagement
ACB-C000482,1,Stable Core Customer
ACB-C000483,3,High Risk / Low Engagement
ACB-C000484,3,High Risk / Low Engagement
ACB-C000485,0,Premium / Multi-Product
ACB-C000486,2,Developing / Building Credit
ACB-C000487,1,Stable Core Customer
ACB-C000488,0,Premium / Multi-Product
ACB-C000489,1,Stable Core Customer
ACB-C000490,0,Premium / Multi-Product
ACB-C000491,0,Premium / Multi-Product
ACB-C000492,1,Stable Core Customer
ACB-C000493,2,Developing / Building Credit
ACB-C000494,3,High Risk / Low Engagement
ACB-C000495,0,Premium / Multi-Product
ACB-C000496,0,Premium / Multi-Product
ACB-C000497,3,High Risk / Low Engagement
ACB-C000498,1,Stable Core Customer
ACB-C000499,0,Premium / Multi-Product
ACB-C000500,0,Premium / Multi-Product
ACB-C000501,2,Developing / Building Credit
ACB-C000502,1,Stable Core Customer
ACB-C000503,1,Stable Core Customer
ACB-C000504,3,High Risk / Low Engagement
ACB-C000505,0,Premium / Multi-Product
ACB-C000506,0,Premium / Multi-Product
ACB-C000507,0,Premium / Multi-Product
ACB-C000508,0,Premium / Multi-Product
ACB-C000509,0,Premium / Multi-Product
ACB-C000510,1,Stable Core Customer
ACB-C000511,0,Premium / Multi-Product
ACB-C000512,0,Premium / Multi-Product
ACB-C000513,0,Premium / Multi-Product
ACB-C000514,0,Premium / Multi-Product
ACB-C000515,0,Premium / Multi-Product
ACB-C000516,0,Premium / Multi-Product
ACB-C000517,0,Premium / Multi-Product
ACB-C000518,3,High Risk / Low Engagement
ACB-C000519,0,Premium / Multi-Product
ACB-C000520,0,Premium / Multi-Product
ACB-C000521,0,Premium / Multi-Product
ACB-C000522,2,Developing / Building Credit
ACB-C000523,0,Premium / Multi-Product
ACB-C000524,0,Premium / Multi-Product
ACB-C000525,0,Premium / Multi-Product
ACB-C000526,0,Premium / Multi-Product
ACB-C000527,0,Premium / Multi-Product
ACB-C000528,0,Premium / Multi-Product
ACB-C000529,1,Stable Core Customer
ACB-C000530,0,Premium / Multi-Product
ACB-C000531,0,Premium / Multi-Product
ACB-C000532,0,Premium / Multi-Product
ACB-C000533,0,Premium / Multi-Product
ACB-C000534,3,High Risk / Low Engagement
ACB-C000535,3,High Risk / Low Engagement
ACB-C000536,1,Stable Core Customer
ACB-C000537,1,Stable Core Customer
ACB-C000538,0,Premium / Multi-Product
ACB-C000539,1,Stable Core Customer
ACB-C000540,0,Premium / Multi-Product
ACB-C000541,3,High Risk / Low Engagement
ACB-C000542,1,Stable Core Customer
ACB-C000543,3,High Risk / Low Engagement
ACB-C000544,0,Premium / Multi-Product
ACB-C000545,3,High Risk / Low Engagement
ACB-C000546,0,Premium / Multi-Product
ACB-C000547,0,Premium / Multi-Product
ACB-C000548,3,High Risk / Low Engagement
ACB-C000549,0,Premium / Multi-Product
ACB-C000550,2,Developing / Building Credit
ACB-C000551,0,Premium / Multi-Product
ACB-C000552,3,High Risk / Low Engagement
ACB-C000553,1,Stable Core Customer
ACB-C000554,1,Stable Core Customer
ACB-C000555,1,Stable Core Customer
ACB-C000556,2,Developing / Building Credit
ACB-C000557,3,High Risk / Low Engagement
ACB-C000558,2,Developing / Building Credit
ACB-C000559,1,Stable Core Customer
ACB-C000560,2,Developing / Building Credit
ACB-C000561,0,Premium / Multi-Product
ACB-C000562,0,Premium / Multi-Product
ACB-C000563,1,Stable Core Customer
ACB-C000564,3,High Risk / Low Engagement
ACB-C000565,0,Premium / Multi-Product
ACB-C000566,0,Premium / Multi-Product
ACB-C000567,3,High Risk / Low Engagement
ACB-C000568,1,Stable Core Customer
ACB-C000569,0,Premium / Multi-Product
ACB-C000570,0,Premium / Multi-Product
ACB-C000571,0,Premium / Multi-Product
ACB-C000572,3,High Risk / Low Engagement
ACB-C000573,0,Premium / Multi-Product
ACB-C000574,0,Premium / Multi-Product
ACB-C000575,1,Stable Core Customer
ACB-C000576,3,High Risk / Low Engagement
ACB-C000577,1,Stable Core Customer
ACB-C000578,1,Stable Core Customer
ACB-C000579,3,High Risk / Low Engagement
ACB-C000580,0,Premium / Multi-Product
ACB-C000581,1,Stable Core Customer
ACB-C000582,3,High Risk / Low Engagement
ACB-C000583,0,Premium / Multi-Product
ACB-C000584,3,High Risk / Low Engagement
ACB-C000585,3,High Risk / Low Engagement
ACB-C000586,0,Premium / Multi-Product
ACB-C000587,0,Premium / Multi-Product
ACB-C000588,0,Premium / Multi-Product
ACB-C000589,3,High Risk / Low Engagement
ACB-C000590,3,High Risk / Low Engagement
ACB-C000591,0,Premium / Multi-Product
ACB-C000592,0,Premium / Multi-Product
ACB-C000593,0,Premium / Multi-Product
ACB-C000594,3,High Risk / Low Engagement
ACB-C000595,1,Stable Core Customer
ACB-C000596,0,Premium / Multi-Product
ACB-C000597,0,Premium / Multi-Product
ACB-C000598,3,High Risk / Low Engagement
ACB-C000599,0,Premium / Multi-Product
ACB-C000600,0,Premium / Multi-Product
ACB-C000601,0,Premium / Multi-Product
ACB-C000602,2,Developing / Building Credit
ACB-C000603,3,High Risk / Low Engagement
ACB-C000604,0,Premium / Multi-Product
ACB-C000605,0,Premium / Multi-Product
ACB-C000606,0,Premium / Multi-Product
ACB-C000607,3,High Risk / Low Engagement
ACB-C000608,3,High Risk / Low Engagement
ACB-C000609,1,Stable Core Customer
ACB-C000610,0,Premium / Multi-Product
ACB-C000611,3,High Risk / Low Engagement
ACB-C000612,0,Premium / Multi-Product
ACB-C000613,1,Stable Core Customer
ACB-C000614,3,High Risk / Low Engagement
ACB-C000615,3,High Risk / Low Engagement
ACB-C000616,1,Stable Core Customer
ACB-C000617,0,Premium / Multi-Product
ACB-C000618,0,Premium / Multi-Product
ACB-C000619,2,Developing / Building Credit
ACB-C000620,0,Premium / Multi-Product
ACB-C000621,1,Stable Core Customer
ACB-C000622,1,Stable Core Customer
ACB-C000623,3,High Risk / Low Engagement
ACB-C000624,0,Premium / Multi-Product
ACB-C000625,3,High Risk / Low Engagement
ACB-C000626,3,High Risk / Low Engagement
ACB-C000627,3,High Risk / Low Engagement
ACB-C000628,0,Premium / Multi-Product
ACB-C000629,3,High Risk / Low Engagement
ACB-C000630,0,Premium / Multi-Product
ACB-C000631,3,High Risk / Low Engagement
ACB-C000632,3,High Risk / Low Engagement
ACB-C000633,2,Developing / Building Credit
ACB-C000634,1,Stable Core Customer
ACB-C000635,1,Stable Core Customer
ACB-C000636,3,High Risk / Low Engagement
ACB-C000637,1,Stable Core Customer
ACB-C000638,1,Stable Core Customer
ACB-C000639,0,Premium / Multi-Product
ACB-C000640,1,Stable Core Customer
ACB-C000641,3,High Risk / Low Engagement
ACB-C000642,1,Stable Core Customer
ACB-C000643,2,Developing / Building Credit
ACB-C000644,0,Premium / Multi-Product
ACB-C000645,0,Premium / Multi-Product
ACB-C000646,0,Premium / Multi-Product
ACB-C000647,1,Stable Core Customer
ACB-C000648,0,Premium / Multi-Product
ACB-C000649,1,Stable Core Customer
ACB-C000650,0,Premium / Multi-Product
ACB-C000651,0,Premium / Multi-Product
ACB-C000652,1,Stable Core Customer
ACB-C000653,1,Stable Core Customer
ACB-C000654,0,Premium / Multi-Product
ACB-C000655,0,Premium / Multi-Product
ACB-C000656,0,Premium / Multi-Product
ACB-C000657,0,Premium / Multi-Product
ACB-C000658,2,Developing / Building Credit
ACB-C000659,3,High Risk / Low Engagement
ACB-C000660,0,Premium / Multi-Product
ACB-C000661,3,High Risk / Low Engagement
ACB-C000662,1,Stable Core Customer
ACB-C000663,3,High Risk / Low Engagement
ACB-C000664,3,High Risk / Low Engagement
ACB-C000665,3,High Risk / Low Engagement
ACB-C000666,3,High Risk / Low Engagement
ACB-C000667,0,Premium / Multi-Product
ACB-C000668,0,Premium / Multi-Product
ACB-C000669,0,Premium / Multi-Product
ACB-C000670,0,Premium / Multi-Product
ACB-C000671,0,Premium / Multi-Product
ACB-C000672,1,Stable Core Customer
ACB-C000673,0,Premium / Multi-Product
ACB-C000674,0,Premium / Multi-Product
ACB-C000675,2,Developing / Building Credit
ACB-C000676,0,Premium / Multi-Product
ACB-C000677,3,High Risk / Low Engagement
ACB-C000678,3,High Risk / Low Engagement
ACB-C000679,0,Premium / Multi-Product
ACB-C000680,0,Premium / Multi-Product
ACB-C000681,3,High Risk / Low Engagement
ACB-C000682,0,Premium / Multi-Product
ACB-C000683,3,High Risk / Low Engagement
ACB-C000684,0,Premium / Multi-Product
ACB-C000685,0,Premium / Multi-Product
ACB-C000686,3,High Risk / Low Engagement
ACB-C000687,3,High Risk / Low Engagement
ACB-C000688,0,Premium / Multi-Product
ACB-C000689,0,Premium / Multi-Product
ACB-C000690,2,Developing / Building Credit
ACB-C000691,0,Premium / Multi-Product
ACB-C000692,0,Premium / Multi-Product
ACB-C000693,1,Stable Core Customer
ACB-C000694,0,Premium / Multi-Product
ACB-C000695,0,Premium / Multi-Product
ACB-C000696,1,Stable Core Customer
ACB-C000697,3,High Risk / Low Engagement
ACB-C000698,1,Stable Core Customer
ACB-C000699,0,Premium / Multi-Product
ACB-C000700,0,Premium / Multi-Product
ACB-C000701,3,High Risk / Low Engagement
ACB-C000702,3,High Risk / Low Engagement
ACB-C000703,3,High Risk / Low Engagement
ACB-C000704,0,Premium / Multi-Product
ACB-C000705,3,High Risk / Low Engagement
ACB-C000706,3,High Risk / Low Engagement
ACB-C000707,0,Premium / Multi-Product
ACB-C000708,0,Premium / Multi-Product
ACB-C000709,1,Stable Core Customer
ACB-C000710,0,Premium / Multi-Product
ACB-C000711,3,High Risk / Low Engagement
ACB-C000712,0,Premium / Multi-Product
ACB-C000713,1,Stable Core Customer
ACB-C000714,1,Stable Core Customer
ACB-C000715,3,High Risk / Low Engagement
ACB-C000716,1,Stable Core Customer
ACB-C000717,0,Premium / Multi-Product
ACB-C000718,0,Premium / Multi-Product
ACB-C000719,3,High Risk / Low Engagement
ACB-C000720,0,Premium / Multi-Product
ACB-C000721,1,Stable Core Customer
ACB-C000722,0,Premium / Multi-Product
ACB-C000723,0,Premium / Multi-Product
ACB-C000724,3,High Risk / Low Engagement
ACB-C000725,3,High Risk / Low Engagement
ACB-C000726,0,Premium / Multi-Product
ACB-C000727,1,Stable Core Customer
ACB-C000728,1,Stable Core Customer
ACB-C000729,0,Premium / Multi-Product
ACB-C000730,1,Stable Core Customer
ACB-C000731,0,Premium / Multi-Product
ACB-C000732,0,Premium / Multi-Product
ACB-C000733,3,High Risk / Low Engagement
ACB-C000734,0,Premium / Multi-Product
ACB-C000735,3,High Risk / Low Engagement
ACB-C000736,3,High Risk / Low Engagement
ACB-C000737,1,Stable Core Customer
ACB-C000738,0,Premium / Multi-Product
ACB-C000739,0,Premium / Multi-Product
ACB-C000740,3,High Risk / Low Engagement
ACB-C000741,1,Stable Core Customer
ACB-C000742,3,High Risk / Low Engagement
ACB-C000743,3,High Risk / Low Engagement
ACB-C000744,0,Premium / Multi-Product
ACB-C000745,0,Premium / Multi-Product
ACB-C000746,3,High Risk / Low Engagement
ACB-C000747,1,Stable Core Customer
ACB-C000748,1,Stable Core Customer
ACB-C000749,3,High Risk / Low Engagement
ACB-C000750,0,Premium / Multi-Product
ACB-C000751,0,Premium / Multi-Product
ACB-C000752,2,Developing / Building Credit
ACB-C000753,1,Stable Core Customer
ACB-C000754,1,Stable Core Customer
ACB-C000755,1,Stable Core Customer
ACB-C000756,3,High Risk / Low Engagement
ACB-C000757,3,High Risk / Low Engagement
ACB-C000758,3,High Risk / Low Engagement
ACB-C000759,0,Premium / Multi-Product
ACB-C000760,0,Premium / Multi-Product
ACB-C000761,3,High Risk / Low Engagement
ACB-C000762,0,Premium / Multi-Product
ACB-C000763,0,Premium / Multi-Product
ACB-C000764,1,Stable Core Customer
ACB-C000765,3,High Risk / Low Engagement
ACB-C000766,3,High Risk / Low Engagement
ACB-C000767,0,Premium / Multi-Product
ACB-C000768,1,Stable Core Customer
ACB-C000769,0,Premium / Multi-Product
ACB-C000770,0,Premium / Multi-Product
ACB-C000771,0,Premium / Multi-Product
ACB-C000772,3,High Risk / Low Engagement
ACB-C000773,0,Premium / Multi-Product
ACB-C000774,0,Premium / Multi-Product
ACB-C000775,2,Developing / Building Credit
ACB-C000776,0,Premium / Multi-Product
ACB-C000777,2,Developing / Building Credit
ACB-C000778,0,Premium / Multi-Product
ACB-C000779,3,High Risk / Low Engagement
ACB-C000780,2,Developing / Building Credit
ACB-C000781,0,Premium / Multi-Product
ACB-C000782,0,Premium / Multi-Product
ACB-C000783,1,Stable Core Customer
ACB-C000784,1,Stable Core Customer
ACB-C000785,1,Stable Core Customer
ACB-C000786,0,Premium / Multi-Product
ACB-C000787,0,Premium / Multi-Product
ACB-C000788,3,High Risk / Low Engagement
ACB-C000789,0,Premium / Multi-Product
ACB-C000790,2,Developing / Building Credit
ACB-C000791,0,Premium / Multi-Product
ACB-C000792,3,High Risk / Low Engagement
ACB-C000793,0,Premium / Multi-Product
ACB-C000794,0,Premium / Multi-Product
ACB-C000795,0,Premium / Multi-Product
ACB-C000796,3,High Risk / Low Engagement
ACB-C000797,1,Stable Core Customer
ACB-C000798,2,Developing / Building Credit
ACB-C000799,1,Stable Core Customer
ACB-C000800,1,Stable Core Customer
ACB-C000801,1,Stable Core Customer
ACB-C000802,1,Stable Core Customer
ACB-C000803,0,Premium / Multi-Product
ACB-C000804,0,Premium / Multi-Product
ACB-C000805,3,High Risk / Low Engagement
ACB-C000806,1,Stable Core Customer
ACB-C000807,0,Premium / Multi-Product
ACB-C000808,1,Stable Core Customer
ACB-C000809,3,High Risk / Low Engagement
ACB-C000810,3,High Risk / Low Engagement
ACB-C000811,0,Premium / Multi-Product
ACB-C000812,3,High Risk / Low Engagement
ACB-C000813,0,Premium / Multi-Product
ACB-C000814,0,Premium / Multi-Product
ACB-C000815,3,High Risk / Low Engagement
ACB-C000816,1,Stable Core Customer
ACB-C000817,0,Premium / Multi-Product
ACB-C000818,2,Developing / Building Credit
ACB-C000819,0,Premium / Multi-Product
ACB-C000820,1,Stable Core Customer
ACB-C000821,0,Premium / Multi-Product
ACB-C000822,2,Developing / Building Credit
ACB-C000823,1,Stable Core Customer
ACB-C000824,3,High Risk / Low Engagement
ACB-C000825,0,Premium / Multi-Product
ACB-C000826,0,Premium / Multi-Product
ACB-C000827,0,Premium / Multi-Product
ACB-C000828,3,High Risk / Low Engagement
ACB-C000829,0,Premium / Multi-Product
ACB-C000830,1,Stable Core Customer
ACB-C000831,3,High Risk / Low Engagement
ACB-C000832,1,Stable Core Customer
ACB-C000833,3,High Risk / Low Engagement
ACB-C000834,1,Stable Core Customer
ACB-C000835,3,High Risk / Low Engagement
ACB-C000836,1,Stable Core Customer
ACB-C000837,3,High Risk / Low Engagement
ACB-C000838,1,Stable Core Customer
ACB-C000839,2,Developing / Building Credit
ACB-C000840,0,Premium / Multi-Product
ACB-C000841,3,High Risk / Low Engagement
ACB-C000842,0,Premium / Multi-Product
ACB-C000843,1,Stable Core Customer
ACB-C000844,1,Stable Core Customer
ACB-C000845,3,High Risk / Low Engagement
ACB-C000846,0,Premium / Multi-Product
ACB-C000847,0,Premium / Multi-Product
ACB-C000848,0,Premium / Multi-Product
ACB-C000849,0,Premium / Multi-Product
ACB-C000850,0,Premium / Multi-Product
ACB-C000851,0,Premium / Multi-Product
ACB-C000852,0,Premium / Multi-Product
ACB-C000853,3,High Risk / Low Engagement
ACB-C000854,2,Developing / Building Credit
ACB-C000855,0,Premium / Multi-Product
ACB-C000856,0,Premium / Multi-Product
ACB-C000857,0,Premium / Multi-Product
ACB-C000858,1,Stable Core Customer
ACB-C000859,1,Stable Core Customer
ACB-C000860,1,Stable Core Customer
ACB-C000861,1,Stable Core Customer
ACB-C000862,2,Developing / Building Credit
ACB-C000863,0,Premium / Multi-Product
ACB-C000864,1,Stable Core Customer
ACB-C000865,0,Premium / Multi-Product
ACB-C000866,1,Stable Core Customer
ACB-C000867,3,High Risk / Low Engagement
ACB-C000868,1,Stable Core Customer
ACB-C000869,1,Stable Core Customer
ACB-C000870,0,Premium / Multi-Product
ACB-C000871,0,Premium / Multi-Product
ACB-C000872,0,Premium / Multi-Product
ACB-C000873,1,Stable Core Customer
ACB-C000874,3,High Risk / Low Engagement
ACB-C000875,1,Stable Core Customer
ACB-C000876,0,Premium / Multi-Product
ACB-C000877,3,High Risk / Low Engagement
ACB-C000878,1,Stable Core Customer
ACB-C000879,3,High Risk / Low Engagement
ACB-C000880,1,Stable Core Customer
ACB-C000881,1,Stable Core Customer
ACB-C000882,3,High Risk / Low Engagement
ACB-C000883,1,Stable Core Customer
ACB-C000884,0,Premium / Multi-Product
ACB-C000885,1,Stable Core Customer
ACB-C000886,0,Premium / Multi-Product
ACB-C000887,1,Stable Core Customer
ACB-C000888,3,High Risk / Low Engagement
ACB-C000889,1,Stable Core Customer
ACB-C000890,0,Premium / Multi-Product
ACB-C000891,1,Stable Core Customer
ACB-C000892,3,High Risk / Low Engagement
ACB-C000893,0,Premium / Multi-Product
ACB-C000894,0,Premium / Multi-Product
ACB-C000895,3,High Risk / Low Engagement
ACB-C000896,3,High Risk / Low Engagement
ACB-C000897,0,Premium / Multi-Product
ACB-C000898,0,Premium / Multi-Product
ACB-C000899,0,Premium / Multi-Product
ACB-C000900,3,High Risk / Low Engagement
ACB-C000901,3,High Risk / Low Engagement
ACB-C000902,0,Premium / Multi-Product
ACB-C000903,1,Stable Core Customer
ACB-C000904,3,High Risk / Low Engagement
ACB-C000905,3,High Risk / Low Engagement
ACB-C000906,3,High Risk / Low Engagement
ACB-C000907,0,Premium / Multi-Product
ACB-C000908,1,Stable Core Customer
ACB-C000909,0,Premium / Multi-Product
ACB-C000910,1,Stable Core Customer
ACB-C000911,1,Stable Core Customer
ACB-C000912,3,High Risk / Low Engagement
ACB-C000913,1,Stable Core Customer
ACB-C000914,1,Stable Core Customer
ACB-C000915,0,Premium / Multi-Product
ACB-C000916,1,Stable Core Customer
ACB-C000917,3,High Risk / Low Engagement
ACB-C000918,1,Stable Core Customer
ACB-C000919,0,Premium / Multi-Product
ACB-C000920,3,High Risk / Low Engagement
ACB-C000921,3,High Risk / Low Engagement
ACB-C000922,1,Stable Core Customer
ACB-C000923,0,Premium / Multi-Product
ACB-C000924,0,Premium / Multi-Product
ACB-C000925,1,Stable Core Customer
ACB-C000926,1,Stable Core Customer
ACB-C000927,3,High Risk / Low Engagement
ACB-C000928,0,Premium / Multi-Product
ACB-C000929,3,High Risk / Low Engagement
ACB-C000930,3,High Risk / Low Engagement
ACB-C000931,0,Premium / Multi-Product
ACB-C000932,0,Premium / Multi-Product
ACB-C000933,3,High Risk / Low Engagement
ACB-C000934,0,Premium / Multi-Product
ACB-C000935,1,Stable Core Customer
ACB-C000936,1,Stable Core Customer
ACB-C000937,0,Premium / Multi-Product
ACB-C000938,3,High Risk / Low Engagement
ACB-C000939,1,Stable Core Customer
ACB-C000940,1,Stable Core Customer
ACB-C000941,3,High Risk / Low Engagement
ACB-C000942,1,Stable Core Customer
ACB-C000943,3,High Risk / Low Engagement
ACB-C000944,3,High Risk / Low Engagement
ACB-C000945,1,Stable Core Customer
ACB-C000946,3,High Risk / Low Engagement
ACB-C000947,0,Premium / Multi-Product
ACB-C000948,0,Premium / Multi-Product
ACB-C000949,1,Stable Core Customer
ACB-C000950,0,Premium / Multi-Product
ACB-C000951,3,High Risk / Low Engagement
ACB-C000952,0,Premium / Multi-Product
ACB-C000953,3,High Risk / Low Engagement
ACB-C000954,0,Premium / Multi-Product
ACB-C000955,1,Stable Core Customer
ACB-C000956,0,Premium / Multi-Product
ACB-C000957,0,Premium / Multi-Product
ACB-C000958,0,Premium / Multi-Product
ACB-C000959,0,Premium / Multi-Product
ACB-C000960,3,High Risk / Low Engagement
ACB-C000961,3,High Risk / Low Engagement
ACB-C000962,1,Stable Core Customer
ACB-C000963,1,Stable Core Customer
ACB-C000964,0,Premium / Multi-Product
ACB-C000965,0,Premium / Multi-Product
ACB-C000966,3,High Risk / Low Engagement
ACB-C000967,0,Premium / Multi-Product
ACB-C000968,0,Premium / Multi-Product
ACB-C000969,1,Stable Core Customer
ACB-C000970,0,Premium / Multi-Product
ACB-C000971,1,Stable Core Customer
ACB-C000972,1,Stable Core Customer
ACB-C000973,0,Premium / Multi-Product
ACB-C000974,0,Premium / Multi-Product
ACB-C000975,0,Premium / Multi-Product
ACB-C000976,0,Premium / Multi-Product
ACB-C000977,0,Premium / Multi-Product
ACB-C000978,3,High Risk / Low Engagement
ACB-C000979,0,Premium / Multi-Product
ACB-C000980,0,Premium / Multi-Product
ACB-C000981,0,Premium / Multi-Product
ACB-C000982,3,High Risk / Low Engagement
ACB-C000983,0,Premium / Multi-Product
ACB-C000984,1,Stable Core Customer
ACB-C000985,1,Stable Core Customer
ACB-C000986,1,Stable Core Customer
ACB-C000987,0,Premium / Multi-Product
ACB-C000988,0,Premium / Multi-Product
ACB-C000989,1,Stable Core Customer
ACB-C000990,3,High Risk / Low Engagement
ACB-C000991,1,Stable Core Customer
ACB-C000992,3,High Risk / Low Engagement
ACB-C000993,3,High Risk / Low Engagement
ACB-C000994,3,High Risk / Low Engagement
ACB-C000995,3,High Risk / Low Engagement
ACB-C000996,0,Premium / Multi-Product
ACB-C000997,3,High Risk / Low Engagement
ACB-C000998,0,Premium / Multi-Product
ACB-C000999,0,Premium / Multi-Product
ACB-C001000,3,High Risk / Low Engagement
ACB-C001001,0,Premium / Multi-Product
ACB-C001002,1,Stable Core Customer
ACB-C001003,1,Stable Core Customer
ACB-C001004,0,Premium / Multi-Product
ACB-C001005,2,Developing / Building Credit
ACB-C001006,0,Premium / Multi-Product
ACB-C001007,0,Premium / Multi-Product
ACB-C001008,0,Premium / Multi-Product
ACB-C001009,3,High Risk / Low Engagement
ACB-C001010,0,Premium / Multi-Product
ACB-C001011,3,High Risk / Low Engagement
ACB-C001012,0,Premium / Multi-Product
ACB-C001013,0,Premium / Multi-Product
ACB-C001014,1,Stable Core Customer
ACB-C001015,1,Stable Core Customer
ACB-C001016,0,Premium / Multi-Product
ACB-C001017,0,Premium / Multi-Product
ACB-C001018,1,Stable Core Customer
ACB-C001019,2,Developing / Building Credit
ACB-C001020,2,Developing / Building Credit
ACB-C001021,0,Premium / Multi-Product
ACB-C001022,0,Premium / Multi-Product
ACB-C001023,0,Premium / Multi-Product
ACB-C001024,3,High Risk / Low Engagement
ACB-C001025,3,High Risk / Low Engagement
ACB-C001026,3,High Risk / Low Engagement
ACB-C001027,1,Stable Core Customer
ACB-C001028,1,Stable Core Customer
ACB-C001029,1,Stable Core Customer
ACB-C001030,3,High Risk / Low Engagement
ACB-C001031,1,Stable Core Customer
ACB-C001032,3,High Risk / Low Engagement
ACB-C001033,2,Developing / Building Credit
ACB-C001034,0,Premium / Multi-Product
ACB-C001035,0,Premium / Multi-Product
ACB-C001036,0,Premium / Multi-Product
ACB-C001037,1,Stable Core Customer
ACB-C001038,0,Premium / Multi-Product
ACB-C001039,1,Stable Core Customer
ACB-C001040,1,Stable Core Customer
ACB-C001041,3,High Risk / Low Engagement
ACB-C001042,0,Premium / Multi-Product
ACB-C001043,3,High Risk / Low Engagement
ACB-C001044,1,Stable Core Customer
ACB-C001045,1,Stable Core Customer
ACB-C001046,0,Premium / Multi-Product
ACB-C001047,0,Premium / Multi-Product
ACB-C001048,0,Premium / Multi-Product
ACB-C001049,1,Stable Core Customer
ACB-C001050,3,High Risk / Low Engagement
ACB-C001051,0,Premium / Multi-Product
ACB-C001052,0,Premium / Multi-Product
ACB-C001053,3,High Risk / Low Engagement
ACB-C001054,0,Premium / Multi-Product
ACB-C001055,1,Stable Core Customer
ACB-C001056,3,High Risk / Low Engagement
ACB-C001057,1,Stable Core Customer
ACB-C001058,2,Developing / Building Credit
ACB-C001059,0,Premium / Multi-Product
ACB-C001060,3,High Risk / Low Engagement
ACB-C001061,0,Premium / Multi-Product
ACB-C001062,3,High Risk / Low Engagement
ACB-C001063,1,Stable Core Customer
ACB-C001064,1,Stable Core Customer
ACB-C001065,3,High Risk / Low Engagement
ACB-C001066,3,High Risk / Low Engagement
ACB-C001067,0,Premium / Multi-Product
ACB-C001068,3,High Risk / Low Engagement
ACB-C001069,1,Stable Core Customer
ACB-C001070,3,High Risk / Low Engagement
ACB-C001071,0,Premium / Multi-Product
ACB-C001072,0,Premium / Multi-Product
ACB-C001073,2,Developing / Building Credit
ACB-C001074,3,High Risk / Low Engagement
ACB-C001075,0,Premium / Multi-Product
ACB-C001076,0,Premium / Multi-Product
ACB-C001077,3,High Risk / Low Engagement
ACB-C001078,3,High Risk / Low Engagement
ACB-C001079,0,Premium / Multi-Product
ACB-C001080,1,Stable Core Customer
ACB-C001081,3,High Risk / Low Engagement
ACB-C001082,3,High Risk / Low Engagement
ACB-C001083,0,Premium / Multi-Product
ACB-C001084,2,Developing / Building Credit
ACB-C001085,0,Premium / Multi-Product
ACB-C001086,0,Premium / Multi-Product
ACB-C001087,3,High Risk / Low Engagement
ACB-C001088,1,Stable Core Customer
ACB-C001089,0,Premium / Multi-Product
ACB-C001090,1,Stable Core Customer
ACB-C001091,0,Premium / Multi-Product
ACB-C001092,3,High Risk / Low Engagement
ACB-C001093,0,Premium / Multi-Product
ACB-C001094,1,Stable Core Customer
ACB-C001095,3,High Risk / Low Engagement
ACB-C001096,2,Developing / Building Credit
ACB-C001097,3,High Risk / Low Engagement
ACB-C001098,0,Premium / Multi-Product
ACB-C001099,0,Premium / Multi-Product
ACB-C001100,0,Premium / Multi-Product
ACB-C001101,0,Premium / Multi-Product
ACB-C001102,3,High Risk / Low Engagement
ACB-C001103,1,Stable Core Customer
ACB-C001104,3,High Risk / Low Engagement
ACB-C001105,3,High Risk / Low Engagement
ACB-C001106,3,High Risk / Low Engagement
ACB-C001107,3,High Risk / Low Engagement
ACB-C001108,0,Premium / Multi-Product
ACB-C001109,0,Premium / Multi-Product
ACB-C001110,3,High Risk / Low Engagement
ACB-C001111,0,Premium / Multi-Product
ACB-C001112,3,High Risk / Low Engagement
ACB-C001113,0,Premium / Multi-Product
ACB-C001114,2,Developing / Building Credit
ACB-C001115,0,Premium / Multi-Product
ACB-C001116,3,High Risk / Low Engagement
ACB-C001117,1,Stable Core Customer
ACB-C001118,3,High Risk / Low Engagement
ACB-C001119,1,Stable Core Customer
ACB-C001120,0,Premium / Multi-Product
ACB-C001121,3,High Risk / Low Engagement
ACB-C001122,1,Stable Core Customer
ACB-C001123,3,High Risk / Low Engagement
ACB-C001124,1,Stable Core Customer
ACB-C001125,1,Stable Core Customer
ACB-C001126,0,Premium / Multi-Product
ACB-C001127,1,Stable Core Customer
ACB-C001128,0,Premium / Multi-Product
ACB-C001129,1,Stable Core Customer
ACB-C001130,3,High Risk / Low Engagement
ACB-C001131,1,Stable Core Customer
ACB-C001132,3,High Risk / Low Engagement
ACB-C001133,0,Premium / Multi-Product
ACB-C001134,3,High Risk / Low Engagement
ACB-C001135,3,High Risk / Low Engagement
ACB-C001136,1,Stable Core Customer
ACB-C001137,0,Premium / Multi-Product
ACB-C001138,3,High Risk / Low Engagement
ACB-C001139,1,Stable Core Customer
ACB-C001140,1,Stable Core Customer
ACB-C001141,0,Premium / Multi-Product
ACB-C001142,0,Premium / Multi-Product
ACB-C001143,3,High Risk / Low Engagement
ACB-C001144,2,Developing / Building Credit
ACB-C001145,1,Stable Core Customer
ACB-C001146,0,Premium / Multi-Product
ACB-C001147,3,High Risk / Low Engagement
ACB-C001148,3,High Risk / Low Engagement
ACB-C001149,0,Premium / Multi-Product
ACB-C001150,1,Stable Core Customer
ACB-C001151,2,Developing / Building Credit
ACB-C001152,1,Stable Core Customer
ACB-C001153,0,Premium / Multi-Product
ACB-C001154,0,Premium / Multi-Product
ACB-C001155,1,Stable Core Customer
ACB-C001156,1,Stable Core Customer
ACB-C001157,0,Premium / Multi-Product
ACB-C001158,0,Premium / Multi-Product
ACB-C001159,0,Premium / Multi-Product
ACB-C001160,1,Stable Core Customer
ACB-C001161,0,Premium / Multi-Product
ACB-C001162,0,Premium / Multi-Product
ACB-C001163,3,High Risk / Low Engagement
ACB-C001164,0,Premium / Multi-Product
ACB-C001165,3,High Risk / Low Engagement
ACB-C001166,1,Stable Core Customer
ACB-C001167,1,Stable Core Customer
ACB-C001168,2,Developing / Building Credit
ACB-C001169,3,High Risk / Low Engagement
ACB-C001170,1,Stable Core Customer
ACB-C001171,1,Stable Core Customer
ACB-C001172,3,High Risk / Low Engagement
ACB-C001173,0,Premium / Multi-Product
ACB-C001174,0,Premium / Multi-Product
ACB-C001175,2,Developing / Building Credit
ACB-C001176,0,Premium / Multi-Product
ACB-C001177,0,Premium / Multi-Product
ACB-C001178,0,Premium / Multi-Product
ACB-C001179,0,Premium / Multi-Product
ACB-C001180,3,High Risk / Low Engagement
ACB-C001181,1,Stable Core Customer
ACB-C001182,0,Premium / Multi-Product
ACB-C001183,1,Stable Core Customer
ACB-C001184,0,Premium / Multi-Product
ACB-C001185,0,Premium / Multi-Product
ACB-C001186,0,Premium / Multi-Product
ACB-C001187,3,High Risk / Low Engagement
ACB-C001188,3,High Risk / Low Engagement
ACB-C001189,3,High Risk / Low Engagement
ACB-C001190,0,Premium / Multi-Product
ACB-C001191,1,Stable Core Customer
ACB-C001192,0,Premium / Multi-Product
ACB-C001193,3,High Risk / Low Engagement
ACB-C001194,1,Stable Core Customer
ACB-C001195,2,Developing / Building Credit
ACB-C001196,3,High Risk / Low Engagement
ACB-C001197,3,High Risk / Low Engagement
ACB-C001198,3,High Risk / Low Engagement
ACB-C001199,0,Premium / Multi-Product
ACB-C001200,3,High Risk / Low Engagement
ACB-C001201,3,High Risk / Low Engagement
ACB-C001202,1,Stable Core Customer
ACB-C001203,3,High Risk / Low Engagement
ACB-C001204,2,Developing / Building Credit
ACB-C001205,2,Developing / Building Credit
ACB-C001206,3,High Risk / Low Engagement
ACB-C001207,0,Premium / Multi-Product
ACB-C001208,0,Premium / Multi-Product
ACB-C001209,0,Premium / Multi-Product
ACB-C001210,3,High Risk / Low Engagement
ACB-C001211,1,Stable Core Customer
ACB-C001212,1,Stable Core Customer
ACB-C001213,0,Premium / Multi-Product
ACB-C001214,0,Premium / Multi-Product
ACB-C001215,0,Premium / Multi-Product
ACB-C001216,0,Premium / Multi-Product
ACB-C001217,1,Stable Core Customer
ACB-C001218,0,Premium / Multi-Product
ACB-C001219,2,Developing / Building Credit
ACB-C001220,0,Premium / Multi-Product
ACB-C001221,0,Premium / Multi-Product
ACB-C001222,0,Premium / Multi-Product
ACB-C001223,3,High Risk / Low Engagement
ACB-C001224,0,Premium / Multi-Product
ACB-C001225,0,Premium / Multi-Product
ACB-C001226,0,Premium / Multi-Product
ACB-C001227,0,Premium / Multi-Product
ACB-C001228,0,Premium / Multi-Product
ACB-C001229,3,High Risk / Low Engagement
ACB-C001230,1,Stable Core Customer
ACB-C001231,3,High Risk / Low Engagement
ACB-C001232,0,Premium / Multi-Product
ACB-C001233,0,Premium / Multi-Product
ACB-C001234,3,High Risk / Low Engagement
ACB-C001235,0,Premium / Multi-Product
ACB-C001236,1,Stable Core Customer
ACB-C001237,1,Stable Core Customer
ACB-C001238,0,Premium / Multi-Product
ACB-C001239,0,Premium / Multi-Product
ACB-C001240,0,Premium / Multi-Product
ACB-C001241,0,Premium / Multi-Product
ACB-C001242,3,High Risk / Low Engagement
ACB-C001243,0,Premium / Multi-Product
ACB-C001244,3,High Risk / Low Engagement
ACB-C001245,0,Premium / Multi-Product
ACB-C001246,0,Premium / Multi-Product
ACB-C001247,1,Stable Core Customer
ACB-C001248,0,Premium / Multi-Product
ACB-C001249,0,Premium / Multi-Product
ACB-C001250,1,Stable Core Customer
ACB-C001251,1,Stable Core Customer
ACB-C001252,0,Premium / Multi-Product
ACB-C001253,1,Stable Core Customer
ACB-C001254,0,Premium / Multi-Product
ACB-C001255,3,High Risk / Low Engagement
ACB-C001256,2,Developing / Building Credit
ACB-C001257,3,High Risk / Low Engagement
ACB-C001258,0,Premium / Multi-Product
ACB-C001259,1,Stable Core Customer
ACB-C001260,0,Premium / Multi-Product
ACB-C001261,0,Premium / Multi-Product
ACB-C001262,0,Premium / Multi-Product
ACB-C001263,2,Developing / Building Credit
ACB-C001264,3,High Risk / Low Engagement
ACB-C001265,3,High Risk / Low Engagement
ACB-C001266,3,High Risk / Low Engagement
ACB-C001267,2,Developing / Building Credit
ACB-C001268,0,Premium / Multi-Product
ACB-C001269,0,Premium / Multi-Product
ACB-C001270,1,Stable Core Customer
ACB-C001271,1,Stable Core Customer
ACB-C001272,0,Premium / Multi-Product
ACB-C001273,1,Stable Core Customer
ACB-C001274,0,Premium / Multi-Product
ACB-C001275,3,High Risk / Low Engagement
ACB-C001276,3,High Risk / Low Engagement
ACB-C001277,1,Stable Core Customer
ACB-C001278,3,High Risk / Low Engagement
ACB-C001279,3,High Risk / Low Engagement
ACB-C001280,3,High Risk / Low Engagement
ACB-C001281,0,Premium / Multi-Product
ACB-C001282,0,Premium / Multi-Product
ACB-C001283,0,Premium / Multi-Product
ACB-C001284,1,Stable Core Customer
ACB-C001285,0,Premium / Multi-Product
ACB-C001286,3,High Risk / Low Engagement
ACB-C001287,2,Developing / Building Credit
ACB-C001288,3,High Risk / Low Engagement
ACB-C001289,0,Premium / Multi-Product
ACB-C001290,0,Premium / Multi-Product
ACB-C001291,1,Stable Core Customer
ACB-C001292,3,High Risk / Low Engagement
ACB-C001293,3,High Risk / Low Engagement
ACB-C001294,0,Premium / Multi-Product
ACB-C001295,0,Premium / Multi-Product
ACB-C001296,1,Stable Core Customer
ACB-C001297,0,Premium / Multi-Product
ACB-C001298,0,Premium / Multi-Product
ACB-C001299,1,Stable Core Customer
ACB-C001300,0,Premium / Multi-Product
ACB-C001301,0,Premium / Multi-Product
ACB-C001302,3,High Risk / Low Engagement
ACB-C001303,3,High Risk / Low Engagement
ACB-C001304,3,High Risk / Low Engagement
ACB-C001305,0,Premium / Multi-Product
ACB-C001306,0,Premium / Multi-Product
ACB-C001307,1,Stable Core Customer
ACB-C001308,0,Premium / Multi-Product
ACB-C001309,0,Premium / Multi-Product
ACB-C001310,0,Premium / Multi-Product
ACB-C001311,3,High Risk / Low Engagement
ACB-C001312,3,High Risk / Low Engagement
ACB-C001313,0,Premium / Multi-Product
ACB-C001314,0,Premium / Multi-Product
ACB-C001315,3,High Risk / Low Engagement
ACB-C001316,1,Stable Core Customer
ACB-C001317,3,High Risk / Low Engagement
ACB-C001318,3,High Risk / Low Engagement
ACB-C001319,1,Stable Core Customer
ACB-C001320,1,Stable Core Customer
ACB-C001321,0,Premium / Multi-Product
ACB-C001322,0,Premium / Multi-Product
ACB-C001323,2,Developing / Building Credit
ACB-C001324,1,Stable Core Customer
ACB-C001325,3,High Risk / Low Engagement
ACB-C001326,3,High Risk / Low Engagement
ACB-C001327,1,Stable Core Customer
ACB-C001328,0,Premium / Multi-Product
ACB-C001329,0,Premium / Multi-Product
ACB-C001330,1,Stable Core Customer
ACB-C001331,0,Premium / Multi-Product
ACB-C001332,3,High Risk / Low Engagement
ACB-C001333,3,High Risk / Low Engagement
ACB-C001334,0,Premium / Multi-Product
ACB-C001335,3,High Risk / Low Engagement
ACB-C001336,2,Developing / Building Credit
ACB-C001337,1,Stable Core Customer
ACB-C001338,0,Premium / Multi-Product
ACB-C001339,3,High Risk / Low Engagement
ACB-C001340,0,Premium / Multi-Product
ACB-C001341,3,High Risk / Low Engagement
ACB-C001342,0,Premium / Multi-Product
ACB-C001343,0,Premium / Multi-Product
ACB-C001344,1,Stable Core Customer
ACB-C001345,0,Premium / Multi-Product
ACB-C001346,0,Premium / Multi-Product
ACB-C001347,1,Stable Core Customer
ACB-C001348,1,Stable Core Customer
ACB-C001349,0,Premium / Multi-Product
ACB-C001350,0,Premium / Multi-Product
ACB-C001351,0,Premium / Multi-Product
ACB-C001352,3,High Risk / Low Engagement
ACB-C001353,1,Stable Core Customer
ACB-C001354,0,Premium / Multi-Product
ACB-C001355,0,Premium / Multi-Product
ACB-C001356,2,Developing / Building Credit
ACB-C001357,0,Premium / Multi-Product
ACB-C001358,0,Premium / Multi-Product
ACB-C001359,0,Premium / Multi-Product
ACB-C001360,0,Premium / Multi-Product
ACB-C001361,3,High Risk / Low Engagement
ACB-C001362,3,High Risk / Low Engagement
ACB-C001363,0,Premium / Multi-Product
ACB-C001364,3,High Risk / Low Engagement
ACB-C001365,0,Premium / Multi-Product
ACB-C001366,3,High Risk / Low Engagement
ACB-C001367,3,High Risk / Low Engagement
ACB-C001368,0,Premium / Multi-Product
ACB-C001369,0,Premium / Multi-Product
ACB-C001370,0,Premium / Multi-Product
ACB-C001371,0,Premium / Multi-Product
ACB-C001372,1,Stable Core Customer
ACB-C001373,1,Stable Core Customer
ACB-C001374,1,Stable Core Customer
ACB-C001375,0,Premium / Multi-Product
ACB-C001376,1,Stable Core Customer
ACB-C001377,1,Stable Core Customer
ACB-C001378,0,Premium / Multi-Product
ACB-C001379,0,Premium / Multi-Product
ACB-C001380,3,High Risk / Low Engagement
ACB-C001381,3,High Risk / Low Engagement
ACB-C001382,3,High Risk / Low Engagement
ACB-C001383,3,High Risk / Low Engagement
ACB-C001384,0,Premium / Multi-Product
ACB-C001385,0,Premium / Multi-Product
ACB-C001386,3,High Risk / Low Engagement
ACB-C001387,3,High Risk / Low Engagement
ACB-C001388,1,Stable Core Customer
ACB-C001389,0,Premium / Multi-Product
ACB-C001390,3,High Risk / Low Engagement
ACB-C001391,0,Premium / Multi-Product
ACB-C001392,0,Premium / Multi-Product
ACB-C001393,3,High Risk / Low Engagement
ACB-C001394,3,High Risk / Low Engagement
ACB-C001395,0,Premium / Multi-Product
ACB-C001396,3,High Risk / Low Engagement
ACB-C001397,0,Premium / Multi-Product
ACB-C001398,0,Premium / Multi-Product
ACB-C001399,0,Premium / Multi-Product
ACB-C001400,2,Developing / Building Credit
ACB-C001401,0,Premium / Multi-Product
ACB-C001402,0,Premium / Multi-Product
ACB-C001403,3,High Risk / Low Engagement
ACB-C001404,1,Stable Core Customer
ACB-C001405,3,High Risk / Low Engagement
ACB-C001406,0,Premium / Multi-Product
ACB-C001407,0,Premium / Multi-Product
ACB-C001408,3,High Risk / Low Engagement
ACB-C001409,3,High Risk / Low Engagement
ACB-C001410,0,Premium / Multi-Product
ACB-C001411,3,High Risk / Low Engagement
ACB-C001412,0,Premium / Multi-Product
ACB-C001413,0,Premium / Multi-Product
ACB-C001414,0,Premium / Multi-Product
ACB-C001415,3,High Risk / Low Engagement
ACB-C001416,3,High Risk / Low Engagement
ACB-C001417,2,Developing / Building Credit
ACB-C001418,3,High Risk / Low Engagement
ACB-C001419,0,Premium / Multi-Product
ACB-C001420,0,Premium / Multi-Product
ACB-C001421,0,Premium / Multi-Product
ACB-C001422,0,Premium / Multi-Product
ACB-C001423,1,Stable Core Customer
ACB-C001424,3,High Risk / Low Engagement
ACB-C001425,1,Stable Core Customer
ACB-C001426,1,Stable Core Customer
ACB-C001427,3,High Risk / Low Engagement
ACB-C001428,0,Premium / Multi-Product
ACB-C001429,3,High Risk / Low Engagement
ACB-C001430,0,Premium / Multi-Product
ACB-C001431,0,Premium / Multi-Product
ACB-C001432,0,Premium / Multi-Product
ACB-C001433,0,Premium / Multi-Product
ACB-C001434,0,Premium / Multi-Product
ACB-C001435,0,Premium / Multi-Product
ACB-C001436,0,Premium / Multi-Product
ACB-C001437,0,Premium / Multi-Product
ACB-C001438,1,Stable Core Customer
ACB-C001439,0,Premium / Multi-Product
ACB-C001440,1,Stable Core Customer
ACB-C001441,0,Premium / Multi-Product
ACB-C001442,1,Stable Core Customer
ACB-C001443,1,Stable Core Customer
ACB-C001444,0,Premium / Multi-Product
ACB-C001445,1,Stable Core Customer
ACB-C001446,1,Stable Core Customer
ACB-C001447,0,Premium / Multi-Product
ACB-C001448,3,High Risk / Low Engagement
ACB-C001449,0,Premium / Multi-Product
ACB-C001450,0,Premium / Multi-Product
ACB-C001451,0,Premium / Multi-Product
ACB-C001452,3,High Risk / Low Engagement
ACB-C001453,3,High Risk / Low Engagement
ACB-C001454,0,Premium / Multi-Product
ACB-C001455,0,Premium / Multi-Product
ACB-C001456,3,High Risk / Low Engagement
ACB-C001457,0,Premium / Multi-Product
ACB-C001458,3,High Risk / Low Engagement
ACB-C001459,1,Stable Core Customer
ACB-C001460,0,Premium / Multi-Product
ACB-C001461,0,Premium / Multi-Product
ACB-C001462,1,Stable Core Customer
ACB-C001463,3,High Risk / Low Engagement
ACB-C001464,0,Premium / Multi-Product
ACB-C001465,3,High Risk / Low Engagement
ACB-C001466,1,Stable Core Customer
ACB-C001467,3,High Risk / Low Engagement
ACB-C001468,3,High Risk / Low Engagement
ACB-C001469,0,Premium / Multi-Product
ACB-C001470,1,Stable Core Customer
ACB-C001471,3,High Risk / Low Engagement
ACB-C001472,0,Premium / Multi-Product
ACB-C001473,0,Premium / Multi-Product
ACB-C001474,3,High Risk / Low Engagement
ACB-C001475,1,Stable Core Customer
ACB-C001476,0,Premium / Multi-Product
ACB-C001477,0,Premium / Multi-Product
ACB-C001478,1,Stable Core Customer
ACB-C001479,1,Stable Core Customer
ACB-C001480,3,High Risk / Low Engagement
ACB-C001481,3,High Risk / Low Engagement
ACB-C001482,3,High Risk / Low Engagement
ACB-C001483,3,High Risk / Low Engagement
ACB-C001484,0,Premium / Multi-Product
ACB-C001485,0,Premium / Multi-Product
ACB-C001486,0,Premium / Multi-Product
ACB-C001487,2,Developing / Building Credit
ACB-C001488,0,Premium / Multi-Product
ACB-C001489,2,Developing / Building Credit
ACB-C001490,1,Stable Core Customer
ACB-C001491,0,Premium / Multi-Product
ACB-C001492,1,Stable Core Customer
ACB-C001493,3,High Risk / Low Engagement
ACB-C001494,0,Premium / Multi-Product
ACB-C001495,0,Premium / Multi-Product
ACB-C001496,3,High Risk / Low Engagement
ACB-C001497,0,Premium / Multi-Product
ACB-C001498,0,Premium / Multi-Product
ACB-C001499,0,Premium / Multi-Product
ACB-C001500,1,Stable Core Customer
ACB-C001501,0,Premium / Multi-Product
ACB-C001502,3,High Risk / Low Engagement
ACB-C001503,0,Premium / Multi-Product
ACB-C001504,0,Premium / Multi-Product
ACB-C001505,3,High Risk / Low Engagement
ACB-C001506,3,High Risk / Low Engagement
ACB-C001507,1,Stable Core Customer
ACB-C001508,0,Premium / Multi-Product
ACB-C001509,3,High Risk / Low Engagement
ACB-C001510,0,Premium / Multi-Product
ACB-C001511,1,Stable Core Customer
ACB-C001512,1,Stable Core Customer
ACB-C001513,1,Stable Core Customer
ACB-C001514,3,High Risk / Low Engagement
ACB-C001515,0,Premium / Multi-Product
ACB-C001516,1,Stable Core Customer
ACB-C001517,3,High Risk / Low Engagement
ACB-C001518,0,Premium / Multi-Product
ACB-C001519,1,Stable Core Customer
ACB-C001520,1,Stable Core Customer
ACB-C001521,1,Stable Core Customer
ACB-C001522,0,Premium / Multi-Product
ACB-C001523,0,Premium / Multi-Product
ACB-C001524,1,Stable Core Customer
ACB-C001525,3,High Risk / Low Engagement
ACB-C001526,1,Stable Core Customer
ACB-C001527,3,High Risk / Low Engagement
ACB-C001528,0,Premium / Multi-Product
ACB-C001529,1,Stable Core Customer
ACB-C001530,2,Developing / Building Credit
ACB-C001531,0,Premium / Multi-Product
ACB-C001532,0,Premium / Multi-Product
ACB-C001533,0,Premium / Multi-Product
ACB-C001534,3,High Risk / Low Engagement
ACB-C001535,3,High Risk / Low Engagement
ACB-C001536,0,Premium / Multi-Product
ACB-C001537,0,Premium / Multi-Product
ACB-C001538,3,High Risk / Low Engagement
ACB-C001539,0,Premium / Multi-Product
ACB-C001540,0,Premium / Multi-Product
ACB-C001541,1,Stable Core Customer
ACB-C001542,1,Stable Core Customer
ACB-C001543,0,Premium / Multi-Product
ACB-C001544,3,High Risk / Low Engagement
ACB-C001545,1,Stable Core Customer
ACB-C001546,0,Premium / Multi-Product
ACB-C001547,1,Stable Core Customer
ACB-C001548,3,High Risk / Low Engagement
ACB-C001549,1,Stable Core Customer
ACB-C001550,0,Premium / Multi-Product
ACB-C001551,3,High Risk / Low Engagement
ACB-C001552,0,Premium / Multi-Product
ACB-C001553,0,Premium / Multi-Product
ACB-C001554,2,Developing / Building Credit
ACB-C001555,2,Developing / Building Credit
ACB-C001556,3,High Risk / Low Engagement
ACB-C001557,1,Stable Core Customer
ACB-C001558,1,Stable Core Customer
ACB-C001559,0,Premium / Multi-Product
ACB-C001560,1,Stable Core Customer
ACB-C001561,0,Premium / Multi-Product
ACB-C001562,0,Premium / Multi-Product
ACB-C001563,0,Premium / Multi-Product
ACB-C001564,3,High Risk / Low Engagement
ACB-C001565,3,High Risk / Low Engagement
ACB-C001566,0,Premium / Multi-Product
ACB-C001567,1,Stable Core Customer
ACB-C001568,3,High Risk / Low Engagement
ACB-C001569,3,High Risk / Low Engagement
ACB-C001570,1,Stable Core Customer
ACB-C001571,3,High Risk / Low Engagement
ACB-C001572,3,High Risk / Low Engagement
ACB-C001573,3,High Risk / Low Engagement
ACB-C001574,0,Premium / Multi-Product
ACB-C001575,3,High Risk / Low Engagement
ACB-C001576,2,Developing / Building Credit
ACB-C001577,3,High Risk / Low Engagement
ACB-C001578,1,Stable Core Customer
ACB-C001579,0,Premium / Multi-Product
ACB-C001580,3,High Risk / Low Engagement
ACB-C001581,0,Premium / Multi-Product
ACB-C001582,0,Premium / Multi-Product
ACB-C001583,0,Premium / Multi-Product
ACB-C001584,3,High Risk / Low Engagement
ACB-C001585,3,High Risk / Low Engagement
ACB-C001586,1,Stable Core Customer
ACB-C001587,3,High Risk / Low Engagement
ACB-C001588,3,High Risk / Low Engagement
ACB-C001589,1,Stable Core Customer
ACB-C001590,1,Stable Core Customer
ACB-C001591,3,High Risk / Low Engagement
ACB-C001592,0,Premium / Multi-Product
ACB-C001593,0,Premium / Multi-Product
ACB-C001594,3,High Risk / Low Engagement
ACB-C001595,3,High Risk / Low Engagement
ACB-C001596,3,High Risk / Low Engagement
ACB-C001597,1,Stable Core Customer
ACB-C001598,0,Premium / Multi-Product
ACB-C001599,0,Premium / Multi-Product
ACB-C001600,3,High Risk / Low Engagement
ACB-C001601,0,Premium / Multi-Product
ACB-C001602,1,Stable Core Customer
ACB-C001603,0,Premium / Multi-Product
ACB-C001604,2,Developing / Building Credit
ACB-C001605,3,High Risk / Low Engagement
ACB-C001606,3,High Risk / Low Engagement
ACB-C001607,0,Premium / Multi-Product
ACB-C001608,2,Developing / Building Credit
ACB-C001609,1,Stable Core Customer
ACB-C001610,0,Premium / Multi-Product
ACB-C001611,1,Stable Core Customer
ACB-C001612,0,Premium / Multi-Product
ACB-C001613,0,Premium / Multi-Product
ACB-C001614,0,Premium / Multi-Product
ACB-C001615,0,Premium / Multi-Product
ACB-C001616,0,Premium / Multi-Product
ACB-C001617,1,Stable Core Customer
ACB-C001618,0,Premium / Multi-Product
ACB-C001619,0,Premium / Multi-Product
ACB-C001620,2,Developing / Building Credit
ACB-C001621,1,Stable Core Customer
ACB-C001622,3,High Risk / Low Engagement
ACB-C001623,0,Premium / Multi-Product
ACB-C001624,0,Premium / Multi-Product
ACB-C001625,3,High Risk / Low Engagement
ACB-C001626,0,Premium / Multi-Product
ACB-C001627,1,Stable Core Customer
ACB-C001628,1,Stable Core Customer
ACB-C001629,0,Premium / Multi-Product
ACB-C001630,3,High Risk / Low Engagement
ACB-C001631,1,Stable Core Customer
ACB-C001632,3,High Risk / Low Engagement
ACB-C001633,1,Stable Core Customer
ACB-C001634,3,High Risk / Low Engagement
ACB-C001635,3,High Risk / Low Engagement
ACB-C001636,3,High Risk / Low Engagement
ACB-C001637,3,High Risk / Low Engagement
ACB-C001638,0,Premium / Multi-Product
ACB-C001639,1,Stable Core Customer
ACB-C001640,2,Developing / Building Credit
ACB-C001641,3,High Risk / Low Engagement
ACB-C001642,0,Premium / Multi-Product
ACB-C001643,0,Premium / Multi-Product
ACB-C001644,3,High Risk / Low Engagement
ACB-C001645,0,Premium / Multi-Product
ACB-C001646,2,Developing / Building Credit
ACB-C001647,2,Developing / Building Credit
ACB-C001648,0,Premium / Multi-Product
ACB-C001649,3,High Risk / Low Engagement
ACB-C001650,3,High Risk / Low Engagement
ACB-C001651,3,High Risk / Low Engagement
ACB-C001652,0,Premium / Multi-Product
ACB-C001653,3,High Risk / Low Engagement
ACB-C001654,3,High Risk / Low Engagement
ACB-C001655,0,Premium / Multi-Product
ACB-C001656,0,Premium / Multi-Product
ACB-C001657,1,Stable Core Customer
ACB-C001658,0,Premium / Multi-Product
ACB-C001659,0,Premium / Multi-Product
ACB-C001660,0,Premium / Multi-Product
ACB-C001661,1,Stable Core Customer
ACB-C001662,1,Stable Core Customer
ACB-C001663,0,Premium / Multi-Product
ACB-C001664,1,Stable Core Customer
ACB-C001665,3,High Risk / Low Engagement
ACB-C001666,0,Premium / Multi-Product
ACB-C001667,0,Premium / Multi-Product
ACB-C001668,3,High Risk / Low Engagement
ACB-C001669,0,Premium / Multi-Product
ACB-C001670,3,High Risk / Low Engagement
ACB-C001671,0,Premium / Multi-Product
ACB-C001672,3,High Risk / Low Engagement
ACB-C001673,2,Developing / Building Credit
ACB-C001674,0,Premium / Multi-Product
ACB-C001675,3,High Risk / Low Engagement
ACB-C001676,3,High Risk / Low Engagement
ACB-C001677,0,Premium / Multi-Product
ACB-C001678,3,High Risk / Low Engagement
ACB-C001679,0,Premium / Multi-Product
ACB-C001680,0,Premium / Multi-Product
ACB-C001681,0,Premium / Multi-Product
ACB-C001682,0,Premium / Multi-Product
ACB-C001683,0,Premium / Multi-Product
ACB-C001684,1,Stable Core Customer
ACB-C001685,1,Stable Core Customer
ACB-C001686,0,Premium / Multi-Product
ACB-C001687,1,Stable Core Customer
ACB-C001688,3,High Risk / Low Engagement
ACB-C001689,0,Premium / Multi-Product
ACB-C001690,3,High Risk / Low Engagement
ACB-C001691,0,Premium / Multi-Product
ACB-C001692,1,Stable Core Customer
ACB-C001693,0,Premium / Multi-Product
ACB-C001694,0,Premium / Multi-Product
ACB-C001695,0,Premium / Multi-Product
ACB-C001696,1,Stable Core Customer
ACB-C001697,0,Premium / Multi-Product
ACB-C001698,3,High Risk / Low Engagement
ACB-C001699,0,Premium / Multi-Product
ACB-C001700,3,High Risk / Low Engagement
ACB-C001701,0,Premium / Multi-Product
ACB-C001702,0,Premium / Multi-Product
ACB-C001703,1,Stable Core Customer
ACB-C001704,1,Stable Core Customer
ACB-C001705,0,Premium / Multi-Product
ACB-C001706,3,High Risk / Low Engagement
ACB-C001707,0,Premium / Multi-Product
ACB-C001708,2,Developing / Building Credit
ACB-C001709,0,Premium / Multi-Product
ACB-C001710,0,Premium / Multi-Product
ACB-C001711,0,Premium / Multi-Product
ACB-C001712,3,High Risk / Low Engagement
ACB-C001713,0,Premium / Multi-Product
ACB-C001714,1,Stable Core Customer
ACB-C001715,1,Stable Core Customer
ACB-C001716,0,Premium / Multi-Product
ACB-C001717,0,Premium / Multi-Product
ACB-C001718,0,Premium / Multi-Product
ACB-C001719,1,Stable Core Customer
ACB-C001720,0,Premium / Multi-Product
ACB-C001721,0,Premium / Multi-Product
ACB-C001722,3,High Risk / Low Engagement
ACB-C001723,0,Premium / Multi-Product
ACB-C001724,0,Premium / Multi-Product
ACB-C001725,1,Stable Core Customer
ACB-C001726,3,High Risk / Low Engagement
ACB-C001727,1,Stable Core Customer
ACB-C001728,0,Premium / Multi-Product
ACB-C001729,3,High Risk / Low Engagement
ACB-C001730,0,Premium / Multi-Product
ACB-C001731,0,Premium / Multi-Product
ACB-C001732,1,Stable Core Customer
ACB-C001733,0,Premium / Multi-Product
ACB-C001734,3,High Risk / Low Engagement
ACB-C001735,3,High Risk / Low Engagement
ACB-C001736,1,Stable Core Customer
ACB-C001737,3,High Risk / Low Engagement
ACB-C001738,1,Stable Core Customer
ACB-C001739,0,Premium / Multi-Product
ACB-C001740,1,Stable Core Customer
ACB-C001741,1,Stable Core Customer
ACB-C001742,0,Premium / Multi-Product
ACB-C001743,1,Stable Core Customer
ACB-C001744,3,High Risk / Low Engagement
ACB-C001745,0,Premium / Multi-Product
ACB-C001746,3,High Risk / Low Engagement
ACB-C001747,1,Stable Core Customer
ACB-C001748,0,Premium / Multi-Product
ACB-C001749,3,High Risk / Low Engagement
ACB-C001750,3,High Risk / Low Engagement
ACB-C001751,0,Premium / Multi-Product
ACB-C001752,1,Stable Core Customer
ACB-C001753,1,Stable Core Customer
ACB-C001754,3,High Risk / Low Engagement
ACB-C001755,0,Premium / Multi-Product
ACB-C001756,1,Stable Core Customer
ACB-C001757,1,Stable Core Customer
ACB-C001758,0,Premium / Multi-Product
ACB-C001759,0,Premium / Multi-Product
ACB-C001760,3,High Risk / Low Engagement
ACB-C001761,3,High Risk / Low Engagement
ACB-C001762,3,High Risk / Low Engagement
ACB-C001763,0,Premium / Multi-Product
ACB-C001764,3,High Risk / Low Engagement
ACB-C001765,1,Stable Core Customer
ACB-C001766,1,Stable Core Customer
ACB-C001767,0,Premium / Multi-Product
ACB-C001768,0,Premium / Multi-Product
ACB-C001769,0,Premium / Multi-Product
ACB-C001770,0,Premium / Multi-Product
ACB-C001771,3,High Risk / Low Engagement
ACB-C001772,0,Premium / Multi-Product
ACB-C001773,0,Premium / Multi-Product
ACB-C001774,0,Premium / Multi-Product
ACB-C001775,3,High Risk / Low Engagement
ACB-C001776,1,Stable Core Customer
ACB-C001777,1,Stable Core Customer
ACB-C001778,1,Stable Core Customer
ACB-C001779,3,High Risk / Low Engagement
ACB-C001780,0,Premium / Multi-Product
ACB-C001781,0,Premium / Multi-Product
ACB-C001782,1,Stable Core Customer
ACB-C001783,3,High Risk / Low Engagement
ACB-C001784,1,Stable Core Customer
ACB-C001785,3,High Risk / Low Engagement
ACB-C001786,3,High Risk / Low Engagement
ACB-C001787,3,High Risk / Low Engagement
ACB-C001788,0,Premium / Multi-Product
ACB-C001789,3,High Risk / Low Engagement
ACB-C001790,2,Developing / Building Credit
ACB-C001791,0,Premium / Multi-Product
ACB-C001792,1,Stable Core Customer
ACB-C001793,1,Stable Core Customer
ACB-C001794,1,Stable Core Customer
ACB-C001795,0,Premium / Multi-Product
ACB-C001796,3,High Risk / Low Engagement
ACB-C001797,3,High Risk / Low Engagement
ACB-C001798,0,Premium / Multi-Product
ACB-C001799,1,Stable Core Customer
ACB-C001800,3,High Risk / Low Engagement
ACB-C001801,0,Premium / Multi-Product
ACB-C001802,0,Premium / Multi-Product
ACB-C001803,1,Stable Core Customer
ACB-C001804,0,Premium / Multi-Product
ACB-C001805,2,Developing / Building Credit
ACB-C001806,2,Developing / Building Credit
ACB-C001807,1,Stable Core Customer
ACB-C001808,2,Developing / Building Credit
ACB-C001809,1,Stable Core Customer
ACB-C001810,3,High Risk / Low Engagement
ACB-C001811,1,Stable Core Customer
ACB-C001812,0,Premium / Multi-Product
ACB-C001813,0,Premium / Multi-Product
ACB-C001814,0,Premium / Multi-Product
ACB-C001815,3,High Risk / Low Engagement
ACB-C001816,1,Stable Core Customer
ACB-C001817,0,Premium / Multi-Product
ACB-C001818,3,High Risk / Low Engagement
ACB-C001819,1,Stable Core Customer
ACB-C001820,0,Premium / Multi-Product
ACB-C001821,0,Premium / Multi-Product
ACB-C001822,3,High Risk / Low Engagement
ACB-C001823,1,Stable Core Customer
ACB-C001824,0,Premium / Multi-Product
ACB-C001825,1,Stable Core Customer
ACB-C001826,0,Premium / Multi-Product
ACB-C001827,3,High Risk / Low Engagement
ACB-C001828,0,Premium / Multi-Product
ACB-C001829,1,Stable Core Customer
ACB-C001830,0,Premium / Multi-Product
ACB-C001831,0,Premium / Multi-Product
ACB-C001832,1,Stable Core Customer
ACB-C001833,1,Stable Core Customer
ACB-C001834,3,High Risk / Low Engagement
ACB-C001835,1,Stable Core Customer
ACB-C001836,3,High Risk / Low Engagement
ACB-C001837,0,Premium / Multi-Product
ACB-C001838,3,High Risk / Low Engagement
ACB-C001839,0,Premium / Multi-Product
ACB-C001840,0,Premium / Multi-Product
ACB-C001841,0,Premium / Multi-Product
ACB-C001842,1,Stable Core Customer
ACB-C001843,3,High Risk / Low Engagement
ACB-C001844,0,Premium / Multi-Product
ACB-C001845,3,High Risk / Low Engagement
ACB-C001846,0,Premium / Multi-Product
ACB-C001847,0,Premium / Multi-Product
ACB-C001848,1,Stable Core Customer
ACB-C001849,0,Premium / Multi-Product
ACB-C001850,3,High Risk / Low Engagement
ACB-C001851,3,High Risk / Low Engagement
ACB-C001852,3,High Risk / Low Engagement
ACB-C001853,0,Premium / Multi-Product
ACB-C001854,2,Developing / Building Credit
ACB-C001855,3,High Risk / Low Engagement
ACB-C001856,2,Developing / Building Credit
ACB-C001857,1,Stable Core Customer
ACB-C001858,3,High Risk / Low Engagement
ACB-C001859,1,Stable Core Customer
ACB-C001860,3,High Risk / Low Engagement
ACB-C001861,1,Stable Core Customer
ACB-C001862,0,Premium / Multi-Product
ACB-C001863,0,Premium / Multi-Product
ACB-C001864,0,Premium / Multi-Product
ACB-C001865,0,Premium / Multi-Product
ACB-C001866,1,Stable Core Customer
ACB-C001867,1,Stable Core Customer
ACB-C001868,1,Stable Core Customer
ACB-C001869,0,Premium / Multi-Product
ACB-C001870,3,High Risk / Low Engagement
ACB-C001871,1,Stable Core Customer
ACB-C001872,3,High Risk / Low Engagement
ACB-C001873,3,High Risk / Low Engagement
ACB-C001874,1,Stable Core Customer
ACB-C001875,0,Premium / Multi-Product
ACB-C001876,3,High Risk / Low Engagement
ACB-C001877,3,High Risk / Low Engagement
ACB-C001878,1,Stable Core Customer
ACB-C001879,1,Stable Core Customer
ACB-C001880,0,Premium / Multi-Product
ACB-C001881,0,Premium / Multi-Product
ACB-C001882,2,Developing / Building Credit
ACB-C001883,0,Premium / Multi-Product
ACB-C001884,3,High Risk / Low Engagement
ACB-C001885,3,High Risk / Low Engagement
ACB-C001886,1,Stable Core Customer
ACB-C001887,0,Premium / Multi-Product
ACB-C001888,0,Premium / Multi-Product
ACB-C001889,0,Premium / Multi-Product
ACB-C001890,0,Premium / Multi-Product
ACB-C001891,0,Premium / Multi-Product
ACB-C001892,0,Premium / Multi-Product
ACB-C001893,1,Stable Core Customer
ACB-C001894,3,High Risk / Low Engagement
ACB-C001895,3,High Risk / Low Engagement
ACB-C001896,0,Premium / Multi-Product
ACB-C001897,0,Premium / Multi-Product
ACB-C001898,0,Premium / Multi-Product
ACB-C001899,2,Developing / Building Credit
ACB-C001900,3,High Risk / Low Engagement
ACB-C001901,0,Premium / Multi-Product
ACB-C001902,0,Premium / Multi-Product
ACB-C001903,1,Stable Core Customer
ACB-C001904,3,High Risk / Low Engagement
ACB-C001905,1,Stable Core Customer
ACB-C001906,2,Developing / Building Credit
ACB-C001907,3,High Risk / Low Engagement
ACB-C001908,1,Stable Core Customer
ACB-C001909,1,Stable Core Customer
ACB-C001910,0,Premium / Multi-Product
ACB-C001911,3,High Risk / Low Engagement
ACB-C001912,3,High Risk / Low Engagement
ACB-C001913,0,Premium / Multi-Product
ACB-C001914,0,Premium / Multi-Product
ACB-C001915,0,Premium / Multi-Product
ACB-C001916,0,Premium / Multi-Product
ACB-C001917,0,Premium / Multi-Product
ACB-C001918,0,Premium / Multi-Product
ACB-C001919,2,Developing / Building Credit
ACB-C001920,3,High Risk / Low Engagement
ACB-C001921,0,Premium / Multi-Product
ACB-C001922,0,Premium / Multi-Product
ACB-C001923,0,Premium / Multi-Product
ACB-C001924,3,High Risk / Low Engagement
ACB-C001925,0,Premium / Multi-Product
ACB-C001926,0,Premium / Multi-Product
ACB-C001927,1,Stable Core Customer
ACB-C001928,3,High Risk / Low Engagement
ACB-C001929,0,Premium / Multi-Product
ACB-C001930,0,Premium / Multi-Product
ACB-C001931,0,Premium / Multi-Product
ACB-C001932,0,Premium / Multi-Product
ACB-C001933,0,Premium / Multi-Product
ACB-C001934,0,Premium / Multi-Product
ACB-C001935,3,High Risk / Low Engagement
ACB-C001936,3,High Risk / Low Engagement
ACB-C001937,3,High Risk / Low Engagement
ACB-C001938,3,High Risk / Low Engagement
ACB-C001939,3,High Risk / Low Engagement
ACB-C001940,0,Premium / Multi-Product
ACB-C001941,0,Premium / Multi-Product
ACB-C001942,3,High Risk / Low Engagement
ACB-C001943,0,Premium / Multi-Product
ACB-C001944,0,Premium / Multi-Product
ACB-C001945,0,Premium / Multi-Product
ACB-C001946,0,Premium / Multi-Product
ACB-C001947,0,Premium / Multi-Product
ACB-C001948,2,Developing / Building Credit
ACB-C001949,1,Stable Core Customer
ACB-C001950,3,High Risk / Low Engagement
ACB-C001951,2,Developing / Building Credit
ACB-C001952,1,Stable Core Customer
ACB-C001953,1,Stable Core Customer
ACB-C001954,2,Developing / Building Credit
ACB-C001955,2,Developing / Building Credit
ACB-C001956,0,Premium / Multi-Product
ACB-C001957,0,Premium / Multi-Product
ACB-C001958,3,High Risk / Low Engagement
ACB-C001959,2,Developing / Building Credit
ACB-C001960,0,Premium / Multi-Product
ACB-C001961,3,High Risk / Low Engagement
ACB-C001962,3,High Risk / Low Engagement
ACB-C001963,0,Premium / Multi-Product
ACB-C001964,1,Stable Core Customer
ACB-C001965,1,Stable Core Customer
ACB-C001966,0,Premium / Multi-Product
ACB-C001967,0,Premium / Multi-Product
ACB-C001968,3,High Risk / Low Engagement
ACB-C001969,3,High Risk / Low Engagement
ACB-C001970,0,Premium / Multi-Product
ACB-C001971,3,High Risk / Low Engagement
ACB-C001972,0,Premium / Multi-Product
ACB-C001973,1,Stable Core Customer
ACB-C001974,0,Premium / Multi-Product
ACB-C001975,0,Premium / Multi-Product
ACB-C001976,1,Stable Core Customer
ACB-C001977,0,Premium / Multi-Product
ACB-C001978,0,Premium / Multi-Product
ACB-C001979,0,Premium / Multi-Product
ACB-C001980,3,High Risk / Low Engagement
ACB-C001981,3,High Risk / Low Engagement
ACB-C001982,1,Stable Core Customer
ACB-C001983,2,Developing / Building Credit
ACB-C001984,3,High Risk / Low Engagement
ACB-C001985,3,High Risk / Low Engagement
ACB-C001986,1,Stable Core Customer
ACB-C001987,3,High Risk / Low Engagement
ACB-C001988,3,High Risk / Low Engagement
ACB-C001989,0,Premium / Multi-Product
ACB-C001990,2,Developing / Building Credit
ACB-C001991,0,Premium / Multi-Product
ACB-C001992,0,Premium / Multi-Product
ACB-C001993,0,Premium / Multi-Product
ACB-C001994,1,Stable Core Customer
ACB-C001995,1,Stable Core Customer
ACB-C001996,0,Premium / Multi-Product
ACB-C001997,3,High Risk / Low Engagement
ACB-C001998,0,Premium / Multi-Product
ACB-C001999,1,Stable Core Customer
ACB-C002000,0,Premium / Multi-Product
ACB-C002001,1,Stable Core Customer
ACB-C002002,0,Premium / Multi-Product
ACB-C002003,1,Stable Core Customer
ACB-C002004,3,High Risk / Low Engagement
ACB-C002005,3,High Risk / Low Engagement
ACB-C002006,0,Premium / Multi-Product
ACB-C002007,0,Premium / Multi-Product
ACB-C002008,0,Premium / Multi-Product
ACB-C002009,3,High Risk / Low Engagement
ACB-C002010,3,High Risk / Low Engagement
ACB-C002011,0,Premium / Multi-Product
ACB-C002012,0,Premium / Multi-Product
ACB-C002013,0,Premium / Multi-Product
ACB-C002014,1,Stable Core Customer
ACB-C002015,0,Premium / Multi-Product
ACB-C002016,2,Developing / Building Credit
ACB-C002017,3,High Risk / Low Engagement
ACB-C002018,1,Stable Core Customer
ACB-C002019,3,High Risk / Low Engagement
ACB-C002020,1,Stable Core Customer
ACB-C002021,1,Stable Core Customer
ACB-C002022,0,Premium / Multi-Product
ACB-C002023,0,Premium / Multi-Product
ACB-C002024,3,High Risk / Low Engagement
ACB-C002025,0,Premium / Multi-Product
ACB-C002026,0,Premium / Multi-Product
ACB-C002027,0,Premium / Multi-Product
ACB-C002028,1,Stable Core Customer
ACB-C002029,3,High Risk / Low Engagement
ACB-C002030,3,High Risk / Low Engagement
ACB-C002031,0,Premium / Multi-Product
ACB-C002032,3,High Risk / Low Engagement
ACB-C002033,0,Premium / Multi-Product
ACB-C002034,0,Premium / Multi-Product
ACB-C002035,3,High Risk / Low Engagement
ACB-C002036,0,Premium / Multi-Product
ACB-C002037,1,Stable Core Customer
ACB-C002038,1,Stable Core Customer
ACB-C002039,2,Developing / Building Credit
ACB-C002040,0,Premium / Multi-Product
ACB-C002041,0,Premium / Multi-Product
ACB-C002042,3,High Risk / Low Engagement
ACB-C002043,3,High Risk / Low Engagement
ACB-C002044,0,Premium / Multi-Product
ACB-C002045,3,High Risk / Low Engagement
ACB-C002046,0,Premium / Multi-Product
ACB-C002047,3,High Risk / Low Engagement
ACB-C002048,3,High Risk / Low Engagement
ACB-C002049,3,High Risk / Low Engagement
ACB-C002050,0,Premium / Multi-Product
ACB-C002051,0,Premium / Multi-Product
ACB-C002052,0,Premium / Multi-Product
ACB-C002053,0,Premium / Multi-Product
ACB-C002054,1,Stable Core Customer
ACB-C002055,1,Stable Core Customer
ACB-C002056,0,Premium / Multi-Product
ACB-C002057,0,Premium / Multi-Product
ACB-C002058,0,Premium / Multi-Product
ACB-C002059,1,Stable Core Customer
ACB-C002060,1,Stable Core Customer
ACB-C002061,0,Premium / Multi-Product
ACB-C002062,0,Premium / Multi-Product
ACB-C002063,2,Developing / Building Credit
ACB-C002064,0,Premium / Multi-Product
ACB-C002065,1,Stable Core Customer
ACB-C002066,1,Stable Core Customer
ACB-C002067,3,High Risk / Low Engagement
ACB-C002068,2,Developing / Building Credit
ACB-C002069,0,Premium / Multi-Product
ACB-C002070,0,Premium / Multi-Product
ACB-C002071,0,Premium / Multi-Product
ACB-C002072,1,Stable Core Customer
ACB-C002073,3,High Risk / Low Engagement
ACB-C002074,3,High Risk / Low Engagement
ACB-C002075,0,Premium / Multi-Product
ACB-C002076,1,Stable Core Customer
ACB-C002077,0,Premium / Multi-Product
ACB-C002078,3,High Risk / Low Engagement
ACB-C002079,0,Premium / Multi-Product
ACB-C002080,0,Premium / Multi-Product
ACB-C002081,3,High Risk / Low Engagement
ACB-C002082,3,High Risk / Low Engagement
ACB-C002083,1,Stable Core Customer
ACB-C002084,0,Premium / Multi-Product
ACB-C002085,0,Premium / Multi-Product
ACB-C002086,0,Premium / Multi-Product
ACB-C002087,0,Premium / Multi-Product
ACB-C002088,0,Premium / Multi-Product
ACB-C002089,3,High Risk / Low Engagement
ACB-C002090,1,Stable Core Customer
ACB-C002091,3,High Risk / Low Engagement
ACB-C002092,3,High Risk / Low Engagement
ACB-C002093,3,High Risk / Low Engagement
ACB-C002094,1,Stable Core Customer
ACB-C002095,1,Stable Core Customer
ACB-C002096,1,Stable Core Customer
ACB-C002097,0,Premium / Multi-Product
ACB-C002098,0,Premium / Multi-Product
ACB-C002099,0,Premium / Multi-Product
ACB-C002100,1,Stable Core Customer
ACB-C002101,3,High Risk / Low Engagement
ACB-C002102,1,Stable Core Customer
ACB-C002103,1,Stable Core Customer
ACB-C002104,1,Stable Core Customer
ACB-C002105,0,Premium / Multi-Product
ACB-C002106,0,Premium / Multi-Product
ACB-C002107,0,Premium / Multi-Product
ACB-C002108,3,High Risk / Low Engagement
ACB-C002109,0,Premium / Multi-Product
ACB-C002110,1,Stable Core Customer
ACB-C002111,1,Stable Core Customer
ACB-C002112,1,Stable Core Customer
ACB-C002113,1,Stable Core Customer
ACB-C002114,0,Premium / Multi-Product
ACB-C002115,3,High Risk / Low Engagement
ACB-C002116,3,High Risk / Low Engagement
ACB-C002117,0,Premium / Multi-Product
ACB-C002118,0,Premium / Multi-Product
ACB-C002119,1,Stable Core Customer
ACB-C002120,0,Premium / Multi-Product
ACB-C002121,3,High Risk / Low Engagement
ACB-C002122,1,Stable Core Customer
ACB-C002123,1,Stable Core Customer
ACB-C002124,2,Developing / Building Credit
ACB-C002125,0,Premium / Multi-Product
ACB-C002126,3,High Risk / Low Engagement
ACB-C002127,0,Premium / Multi-Product
ACB-C002128,0,Premium / Multi-Product
ACB-C002129,1,Stable Core Customer
ACB-C002130,0,Premium / Multi-Product
ACB-C002131,1,Stable Core Customer
ACB-C002132,0,Premium / Multi-Product
ACB-C002133,0,Premium / Multi-Product
ACB-C002134,0,Premium / Multi-Product
ACB-C002135,2,Developing / Building Credit
ACB-C002136,2,Developing / Building Credit
ACB-C002137,0,Premium / Multi-Product
ACB-C002138,1,Stable Core Customer
ACB-C002139,3,High Risk / Low Engagement
ACB-C002140,0,Premium / Multi-Product
ACB-C002141,1,Stable Core Customer
ACB-C002142,2,Developing / Building Credit
ACB-C002143,0,Premium / Multi-Product
ACB-C002144,3,High Risk / Low Engagement
ACB-C002145,1,Stable Core Customer
ACB-C002146,1,Stable Core Customer
ACB-C002147,3,High Risk / Low Engagement
ACB-C002148,0,Premium / Multi-Product
ACB-C002149,0,Premium / Multi-Product
ACB-C002150,3,High Risk / Low Engagement
ACB-C002151,0,Premium / Multi-Product
ACB-C002152,1,Stable Core Customer
ACB-C002153,2,Developing / Building Credit
ACB-C002154,3,High Risk / Low Engagement
ACB-C002155,0,Premium / Multi-Product
ACB-C002156,3,High Risk / Low Engagement
ACB-C002157,0,Premium / Multi-Product
ACB-C002158,0,Premium / Multi-Product
ACB-C002159,1,Stable Core Customer
ACB-C002160,0,Premium / Multi-Product
ACB-C002161,0,Premium / Multi-Product
ACB-C002162,1,Stable Core Customer
ACB-C002163,1,Stable Core Customer
ACB-C002164,1,Stable Core Customer
ACB-C002165,3,High Risk / Low Engagement
ACB-C002166,2,Developing / Building Credit
ACB-C002167,0,Premium / Multi-Product
ACB-C002168,2,Developing / Building Credit
ACB-C002169,0,Premium / Multi-Product
ACB-C002170,3,High Risk / Low Engagement
ACB-C002171,0,Premium / Multi-Product
ACB-C002172,1,Stable Core Customer
ACB-C002173,0,Premium / Multi-Product
ACB-C002174,1,Stable Core Customer
ACB-C002175,1,Stable Core Customer
ACB-C002176,0,Premium / Multi-Product
ACB-C002177,3,High Risk / Low Engagement
ACB-C002178,3,High Risk / Low Engagement
ACB-C002179,1,Stable Core Customer
ACB-C002180,2,Developing / Building Credit
ACB-C002181,2,Developing / Building Credit
ACB-C002182,3,High Risk / Low Engagement
ACB-C002183,3,High Risk / Low Engagement
ACB-C002184,0,Premium / Multi-Product
ACB-C002185,3,High Risk / Low Engagement
ACB-C002186,1,Stable Core Customer
ACB-C002187,0,Premium / Multi-Product
ACB-C002188,3,High Risk / Low Engagement
ACB-C002189,1,Stable Core Customer
ACB-C002190,1,Stable Core Customer
ACB-C002191,0,Premium / Multi-Product
ACB-C002192,0,Premium / Multi-Product
ACB-C002193,0,Premium / Multi-Product
ACB-C002194,3,High Risk / Low Engagement
ACB-C002195,0,Premium / Multi-Product
ACB-C002196,1,Stable Core Customer
ACB-C002197,3,High Risk / Low Engagement
ACB-C002198,0,Premium / Multi-Product
ACB-C002199,0,Premium / Multi-Product
ACB-C002200,3,High Risk / Low Engagement
ACB-C002201,3,High Risk / Low Engagement
ACB-C002202,1,Stable Core Customer
ACB-C002203,3,High Risk / Low Engagement
ACB-C002204,0,Premium / Multi-Product
ACB-C002205,0,Premium / Multi-Product
ACB-C002206,3,High Risk / Low Engagement
ACB-C002207,3,High Risk / Low Engagement
ACB-C002208,0,Premium / Multi-Product
ACB-C002209,0,Premium / Multi-Product
ACB-C002210,1,Stable Core Customer
ACB-C002211,0,Premium / Multi-Product
ACB-C002212,0,Premium / Multi-Product
ACB-C002213,3,High Risk / Low Engagement
ACB-C002214,1,Stable Core Customer
ACB-C002215,1,Stable Core Customer
ACB-C002216,1,Stable Core Customer
ACB-C002217,1,Stable Core Customer
ACB-C002218,1,Stable Core Customer
ACB-C002219,3,High Risk / Low Engagement
ACB-C002220,1,Stable Core Customer
ACB-C002221,3,High Risk / Low Engagement
ACB-C002222,3,High Risk / Low Engagement
ACB-C002223,0,Premium / Multi-Product
ACB-C002224,1,Stable Core Customer
ACB-C002225,2,Developing / Building Credit
ACB-C002226,3,High Risk / Low Engagement
ACB-C002227,0,Premium / Multi-Product
ACB-C002228,0,Premium / Multi-Product
ACB-C002229,0,Premium / Multi-Product
ACB-C002230,1,Stable Core Customer
ACB-C002231,0,Premium / Multi-Product
ACB-C002232,0,Premium / Multi-Product
ACB-C002233,0,Premium / Multi-Product
ACB-C002234,1,Stable Core Customer
ACB-C002235,1,Stable Core Customer
ACB-C002236,0,Premium / Multi-Product
ACB-C002237,0,Premium / Multi-Product
ACB-C002238,0,Premium / Multi-Product
ACB-C002239,3,High Risk / Low Engagement
ACB-C002240,2,Developing / Building Credit
ACB-C002241,0,Premium / Multi-Product
ACB-C002242,1,Stable Core Customer
ACB-C002243,0,Premium / Multi-Product
ACB-C002244,3,High Risk / Low Engagement
ACB-C002245,0,Premium / Multi-Product
ACB-C002246,0,Premium / Multi-Product
ACB-C002247,3,High Risk / Low Engagement
ACB-C002248,3,High Risk / Low Engagement
ACB-C002249,0,Premium / Multi-Product
ACB-C002250,0,Premium / Multi-Product
ACB-C002251,1,Stable Core Customer
ACB-C002252,3,High Risk / Low Engagement
ACB-C002253,3,High Risk / Low Engagement
ACB-C002254,3,High Risk / Low Engagement
ACB-C002255,0,Premium / Multi-Product
ACB-C002256,3,High Risk / Low Engagement
ACB-C002257,3,High Risk / Low Engagement
ACB-C002258,2,Developing / Building Credit
ACB-C002259,0,Premium / Multi-Product
ACB-C002260,1,Stable Core Customer
ACB-C002261,0,Premium / Multi-Product
ACB-C002262,0,Premium / Multi-Product
ACB-C002263,0,Premium / Multi-Product
ACB-C002264,3,High Risk / Low Engagement
ACB-C002265,0,Premium / Multi-Product
ACB-C002266,0,Premium / Multi-Product
ACB-C002267,3,High Risk / Low Engagement
ACB-C002268,0,Premium / Multi-Product
ACB-C002269,1,Stable Core Customer
ACB-C002270,1,Stable Core Customer
ACB-C002271,1,Stable Core Customer
ACB-C002272,1,Stable Core Customer
ACB-C002273,3,High Risk / Low Engagement
ACB-C002274,0,Premium / Multi-Product
ACB-C002275,1,Stable Core Customer
ACB-C002276,1,Stable Core Customer
ACB-C002277,1,Stable Core Customer
ACB-C002278,0,Premium / Multi-Product
ACB-C002279,0,Premium / Multi-Product
ACB-C002280,0,Premium / Multi-Product
ACB-C002281,1,Stable Core Customer
ACB-C002282,0,Premium / Multi-Product
ACB-C002283,3,High Risk / Low Engagement
ACB-C002284,0,Premium / Multi-Product
ACB-C002285,1,Stable Core Customer
ACB-C002286,1,Stable Core Customer
ACB-C002287,1,Stable Core Customer
ACB-C002288,0,Premium / Multi-Product
ACB-C002289,0,Premium / Multi-Product
ACB-C002290,3,High Risk / Low Engagement
ACB-C002291,0,Premium / Multi-Product
ACB-C002292,0,Premium / Multi-Product
ACB-C002293,3,High Risk / Low Engagement
ACB-C002294,2,Developing / Building Credit
ACB-C002295,1,Stable Core Customer
ACB-C002296,0,Premium / Multi-Product
ACB-C002297,2,Developing / Building Credit
ACB-C002298,1,Stable Core Customer
ACB-C002299,1,Stable Core Customer
ACB-C002300,0,Premium / Multi-Product
ACB-C002301,1,Stable Core Customer
ACB-C002302,0,Premium / Multi-Product
ACB-C002303,3,High Risk / Low Engagement
ACB-C002304,0,Premium / Multi-Product
ACB-C002305,3,High Risk / Low Engagement
ACB-C002306,0,Premium / Multi-Product
ACB-C002307,3,High Risk / Low Engagement
ACB-C002308,3,High Risk / Low Engagement
ACB-C002309,1,Stable Core Customer
ACB-C002310,0,Premium / Multi-Product
ACB-C002311,1,Stable Core Customer
ACB-C002312,3,High Risk / Low Engagement
ACB-C002313,3,High Risk / Low Engagement
ACB-C002314,1,Stable Core Customer
ACB-C002315,1,Stable Core Customer
ACB-C002316,0,Premium / Multi-Product
ACB-C002317,0,Premium / Multi-Product
ACB-C002318,0,Premium / Multi-Product
ACB-C002319,0,Premium / Multi-Product
ACB-C002320,1,Stable Core Customer
ACB-C002321,0,Premium / Multi-Product
ACB-C002322,1,Stable Core Customer
ACB-C002323,3,High Risk / Low Engagement
ACB-C002324,1,Stable Core Customer
ACB-C002325,0,Premium / Multi-Product
ACB-C002326,2,Developing / Building Credit
ACB-C002327,3,High Risk / Low Engagement
ACB-C002328,0,Premium / Multi-Product
ACB-C002329,3,High Risk / Low Engagement
ACB-C002330,3,High Risk / Low Engagement
ACB-C002331,3,High Risk / Low Engagement
ACB-C002332,3,High Risk / Low Engagement
ACB-C002333,3,High Risk / Low Engagement
ACB-C002334,3,High Risk / Low Engagement
ACB-C002335,3,High Risk / Low Engagement
ACB-C002336,2,Developing / Building Credit
ACB-C002337,3,High Risk / Low Engagement
ACB-C002338,3,High Risk / Low Engagement
ACB-C002339,0,Premium / Multi-Product
ACB-C002340,0,Premium / Multi-Product
ACB-C002341,3,High Risk / Low Engagement
ACB-C002342,1,Stable Core Customer
ACB-C002343,1,Stable Core Customer
ACB-C002344,0,Premium / Multi-Product
ACB-C002345,3,High Risk / Low Engagement
ACB-C002346,1,Stable Core Customer
ACB-C002347,0,Premium / Multi-Product
ACB-C002348,1,Stable Core Customer
ACB-C002349,3,High Risk / Low Engagement
ACB-C002350,0,Premium / Multi-Product
ACB-C002351,1,Stable Core Customer
ACB-C002352,3,High Risk / Low Engagement
ACB-C002353,0,Premium / Multi-Product
ACB-C002354,0,Premium / Multi-Product
ACB-C002355,0,Premium / Multi-Product
ACB-C002356,3,High Risk / Low Engagement
ACB-C002357,1,Stable Core Customer
ACB-C002358,1,Stable Core Customer
ACB-C002359,2,Developing / Building Credit
ACB-C002360,3,High Risk / Low Engagement
ACB-C002361,3,High Risk / Low Engagement
ACB-C002362,1,Stable Core Customer
ACB-C002363,1,Stable Core Customer
ACB-C002364,0,Premium / Multi-Product
ACB-C002365,0,Premium / Multi-Product
ACB-C002366,1,Stable Core Customer
ACB-C002367,0,Premium / Multi-Product
ACB-C002368,2,Developing / Building Credit
ACB-C002369,1,Stable Core Customer
ACB-C002370,3,High Risk / Low Engagement
ACB-C002371,0,Premium / Multi-Product
ACB-C002372,3,High Risk / Low Engagement
ACB-C002373,3,High Risk / Low Engagement
ACB-C002374,0,Premium / Multi-Product
ACB-C002375,3,High Risk / Low Engagement
ACB-C002376,1,Stable Core Customer
ACB-C002377,0,Premium / Multi-Product
ACB-C002378,0,Premium / Multi-Product
ACB-C002379,2,Developing / Building Credit
ACB-C002380,0,Premium / Multi-Product
ACB-C002381,0,Premium / Multi-Product
ACB-C002382,0,Premium / Multi-Product
ACB-C002383,0,Premium / Multi-Product
ACB-C002384,0,Premium / Multi-Product
ACB-C002385,3,High Risk / Low Engagement
ACB-C002386,1,Stable Core Customer
ACB-C002387,3,High Risk / Low Engagement
ACB-C002388,0,Premium / Multi-Product
ACB-C002389,3,High Risk / Low Engagement
ACB-C002390,0,Premium / Multi-Product
ACB-C002391,1,Stable Core Customer
ACB-C002392,0,Premium / Multi-Product
ACB-C002393,3,High Risk / Low Engagement
ACB-C002394,3,High Risk / Low Engagement
ACB-C002395,3,High Risk / Low Engagement
ACB-C002396,2,Developing / Building Credit
ACB-C002397,3,High Risk / Low Engagement
ACB-C002398,1,Stable Core Customer
ACB-C002399,1,Stable Core Customer
ACB-C002400,2,Developing / Building Credit
ACB-C002401,0,Premium / Multi-Product
ACB-C002402,3,High Risk / Low Engagement
ACB-C002403,0,Premium / Multi-Product
ACB-C002404,0,Premium / Multi-Product
ACB-C002405,1,Stable Core Customer
ACB-C002406,3,High Risk / Low Engagement
ACB-C002407,0,Premium / Multi-Product
ACB-C002408,0,Premium / Multi-Product
ACB-C002409,3,High Risk / Low Engagement
ACB-C002410,3,High Risk / Low Engagement
ACB-C002411,3,High Risk / Low Engagement
ACB-C002412,0,Premium / Multi-Product
ACB-C002413,1,Stable Core Customer
ACB-C002414,3,High Risk / Low Engagement
ACB-C002415,3,High Risk / Low Engagement
ACB-C002416,1,Stable Core Customer
ACB-C002417,0,Premium / Multi-Product
ACB-C002418,3,High Risk / Low Engagement
ACB-C002419,3,High Risk / Low Engagement
ACB-C002420,1,Stable Core Customer
ACB-C002421,3,High Risk / Low Engagement
ACB-C002422,0,Premium / Multi-Product
ACB-C002423,0,Premium / Multi-Product
ACB-C002424,3,High Risk / Low Engagement
ACB-C002425,1,Stable Core Customer
ACB-C002426,3,High Risk / Low Engagement
ACB-C002427,3,High Risk / Low Engagement
ACB-C002428,3,High Risk / Low Engagement
ACB-C002429,3,High Risk / Low Engagement
ACB-C002430,0,Premium / Multi-Product
ACB-C002431,3,High Risk / Low Engagement
ACB-C002432,2,Developing / Building Credit
ACB-C002433,0,Premium / Multi-Product
ACB-C002434,1,Stable Core Customer
ACB-C002435,0,Premium / Multi-Product
ACB-C002436,1,Stable Core Customer
ACB-C002437,3,High Risk / Low Engagement
ACB-C002438,3,High Risk / Low Engagement
ACB-C002439,3,High Risk / Low Engagement
ACB-C002440,0,Premium / Multi-Product
ACB-C002441,1,Stable Core Customer
ACB-C002442,0,Premium / Multi-Product
ACB-C002443,0,Premium / Multi-Product
ACB-C002444,1,Stable Core Customer
ACB-C002445,3,High Risk / Low Engagement
ACB-C002446,0,Premium / Multi-Product
ACB-C002447,0,Premium / Multi-Product
ACB-C002448,0,Premium / Multi-Product
ACB-C002449,1,Stable Core Customer
ACB-C002450,3,High Risk / Low Engagement
ACB-C002451,2,Developing / Building Credit
ACB-C002452,3,High Risk / Low Engagement
ACB-C002453,3,High Risk / Low Engagement
ACB-C002454,0,Premium / Multi-Product
ACB-C002455,1,Stable Core Customer
ACB-C002456,0,Premium / Multi-Product
ACB-C002457,3,High Risk / Low Engagement
ACB-C002458,3,High Risk / Low Engagement
ACB-C002459,3,High Risk / Low Engagement
ACB-C002460,1,Stable Core Customer
ACB-C002461,3,High Risk / Low Engagement
ACB-C002462,0,Premium / Multi-Product
ACB-C002463,1,Stable Core Customer
ACB-C002464,1,Stable Core Customer
ACB-C002465,1,Stable Core Customer
ACB-C002466,3,High Risk / Low Engagement
ACB-C002467,0,Premium / Multi-Product
ACB-C002468,0,Premium / Multi-Product
ACB-C002469,2,Developing / Building Credit
ACB-C002470,0,Premium / Multi-Product
ACB-C002471,1,Stable Core Customer
ACB-C002472,1,Stable Core Customer
ACB-C002473,3,High Risk / Low Engagement
ACB-C002474,0,Premium / Multi-Product
ACB-C002475,3,High Risk / Low Engagement
ACB-C002476,0,Premium / Multi-Product
ACB-C002477,0,Premium / Multi-Product
ACB-C002478,0,Premium / Multi-Product
ACB-C002479,0,Premium / Multi-Product
ACB-C002480,3,High Risk / Low Engagement
ACB-C002481,1,Stable Core Customer
ACB-C002482,3,High Risk / Low Engagement
ACB-C002483,0,Premium / Multi-Product
ACB-C002484,3,High Risk / Low Engagement
ACB-C002485,0,Premium / Multi-Product
ACB-C002486,0,Premium / Multi-Product
ACB-C002487,3,High Risk / Low Engagement
ACB-C002488,3,High Risk / Low Engagement
ACB-C002489,0,Premium / Multi-Product
ACB-C002490,0,Premium / Multi-Product
ACB-C002491,0,Premium / Multi-Product
ACB-C002492,3,High Risk / Low Engagement
ACB-C002493,2,Developing / Building Credit
ACB-C002494,1,Stable Core Customer
ACB-C002495,0,Premium / Multi-Product
ACB-C002496,0,Premium / Multi-Product
ACB-C002497,0,Premium / Multi-Product
ACB-C002498,1,Stable Core Customer
ACB-C002499,0,Premium / Multi-Product
ACB-C002500,0,Premium / Multi-Product
ACB-C002501,1,Stable Core Customer
ACB-C002502,0,Premium / Multi-Product
ACB-C002503,3,High Risk / Low Engagement
ACB-C002504,0,Premium / Multi-Product
ACB-C002505,3,High Risk / Low Engagement
ACB-C002506,0,Premium / Multi-Product
ACB-C002507,0,Premium / Multi-Product
ACB-C002508,0,Premium / Multi-Product
ACB-C002509,0,Premium / Multi-Product
ACB-C002510,2,Developing / Building Credit
ACB-C002511,0,Premium / Multi-Product
ACB-C002512,1,Stable Core Customer
ACB-C002513,0,Premium / Multi-Product
ACB-C002514,0,Premium / Multi-Product
ACB-C002515,3,High Risk / Low Engagement
ACB-C002516,3,High Risk / Low Engagement
ACB-C002517,1,Stable Core Customer
ACB-C002518,1,Stable Core Customer
ACB-C002519,1,Stable Core Customer
ACB-C002520,0,Premium / Multi-Product
ACB-C002521,0,Premium / Multi-Product
ACB-C002522,0,Premium / Multi-Product
ACB-C002523,3,High Risk / Low Engagement
ACB-C002524,1,Stable Core Customer
ACB-C002525,0,Premium / Multi-Product
ACB-C002526,3,High Risk / Low Engagement
ACB-C002527,0,Premium / Multi-Product
ACB-C002528,1,Stable Core Customer
ACB-C002529,0,Premium / Multi-Product
ACB-C002530,0,Premium / Multi-Product
ACB-C002531,3,High Risk / Low Engagement
ACB-C002532,0,Premium / Multi-Product
ACB-C002533,1,Stable Core Customer
ACB-C002534,3,High Risk / Low Engagement
ACB-C002535,0,Premium / Multi-Product
ACB-C002536,2,Developing / Building Credit
ACB-C002537,3,High Risk / Low Engagement
ACB-C002538,0,Premium / Multi-Product
ACB-C002539,3,High Risk / Low Engagement
ACB-C002540,3,High Risk / Low Engagement
ACB-C002541,0,Premium / Multi-Product
ACB-C002542,0,Premium / Multi-Product
ACB-C002543,0,Premium / Multi-Product
ACB-C002544,2,Developing / Building Credit
ACB-C002545,0,Premium / Multi-Product
ACB-C002546,0,Premium / Multi-Product
ACB-C002547,3,High Risk / Low Engagement
ACB-C002548,3,High Risk / Low Engagement
ACB-C002549,1,Stable Core Customer
ACB-C002550,0,Premium / Multi-Product
ACB-C002551,0,Premium / Multi-Product
ACB-C002552,3,High Risk / Low Engagement
ACB-C002553,0,Premium / Multi-Product
ACB-C002554,0,Premium / Multi-Product
ACB-C002555,1,Stable Core Customer
ACB-C002556,3,High Risk / Low Engagement
ACB-C002557,1,Stable Core Customer
ACB-C002558,1,Stable Core Customer
ACB-C002559,1,Stable Core Customer
ACB-C002560,0,Premium / Multi-Product
ACB-C002561,0,Premium / Multi-Product
ACB-C002562,3,High Risk / Low Engagement
ACB-C002563,3,High Risk / Low Engagement
ACB-C002564,0,Premium / Multi-Product
ACB-C002565,3,High Risk / Low Engagement
ACB-C002566,0,Premium / Multi-Product
ACB-C002567,1,Stable Core Customer
ACB-C002568,0,Premium / Multi-Product
ACB-C002569,1,Stable Core Customer
ACB-C002570,3,High Risk / Low Engagement
ACB-C002571,0,Premium / Multi-Product
ACB-C002572,2,Developing / Building Credit
ACB-C002573,1,Stable Core Customer
ACB-C002574,0,Premium / Multi-Product
ACB-C002575,0,Premium / Multi-Product
ACB-C002576,1,Stable Core Customer
ACB-C002577,0,Premium / Multi-Product
ACB-C002578,0,Premium / Multi-Product
ACB-C002579,0,Premium / Multi-Product
ACB-C002580,1,Stable Core Customer
ACB-C002581,0,Premium / Multi-Product
ACB-C002582,0,Premium / Multi-Product
ACB-C002583,1,Stable Core Customer
ACB-C002584,3,High Risk / Low Engagement
ACB-C002585,0,Premium / Multi-Product
ACB-C002586,0,Premium / Multi-Product
ACB-C002587,0,Premium / Multi-Product
ACB-C002588,3,High Risk / Low Engagement
ACB-C002589,3,High Risk / Low Engagement
ACB-C002590,1,Stable Core Customer
ACB-C002591,0,Premium / Multi-Product
ACB-C002592,0,Premium / Multi-Product
ACB-C002593,3,High Risk / Low Engagement
ACB-C002594,0,Premium / Multi-Product
ACB-C002595,0,Premium / Multi-Product
ACB-C002596,3,High Risk / Low Engagement
ACB-C002597,3,High Risk / Low Engagement
ACB-C002598,1,Stable Core Customer
ACB-C002599,0,Premium / Multi-Product
ACB-C002600,0,Premium / Multi-Product
ACB-C002601,3,High Risk / Low Engagement
ACB-C002602,0,Premium / Multi-Product
ACB-C002603,0,Premium / Multi-Product
ACB-C002604,0,Premium / Multi-Product
ACB-C002605,3,High Risk / Low Engagement
ACB-C002606,3,High Risk / Low Engagement
ACB-C002607,0,Premium / Multi-Product
ACB-C002608,0,Premium / Multi-Product
ACB-C002609,0,Premium / Multi-Product
ACB-C002610,3,High Risk / Low Engagement
ACB-C002611,0,Premium / Multi-Product
ACB-C002612,3,High Risk / Low Engagement
ACB-C002613,0,Premium / Multi-Product
ACB-C002614,0,Premium / Multi-Product
ACB-C002615,3,High Risk / Low Engagement
ACB-C002616,1,Stable Core Customer
ACB-C002617,0,Premium / Multi-Product
ACB-C002618,1,Stable Core Customer
ACB-C002619,2,Developing / Building Credit
ACB-C002620,3,High Risk / Low Engagement
ACB-C002621,1,Stable Core Customer
ACB-C002622,3,High Risk / Low Engagement
ACB-C002623,2,Developing / Building Credit
ACB-C002624,2,Developing / Building Credit
ACB-C002625,3,High Risk / Low Engagement
ACB-C002626,1,Stable Core Customer
ACB-C002627,0,Premium / Multi-Product
ACB-C002628,1,Stable Core Customer
ACB-C002629,0,Premium / Multi-Product
ACB-C002630,1,Stable Core Customer
ACB-C002631,1,Stable Core Customer
ACB-C002632,1,Stable Core Customer
ACB-C002633,1,Stable Core Customer
ACB-C002634,0,Premium / Multi-Product
ACB-C002635,0,Premium / Multi-Product
ACB-C002636,0,Premium / Multi-Product
ACB-C002637,3,High Risk / Low Engagement
ACB-C002638,3,High Risk / Low Engagement
ACB-C002639,3,High Risk / Low Engagement
ACB-C002640,3,High Risk / Low Engagement
ACB-C002641,0,Premium / Multi-Product
ACB-C002642,1,Stable Core Customer
ACB-C002643,3,High Risk / Low Engagement
ACB-C002644,3,High Risk / Low Engagement
ACB-C002645,2,Developing / Building Credit
ACB-C002646,1,Stable Core Customer
ACB-C002647,0,Premium / Multi-Product
ACB-C002648,0,Premium / Multi-Product
ACB-C002649,1,Stable Core Customer
ACB-C002650,1,Stable Core Customer
ACB-C002651,1,Stable Core Customer
ACB-C002652,1,Stable Core Customer
ACB-C002653,0,Premium / Multi-Product
ACB-C002654,0,Premium / Multi-Product
ACB-C002655,1,Stable Core Customer
ACB-C002656,3,High Risk / Low Engagement
ACB-C002657,3,High Risk / Low Engagement
ACB-C002658,1,Stable Core Customer
ACB-C002659,0,Premium / Multi-Product
ACB-C002660,0,Premium / Multi-Product
ACB-C002661,0,Premium / Multi-Product
ACB-C002662,0,Premium / Multi-Product
ACB-C002663,2,Developing / Building Credit
ACB-C002664,2,Developing / Building Credit
ACB-C002665,3,High Risk / Low Engagement
ACB-C002666,1,Stable Core Customer
ACB-C002667,1,Stable Core Customer
ACB-C002668,3,High Risk / Low Engagement
ACB-C002669,1,Stable Core Customer
ACB-C002670,3,High Risk / Low Engagement
ACB-C002671,0,Premium / Multi-Product
ACB-C002672,0,Premium / Multi-Product
ACB-C002673,1,Stable Core Customer
ACB-C002674,0,Premium / Multi-Product
ACB-C002675,0,Premium / Multi-Product
ACB-C002676,3,High Risk / Low Engagement
ACB-C002677,1,Stable Core Customer
ACB-C002678,1,Stable Core Customer
ACB-C002679,3,High Risk / Low Engagement
ACB-C002680,0,Premium / Multi-Product
ACB-C002681,1,Stable Core Customer
ACB-C002682,3,High Risk / Low Engagement
ACB-C002683,0,Premium / Multi-Product
ACB-C002684,1,Stable Core Customer
ACB-C002685,0,Premium / Multi-Product
ACB-C002686,2,Developing / Building Credit
ACB-C002687,0,Premium / Multi-Product
ACB-C002688,0,Premium / Multi-Product
ACB-C002689,1,Stable Core Customer
ACB-C002690,3,High Risk / Low Engagement
ACB-C002691,0,Premium / Multi-Product
ACB-C002692,3,High Risk / Low Engagement
ACB-C002693,3,High Risk / Low Engagement
ACB-C002694,3,High Risk / Low Engagement
ACB-C002695,1,Stable Core Customer
ACB-C002696,0,Premium / Multi-Product
ACB-C002697,0,Premium / Multi-Product
ACB-C002698,3,High Risk / Low Engagement
ACB-C002699,0,Premium / Multi-Product
ACB-C002700,0,Premium / Multi-Product
ACB-C002701,3,High Risk / Low Engagement
ACB-C002702,1,Stable Core Customer
ACB-C002703,1,Stable Core Customer
ACB-C002704,1,Stable Core Customer
ACB-C002705,0,Premium / Multi-Product
ACB-C002706,2,Developing / Building Credit
ACB-C002707,3,High Risk / Low Engagement
ACB-C002708,1,Stable Core Customer
ACB-C002709,1,Stable Core Customer
ACB-C002710,0,Premium / Multi-Product
ACB-C002711,3,High Risk / Low Engagement
ACB-C002712,0,Premium / Multi-Product
ACB-C002713,0,Premium / Multi-Product
ACB-C002714,0,Premium / Multi-Product
ACB-C002715,0,Premium / Multi-Product
ACB-C002716,1,Stable Core Customer
ACB-C002717,0,Premium / Multi-Product
ACB-C002718,3,High Risk / Low Engagement
ACB-C002719,0,Premium / Multi-Product
ACB-C002720,0,Premium / Multi-Product
ACB-C002721,1,Stable Core Customer
ACB-C002722,0,Premium / Multi-Product
ACB-C002723,0,Premium / Multi-Product
ACB-C002724,3,High Risk / Low Engagement
ACB-C002725,1,Stable Core Customer
ACB-C002726,0,Premium / Multi-Product
ACB-C002727,1,Stable Core Customer
ACB-C002728,3,High Risk / Low Engagement
ACB-C002729,1,Stable Core Customer
ACB-C002730,0,Premium / Multi-Product
ACB-C002731,0,Premium / Multi-Product
ACB-C002732,1,Stable Core Customer
ACB-C002733,1,Stable Core Customer
ACB-C002734,0,Premium / Multi-Product
ACB-C002735,0,Premium / Multi-Product
ACB-C002736,3,High Risk / Low Engagement
ACB-C002737,0,Premium / Multi-Product
ACB-C002738,1,Stable Core Customer
ACB-C002739,3,High Risk / Low Engagement
ACB-C002740,0,Premium / Multi-Product
ACB-C002741,0,Premium / Multi-Product
ACB-C002742,0,Premium / Multi-Product
ACB-C002743,3,High Risk / Low Engagement
ACB-C002744,1,Stable Core Customer
ACB-C002745,0,Premium / Multi-Product
ACB-C002746,3,High Risk / Low Engagement
ACB-C002747,2,Developing / Building Credit
ACB-C002748,3,High Risk / Low Engagement
ACB-C002749,1,Stable Core Customer
ACB-C002750,1,Stable Core Customer
ACB-C002751,0,Premium / Multi-Product
ACB-C002752,3,High Risk / Low Engagement
ACB-C002753,3,High Risk / Low Engagement
ACB-C002754,3,High Risk / Low Engagement
ACB-C002755,3,High Risk / Low Engagement
ACB-C002756,0,Premium / Multi-Product
ACB-C002757,3,High Risk / Low Engagement
ACB-C002758,1,Stable Core Customer
ACB-C002759,1,Stable Core Customer
ACB-C002760,1,Stable Core Customer
ACB-C002761,0,Premium / Multi-Product
ACB-C002762,2,Developing / Building Credit
ACB-C002763,0,Premium / Multi-Product
ACB-C002764,0,Premium / Multi-Product
ACB-C002765,1,Stable Core Customer
ACB-C002766,1,Stable Core Customer
ACB-C002767,3,High Risk / Low Engagement
ACB-C002768,3,High Risk / Low Engagement
ACB-C002769,3,High Risk / Low Engagement
ACB-C002770,3,High Risk / Low Engagement
ACB-C002771,3,High Risk / Low Engagement
ACB-C002772,1,Stable Core Customer
ACB-C002773,1,Stable Core Customer
ACB-C002774,3,High Risk / Low Engagement
ACB-C002775,2,Developing / Building Credit
ACB-C002776,1,Stable Core Customer
ACB-C002777,3,High Risk / Low Engagement
ACB-C002778,3,High Risk / Low Engagement
ACB-C002779,0,Premium / Multi-Product
ACB-C002780,3,High Risk / Low Engagement
ACB-C002781,0,Premium / Multi-Product
ACB-C002782,3,High Risk / Low Engagement
ACB-C002783,0,Premium / Multi-Product
ACB-C002784,0,Premium / Multi-Product
ACB-C002785,3,High Risk / Low Engagement
ACB-C002786,3,High Risk / Low Engagement
ACB-C002787,3,High Risk / Low Engagement
ACB-C002788,1,Stable Core Customer
ACB-C002789,1,Stable Core Customer
ACB-C002790,3,High Risk / Low Engagement
ACB-C002791,1,Stable Core Customer
ACB-C002792,1,Stable Core Customer
ACB-C002793,0,Premium / Multi-Product
ACB-C002794,3,High Risk / Low Engagement
ACB-C002795,0,Premium / Multi-Product
ACB-C002796,3,High Risk / Low Engagement
ACB-C002797,3,High Risk / Low Engagement
ACB-C002798,0,Premium / Multi-Product
ACB-C002799,3,High Risk / Low Engagement
ACB-C002800,0,Premium / Multi-Product
ACB-C002801,2,Developing / Building Credit
ACB-C002802,0,Premium / Multi-Product
ACB-C002803,0,Premium / Multi-Product
ACB-C002804,0,Premium / Multi-Product
ACB-C002805,2,Developing / Building Credit
ACB-C002806,0,Premium / Multi-Product
ACB-C002807,0,Premium / Multi-Product
ACB-C002808,3,High Risk / Low Engagement
ACB-C002809,1,Stable Core Customer
ACB-C002810,1,Stable Core Customer
ACB-C002811,0,Premium / Multi-Product
ACB-C002812,3,High Risk / Low Engagement
ACB-C002813,3,High Risk / Low Engagement
ACB-C002814,3,High Risk / Low Engagement
ACB-C002815,3,High Risk / Low Engagement
ACB-C002816,1,Stable Core Customer
ACB-C002817,0,Premium / Multi-Product
ACB-C002818,0,Premium / Multi-Product
ACB-C002819,3,High Risk / Low Engagement
ACB-C002820,3,High Risk / Low Engagement
ACB-C002821,0,Premium / Multi-Product
ACB-C002822,0,Premium / Multi-Product
ACB-C002823,1,Stable Core Customer
ACB-C002824,0,Premium / Multi-Product
ACB-C002825,3,High Risk / Low Engagement
ACB-C002826,3,High Risk / Low Engagement
ACB-C002827,3,High Risk / Low Engagement
ACB-C002828,0,Premium / Multi-Product
ACB-C002829,0,Premium / Multi-Product
ACB-C002830,0,Premium / Multi-Product
ACB-C002831,3,High Risk / Low Engagement
ACB-C002832,0,Premium / Multi-Product
ACB-C002833,0,Premium / Multi-Product
ACB-C002834,3,High Risk / Low Engagement
ACB-C002835,1,Stable Core Customer
ACB-C002836,0,Premium / Multi-Product
ACB-C002837,0,Premium / Multi-Product
ACB-C002838,3,High Risk / Low Engagement
ACB-C002839,1,Stable Core Customer
ACB-C002840,0,Premium / Multi-Product
ACB-C002841,0,Premium / Multi-Product
ACB-C002842,0,Premium / Multi-Product
ACB-C002843,2,Developing / Building Credit
ACB-C002844,1,Stable Core Customer
ACB-C002845,2,Developing / Building Credit
ACB-C002846,0,Premium / Multi-Product
ACB-C002847,3,High Risk / Low Engagement
ACB-C002848,3,High Risk / Low Engagement
ACB-C002849,0,Premium / Multi-Product
ACB-C002850,1,Stable Core Customer
ACB-C002851,0,Premium / Multi-Product
ACB-C002852,2,Developing / Building Credit
ACB-C002853,0,Premium / Multi-Product
ACB-C002854,3,High Risk / Low Engagement
ACB-C002855,3,High Risk / Low Engagement
ACB-C002856,2,Developing / Building Credit
ACB-C002857,3,High Risk / Low Engagement
ACB-C002858,0,Premium / Multi-Product
ACB-C002859,0,Premium / Multi-Product
ACB-C002860,0,Premium / Multi-Product
ACB-C002861,2,Developing / Building Credit
ACB-C002862,1,Stable Core Customer
ACB-C002863,0,Premium / Multi-Product
ACB-C002864,0,Premium / Multi-Product
ACB-C002865,1,Stable Core Customer
ACB-C002866,0,Premium / Multi-Product
ACB-C002867,0,Premium / Multi-Product
ACB-C002868,3,High Risk / Low Engagement
ACB-C002869,0,Premium / Multi-Product
ACB-C002870,3,High Risk / Low Engagement
ACB-C002871,0,Premium / Multi-Product
ACB-C002872,2,Developing / Building Credit
ACB-C002873,2,Developing / Building Credit
ACB-C002874,0,Premium / Multi-Product
ACB-C002875,1,Stable Core Customer
ACB-C002876,1,Stable Core Customer
ACB-C002877,3,High Risk / Low Engagement
ACB-C002878,0,Premium / Multi-Product
ACB-C002879,0,Premium / Multi-Product
ACB-C002880,0,Premium / Multi-Product
ACB-C002881,1,Stable Core Customer
ACB-C002882,1,Stable Core Customer
ACB-C002883,0,Premium / Multi-Product
ACB-C002884,0,Premium / Multi-Product
ACB-C002885,1,Stable Core Customer
ACB-C002886,3,High Risk / Low Engagement
ACB-C002887,3,High Risk / Low Engagement
ACB-C002888,1,Stable Core Customer
ACB-C002889,0,Premium / Multi-Product
ACB-C002890,0,Premium / Multi-Product
ACB-C002891,1,Stable Core Customer
ACB-C002892,1,Stable Core Customer
ACB-C002893,3,High Risk / Low Engagement
ACB-C002894,0,Premium / Multi-Product
ACB-C002895,0,Premium / Multi-Product
ACB-C002896,0,Premium / Multi-Product
ACB-C002897,0,Premium / Multi-Product
ACB-C002898,3,High Risk / Low Engagement
ACB-C002899,3,High Risk / Low Engagement
ACB-C002900,1,Stable Core Customer
ACB-C002901,0,Premium / Multi-Product
ACB-C002902,3,High Risk / Low Engagement
ACB-C002903,1,Stable Core Customer
ACB-C002904,0,Premium / Multi-Product
ACB-C002905,1,Stable Core Customer
ACB-C002906,1,Stable Core Customer
ACB-C002907,3,High Risk / Low Engagement
ACB-C002908,0,Premium / Multi-Product
ACB-C002909,1,Stable Core Customer
ACB-C002910,1,Stable Core Customer
ACB-C002911,1,Stable Core Customer
ACB-C002912,0,Premium / Multi-Product
ACB-C002913,0,Premium / Multi-Product
ACB-C002914,0,Premium / Multi-Product
ACB-C002915,0,Premium / Multi-Product
ACB-C002916,0,Premium / Multi-Product
ACB-C002917,1,Stable Core Customer
ACB-C002918,0,Premium / Multi-Product
ACB-C002919,1,Stable Core Customer
ACB-C002920,0,Premium / Multi-Product
ACB-C002921,3,High Risk / Low Engagement
ACB-C002922,2,Developing / Building Credit
ACB-C002923,1,Stable Core Customer
ACB-C002924,0,Premium / Multi-Product
ACB-C002925,0,Premium / Multi-Product
ACB-C002926,0,Premium / Multi-Product
ACB-C002927,3,High Risk / Low Engagement
ACB-C002928,0,Premium / Multi-Product
ACB-C002929,1,Stable Core Customer
ACB-C002930,3,High Risk / Low Engagement
ACB-C002931,3,High Risk / Low Engagement
ACB-C002932,1,Stable Core Customer
ACB-C002933,3,High Risk / Low Engagement
ACB-C002934,3,High Risk / Low Engagement
ACB-C002935,3,High Risk / Low Engagement
ACB-C002936,3,High Risk / Low Engagement
ACB-C002937,3,High Risk / Low Engagement
ACB-C002938,3,High Risk / Low Engagement
ACB-C002939,3,High Risk / Low Engagement
ACB-C002940,1,Stable Core Customer
ACB-C002941,0,Premium / Multi-Product
ACB-C002942,3,High Risk / Low Engagement
ACB-C002943,3,High Risk / Low Engagement
ACB-C002944,3,High Risk / Low Engagement
ACB-C002945,0,Premium / Multi-Product
ACB-C002946,3,High Risk / Low Engagement
ACB-C002947,1,Stable Core Customer
ACB-C002948,3,High Risk / Low Engagement
ACB-C002949,1,Stable Core Customer
ACB-C002950,0,Premium / Multi-Product
ACB-C002951,1,Stable Core Customer
ACB-C002952,3,High Risk / Low Engagement
ACB-C002953,3,High Risk / Low Engagement
ACB-C002954,0,Premium / Multi-Product
ACB-C002955,3,High Risk / Low Engagement
ACB-C002956,3,High Risk / Low Engagement
ACB-C002957,3,High Risk / Low Engagement
ACB-C002958,0,Premium / Multi-Product
ACB-C002959,0,Premium / Multi-Product
ACB-C002960,3,High Risk / Low Engagement
ACB-C002961,0,Premium / Multi-Product
ACB-C002962,3,High Risk / Low Engagement
ACB-C002963,3,High Risk / Low Engagement
ACB-C002964,1,Stable Core Customer
ACB-C002965,3,High Risk / Low Engagement
ACB-C002966,3,High Risk / Low Engagement
ACB-C002967,1,Stable Core Customer
ACB-C002968,3,High Risk / Low Engagement
ACB-C002969,3,High Risk / Low Engagement
ACB-C002970,3,High Risk / Low Engagement
ACB-C002971,3,High Risk / Low Engagement
ACB-C002972,0,Premium / Multi-Product
ACB-C002973,0,Premium / Multi-Product
ACB-C002974,1,Stable Core Customer
ACB-C002975,0,Premium / Multi-Product
ACB-C002976,0,Premium / Multi-Product
ACB-C002977,0,Premium / Multi-Product
ACB-C002978,3,High Risk / Low Engagement
ACB-C002979,3,High Risk / Low Engagement
ACB-C002980,1,Stable Core Customer
ACB-C002981,0,Premium / Multi-Product
ACB-C002982,1,Stable Core Customer
ACB-C002983,3,High Risk / Low Engagement
ACB-C002984,0,Premium / Multi-Product
ACB-C002985,1,Stable Core Customer
ACB-C002986,1,Stable Core Customer
ACB-C002987,3,High Risk / Low Engagement
ACB-C002988,3,High Risk / Low Engagement
ACB-C002989,0,Premium / Multi-Product
ACB-C002990,0,Premium / Multi-Product
ACB-C002991,0,Premium / Multi-Product
ACB-C002992,3,High Risk / Low Engagement
ACB-C002993,1,Stable Core Customer
ACB-C002994,1,Stable Core Customer
ACB-C002995,0,Premium / Multi-Product
ACB-C002996,0,Premium / Multi-Product
ACB-C002997,0,Premium / Multi-Product
ACB-C002998,0,Premium / Multi-Product
ACB-C002999,1,Stable Core Customer
ACB-C003000,0,Premium / Multi-Product
ACB-C003001,0,Premium / Multi-Product
ACB-C003002,0,Premium / Multi-Product
ACB-C003003,3,High Risk / Low Engagement
ACB-C003004,0,Premium / Multi-Product
ACB-C003005,0,Premium / Multi-Product
ACB-C003006,3,High Risk / Low Engagement
ACB-C003007,0,Premium / Multi-Product
ACB-C003008,1,Stable Core Customer
ACB-C003009,0,Premium / Multi-Product
ACB-C003010,0,Premium / Multi-Product
ACB-C003011,3,High Risk / Low Engagement
ACB-C003012,2,Developing / Building Credit
ACB-C003013,0,Premium / Multi-Product
ACB-C003014,3,High Risk / Low Engagement
ACB-C003015,0,Premium / Multi-Product
ACB-C003016,1,Stable Core Customer
ACB-C003017,0,Premium / Multi-Product
ACB-C003018,1,Stable Core Customer
ACB-C003019,1,Stable Core Customer
ACB-C003020,0,Premium / Multi-Product
ACB-C003021,3,High Risk / Low Engagement
ACB-C003022,0,Premium / Multi-Product
ACB-C003023,1,Stable Core Customer
ACB-C003024,2,Developing / Building Credit
ACB-C003025,0,Premium / Multi-Product
ACB-C003026,0,Premium / Multi-Product
ACB-C003027,1,Stable Core Customer
ACB-C003028,0,Premium / Multi-Product
ACB-C003029,0,Premium / Multi-Product
ACB-C003030,3,High Risk / Low Engagement
ACB-C003031,0,Premium / Multi-Product
ACB-C003032,1,Stable Core Customer
ACB-C003033,3,High Risk / Low Engagement
ACB-C003034,0,Premium / Multi-Product
ACB-C003035,3,High Risk / Low Engagement
ACB-C003036,2,Developing / Building Credit
ACB-C003037,1,Stable Core Customer
ACB-C003038,0,Premium / Multi-Product
ACB-C003039,1,Stable Core Customer
ACB-C003040,0,Premium / Multi-Product
ACB-C003041,3,High Risk / Low Engagement
ACB-C003042,1,Stable Core Customer
ACB-C003043,3,High Risk / Low Engagement
ACB-C003044,0,Premium / Multi-Product
ACB-C003045,3,High Risk / Low Engagement
ACB-C003046,3,High Risk / Low Engagement
ACB-C003047,3,High Risk / Low Engagement
ACB-C003048,1,Stable Core Customer
ACB-C003049,3,High Risk / Low Engagement
ACB-C003050,1,Stable Core Customer
ACB-C003051,3,High Risk / Low Engagement
ACB-C003052,0,Premium / Multi-Product
ACB-C003053,0,Premium / Multi-Product
ACB-C003054,0,Premium / Multi-Product
ACB-C003055,0,Premium / Multi-Product
ACB-C003056,0,Premium / Multi-Product
ACB-C003057,1,Stable Core Customer
ACB-C003058,1,Stable Core Customer
ACB-C003059,0,Premium / Multi-Product
ACB-C003060,0,Premium / Multi-Product
ACB-C003061,3,High Risk / Low Engagement
ACB-C003062,0,Premium / Multi-Product
ACB-C003063,3,High Risk / Low Engagement
ACB-C003064,0,Premium / Multi-Product
ACB-C003065,3,High Risk / Low Engagement
ACB-C003066,0,Premium / Multi-Product
ACB-C003067,3,High Risk / Low Engagement
ACB-C003068,3,High Risk / Low Engagement
ACB-C003069,1,Stable Core Customer
ACB-C003070,1,Stable Core Customer
ACB-C003071,0,Premium / Multi-Product
ACB-C003072,0,Premium / Multi-Product
ACB-C003073,1,Stable Core Customer
ACB-C003074,2,Developing / Building Credit
ACB-C003075,0,Premium / Multi-Product
ACB-C003076,0,Premium / Multi-Product
ACB-C003077,0,Premium / Multi-Product
ACB-C003078,0,Premium / Multi-Product
ACB-C003079,1,Stable Core Customer
ACB-C003080,3,High Risk / Low Engagement
ACB-C003081,0,Premium / Multi-Product
ACB-C003082,3,High Risk / Low Engagement
ACB-C003083,0,Premium / Multi-Product
ACB-C003084,2,Developing / Building Credit
ACB-C003085,0,Premium / Multi-Product
ACB-C003086,3,High Risk / Low Engagement
ACB-C003087,0,Premium / Multi-Product
ACB-C003088,0,Premium / Multi-Product
ACB-C003089,3,High Risk / Low Engagement
ACB-C003090,3,High Risk / Low Engagement
ACB-C003091,2,Developing / Building Credit
ACB-C003092,0,Premium / Multi-Product
ACB-C003093,0,Premium / Multi-Product
ACB-C003094,0,Premium / Multi-Product
ACB-C003095,1,Stable Core Customer
ACB-C003096,3,High Risk / Low Engagement
ACB-C003097,1,Stable Core Customer
ACB-C003098,2,Developing / Building Credit
ACB-C003099,0,Premium / Multi-Product
ACB-C003100,0,Premium / Multi-Product
ACB-C003101,1,Stable Core Customer
ACB-C003102,1,Stable Core Customer
ACB-C003103,0,Premium / Multi-Product
ACB-C003104,3,High Risk / Low Engagement
ACB-C003105,3,High Risk / Low Engagement
ACB-C003106,1,Stable Core Customer
ACB-C003107,0,Premium / Multi-Product
ACB-C003108,3,High Risk / Low Engagement
ACB-C003109,0,Premium / Multi-Product
ACB-C003110,3,High Risk / Low Engagement
ACB-C003111,1,Stable Core Customer
ACB-C003112,0,Premium / Multi-Product
ACB-C003113,0,Premium / Multi-Product
ACB-C003114,3,High Risk / Low Engagement
ACB-C003115,0,Premium / Multi-Product
ACB-C003116,0,Premium / Multi-Product
ACB-C003117,0,Premium / Multi-Product
ACB-C003118,1,Stable Core Customer
ACB-C003119,1,Stable Core Customer
ACB-C003120,0,Premium / Multi-Product
ACB-C003121,2,Developing / Building Credit
ACB-C003122,2,Developing / Building Credit
ACB-C003123,1,Stable Core Customer
ACB-C003124,0,Premium / Multi-Product
ACB-C003125,0,Premium / Multi-Product
ACB-C003126,1,Stable Core Customer
ACB-C003127,3,High Risk / Low Engagement
ACB-C003128,2,Developing / Building Credit
ACB-C003129,3,High Risk / Low Engagement
ACB-C003130,3,High Risk / Low Engagement
ACB-C003131,0,Premium / Multi-Product
ACB-C003132,3,High Risk / Low Engagement
ACB-C003133,1,Stable Core Customer
ACB-C003134,1,Stable Core Customer
ACB-C003135,1,Stable Core Customer
ACB-C003136,3,High Risk / Low Engagement
ACB-C003137,0,Premium / Multi-Product
ACB-C003138,1,Stable Core Customer
ACB-C003139,3,High Risk / Low Engagement
ACB-C003140,1,Stable Core Customer
ACB-C003141,1,Stable Core Customer
ACB-C003142,0,Premium / Multi-Product
ACB-C003143,3,High Risk / Low Engagement
ACB-C003144,1,Stable Core Customer
ACB-C003145,3,High Risk / Low Engagement
ACB-C003146,1,Stable Core Customer
ACB-C003147,1,Stable Core Customer
ACB-C003148,3,High Risk / Low Engagement
ACB-C003149,0,Premium / Multi-Product
ACB-C003150,1,Stable Core Customer
ACB-C003151,1,Stable Core Customer
ACB-C003152,0,Premium / Multi-Product
ACB-C003153,0,Premium / Multi-Product
ACB-C003154,0,Premium / Multi-Product
ACB-C003155,3,High Risk / Low Engagement
ACB-C003156,1,Stable Core Customer
ACB-C003157,1,Stable Core Customer
ACB-C003158,3,High Risk / Low Engagement
ACB-C003159,1,Stable Core Customer
ACB-C003160,3,High Risk / Low Engagement
ACB-C003161,0,Premium / Multi-Product
ACB-C003162,0,Premium / Multi-Product
ACB-C003163,0,Premium / Multi-Product
ACB-C003164,3,High Risk / Low Engagement
ACB-C003165,0,Premium / Multi-Product
ACB-C003166,0,Premium / Multi-Product
ACB-C003167,2,Developing / Building Credit
ACB-C003168,3,High Risk / Low Engagement
ACB-C003169,3,High Risk / Low Engagement
ACB-C003170,0,Premium / Multi-Product
ACB-C003171,3,High Risk / Low Engagement
ACB-C003172,1,Stable Core Customer
ACB-C003173,1,Stable Core Customer
ACB-C003174,0,Premium / Multi-Product
ACB-C003175,3,High Risk / Low Engagement
ACB-C003176,0,Premium / Multi-Product
ACB-C003177,1,Stable Core Customer
ACB-C003178,0,Premium / Multi-Product
ACB-C003179,3,High Risk / Low Engagement
ACB-C003180,1,Stable Core Customer
ACB-C003181,1,Stable Core Customer
ACB-C003182,1,Stable Core Customer
ACB-C003183,0,Premium / Multi-Product
ACB-C003184,1,Stable Core Customer
ACB-C003185,1,Stable Core Customer
ACB-C003186,3,High Risk / Low Engagement
ACB-C003187,1,Stable Core Customer
ACB-C003188,0,Premium / Multi-Product
ACB-C003189,1,Stable Core Customer
ACB-C003190,0,Premium / Multi-Product
ACB-C003191,0,Premium / Multi-Product
ACB-C003192,1,Stable Core Customer
ACB-C003193,0,Premium / Multi-Product
ACB-C003194,3,High Risk / Low Engagement
ACB-C003195,0,Premium / Multi-Product
ACB-C003196,3,High Risk / Low Engagement
ACB-C003197,1,Stable Core Customer
ACB-C003198,0,Premium / Multi-Product
ACB-C003199,0,Premium / Multi-Product
ACB-C003200,3,High Risk / Low Engagement
ACB-C003201,2,Developing / Building Credit
ACB-C003202,0,Premium / Multi-Product
ACB-C003203,2,Developing / Building Credit
ACB-C003204,2,Developing / Building Credit
ACB-C003205,0,Premium / Multi-Product
ACB-C003206,0,Premium / Multi-Product
ACB-C003207,3,High Risk / Low Engagement
ACB-C003208,3,High Risk / Low Engagement
ACB-C003209,0,Premium / Multi-Product
ACB-C003210,3,High Risk / Low Engagement
ACB-C003211,0,Premium / Multi-Product
ACB-C003212,3,High Risk / Low Engagement
ACB-C003213,3,High Risk / Low Engagement
ACB-C003214,0,Premium / Multi-Product
ACB-C003215,3,High Risk / Low Engagement
ACB-C003216,3,High Risk / Low Engagement
ACB-C003217,0,Premium / Multi-Product
ACB-C003218,0,Premium / Multi-Product
ACB-C003219,0,Premium / Multi-Product
ACB-C003220,1,Stable Core Customer
ACB-C003221,1,Stable Core Customer
ACB-C003222,3,High Risk / Low Engagement
ACB-C003223,1,Stable Core Customer
ACB-C003224,1,Stable Core Customer
ACB-C003225,0,Premium / Multi-Product
ACB-C003226,3,High Risk / Low Engagement
ACB-C003227,1,Stable Core Customer
ACB-C003228,0,Premium / Multi-Product
ACB-C003229,1,Stable Core Customer
ACB-C003230,1,Stable Core Customer
ACB-C003231,0,Premium / Multi-Product
ACB-C003232,0,Premium / Multi-Product
ACB-C003233,0,Premium / Multi-Product
ACB-C003234,3,High Risk / Low Engagement
ACB-C003235,3,High Risk / Low Engagement
ACB-C003236,0,Premium / Multi-Product
ACB-C003237,0,Premium / Multi-Product
ACB-C003238,0,Premium / Multi-Product
ACB-C003239,0,Premium / Multi-Product
ACB-C003240,1,Stable Core Customer
ACB-C003241,3,High Risk / Low Engagement
ACB-C003242,1,Stable Core Customer
ACB-C003243,0,Premium / Multi-Product
ACB-C003244,0,Premium / Multi-Product
ACB-C003245,0,Premium / Multi-Product
ACB-C003246,1,Stable Core Customer
ACB-C003247,3,High Risk / Low Engagement
ACB-C003248,0,Premium / Multi-Product
ACB-C003249,3,High Risk / Low Engagement
ACB-C003250,0,Premium / Multi-Product
ACB-C003251,0,Premium / Multi-Product
ACB-C003252,0,Premium / Multi-Product
ACB-C003253,0,Premium / Multi-Product
ACB-C003254,0,Premium / Multi-Product
ACB-C003255,1,Stable Core Customer
ACB-C003256,3,High Risk / Low Engagement
ACB-C003257,3,High Risk / Low Engagement
ACB-C003258,0,Premium / Multi-Product
ACB-C003259,3,High Risk / Low Engagement
ACB-C003260,0,Premium / Multi-Product
ACB-C003261,1,Stable Core Customer
ACB-C003262,3,High Risk / Low Engagement
ACB-C003263,1,Stable Core Customer
ACB-C003264,1,Stable Core Customer
ACB-C003265,1,Stable Core Customer
ACB-C003266,0,Premium / Multi-Product
ACB-C003267,0,Premium / Multi-Product
ACB-C003268,3,High Risk / Low Engagement
ACB-C003269,0,Premium / Multi-Product
ACB-C003270,0,Premium / Multi-Product
ACB-C003271,1,Stable Core Customer
ACB-C003272,0,Premium / Multi-Product
ACB-C003273,3,High Risk / Low Engagement
ACB-C003274,0,Premium / Multi-Product
ACB-C003275,3,High Risk / Low Engagement
ACB-C003276,0,Premium / Multi-Product
ACB-C003277,3,High Risk / Low Engagement
ACB-C003278,0,Premium / Multi-Product
ACB-C003279,3,High Risk / Low Engagement
ACB-C003280,0,Premium / Multi-Product
ACB-C003281,2,Developing / Building Credit
ACB-C003282,3,High Risk / Low Engagement
ACB-C003283,0,Premium / Multi-Product
ACB-C003284,3,High Risk / Low Engagement
ACB-C003285,0,Premium / Multi-Product
ACB-C003286,3,High Risk / Low Engagement
ACB-C003287,3,High Risk / Low Engagement
ACB-C003288,2,Developing / Building Credit
ACB-C003289,1,Stable Core Customer
ACB-C003290,0,Premium / Multi-Product
ACB-C003291,2,Developing / Building Credit
ACB-C003292,0,Premium / Multi-Product
ACB-C003293,1,Stable Core Customer
ACB-C003294,0,Premium / Multi-Product
ACB-C003295,3,High Risk / Low Engagement
ACB-C003296,0,Premium / Multi-Product
ACB-C003297,0,Premium / Multi-Product
ACB-C003298,0,Premium / Multi-Product
ACB-C003299,3,High Risk / Low Engagement
ACB-C003300,0,Premium / Multi-Product
ACB-C003301,1,Stable Core Customer
ACB-C003302,1,Stable Core Customer
ACB-C003303,1,Stable Core Customer
ACB-C003304,3,High Risk / Low Engagement
ACB-C003305,0,Premium / Multi-Product
ACB-C003306,3,High Risk / Low Engagement
ACB-C003307,3,High Risk / Low Engagement
ACB-C003308,3,High Risk / Low Engagement
ACB-C003309,3,High Risk / Low Engagement
ACB-C003310,0,Premium / Multi-Product
ACB-C003311,3,High Risk / Low Engagement
ACB-C003312,0,Premium / Multi-Product
ACB-C003313,3,High Risk / Low Engagement
ACB-C003314,3,High Risk / Low Engagement
ACB-C003315,1,Stable Core Customer
ACB-C003316,1,Stable Core Customer
ACB-C003317,0,Premium / Multi-Product
ACB-C003318,1,Stable Core Customer
ACB-C003319,3,High Risk / Low Engagement
ACB-C003320,3,High Risk / Low Engagement
ACB-C003321,3,High Risk / Low Engagement
ACB-C003322,0,Premium / Multi-Product
ACB-C003323,1,Stable Core Customer
ACB-C003324,0,Premium / Multi-Product
ACB-C003325,3,High Risk / Low Engagement
ACB-C003326,3,High Risk / Low Engagement
ACB-C003327,3,High Risk / Low Engagement
ACB-C003328,1,Stable Core Customer
ACB-C003329,3,High Risk / Low Engagement
ACB-C003330,0,Premium / Multi-Product
ACB-C003331,1,Stable Core Customer
ACB-C003332,0,Premium / Multi-Product
ACB-C003333,1,Stable Core Customer
ACB-C003334,0,Premium / Multi-Product
ACB-C003335,3,High Risk / Low Engagement
ACB-C003336,2,Developing / Building Credit
ACB-C003337,0,Premium / Multi-Product
ACB-C003338,3,High Risk / Low Engagement
ACB-C003339,0,Premium / Multi-Product
ACB-C003340,0,Premium / Multi-Product
ACB-C003341,0,Premium / Multi-Product
ACB-C003342,3,High Risk / Low Engagement
ACB-C003343,0,Premium / Multi-Product
ACB-C003344,1,Stable Core Customer
ACB-C003345,1,Stable Core Customer
ACB-C003346,3,High Risk / Low Engagement
ACB-C003347,0,Premium / Multi-Product
ACB-C003348,0,Premium / Multi-Product
ACB-C003349,2,Developing / Building Credit
ACB-C003350,0,Premium / Multi-Product
ACB-C003351,0,Premium / Multi-Product
ACB-C003352,1,Stable Core Customer
ACB-C003353,1,Stable Core Customer
ACB-C003354,1,Stable Core Customer
ACB-C003355,1,Stable Core Customer
ACB-C003356,3,High Risk / Low Engagement
ACB-C003357,1,Stable Core Customer
ACB-C003358,3,High Risk / Low Engagement
ACB-C003359,3,High Risk / Low Engagement
ACB-C003360,0,Premium / Multi-Product
ACB-C003361,1,Stable Core Customer
ACB-C003362,3,High Risk / Low Engagement
ACB-C003363,1,Stable Core Customer
ACB-C003364,3,High Risk / Low Engagement
ACB-C003365,3,High Risk / Low Engagement
ACB-C003366,1,Stable Core Customer
ACB-C003367,0,Premium / Multi-Product
ACB-C003368,3,High Risk / Low Engagement
ACB-C003369,3,High Risk / Low Engagement
ACB-C003370,2,Developing / Building Credit
ACB-C003371,0,Premium / Multi-Product
ACB-C003372,3,High Risk / Low Engagement
ACB-C003373,1,Stable Core Customer
ACB-C003374,2,Developing / Building Credit
ACB-C003375,0,Premium / Multi-Product
ACB-C003376,2,Developing / Building Credit
ACB-C003377,0,Premium / Multi-Product
ACB-C003378,1,Stable Core Customer
ACB-C003379,1,Stable Core Customer
ACB-C003380,1,Stable Core Customer
ACB-C003381,0,Premium / Multi-Product
ACB-C003382,1,Stable Core Customer
ACB-C003383,2,Developing / Building Credit
ACB-C003384,3,High Risk / Low Engagement
ACB-C003385,1,Stable Core Customer
ACB-C003386,1,Stable Core Customer
ACB-C003387,3,High Risk / Low Engagement
ACB-C003388,3,High Risk / Low Engagement
ACB-C003389,1,Stable Core Customer
ACB-C003390,1,Stable Core Customer
ACB-C003391,1,Stable Core Customer
ACB-C003392,2,Developing / Building Credit
ACB-C003393,1,Stable Core Customer
ACB-C003394,0,Premium / Multi-Product
ACB-C003395,1,Stable Core Customer
ACB-C003396,3,High Risk / Low Engagement
ACB-C003397,3,High Risk / Low Engagement
ACB-C003398,0,Premium / Multi-Product
ACB-C003399,0,Premium / Multi-Product
ACB-C003400,3,High Risk / Low Engagement
ACB-C003401,1,Stable Core Customer
ACB-C003402,1,Stable Core Customer
ACB-C003403,2,Developing / Building Credit
ACB-C003404,0,Premium / Multi-Product
ACB-C003405,0,Premium / Multi-Product
ACB-C003406,0,Premium / Multi-Product
ACB-C003407,0,Premium / Multi-Product
ACB-C003408,3,High Risk / Low Engagement
ACB-C003409,3,High Risk / Low Engagement
ACB-C003410,3,High Risk / Low Engagement
ACB-C003411,3,High Risk / Low Engagement
ACB-C003412,2,Developing / Building Credit
ACB-C003413,1,Stable Core Customer
ACB-C003414,0,Premium / Multi-Product
ACB-C003415,0,Premium / Multi-Product
ACB-C003416,0,Premium / Multi-Product
ACB-C003417,3,High Risk / Low Engagement
ACB-C003418,3,High Risk / Low Engagement
ACB-C003419,0,Premium / Multi-Product
ACB-C003420,1,Stable Core Customer
ACB-C003421,1,Stable Core Customer
ACB-C003422,1,Stable Core Customer
ACB-C003423,3,High Risk / Low Engagement
ACB-C003424,1,Stable Core Customer
ACB-C003425,0,Premium / Multi-Product
ACB-C003426,3,High Risk / Low Engagement
ACB-C003427,3,High Risk / Low Engagement
ACB-C003428,0,Premium / Multi-Product
ACB-C003429,3,High Risk / Low Engagement
ACB-C003430,3,High Risk / Low Engagement
ACB-C003431,0,Premium / Multi-Product
ACB-C003432,3,High Risk / Low Engagement
ACB-C003433,3,High Risk / Low Engagement
ACB-C003434,1,Stable Core Customer
ACB-C003435,3,High Risk / Low Engagement
ACB-C003436,3,High Risk / Low Engagement
ACB-C003437,0,Premium / Multi-Product
ACB-C003438,3,High Risk / Low Engagement
ACB-C003439,0,Premium / Multi-Product
ACB-C003440,1,Stable Core Customer
ACB-C003441,0,Premium / Multi-Product
ACB-C003442,0,Premium / Multi-Product
ACB-C003443,2,Developing / Building Credit
ACB-C003444,3,High Risk / Low Engagement
ACB-C003445,1,Stable Core Customer
ACB-C003446,3,High Risk / Low Engagement
ACB-C003447,1,Stable Core Customer
ACB-C003448,3,High Risk / Low Engagement
ACB-C003449,0,Premium / Multi-Product
ACB-C003450,3,High Risk / Low Engagement
ACB-C003451,1,Stable Core Customer
ACB-C003452,3,High Risk / Low Engagement
ACB-C003453,1,Stable Core Customer
ACB-C003454,3,High Risk / Low Engagement
ACB-C003455,0,Premium / Multi-Product
ACB-C003456,0,Premium / Multi-Product
ACB-C003457,0,Premium / Multi-Product
ACB-C003458,3,High Risk / Low Engagement
ACB-C003459,1,Stable Core Customer
ACB-C003460,1,Stable Core Customer
ACB-C003461,0,Premium / Multi-Product
ACB-C003462,3,High Risk / Low Engagement
ACB-C003463,3,High Risk / Low Engagement
ACB-C003464,1,Stable Core Customer
ACB-C003465,3,High Risk / Low Engagement
ACB-C003466,0,Premium / Multi-Product
ACB-C003467,1,Stable Core Customer
ACB-C003468,0,Premium / Multi-Product
ACB-C003469,0,Premium / Multi-Product
ACB-C003470,3,High Risk / Low Engagement
ACB-C003471,1,Stable Core Customer
ACB-C003472,3,High Risk / Low Engagement
ACB-C003473,3,High Risk / Low Engagement
ACB-C003474,0,Premium / Multi-Product
ACB-C003475,0,Premium / Multi-Product
ACB-C003476,3,High Risk / Low Engagement
ACB-C003477,0,Premium / Multi-Product
ACB-C003478,1,Stable Core Customer
ACB-C003479,1,Stable Core Customer
ACB-C003480,3,High Risk / Low Engagement
ACB-C003481,0,Premium / Multi-Product
ACB-C003482,2,Developing / Building Credit
ACB-C003483,1,Stable Core Customer
ACB-C003484,0,Premium / Multi-Product
ACB-C003485,1,Stable Core Customer
ACB-C003486,0,Premium / Multi-Product
ACB-C003487,3,High Risk / Low Engagement
ACB-C003488,0,Premium / Multi-Product
ACB-C003489,0,Premium / Multi-Product
ACB-C003490,1,Stable Core Customer
ACB-C003491,1,Stable Core Customer
ACB-C003492,3,High Risk / Low Engagement
ACB-C003493,1,Stable Core Customer
ACB-C003494,0,Premium / Multi-Product
ACB-C003495,0,Premium / Multi-Product
ACB-C003496,0,Premium / Multi-Product
ACB-C003497,2,Developing / Building Credit
ACB-C003498,1,Stable Core Customer
ACB-C003499,0,Premium / Multi-Product
ACB-C003500,0,Premium / Multi-Product
ACB-C003501,3,High Risk / Low Engagement
ACB-C003502,0,Premium / Multi-Product
ACB-C003503,3,High Risk / Low Engagement
ACB-C003504,1,Stable Core Customer
ACB-C003505,3,High Risk / Low Engagement
ACB-C003506,0,Premium / Multi-Product
ACB-C003507,0,Premium / Multi-Product
ACB-C003508,1,Stable Core Customer
ACB-C003509,3,High Risk / Low Engagement
ACB-C003510,0,Premium / Multi-Product
ACB-C003511,1,Stable Core Customer
ACB-C003512,1,Stable Core Customer
ACB-C003513,1,Stable Core Customer
ACB-C003514,3,High Risk / Low Engagement
ACB-C003515,1,Stable Core Customer
ACB-C003516,1,Stable Core Customer
ACB-C003517,3,High Risk / Low Engagement
ACB-C003518,1,Stable Core Customer
ACB-C003519,1,Stable Core Customer
ACB-C003520,3,High Risk / Low Engagement
ACB-C003521,3,High Risk / Low Engagement
ACB-C003522,0,Premium / Multi-Product
ACB-C003523,0,Premium / Multi-Product
ACB-C003524,2,Developing / Building Credit
ACB-C003525,1,Stable Core Customer
ACB-C003526,0,Premium / Multi-Product
ACB-C003527,0,Premium / Multi-Product
ACB-C003528,1,Stable Core Customer
ACB-C003529,0,Premium / Multi-Product
ACB-C003530,0,Premium / Multi-Product
ACB-C003531,3,High Risk / Low Engagement
ACB-C003532,1,Stable Core Customer
ACB-C003533,3,High Risk / Low Engagement
ACB-C003534,1,Stable Core Customer
ACB-C003535,0,Premium / Multi-Product
ACB-C003536,3,High Risk / Low Engagement
ACB-C003537,0,Premium / Multi-Product
ACB-C003538,1,Stable Core Customer
ACB-C003539,0,Premium / Multi-Product
ACB-C003540,0,Premium / Multi-Product
ACB-C003541,1,Stable Core Customer
ACB-C003542,1,Stable Core Customer
ACB-C003543,0,Premium / Multi-Product
ACB-C003544,0,Premium / Multi-Product
ACB-C003545,1,Stable Core Customer
ACB-C003546,3,High Risk / Low Engagement
ACB-C003547,0,Premium / Multi-Product
ACB-C003548,3,High Risk / Low Engagement
ACB-C003549,0,Premium / Multi-Product
ACB-C003550,0,Premium / Multi-Product
ACB-C003551,0,Premium / Multi-Product
ACB-C003552,1,Stable Core Customer
ACB-C003553,0,Premium / Multi-Product
ACB-C003554,0,Premium / Multi-Product
ACB-C003555,0,Premium / Multi-Product
ACB-C003556,2,Developing / Building Credit
ACB-C003557,1,Stable Core Customer
ACB-C003558,0,Premium / Multi-Product
ACB-C003559,3,High Risk / Low Engagement
ACB-C003560,0,Premium / Multi-Product
ACB-C003561,3,High Risk / Low Engagement
ACB-C003562,3,High Risk / Low Engagement
ACB-C003563,0,Premium / Multi-Product
ACB-C003564,1,Stable Core Customer
ACB-C003565,3,High Risk / Low Engagement
ACB-C003566,0,Premium / Multi-Product
ACB-C003567,3,High Risk / Low Engagement
ACB-C003568,0,Premium / Multi-Product
ACB-C003569,3,High Risk / Low Engagement
ACB-C003570,3,High Risk / Low Engagement
ACB-C003571,3,High Risk / Low Engagement
ACB-C003572,1,Stable Core Customer
ACB-C003573,3,High Risk / Low Engagement
ACB-C003574,0,Premium / Multi-Product
ACB-C003575,1,Stable Core Customer
ACB-C003576,0,Premium / Multi-Product
ACB-C003577,0,Premium / Multi-Product
ACB-C003578,1,Stable Core Customer
ACB-C003579,0,Premium / Multi-Product
ACB-C003580,1,Stable Core Customer
ACB-C003581,0,Premium / Multi-Product
ACB-C003582,0,Premium / Multi-Product
ACB-C003583,3,High Risk / Low Engagement
ACB-C003584,2,Developing / Building Credit
ACB-C003585,3,High Risk / Low Engagement
ACB-C003586,3,High Risk / Low Engagement
ACB-C003587,1,Stable Core Customer
ACB-C003588,3,High Risk / Low Engagement
ACB-C003589,0,Premium / Multi-Product
ACB-C003590,0,Premium / Multi-Product
ACB-C003591,0,Premium / Multi-Product
ACB-C003592,1,Stable Core Customer
ACB-C003593,0,Premium / Multi-Product
ACB-C003594,0,Premium / Multi-Product
ACB-C003595,0,Premium / Multi-Product
ACB-C003596,0,Premium / Multi-Product
ACB-C003597,0,Premium / Multi-Product
ACB-C003598,1,Stable Core Customer
ACB-C003599,3,High Risk / Low Engagement
ACB-C003600,3,High Risk / Low Engagement
ACB-C003601,3,High Risk / Low Engagement
ACB-C003602,1,Stable Core Customer
ACB-C003603,3,High Risk / Low Engagement
ACB-C003604,0,Premium / Multi-Product
ACB-C003605,0,Premium / Multi-Product
ACB-C003606,0,Premium / Multi-Product
ACB-C003607,0,Premium / Multi-Product
ACB-C003608,1,Stable Core Customer
ACB-C003609,0,Premium / Multi-Product
ACB-C003610,1,Stable Core Customer
ACB-C003611,2,Developing / Building Credit
ACB-C003612,0,Premium / Multi-Product
ACB-C003613,0,Premium / Multi-Product
ACB-C003614,1,Stable Core Customer
ACB-C003615,3,High Risk / Low Engagement
ACB-C003616,0,Premium / Multi-Product
ACB-C003617,3,High Risk / Low Engagement
ACB-C003618,1,Stable Core Customer
ACB-C003619,1,Stable Core Customer
ACB-C003620,1,Stable Core Customer
ACB-C003621,1,Stable Core Customer
ACB-C003622,0,Premium / Multi-Product
ACB-C003623,0,Premium / Multi-Product
ACB-C003624,1,Stable Core Customer
ACB-C003625,1,Stable Core Customer
ACB-C003626,3,High Risk / Low Engagement
ACB-C003627,0,Premium / Multi-Product
ACB-C003628,0,Premium / Multi-Product
ACB-C003629,2,Developing / Building Credit
ACB-C003630,0,Premium / Multi-Product
ACB-C003631,1,Stable Core Customer
ACB-C003632,0,Premium / Multi-Product
ACB-C003633,3,High Risk / Low Engagement
ACB-C003634,3,High Risk / Low Engagement
ACB-C003635,1,Stable Core Customer
ACB-C003636,3,High Risk / Low Engagement
ACB-C003637,0,Premium / Multi-Product
ACB-C003638,3,High Risk / Low Engagement
ACB-C003639,0,Premium / Multi-Product
ACB-C003640,3,High Risk / Low Engagement
ACB-C003641,2,Developing / Building Credit
ACB-C003642,0,Premium / Multi-Product
ACB-C003643,1,Stable Core Customer
ACB-C003644,0,Premium / Multi-Product
ACB-C003645,3,High Risk / Low Engagement
ACB-C003646,0,Premium / Multi-Product
ACB-C003647,0,Premium / Multi-Product
ACB-C003648,3,High Risk / Low Engagement
ACB-C003649,1,Stable Core Customer
ACB-C003650,1,Stable Core Customer
ACB-C003651,0,Premium / Multi-Product
ACB-C003652,0,Premium / Multi-Product
ACB-C003653,2,Developing / Building Credit
ACB-C003654,1,Stable Core Customer
ACB-C003655,3,High Risk / Low Engagement
ACB-C003656,3,High Risk / Low Engagement
ACB-C003657,0,Premium / Multi-Product
ACB-C003658,3,High Risk / Low Engagement
ACB-C003659,0,Premium / Multi-Product
ACB-C003660,3,High Risk / Low Engagement
ACB-C003661,0,Premium / Multi-Product
ACB-C003662,3,High Risk / Low Engagement
ACB-C003663,0,Premium / Multi-Product
ACB-C003664,1,Stable Core Customer
ACB-C003665,0,Premium / Multi-Product
ACB-C003666,0,Premium / Multi-Product
ACB-C003667,0,Premium / Multi-Product
ACB-C003668,2,Developing / Building Credit
ACB-C003669,1,Stable Core Customer
ACB-C003670,2,Developing / Building Credit
ACB-C003671,0,Premium / Multi-Product
ACB-C003672,2,Developing / Building Credit
ACB-C003673,1,Stable Core Customer
ACB-C003674,1,Stable Core Customer
ACB-C003675,0,Premium / Multi-Product
ACB-C003676,3,High Risk / Low Engagement
ACB-C003677,2,Developing / Building Credit
ACB-C003678,0,Premium / Multi-Product
ACB-C003679,0,Premium / Multi-Product
ACB-C003680,0,Premium / Multi-Product
ACB-C003681,0,Premium / Multi-Product
ACB-C003682,0,Premium / Multi-Product
ACB-C003683,0,Premium / Multi-Product
ACB-C003684,0,Premium / Multi-Product
ACB-C003685,1,Stable Core Customer
ACB-C003686,3,High Risk / Low Engagement
ACB-C003687,1,Stable Core Customer
ACB-C003688,1,Stable Core Customer
ACB-C003689,3,High Risk / Low Engagement
ACB-C003690,1,Stable Core Customer
ACB-C003691,1,Stable Core Customer
ACB-C003692,3,High Risk / Low Engagement
ACB-C003693,3,High Risk / Low Engagement
ACB-C003694,0,Premium / Multi-Product
ACB-C003695,0,Premium / Multi-Product
ACB-C003696,1,Stable Core Customer
ACB-C003697,1,Stable Core Customer
ACB-C003698,1,Stable Core Customer
ACB-C003699,3,High Risk / Low Engagement
ACB-C003700,0,Premium / Multi-Product
ACB-C003701,1,Stable Core Customer
ACB-C003702,0,Premium / Multi-Product
ACB-C003703,1,Stable Core Customer
ACB-C003704,3,High Risk / Low Engagement
ACB-C003705,0,Premium / Multi-Product
ACB-C003706,1,Stable Core Customer
ACB-C003707,1,Stable Core Customer
ACB-C003708,3,High Risk / Low Engagement
ACB-C003709,2,Developing / Building Credit
ACB-C003710,3,High Risk / Low Engagement
ACB-C003711,3,High Risk / Low Engagement
ACB-C003712,1,Stable Core Customer
ACB-C003713,2,Developing / Building Credit
ACB-C003714,2,Developing / Building Credit
ACB-C003715,0,Premium / Multi-Product
ACB-C003716,3,High Risk / Low Engagement
ACB-C003717,3,High Risk / Low Engagement
ACB-C003718,0,Premium / Multi-Product
ACB-C003719,1,Stable Core Customer
ACB-C003720,0,Premium / Multi-Product
ACB-C003721,0,Premium / Multi-Product
ACB-C003722,0,Premium / Multi-Product
ACB-C003723,2,Developing / Building Credit
ACB-C003724,3,High Risk / Low Engagement
ACB-C003725,0,Premium / Multi-Product
ACB-C003726,3,High Risk / Low Engagement
ACB-C003727,0,Premium / Multi-Product
ACB-C003728,0,Premium / Multi-Product
ACB-C003729,0,Premium / Multi-Product
ACB-C003730,1,Stable Core Customer
ACB-C003731,1,Stable Core Customer
ACB-C003732,0,Premium / Multi-Product
ACB-C003733,1,Stable Core Customer
ACB-C003734,3,High Risk / Low Engagement
ACB-C003735,1,Stable Core Customer
ACB-C003736,0,Premium / Multi-Product
ACB-C003737,1,Stable Core Customer
ACB-C003738,1,Stable Core Customer
ACB-C003739,0,Premium / Multi-Product
ACB-C003740,3,High Risk / Low Engagement
ACB-C003741,0,Premium / Multi-Product
ACB-C003742,3,High Risk / Low Engagement
ACB-C003743,0,Premium / Multi-Product
ACB-C003744,2,Developing / Building Credit
ACB-C003745,3,High Risk / Low Engagement
ACB-C003746,2,Developing / Building Credit
ACB-C003747,0,Premium / Multi-Product
ACB-C003748,0,Premium / Multi-Product
ACB-C003749,1,Stable Core Customer
ACB-C003750,0,Premium / Multi-Product
ACB-C003751,3,High Risk / Low Engagement
ACB-C003752,0,Premium / Multi-Product
ACB-C003753,1,Stable Core Customer
ACB-C003754,3,High Risk / Low Engagement
ACB-C003755,0,Premium / Multi-Product
ACB-C003756,0,Premium / Multi-Product
ACB-C003757,3,High Risk / Low Engagement
ACB-C003758,0,Premium / Multi-Product
ACB-C003759,1,Stable Core Customer
ACB-C003760,3,High Risk / Low Engagement
ACB-C003761,0,Premium / Multi-Product
ACB-C003762,0,Premium / Multi-Product
ACB-C003763,0,Premium / Multi-Product
ACB-C003764,3,High Risk / Low Engagement
ACB-C003765,0,Premium / Multi-Product
ACB-C003766,0,Premium / Multi-Product
ACB-C003767,0,Premium / Multi-Product
ACB-C003768,0,Premium / Multi-Product
ACB-C003769,0,Premium / Multi-Product
ACB-C003770,0,Premium / Multi-Product
ACB-C003771,3,High Risk / Low Engagement
ACB-C003772,3,High Risk / Low Engagement
ACB-C003773,0,Premium / Multi-Product
ACB-C003774,0,Premium / Multi-Product
ACB-C003775,0,Premium / Multi-Product
ACB-C003776,0,Premium / Multi-Product
ACB-C003777,3,High Risk / Low Engagement
ACB-C003778,1,Stable Core Customer
ACB-C003779,1,Stable Core Customer
ACB-C003780,2,Developing / Building Credit
ACB-C003781,3,High Risk / Low Engagement
ACB-C003782,1,Stable Core Customer
ACB-C003783,0,Premium / Multi-Product
ACB-C003784,1,Stable Core Customer
ACB-C003785,2,Developing / Building Credit
ACB-C003786,1,Stable Core Customer
ACB-C003787,3,High Risk / Low Engagement
ACB-C003788,1,Stable Core Customer
ACB-C003789,2,Developing / Building Credit
ACB-C003790,0,Premium / Multi-Product
ACB-C003791,0,Premium / Multi-Product
ACB-C003792,0,Premium / Multi-Product
ACB-C003793,0,Premium / Multi-Product
ACB-C003794,3,High Risk / Low Engagement
ACB-C003795,0,Premium / Multi-Product
ACB-C003796,3,High Risk / Low Engagement
ACB-C003797,0,Premium / Multi-Product
ACB-C003798,1,Stable Core Customer
ACB-C003799,1,Stable Core Customer
ACB-C003800,2,Developing / Building Credit
ACB-C003801,0,Premium / Multi-Product
ACB-C003802,0,Premium / Multi-Product
ACB-C003803,0,Premium / Multi-Product
ACB-C003804,0,Premium / Multi-Product
ACB-C003805,0,Premium / Multi-Product
ACB-C003806,3,High Risk / Low Engagement
ACB-C003807,2,Developing / Building Credit
ACB-C003808,0,Premium / Multi-Product
ACB-C003809,3,High Risk / Low Engagement
ACB-C003810,1,Stable Core Customer
ACB-C003811,3,High Risk / Low Engagement
ACB-C003812,2,Developing / Building Credit
ACB-C003813,1,Stable Core Customer
ACB-C003814,1,Stable Core Customer
ACB-C003815,3,High Risk / Low Engagement
ACB-C003816,0,Premium / Multi-Product
ACB-C003817,0,Premium / Multi-Product
ACB-C003818,0,Premium / Multi-Product
ACB-C003819,0,Premium / Multi-Product
ACB-C003820,0,Premium / Multi-Product
ACB-C003821,2,Developing / Building Credit
ACB-C003822,0,Premium / Multi-Product
ACB-C003823,1,Stable Core Customer
ACB-C003824,2,Developing / Building Credit
ACB-C003825,0,Premium / Multi-Product
ACB-C003826,1,Stable Core Customer
ACB-C003827,0,Premium / Multi-Product
ACB-C003828,0,Premium / Multi-Product
ACB-C003829,3,High Risk / Low Engagement
ACB-C003830,1,Stable Core Customer
ACB-C003831,0,Premium / Multi-Product
ACB-C003832,0,Premium / Multi-Product
ACB-C003833,3,High Risk / Low Engagement
ACB-C003834,2,Developing / Building Credit
ACB-C003835,0,Premium / Multi-Product
ACB-C003836,1,Stable Core Customer
ACB-C003837,1,Stable Core Customer
ACB-C003838,0,Premium / Multi-Product
ACB-C003839,3,High Risk / Low Engagement
ACB-C003840,3,High Risk / Low Engagement
ACB-C003841,0,Premium / Multi-Product
ACB-C003842,0,Premium / Multi-Product
ACB-C003843,2,Developing / Building Credit
ACB-C003844,3,High Risk / Low Engagement
ACB-C003845,0,Premium / Multi-Product
ACB-C003846,0,Premium / Multi-Product
ACB-C003847,0,Premium / Multi-Product
ACB-C003848,1,Stable Core Customer
ACB-C003849,2,Developing / Building Credit
ACB-C003850,3,High Risk / Low Engagement
ACB-C003851,2,Developing / Building Credit
ACB-C003852,3,High Risk / Low Engagement
ACB-C003853,1,Stable Core Customer
ACB-C003854,3,High Risk / Low Engagement
ACB-C003855,0,Premium / Multi-Product
ACB-C003856,0,Premium / Multi-Product
ACB-C003857,0,Premium / Multi-Product
ACB-C003858,2,Developing / Building Credit
ACB-C003859,1,Stable Core Customer
ACB-C003860,0,Premium / Multi-Product
ACB-C003861,0,Premium / Multi-Product
ACB-C003862,3,High Risk / Low Engagement
ACB-C003863,0,Premium / Multi-Product
ACB-C003864,3,High Risk / Low Engagement
ACB-C003865,0,Premium / Multi-Product
ACB-C003866,0,Premium / Multi-Product
ACB-C003867,0,Premium / Multi-Product
ACB-C003868,3,High Risk / Low Engagement
ACB-C003869,3,High Risk / Low Engagement
ACB-C003870,0,Premium / Multi-Product
ACB-C003871,0,Premium / Multi-Product
ACB-C003872,0,Premium / Multi-Product
ACB-C003873,0,Premium / Multi-Product
ACB-C003874,1,Stable Core Customer
ACB-C003875,0,Premium / Multi-Product
ACB-C003876,2,Developing / Building Credit
ACB-C003877,3,High Risk / Low Engagement
ACB-C003878,2,Developing / Building Credit
ACB-C003879,0,Premium / Multi-Product
ACB-C003880,0,Premium / Multi-Product
ACB-C003881,3,High Risk / Low Engagement
ACB-C003882,0,Premium / Multi-Product
ACB-C003883,0,Premium / Multi-Product
ACB-C003884,1,Stable Core Customer
ACB-C003885,0,Premium / Multi-Product
ACB-C003886,3,High Risk / Low Engagement
ACB-C003887,1,Stable Core Customer
ACB-C003888,0,Premium / Multi-Product
ACB-C003889,0,Premium / Multi-Product
ACB-C003890,3,High Risk / Low Engagement
ACB-C003891,0,Premium / Multi-Product
ACB-C003892,3,High Risk / Low Engagement
ACB-C003893,3,High Risk / Low Engagement
ACB-C003894,3,High Risk / Low Engagement
ACB-C003895,3,High Risk / Low Engagement
ACB-C003896,0,Premium / Multi-Product
ACB-C003897,3,High Risk / Low Engagement
ACB-C003898,3,High Risk / Low Engagement
ACB-C003899,3,High Risk / Low Engagement
ACB-C003900,1,Stable Core Customer
ACB-C003901,0,Premium / Multi-Product
ACB-C003902,1,Stable Core Customer
ACB-C003903,3,High Risk / Low Engagement
ACB-C003904,3,High Risk / Low Engagement
ACB-C003905,3,High Risk / Low Engagement
ACB-C003906,3,High Risk / Low Engagement
ACB-C003907,0,Premium / Multi-Product
ACB-C003908,1,Stable Core Customer
ACB-C003909,0,Premium / Multi-Product
ACB-C003910,0,Premium / Multi-Product
ACB-C003911,3,High Risk / Low Engagement
ACB-C003912,0,Premium / Multi-Product
ACB-C003913,2,Developing / Building Credit
ACB-C003914,3,High Risk / Low Engagement
ACB-C003915,0,Premium / Multi-Product
ACB-C003916,3,High Risk / Low Engagement
ACB-C003917,1,Stable Core Customer
ACB-C003918,1,Stable Core Customer
ACB-C003919,1,Stable Core Customer
ACB-C003920,2,Developing / Building Credit
ACB-C003921,3,High Risk / Low Engagement
ACB-C003922,1,Stable Core Customer
ACB-C003923,1,Stable Core Customer
ACB-C003924,3,High Risk / Low Engagement
ACB-C003925,0,Premium / Multi-Product
ACB-C003926,0,Premium / Multi-Product
ACB-C003927,3,High Risk / Low Engagement
ACB-C003928,1,Stable Core Customer
ACB-C003929,3,High Risk / Low Engagement
ACB-C003930,0,Premium / Multi-Product
ACB-C003931,1,Stable Core Customer
ACB-C003932,2,Developing / Building Credit
ACB-C003933,3,High Risk / Low Engagement
ACB-C003934,0,Premium / Multi-Product
ACB-C003935,0,Premium / Multi-Product
ACB-C003936,1,Stable Core Customer
ACB-C003937,0,Premium / Multi-Product
ACB-C003938,3,High Risk / Low Engagement
ACB-C003939,0,Premium / Multi-Product
ACB-C003940,3,High Risk / Low Engagement
ACB-C003941,1,Stable Core Customer
ACB-C003942,3,High Risk / Low Engagement
ACB-C003943,0,Premium / Multi-Product
ACB-C003944,1,Stable Core Customer
ACB-C003945,1,Stable Core Customer
ACB-C003946,2,Developing / Building Credit
ACB-C003947,1,Stable Core Customer
ACB-C003948,1,Stable Core Customer
ACB-C003949,0,Premium / Multi-Product
ACB-C003950,0,Premium / Multi-Product
ACB-C003951,2,Developing / Building Credit
ACB-C003952,0,Premium / Multi-Product
ACB-C003953,0,Premium / Multi-Product
ACB-C003954,3,High Risk / Low Engagement
ACB-C003955,1,Stable Core Customer
ACB-C003956,0,Premium / Multi-Product
ACB-C003957,1,Stable Core Customer
ACB-C003958,1,Stable Core Customer
ACB-C003959,3,High Risk / Low Engagement
ACB-C003960,0,Premium / Multi-Product
ACB-C003961,0,Premium / Multi-Product
ACB-C003962,0,Premium / Multi-Product
ACB-C003963,0,Premium / Multi-Product
ACB-C003964,0,Premium / Multi-Product
ACB-C003965,3,High Risk / Low Engagement
ACB-C003966,3,High Risk / Low Engagement
ACB-C003967,0,Premium / Multi-Product
ACB-C003968,1,Stable Core Customer
ACB-C003969,1,Stable Core Customer
ACB-C003970,1,Stable Core Customer
ACB-C003971,0,Premium / Multi-Product
ACB-C003972,1,Stable Core Customer
ACB-C003973,0,Premium / Multi-Product
ACB-C003974,1,Stable Core Customer
ACB-C003975,3,High Risk / Low Engagement
ACB-C003976,3,High Risk / Low Engagement
ACB-C003977,0,Premium / Multi-Product
ACB-C003978,1,Stable Core Customer
ACB-C003979,0,Premium / Multi-Product
ACB-C003980,3,High Risk / Low Engagement
ACB-C003981,3,High Risk / Low Engagement
ACB-C003982,0,Premium / Multi-Product
ACB-C003983,0,Premium / Multi-Product
ACB-C003984,0,Premium / Multi-Product
ACB-C003985,3,High Risk / Low Engagement
ACB-C003986,0,Premium / Multi-Product
ACB-C003987,3,High Risk / Low Engagement
ACB-C003988,3,High Risk / Low Engagement
ACB-C003989,0,Premium / Multi-Product
ACB-C003990,3,High Risk / Low Engagement
ACB-C003991,0,Premium / Multi-Product
ACB-C003992,1,Stable Core Customer
ACB-C003993,2,Developing / Building Credit
ACB-C003994,3,High Risk / Low Engagement
ACB-C003995,0,Premium / Multi-Product
ACB-C003996,0,Premium / Multi-Product
ACB-C003997,1,Stable Core Customer
ACB-C003998,1,Stable Core Customer
ACB-C003999,1,Stable Core Customer
ACB-C004000,3,High Risk / Low Engagement
ACB-C004001,3,High Risk / Low Engagement
ACB-C004002,0,Premium / Multi-Product
ACB-C004003,0,Premium / Multi-Product
ACB-C004004,1,Stable Core Customer
ACB-C004005,0,Premium / Multi-Product
ACB-C004006,3,High Risk / Low Engagement
ACB-C004007,3,High Risk / Low Engagement
ACB-C004008,1,Stable Core Customer
ACB-C004009,0,Premium / Multi-Product
ACB-C004010,0,Premium / Multi-Product
ACB-C004011,1,Stable Core Customer
ACB-C004012,1,Stable Core Customer
ACB-C004013,3,High Risk / Low Engagement
ACB-C004014,1,Stable Core Customer
ACB-C004015,3,High Risk / Low Engagement
ACB-C004016,3,High Risk / Low Engagement
ACB-C004017,3,High Risk / Low Engagement
ACB-C004018,3,High Risk / Low Engagement
ACB-C004019,3,High Risk / Low Engagement
ACB-C004020,3,High Risk / Low Engagement
ACB-C004021,3,High Risk / Low Engagement
ACB-C004022,1,Stable Core Customer
ACB-C004023,0,Premium / Multi-Product
ACB-C004024,2,Developing / Building Credit
ACB-C004025,3,High Risk / Low Engagement
ACB-C004026,1,Stable Core Customer
ACB-C004027,1,Stable Core Customer
ACB-C004028,3,High Risk / Low Engagement
ACB-C004029,0,Premium / Multi-Product
ACB-C004030,3,High Risk / Low Engagement
ACB-C004031,0,Premium / Multi-Product
ACB-C004032,0,Premium / Multi-Product
ACB-C004033,0,Premium / Multi-Product
ACB-C004034,1,Stable Core Customer
ACB-C004035,0,Premium / Multi-Product
ACB-C004036,0,Premium / Multi-Product
ACB-C004037,1,Stable Core Customer
ACB-C004038,3,High Risk / Low Engagement
ACB-C004039,0,Premium / Multi-Product
ACB-C004040,0,Premium / Multi-Product
ACB-C004041,3,High Risk / Low Engagement
ACB-C004042,3,High Risk / Low Engagement
ACB-C004043,3,High Risk / Low Engagement
ACB-C004044,0,Premium / Multi-Product
ACB-C004045,3,High Risk / Low Engagement
ACB-C004046,3,High Risk / Low Engagement
ACB-C004047,1,Stable Core Customer
ACB-C004048,0,Premium / Multi-Product
ACB-C004049,0,Premium / Multi-Product
ACB-C004050,0,Premium / Multi-Product
ACB-C004051,3,High Risk / Low Engagement
ACB-C004052,3,High Risk / Low Engagement
ACB-C004053,2,Developing / Building Credit
ACB-C004054,3,High Risk / Low Engagement
ACB-C004055,3,High Risk / Low Engagement
ACB-C004056,2,Developing / Building Credit
ACB-C004057,0,Premium / Multi-Product
ACB-C004058,1,Stable Core Customer
ACB-C004059,3,High Risk / Low Engagement
ACB-C004060,3,High Risk / Low Engagement
ACB-C004061,0,Premium / Multi-Product
ACB-C004062,1,Stable Core Customer
ACB-C004063,1,Stable Core Customer
ACB-C004064,0,Premium / Multi-Product
ACB-C004065,0,Premium / Multi-Product
ACB-C004066,3,High Risk / Low Engagement
ACB-C004067,1,Stable Core Customer
ACB-C004068,1,Stable Core Customer
ACB-C004069,0,Premium / Multi-Product
ACB-C004070,3,High Risk / Low Engagement
ACB-C004071,3,High Risk / Low Engagement
ACB-C004072,0,Premium / Multi-Product
ACB-C004073,0,Premium / Multi-Product
ACB-C004074,3,High Risk / Low Engagement
ACB-C004075,3,High Risk / Low Engagement
ACB-C004076,0,Premium / Multi-Product
ACB-C004077,2,Developing / Building Credit
ACB-C004078,0,Premium / Multi-Product
ACB-C004079,1,Stable Core Customer
ACB-C004080,0,Premium / Multi-Product
ACB-C004081,3,High Risk / Low Engagement
ACB-C004082,1,Stable Core Customer
ACB-C004083,3,High Risk / Low Engagement
ACB-C004084,3,High Risk / Low Engagement
ACB-C004085,0,Premium / Multi-Product
ACB-C004086,3,High Risk / Low Engagement
ACB-C004087,0,Premium / Multi-Product
ACB-C004088,0,Premium / Multi-Product
ACB-C004089,0,Premium / Multi-Product
ACB-C004090,1,Stable Core Customer
ACB-C004091,0,Premium / Multi-Product
ACB-C004092,0,Premium / Multi-Product
ACB-C004093,3,High Risk / Low Engagement
ACB-C004094,1,Stable Core Customer
ACB-C004095,3,High Risk / Low Engagement
ACB-C004096,1,Stable Core Customer
ACB-C004097,3,High Risk / Low Engagement
ACB-C004098,3,High Risk / Low Engagement
ACB-C004099,3,High Risk / Low Engagement
ACB-C004100,0,Premium / Multi-Product
ACB-C004101,1,Stable Core Customer
ACB-C004102,0,Premium / Multi-Product
ACB-C004103,3,High Risk / Low Engagement
ACB-C004104,3,High Risk / Low Engagement
ACB-C004105,0,Premium / Multi-Product
ACB-C004106,3,High Risk / Low Engagement
ACB-C004107,3,High Risk / Low Engagement
ACB-C004108,1,Stable Core Customer
ACB-C004109,0,Premium / Multi-Product
ACB-C004110,3,High Risk / Low Engagement
ACB-C004111,3,High Risk / Low Engagement
ACB-C004112,3,High Risk / Low Engagement
ACB-C004113,3,High Risk / Low Engagement
ACB-C004114,0,Premium / Multi-Product
ACB-C004115,0,Premium / Multi-Product
ACB-C004116,0,Premium / Multi-Product
ACB-C004117,3,High Risk / Low Engagement
ACB-C004118,0,Premium / Multi-Product
ACB-C004119,0,Premium / Multi-Product
ACB-C004120,3,High Risk / Low Engagement
ACB-C004121,1,Stable Core Customer
ACB-C004122,0,Premium / Multi-Product
ACB-C004123,0,Premium / Multi-Product
ACB-C004124,2,Developing / Building Credit
ACB-C004125,0,Premium / Multi-Product
ACB-C004126,0,Premium / Multi-Product
ACB-C004127,3,High Risk / Low Engagement
ACB-C004128,0,Premium / Multi-Product
ACB-C004129,2,Developing / Building Credit
ACB-C004130,1,Stable Core Customer
ACB-C004131,0,Premium / Multi-Product
ACB-C004132,0,Premium / Multi-Product
ACB-C004133,1,Stable Core Customer
ACB-C004134,3,High Risk / Low Engagement
ACB-C004135,1,Stable Core Customer
ACB-C004136,1,Stable Core Customer
ACB-C004137,0,Premium / Multi-Product
ACB-C004138,0,Premium / Multi-Product
ACB-C004139,1,Stable Core Customer
ACB-C004140,1,Stable Core Customer
ACB-C004141,2,Developing / Building Credit
ACB-C004142,0,Premium / Multi-Product
ACB-C004143,0,Premium / Multi-Product
ACB-C004144,3,High Risk / Low Engagement
ACB-C004145,0,Premium / Multi-Product
ACB-C004146,1,Stable Core Customer
ACB-C004147,3,High Risk / Low Engagement
ACB-C004148,3,High Risk / Low Engagement
ACB-C004149,3,High Risk / Low Engagement
ACB-C004150,0,Premium / Multi-Product
ACB-C004151,3,High Risk / Low Engagement
ACB-C004152,0,Premium / Multi-Product
ACB-C004153,3,High Risk / Low Engagement
ACB-C004154,1,Stable Core Customer
ACB-C004155,2,Developing / Building Credit
ACB-C004156,1,Stable Core Customer
ACB-C004157,1,Stable Core Customer
ACB-C004158,3,High Risk / Low Engagement
ACB-C004159,0,Premium / Multi-Product
ACB-C004160,1,Stable Core Customer
ACB-C004161,3,High Risk / Low Engagement
ACB-C004162,3,High Risk / Low Engagement
ACB-C004163,1,Stable Core Customer
ACB-C004164,1,Stable Core Customer
ACB-C004165,0,Premium / Multi-Product
ACB-C004166,0,Premium / Multi-Product
ACB-C004167,0,Premium / Multi-Product
ACB-C004168,1,Stable Core Customer
ACB-C004169,1,Stable Core Customer
ACB-C004170,0,Premium / Multi-Product
ACB-C004171,0,Premium / Multi-Product
ACB-C004172,0,Premium / Multi-Product
ACB-C004173,0,Premium / Multi-Product
ACB-C004174,0,Premium / Multi-Product
ACB-C004175,0,Premium / Multi-Product
ACB-C004176,0,Premium / Multi-Product
ACB-C004177,0,Premium / Multi-Product
ACB-C004178,1,Stable Core Customer
ACB-C004179,1,Stable Core Customer
ACB-C004180,3,High Risk / Low Engagement
ACB-C004181,1,Stable Core Customer
ACB-C004182,3,High Risk / Low Engagement
ACB-C004183,1,Stable Core Customer
ACB-C004184,2,Developing / Building Credit
ACB-C004185,0,Premium / Multi-Product
ACB-C004186,3,High Risk / Low Engagement
ACB-C004187,0,Premium / Multi-Product
ACB-C004188,3,High Risk / Low Engagement
ACB-C004189,0,Premium / Multi-Product
ACB-C004190,3,High Risk / Low Engagement
ACB-C004191,0,Premium / Multi-Product
ACB-C004192,2,Developing / Building Credit
ACB-C004193,1,Stable Core Customer
ACB-C004194,0,Premium / Multi-Product
ACB-C004195,0,Premium / Multi-Product
ACB-C004196,2,Developing / Building Credit
ACB-C004197,0,Premium / Multi-Product
ACB-C004198,3,High Risk / Low Engagement
ACB-C004199,1,Stable Core Customer
ACB-C004200,1,Stable Core Customer
ACB-C004201,1,Stable Core Customer
ACB-C004202,0,Premium / Multi-Product
ACB-C004203,3,High Risk / Low Engagement
ACB-C004204,1,Stable Core Customer
ACB-C004205,3,High Risk / Low Engagement
ACB-C004206,0,Premium / Multi-Product
ACB-C004207,1,Stable Core Customer
ACB-C004208,2,Developing / Building Credit
ACB-C004209,1,Stable Core Customer
ACB-C004210,2,Developing / Building Credit
ACB-C004211,1,Stable Core Customer
ACB-C004212,0,Premium / Multi-Product
ACB-C004213,3,High Risk / Low Engagement
ACB-C004214,3,High Risk / Low Engagement
ACB-C004215,0,Premium / Multi-Product
ACB-C004216,0,Premium / Multi-Product
ACB-C004217,0,Premium / Multi-Product
ACB-C004218,1,Stable Core Customer
ACB-C004219,3,High Risk / Low Engagement
ACB-C004220,1,Stable Core Customer
ACB-C004221,1,Stable Core Customer
ACB-C004222,0,Premium / Multi-Product
ACB-C004223,0,Premium / Multi-Product
ACB-C004224,2,Developing / Building Credit
ACB-C004225,3,High Risk / Low Engagement
ACB-C004226,0,Premium / Multi-Product
ACB-C004227,1,Stable Core Customer
ACB-C004228,0,Premium / Multi-Product
ACB-C004229,0,Premium / Multi-Product
ACB-C004230,0,Premium / Multi-Product
ACB-C004231,0,Premium / Multi-Product
ACB-C004232,0,Premium / Multi-Product
ACB-C004233,0,Premium / Multi-Product
ACB-C004234,1,Stable Core Customer
ACB-C004235,3,High Risk / Low Engagement
ACB-C004236,0,Premium / Multi-Product
ACB-C004237,0,Premium / Multi-Product
ACB-C004238,0,Premium / Multi-Product
ACB-C004239,1,Stable Core Customer
ACB-C004240,1,Stable Core Customer
ACB-C004241,1,Stable Core Customer
ACB-C004242,1,Stable Core Customer
ACB-C004243,1,Stable Core Customer
ACB-C004244,0,Premium / Multi-Product
ACB-C004245,2,Developing / Building Credit
ACB-C004246,2,Developing / Building Credit
ACB-C004247,1,Stable Core Customer
ACB-C004248,0,Premium / Multi-Product
ACB-C004249,2,Developing / Building Credit
ACB-C004250,3,High Risk / Low Engagement
ACB-C004251,1,Stable Core Customer
ACB-C004252,3,High Risk / Low Engagement
ACB-C004253,0,Premium / Multi-Product
ACB-C004254,0,Premium / Multi-Product
ACB-C004255,1,Stable Core Customer
ACB-C004256,1,Stable Core Customer
ACB-C004257,0,Premium / Multi-Product
ACB-C004258,0,Premium / Multi-Product
ACB-C004259,1,Stable Core Customer
ACB-C004260,1,Stable Core Customer
ACB-C004261,0,Premium / Multi-Product
ACB-C004262,2,Developing / Building Credit
ACB-C004263,0,Premium / Multi-Product
ACB-C004264,0,Premium / Multi-Product
ACB-C004265,0,Premium / Multi-Product
ACB-C004266,0,Premium / Multi-Product
ACB-C004267,1,Stable Core Customer
ACB-C004268,0,Premium / Multi-Product
ACB-C004269,3,High Risk / Low Engagement
ACB-C004270,1,Stable Core Customer
ACB-C004271,0,Premium / Multi-Product
ACB-C004272,2,Developing / Building Credit
ACB-C004273,3,High Risk / Low Engagement
ACB-C004274,0,Premium / Multi-Product
ACB-C004275,0,Premium / Multi-Product
ACB-C004276,0,Premium / Multi-Product
ACB-C004277,1,Stable Core Customer
ACB-C004278,1,Stable Core Customer
ACB-C004279,1,Stable Core Customer
ACB-C004280,1,Stable Core Customer
ACB-C004281,0,Premium / Multi-Product
ACB-C004282,0,Premium / Multi-Product
ACB-C004283,0,Premium / Multi-Product
ACB-C004284,3,High Risk / Low Engagement
ACB-C004285,1,Stable Core Customer
ACB-C004286,0,Premium / Multi-Product
ACB-C004287,3,High Risk / Low Engagement
ACB-C004288,1,Stable Core Customer
ACB-C004289,1,Stable Core Customer
ACB-C004290,1,Stable Core Customer
ACB-C004291,3,High Risk / Low Engagement
ACB-C004292,2,Developing / Building Credit
ACB-C004293,3,High Risk / Low Engagement
ACB-C004294,0,Premium / Multi-Product
ACB-C004295,2,Developing / Building Credit
ACB-C004296,3,High Risk / Low Engagement
ACB-C004297,0,Premium / Multi-Product
ACB-C004298,3,High Risk / Low Engagement
ACB-C004299,0,Premium / Multi-Product
ACB-C004300,1,Stable Core Customer
ACB-C004301,3,High Risk / Low Engagement
ACB-C004302,0,Premium / Multi-Product
ACB-C004303,2,Developing / Building Credit
ACB-C004304,3,High Risk / Low Engagement
ACB-C004305,3,High Risk / Low Engagement
ACB-C004306,0,Premium / Multi-Product
ACB-C004307,1,Stable Core Customer
ACB-C004308,1,Stable Core Customer
ACB-C004309,1,Stable Core Customer
ACB-C004310,1,Stable Core Customer
ACB-C004311,0,Premium / Multi-Product
ACB-C004312,3,High Risk / Low Engagement
ACB-C004313,1,Stable Core Customer
ACB-C004314,1,Stable Core Customer
ACB-C004315,1,Stable Core Customer
ACB-C004316,2,Developing / Building Credit
ACB-C004317,0,Premium / Multi-Product
ACB-C004318,2,Developing / Building Credit
ACB-C004319,0,Premium / Multi-Product
ACB-C004320,2,Developing / Building Credit
ACB-C004321,3,High Risk / Low Engagement
ACB-C004322,0,Premium / Multi-Product
ACB-C004323,3,High Risk / Low Engagement
ACB-C004324,0,Premium / Multi-Product
ACB-C004325,0,Premium / Multi-Product
ACB-C004326,1,Stable Core Customer
ACB-C004327,3,High Risk / Low Engagement
ACB-C004328,1,Stable Core Customer
ACB-C004329,3,High Risk / Low Engagement
ACB-C004330,1,Stable Core Customer
ACB-C004331,3,High Risk / Low Engagement
ACB-C004332,1,Stable Core Customer
ACB-C004333,0,Premium / Multi-Product
ACB-C004334,0,Premium / Multi-Product
ACB-C004335,0,Premium / Multi-Product
ACB-C004336,3,High Risk / Low Engagement
ACB-C004337,0,Premium / Multi-Product
ACB-C004338,3,High Risk / Low Engagement
ACB-C004339,3,High Risk / Low Engagement
ACB-C004340,3,High Risk / Low Engagement
ACB-C004341,0,Premium / Multi-Product
ACB-C004342,0,Premium / Multi-Product
ACB-C004343,1,Stable Core Customer
ACB-C004344,0,Premium / Multi-Product
ACB-C004345,3,High Risk / Low Engagement
ACB-C004346,0,Premium / Multi-Product
ACB-C004347,0,Premium / Multi-Product
ACB-C004348,0,Premium / Multi-Product
ACB-C004349,3,High Risk / Low Engagement
ACB-C004350,2,Developing / Building Credit
ACB-C004351,0,Premium / Multi-Product
ACB-C004352,0,Premium / Multi-Product
ACB-C004353,1,Stable Core Customer
ACB-C004354,1,Stable Core Customer
ACB-C004355,1,Stable Core Customer
ACB-C004356,2,Developing / Building Credit
ACB-C004357,0,Premium / Multi-Product
ACB-C004358,3,High Risk / Low Engagement
ACB-C004359,1,Stable Core Customer
ACB-C004360,0,Premium / Multi-Product
ACB-C004361,0,Premium / Multi-Product
ACB-C004362,1,Stable Core Customer
ACB-C004363,0,Premium / Multi-Product
ACB-C004364,3,High Risk / Low Engagement
ACB-C004365,3,High Risk / Low Engagement
ACB-C004366,0,Premium / Multi-Product
ACB-C004367,2,Developing / Building Credit
ACB-C004368,1,Stable Core Customer
ACB-C004369,3,High Risk / Low Engagement
ACB-C004370,3,High Risk / Low Engagement
ACB-C004371,0,Premium / Multi-Product
ACB-C004372,3,High Risk / Low Engagement
ACB-C004373,0,Premium / Multi-Product
ACB-C004374,1,Stable Core Customer
ACB-C004375,1,Stable Core Customer
ACB-C004376,0,Premium / Multi-Product
ACB-C004377,1,Stable Core Customer
ACB-C004378,0,Premium / Multi-Product
ACB-C004379,0,Premium / Multi-Product
ACB-C004380,1,Stable Core Customer
ACB-C004381,1,Stable Core Customer
ACB-C004382,0,Premium / Multi-Product
ACB-C004383,3,High Risk / Low Engagement
ACB-C004384,1,Stable Core Customer
ACB-C004385,0,Premium / Multi-Product
ACB-C004386,0,Premium / Multi-Product
ACB-C004387,0,Premium / Multi-Product
ACB-C004388,0,Premium / Multi-Product
ACB-C004389,0,Premium / Multi-Product
ACB-C004390,3,High Risk / Low Engagement
ACB-C004391,2,Developing / Building Credit
ACB-C004392,3,High Risk / Low Engagement
ACB-C004393,1,Stable Core Customer
ACB-C004394,0,Premium / Multi-Product
ACB-C004395,2,Developing / Building Credit
ACB-C004396,1,Stable Core Customer
ACB-C004397,3,High Risk / Low Engagement
ACB-C004398,1,Stable Core Customer
ACB-C004399,0,Premium / Multi-Product
ACB-C004400,0,Premium / Multi-Product
ACB-C004401,0,Premium / Multi-Product
ACB-C004402,0,Premium / Multi-Product
ACB-C004403,1,Stable Core Customer
ACB-C004404,0,Premium / Multi-Product
ACB-C004405,1,Stable Core Customer
ACB-C004406,0,Premium / Multi-Product
ACB-C004407,0,Premium / Multi-Product
ACB-C004408,3,High Risk / Low Engagement
ACB-C004409,0,Premium / Multi-Product
ACB-C004410,1,Stable Core Customer
ACB-C004411,1,Stable Core Customer
ACB-C004412,3,High Risk / Low Engagement
ACB-C004413,1,Stable Core Customer
ACB-C004414,3,High Risk / Low Engagement
ACB-C004415,0,Premium / Multi-Product
ACB-C004416,1,Stable Core Customer
ACB-C004417,0,Premium / Multi-Product
ACB-C004418,1,Stable Core Customer
ACB-C004419,1,Stable Core Customer
ACB-C004420,0,Premium / Multi-Product
ACB-C004421,0,Premium / Multi-Product
ACB-C004422,3,High Risk / Low Engagement
ACB-C004423,0,Premium / Multi-Product
ACB-C004424,1,Stable Core Customer
ACB-C004425,0,Premium / Multi-Product
ACB-C004426,0,Premium / Multi-Product
ACB-C004427,0,Premium / Multi-Product
ACB-C004428,0,Premium / Multi-Product
ACB-C004429,0,Premium / Multi-Product
ACB-C004430,1,Stable Core Customer
ACB-C004431,0,Premium / Multi-Product
ACB-C004432,3,High Risk / Low Engagement
ACB-C004433,3,High Risk / Low Engagement
ACB-C004434,0,Premium / Multi-Product
ACB-C004435,1,Stable Core Customer
ACB-C004436,3,High Risk / Low Engagement
ACB-C004437,0,Premium / Multi-Product
ACB-C004438,0,Premium / Multi-Product
ACB-C004439,0,Premium / Multi-Product
ACB-C004440,3,High Risk / Low Engagement
ACB-C004441,1,Stable Core Customer
ACB-C004442,2,Developing / Building Credit
ACB-C004443,3,High Risk / Low Engagement
ACB-C004444,3,High Risk / Low Engagement
ACB-C004445,0,Premium / Multi-Product
ACB-C004446,1,Stable Core Customer
ACB-C004447,3,High Risk / Low Engagement
ACB-C004448,0,Premium / Multi-Product
ACB-C004449,0,Premium / Multi-Product
ACB-C004450,1,Stable Core Customer
ACB-C004451,3,High Risk / Low Engagement
ACB-C004452,1,Stable Core Customer
ACB-C004453,3,High Risk / Low Engagement
ACB-C004454,1,Stable Core Customer
ACB-C004455,0,Premium / Multi-Product
ACB-C004456,1,Stable Core Customer
ACB-C004457,3,High Risk / Low Engagement
ACB-C004458,1,Stable Core Customer
ACB-C004459,3,High Risk / Low Engagement
ACB-C004460,0,Premium / Multi-Product
ACB-C004461,0,Premium / Multi-Product
ACB-C004462,3,High Risk / Low Engagement
ACB-C004463,3,High Risk / Low Engagement
ACB-C004464,1,Stable Core Customer
ACB-C004465,0,Premium / Multi-Product
ACB-C004466,1,Stable Core Customer
ACB-C004467,0,Premium / Multi-Product
ACB-C004468,3,High Risk / Low Engagement
ACB-C004469,0,Premium / Multi-Product
ACB-C004470,3,High Risk / Low Engagement
ACB-C004471,1,Stable Core Customer
ACB-C004472,2,Developing / Building Credit
ACB-C004473,0,Premium / Multi-Product
ACB-C004474,3,High Risk / Low Engagement
ACB-C004475,0,Premium / Multi-Product
ACB-C004476,0,Premium / Multi-Product
ACB-C004477,3,High Risk / Low Engagement
ACB-C004478,0,Premium / Multi-Product
ACB-C004479,1,Stable Core Customer
ACB-C004480,3,High Risk / Low Engagement
ACB-C004481,1,Stable Core Customer
ACB-C004482,0,Premium / Multi-Product
ACB-C004483,3,High Risk / Low Engagement
ACB-C004484,2,Developing / Building Credit
ACB-C004485,0,Premium / Multi-Product
ACB-C004486,0,Premium / Multi-Product
ACB-C004487,2,Developing / Building Credit
ACB-C004488,0,Premium / Multi-Product
ACB-C004489,0,Premium / Multi-Product
ACB-C004490,1,Stable Core Customer
ACB-C004491,1,Stable Core Customer
ACB-C004492,2,Developing / Building Credit
ACB-C004493,0,Premium / Multi-Product
ACB-C004494,1,Stable Core Customer
ACB-C004495,3,High Risk / Low Engagement
ACB-C004496,3,High Risk / Low Engagement
ACB-C004497,0,Premium / Multi-Product
ACB-C004498,2,Developing / Building Credit
ACB-C004499,3,High Risk / Low Engagement
ACB-C004500,0,Premium / Multi-Product
ACB-C004501,1,Stable Core Customer
ACB-C004502,1,Stable Core Customer
ACB-C004503,1,Stable Core Customer
ACB-C004504,0,Premium / Multi-Product
ACB-C004505,3,High Risk / Low Engagement
ACB-C004506,3,High Risk / Low Engagement
ACB-C004507,3,High Risk / Low Engagement
ACB-C004508,3,High Risk / Low Engagement
ACB-C004509,3,High Risk / Low Engagement
ACB-C004510,0,Premium / Multi-Product
ACB-C004511,1,Stable Core Customer
ACB-C004512,3,High Risk / Low Engagement
ACB-C004513,2,Developing / Building Credit
ACB-C004514,1,Stable Core Customer
ACB-C004515,3,High Risk / Low Engagement
ACB-C004516,3,High Risk / Low Engagement
ACB-C004517,3,High Risk / Low Engagement
ACB-C004518,0,Premium / Multi-Product
ACB-C004519,3,High Risk / Low Engagement
ACB-C004520,0,Premium / Multi-Product
ACB-C004521,0,Premium / Multi-Product
ACB-C004522,3,High Risk / Low Engagement
ACB-C004523,3,High Risk / Low Engagement
ACB-C004524,0,Premium / Multi-Product
ACB-C004525,1,Stable Core Customer
ACB-C004526,0,Premium / Multi-Product
ACB-C004527,1,Stable Core Customer
ACB-C004528,0,Premium / Multi-Product
ACB-C004529,0,Premium / Multi-Product
ACB-C004530,1,Stable Core Customer
ACB-C004531,3,High Risk / Low Engagement
ACB-C004532,0,Premium / Multi-Product
ACB-C004533,1,Stable Core Customer
ACB-C004534,0,Premium / Multi-Product
ACB-C004535,0,Premium / Multi-Product
ACB-C004536,3,High Risk / Low Engagement
ACB-C004537,0,Premium / Multi-Product
ACB-C004538,0,Premium / Multi-Product
ACB-C004539,0,Premium / Multi-Product
ACB-C004540,3,High Risk / Low Engagement
ACB-C004541,0,Premium / Multi-Product
ACB-C004542,0,Premium / Multi-Product
ACB-C004543,3,High Risk / Low Engagement
ACB-C004544,0,Premium / Multi-Product
ACB-C004545,2,Developing / Building Credit
ACB-C004546,3,High Risk / Low Engagement
ACB-C004547,1,Stable Core Customer
ACB-C004548,1,Stable Core Customer
ACB-C004549,1,Stable Core Customer
ACB-C004550,0,Premium / Multi-Product
ACB-C004551,0,Premium / Multi-Product
ACB-C004552,3,High Risk / Low Engagement
ACB-C004553,3,High Risk / Low Engagement
ACB-C004554,0,Premium / Multi-Product
ACB-C004555,1,Stable Core Customer
ACB-C004556,1,Stable Core Customer
ACB-C004557,0,Premium / Multi-Product
ACB-C004558,0,Premium / Multi-Product
ACB-C004559,3,High Risk / Low Engagement
ACB-C004560,3,High Risk / Low Engagement
ACB-C004561,1,Stable Core Customer
ACB-C004562,0,Premium / Multi-Product
ACB-C004563,0,Premium / Multi-Product
ACB-C004564,1,Stable Core Customer
ACB-C004565,1,Stable Core Customer
ACB-C004566,0,Premium / Multi-Product
ACB-C004567,0,Premium / Multi-Product
ACB-C004568,3,High Risk / Low Engagement
ACB-C004569,3,High Risk / Low Engagement
ACB-C004570,3,High Risk / Low Engagement
ACB-C004571,1,Stable Core Customer
ACB-C004572,1,Stable Core Customer
ACB-C004573,2,Developing / Building Credit
ACB-C004574,3,High Risk / Low Engagement
ACB-C004575,0,Premium / Multi-Product
ACB-C004576,3,High Risk / Low Engagement
ACB-C004577,3,High Risk / Low Engagement
ACB-C004578,0,Premium / Multi-Product
ACB-C004579,1,Stable Core Customer
ACB-C004580,3,High Risk / Low Engagement
ACB-C004581,3,High Risk / Low Engagement
ACB-C004582,0,Premium / Multi-Product
ACB-C004583,0,Premium / Multi-Product
ACB-C004584,0,Premium / Multi-Product
ACB-C004585,1,Stable Core Customer
ACB-C004586,1,Stable Core Customer
ACB-C004587,0,Premium / Multi-Product
ACB-C004588,1,Stable Core Customer
ACB-C004589,0,Premium / Multi-Product
ACB-C004590,0,Premium / Multi-Product
ACB-C004591,0,Premium / Multi-Product
ACB-C004592,1,Stable Core Customer
ACB-C004593,1,Stable Core Customer
ACB-C004594,0,Premium / Multi-Product
ACB-C004595,0,Premium / Multi-Product
ACB-C004596,3,High Risk / Low Engagement
ACB-C004597,3,High Risk / Low Engagement
ACB-C004598,3,High Risk / Low Engagement
ACB-C004599,0,Premium / Multi-Product
ACB-C004600,3,High Risk / Low Engagement
ACB-C004601,0,Premium / Multi-Product
ACB-C004602,0,Premium / Multi-Product
ACB-C004603,1,Stable Core Customer
ACB-C004604,3,High Risk / Low Engagement
ACB-C004605,0,Premium / Multi-Product
ACB-C004606,0,Premium / Multi-Product
ACB-C004607,3,High Risk / Low Engagement
ACB-C004608,3,High Risk / Low Engagement
ACB-C004609,3,High Risk / Low Engagement
ACB-C004610,1,Stable Core Customer
ACB-C004611,0,Premium / Multi-Product
ACB-C004612,0,Premium / Multi-Product
ACB-C004613,1,Stable Core Customer
ACB-C004614,1,Stable Core Customer
ACB-C004615,3,High Risk / Low Engagement
ACB-C004616,1,Stable Core Customer
ACB-C004617,0,Premium / Multi-Product
ACB-C004618,1,Stable Core Customer
ACB-C004619,3,High Risk / Low Engagement
ACB-C004620,3,High Risk / Low Engagement
ACB-C004621,1,Stable Core Customer
ACB-C004622,0,Premium / Multi-Product
ACB-C004623,0,Premium / Multi-Product
ACB-C004624,3,High Risk / Low Engagement
ACB-C004625,0,Premium / Multi-Product
ACB-C004626,1,Stable Core Customer
ACB-C004627,0,Premium / Multi-Product
ACB-C004628,3,High Risk / Low Engagement
ACB-C004629,0,Premium / Multi-Product
ACB-C004630,0,Premium / Multi-Product
ACB-C004631,0,Premium / Multi-Product
ACB-C004632,3,High Risk / Low Engagement
ACB-C004633,3,High Risk / Low Engagement
ACB-C004634,3,High Risk / Low Engagement
ACB-C004635,1,Stable Core Customer
ACB-C004636,3,High Risk / Low Engagement
ACB-C004637,1,Stable Core Customer
ACB-C004638,1,Stable Core Customer
ACB-C004639,1,Stable Core Customer
ACB-C004640,1,Stable Core Customer
ACB-C004641,3,High Risk / Low Engagement
ACB-C004642,3,High Risk / Low Engagement
ACB-C004643,0,Premium / Multi-Product
ACB-C004644,3,High Risk / Low Engagement
ACB-C004645,3,High Risk / Low Engagement
ACB-C004646,0,Premium / Multi-Product
ACB-C004647,3,High Risk / Low Engagement
ACB-C004648,0,Premium / Multi-Product
ACB-C004649,3,High Risk / Low Engagement
ACB-C004650,0,Premium / Multi-Product
ACB-C004651,0,Premium / Multi-Product
ACB-C004652,3,High Risk / Low Engagement
ACB-C004653,0,Premium / Multi-Product
ACB-C004654,1,Stable Core Customer
ACB-C004655,0,Premium / Multi-Product
ACB-C004656,3,High Risk / Low Engagement
ACB-C004657,1,Stable Core Customer
ACB-C004658,3,High Risk / Low Engagement
ACB-C004659,3,High Risk / Low Engagement
ACB-C004660,1,Stable Core Customer
ACB-C004661,2,Developing / Building Credit
ACB-C004662,0,Premium / Multi-Product
ACB-C004663,0,Premium / Multi-Product
ACB-C004664,1,Stable Core Customer
ACB-C004665,0,Premium / Multi-Product
ACB-C004666,0,Premium / Multi-Product
ACB-C004667,0,Premium / Multi-Product
ACB-C004668,0,Premium / Multi-Product
ACB-C004669,3,High Risk / Low Engagement
ACB-C004670,3,High Risk / Low Engagement
ACB-C004671,0,Premium / Multi-Product
ACB-C004672,1,Stable Core Customer
ACB-C004673,0,Premium / Multi-Product
ACB-C004674,0,Premium / Multi-Product
ACB-C004675,3,High Risk / Low Engagement
ACB-C004676,1,Stable Core Customer
ACB-C004677,0,Premium / Multi-Product
ACB-C004678,0,Premium / Multi-Product
ACB-C004679,0,Premium / Multi-Product
ACB-C004680,2,Developing / Building Credit
ACB-C004681,0,Premium / Multi-Product
ACB-C004682,0,Premium / Multi-Product
ACB-C004683,0,Premium / Multi-Product
ACB-C004684,0,Premium / Multi-Product
ACB-C004685,1,Stable Core Customer
ACB-C004686,0,Premium / Multi-Product
ACB-C004687,0,Premium / Multi-Product
ACB-C004688,0,Premium / Multi-Product
ACB-C004689,1,Stable Core Customer
ACB-C004690,1,Stable Core Customer
ACB-C004691,1,Stable Core Customer
ACB-C004692,1,Stable Core Customer
ACB-C004693,0,Premium / Multi-Product
ACB-C004694,3,High Risk / Low Engagement
ACB-C004695,3,High Risk / Low Engagement
ACB-C004696,0,Premium / Multi-Product
ACB-C004697,0,Premium / Multi-Product
ACB-C004698,1,Stable Core Customer
ACB-C004699,3,High Risk / Low Engagement
ACB-C004700,3,High Risk / Low Engagement
ACB-C004701,1,Stable Core Customer
ACB-C004702,0,Premium / Multi-Product
ACB-C004703,0,Premium / Multi-Product
ACB-C004704,3,High Risk / Low Engagement
ACB-C004705,2,Developing / Building Credit
ACB-C004706,0,Premium / Multi-Product
ACB-C004707,0,Premium / Multi-Product
ACB-C004708,0,Premium / Multi-Product
ACB-C004709,0,Premium / Multi-Product
ACB-C004710,0,Premium / Multi-Product
ACB-C004711,0,Premium / Multi-Product
ACB-C004712,3,High Risk / Low Engagement
ACB-C004713,3,High Risk / Low Engagement
ACB-C004714,0,Premium / Multi-Product
ACB-C004715,0,Premium / Multi-Product
ACB-C004716,0,Premium / Multi-Product
ACB-C004717,0,Premium / Multi-Product
ACB-C004718,1,Stable Core Customer
ACB-C004719,0,Premium / Multi-Product
ACB-C004720,1,Stable Core Customer
ACB-C004721,3,High Risk / Low Engagement
ACB-C004722,0,Premium / Multi-Product
ACB-C004723,1,Stable Core Customer
ACB-C004724,0,Premium / Multi-Product
ACB-C004725,3,High Risk / Low Engagement
ACB-C004726,3,High Risk / Low Engagement
ACB-C004727,0,Premium / Multi-Product
ACB-C004728,1,Stable Core Customer
ACB-C004729,0,Premium / Multi-Product
ACB-C004730,1,Stable Core Customer
ACB-C004731,3,High Risk / Low Engagement
ACB-C004732,0,Premium / Multi-Product
ACB-C004733,0,Premium / Multi-Product
ACB-C004734,3,High Risk / Low Engagement
ACB-C004735,0,Premium / Multi-Product
ACB-C004736,0,Premium / Multi-Product
ACB-C004737,0,Premium / Multi-Product
ACB-C004738,0,Premium / Multi-Product
ACB-C004739,0,Premium / Multi-Product
ACB-C004740,1,Stable Core Customer
ACB-C004741,0,Premium / Multi-Product
ACB-C004742,3,High Risk / Low Engagement
ACB-C004743,1,Stable Core Customer
ACB-C004744,3,High Risk / Low Engagement
ACB-C004745,0,Premium / Multi-Product
ACB-C004746,0,Premium / Multi-Product
ACB-C004747,1,Stable Core Customer
ACB-C004748,0,Premium / Multi-Product
ACB-C004749,2,Developing / Building Credit
ACB-C004750,0,Premium / Multi-Product
ACB-C004751,2,Developing / Building Credit
ACB-C004752,1,Stable Core Customer
ACB-C004753,0,Premium / Multi-Product
ACB-C004754,3,High Risk / Low Engagement
ACB-C004755,2,Developing / Building Credit
ACB-C004756,0,Premium / Multi-Product
ACB-C004757,1,Stable Core Customer
ACB-C004758,3,High Risk / Low Engagement
ACB-C004759,1,Stable Core Customer
ACB-C004760,3,High Risk / Low Engagement
ACB-C004761,1,Stable Core Customer
ACB-C004762,2,Developing / Building Credit
ACB-C004763,1,Stable Core Customer
ACB-C004764,0,Premium / Multi-Product
ACB-C004765,0,Premium / Multi-Product
ACB-C004766,1,Stable Core Customer
ACB-C004767,0,Premium / Multi-Product
ACB-C004768,1,Stable Core Customer
ACB-C004769,0,Premium / Multi-Product
ACB-C004770,1,Stable Core Customer
ACB-C004771,0,Premium / Multi-Product
ACB-C004772,1,Stable Core Customer
ACB-C004773,0,Premium / Multi-Product
ACB-C004774,2,Developing / Building Credit
ACB-C004775,1,Stable Core Customer
ACB-C004776,3,High Risk / Low Engagement
ACB-C004777,0,Premium / Multi-Product
ACB-C004778,0,Premium / Multi-Product
ACB-C004779,0,Premium / Multi-Product
ACB-C004780,3,High Risk / Low Engagement
ACB-C004781,0,Premium / Multi-Product
ACB-C004782,3,High Risk / Low Engagement
ACB-C004783,0,Premium / Multi-Product
ACB-C004784,0,Premium / Multi-Product
ACB-C004785,3,High Risk / Low Engagement
ACB-C004786,1,Stable Core Customer
ACB-C004787,0,Premium / Multi-Product
ACB-C004788,0,Premium / Multi-Product
ACB-C004789,3,High Risk / Low Engagement
ACB-C004790,0,Premium / Multi-Product
ACB-C004791,0,Premium / Multi-Product
ACB-C004792,1,Stable Core Customer
ACB-C004793,0,Premium / Multi-Product
ACB-C004794,0,Premium / Multi-Product
ACB-C004795,1,Stable Core Customer
ACB-C004796,1,Stable Core Customer
ACB-C004797,1,Stable Core Customer
ACB-C004798,1,Stable Core Customer
ACB-C004799,3,High Risk / Low Engagement
ACB-C004800,1,Stable Core Customer
ACB-C004801,2,Developing / Building Credit
ACB-C004802,1,Stable Core Customer
ACB-C004803,0,Premium / Multi-Product
ACB-C004804,1,Stable Core Customer
ACB-C004805,3,High Risk / Low Engagement
ACB-C004806,3,High Risk / Low Engagement
ACB-C004807,0,Premium / Multi-Product
ACB-C004808,3,High Risk / Low Engagement
ACB-C004809,3,High Risk / Low Engagement
ACB-C004810,0,Premium / Multi-Product
ACB-C004811,0,Premium / Multi-Product
ACB-C004812,2,Developing / Building Credit
ACB-C004813,2,Developing / Building Credit
ACB-C004814,3,High Risk / Low Engagement
ACB-C004815,0,Premium / Multi-Product
ACB-C004816,0,Premium / Multi-Product
ACB-C004817,3,High Risk / Low Engagement
ACB-C004818,1,Stable Core Customer
ACB-C004819,3,High Risk / Low Engagement
ACB-C004820,0,Premium / Multi-Product
ACB-C004821,1,Stable Core Customer
ACB-C004822,1,Stable Core Customer
ACB-C004823,0,Premium / Multi-Product
ACB-C004824,1,Stable Core Customer
ACB-C004825,1,Stable Core Customer
ACB-C004826,3,High Risk / Low Engagement
ACB-C004827,3,High Risk / Low Engagement
ACB-C004828,3,High Risk / Low Engagement
ACB-C004829,3,High Risk / Low Engagement
ACB-C004830,3,High Risk / Low Engagement
ACB-C004831,1,Stable Core Customer
ACB-C004832,3,High Risk / Low Engagement
ACB-C004833,3,High Risk / Low Engagement
ACB-C004834,2,Developing / Building Credit
ACB-C004835,0,Premium / Multi-Product
ACB-C004836,0,Premium / Multi-Product
ACB-C004837,1,Stable Core Customer
ACB-C004838,3,High Risk / Low Engagement
ACB-C004839,1,Stable Core Customer
ACB-C004840,3,High Risk / Low Engagement
ACB-C004841,2,Developing / Building Credit
ACB-C004842,1,Stable Core Customer
ACB-C004843,0,Premium / Multi-Product
ACB-C004844,0,Premium / Multi-Product
ACB-C004845,0,Premium / Multi-Product
ACB-C004846,3,High Risk / Low Engagement
ACB-C004847,3,High Risk / Low Engagement
ACB-C004848,3,High Risk / Low Engagement
ACB-C004849,0,Premium / Multi-Product
ACB-C004850,3,High Risk / Low Engagement
ACB-C004851,0,Premium / Multi-Product
ACB-C004852,1,Stable Core Customer
ACB-C004853,0,Premium / Multi-Product
ACB-C004854,3,High Risk / Low Engagement
ACB-C004855,1,Stable Core Customer
ACB-C004856,1,Stable Core Customer
ACB-C004857,1,Stable Core Customer
ACB-C004858,3,High Risk / Low Engagement
ACB-C004859,2,Developing / Building Credit
ACB-C004860,0,Premium / Multi-Product
ACB-C004861,3,High Risk / Low Engagement
ACB-C004862,3,High Risk / Low Engagement
ACB-C004863,0,Premium / Multi-Product
ACB-C004864,2,Developing / Building Credit
ACB-C004865,3,High Risk / Low Engagement
ACB-C004866,0,Premium / Multi-Product
ACB-C004867,1,Stable Core Customer
ACB-C004868,1,Stable Core Customer
ACB-C004869,0,Premium / Multi-Product
ACB-C004870,0,Premium / Multi-Product
ACB-C004871,0,Premium / Multi-Product
ACB-C004872,0,Premium / Multi-Product
ACB-C004873,1,Stable Core Customer
ACB-C004874,3,High Risk / Low Engagement
ACB-C004875,3,High Risk / Low Engagement
ACB-C004876,1,Stable Core Customer
ACB-C004877,1,Stable Core Customer
ACB-C004878,0,Premium / Multi-Product
ACB-C004879,0,Premium / Multi-Product
ACB-C004880,0,Premium / Multi-Product
ACB-C004881,3,High Risk / Low Engagement
ACB-C004882,3,High Risk / Low Engagement
ACB-C004883,3,High Risk / Low Engagement
ACB-C004884,0,Premium / Multi-Product
ACB-C004885,0,Premium / Multi-Product
ACB-C004886,1,Stable Core Customer
ACB-C004887,2,Developing / Building Credit
ACB-C004888,1,Stable Core Customer
ACB-C004889,0,Premium / Multi-Product
ACB-C004890,0,Premium / Multi-Product
ACB-C004891,1,Stable Core Customer
ACB-C004892,0,Premium / Multi-Product
ACB-C004893,3,High Risk / Low Engagement
ACB-C004894,0,Premium / Multi-Product
ACB-C004895,0,Premium / Multi-Product
ACB-C004896,0,Premium / Multi-Product
ACB-C004897,0,Premium / Multi-Product
ACB-C004898,0,Premium / Multi-Product
ACB-C004899,0,Premium / Multi-Product
ACB-C004900,0,Premium / Multi-Product
ACB-C004901,3,High Risk / Low Engagement
ACB-C004902,0,Premium / Multi-Product
ACB-C004903,1,Stable Core Customer
ACB-C004904,3,High Risk / Low Engagement
ACB-C004905,3,High Risk / Low Engagement
ACB-C004906,0,Premium / Multi-Product
ACB-C004907,3,High Risk / Low Engagement
ACB-C004908,0,Premium / Multi-Product
ACB-C004909,1,Stable Core Customer
ACB-C004910,0,Premium / Multi-Product
ACB-C004911,0,Premium / Multi-Product
ACB-C004912,0,Premium / Multi-Product
ACB-C004913,0,Premium / Multi-Product
ACB-C004914,1,Stable Core Customer
ACB-C004915,3,High Risk / Low Engagement
ACB-C004916,0,Premium / Multi-Product
ACB-C004917,3,High Risk / Low Engagement
ACB-C004918,0,Premium / Multi-Product
ACB-C004919,0,Premium / Multi-Product
ACB-C004920,3,High Risk / Low Engagement
ACB-C004921,1,Stable Core Customer
ACB-C004922,3,High Risk / Low Engagement
ACB-C004923,0,Premium / Multi-Product
ACB-C004924,0,Premium / Multi-Product
ACB-C004925,1,Stable Core Customer
ACB-C004926,3,High Risk / Low Engagement
ACB-C004927,2,Developing / Building Credit
ACB-C004928,1,Stable Core Customer
ACB-C004929,0,Premium / Multi-Product
ACB-C004930,2,Developing / Building Credit
ACB-C004931,0,Premium / Multi-Product
ACB-C004932,3,High Risk / Low Engagement
ACB-C004933,1,Stable Core Customer
ACB-C004934,1,Stable Core Customer
ACB-C004935,0,Premium / Multi-Product
ACB-C004936,0,Premium / Multi-Product
ACB-C004937,3,High Risk / Low Engagement
ACB-C004938,2,Developing / Building Credit
ACB-C004939,0,Premium / Multi-Product
ACB-C004940,3,High Risk / Low Engagement
ACB-C004941,0,Premium / Multi-Product
ACB-C004942,0,Premium / Multi-Product
ACB-C004943,2,Developing / Building Credit
ACB-C004944,1,Stable Core Customer
ACB-C004945,0,Premium / Multi-Product
ACB-C004946,0,Premium / Multi-Product
ACB-C004947,1,Stable Core Customer
ACB-C004948,0,Premium / Multi-Product
ACB-C004949,0,Premium / Multi-Product
ACB-C004950,0,Premium / Multi-Product
ACB-C004951,1,Stable Core Customer
ACB-C004952,2,Developing / Building Credit
ACB-C004953,1,Stable Core Customer
ACB-C004954,1,Stable Core Customer
ACB-C004955,1,Stable Core Customer
ACB-C004956,2,Developing / Building Credit
ACB-C004957,0,Premium / Multi-Product
ACB-C004958,0,Premium / Multi-Product
ACB-C004959,1,Stable Core Customer
ACB-C004960,3,High Risk / Low Engagement
ACB-C004961,1,Stable Core Customer
ACB-C004962,0,Premium / Multi-Product
ACB-C004963,1,Stable Core Customer
ACB-C004964,3,High Risk / Low Engagement
ACB-C004965,3,High Risk / Low Engagement
ACB-C004966,3,High Risk / Low Engagement
ACB-C004967,0,Premium / Multi-Product
ACB-C004968,1,Stable Core Customer
ACB-C004969,1,Stable Core Customer
ACB-C004970,3,High Risk / Low Engagement
ACB-C004971,3,High Risk / Low Engagement
ACB-C004972,0,Premium / Multi-Product
ACB-C004973,0,Premium / Multi-Product
ACB-C004974,1,Stable Core Customer
ACB-C004975,0,Premium / Multi-Product
ACB-C004976,0,Premium / Multi-Product
ACB-C004977,3,High Risk / Low Engagement
ACB-C004978,0,Premium / Multi-Product
ACB-C004979,0,Premium / Multi-Product
ACB-C004980,3,High Risk / Low Engagement
ACB-C004981,0,Premium / Multi-Product
ACB-C004982,0,Premium / Multi-Product
ACB-C004983,0,Premium / Multi-Product
ACB-C004984,0,Premium / Multi-Product
ACB-C004985,0,Premium / Multi-Product
ACB-C004986,0,Premium / Multi-Product
ACB-C004987,0,Premium / Multi-Product
ACB-C004988,1,Stable Core Customer
ACB-C004989,0,Premium / Multi-Product
ACB-C004990,1,Stable Core Customer
ACB-C004991,0,Premium / Multi-Product
ACB-C004992,1,Stable Core Customer
ACB-C004993,0,Premium / Multi-Product
ACB-C004994,0,Premium / Multi-Product
ACB-C004995,0,Premium / Multi-Product
ACB-C004996,0,Premium / Multi-Product
ACB-C004997,1,Stable Core Customer
ACB-C004998,3,High Risk / Low Engagement
ACB-C004999,3,High Risk / Low Engagement
ACB-C005000,1,Stable Core Customer
ACB-C005001,3,High Risk / Low Engagement
ACB-C005002,0,Premium / Multi-Product
ACB-C005003,0,Premium / Multi-Product
ACB-C005004,0,Premium / Multi-Product
ACB-C005005,1,Stable Core Customer
ACB-C005006,0,Premium / Multi-Product
ACB-C005007,2,Developing / Building Credit
ACB-C005008,3,High Risk / Low Engagement
ACB-C005009,0,Premium / Multi-Product
ACB-C005010,1,Stable Core Customer
ACB-C005011,0,Premium / Multi-Product
ACB-C005012,1,Stable Core Customer
ACB-C005013,3,High Risk / Low Engagement
ACB-C005014,0,Premium / Multi-Product
ACB-C005015,0,Premium / Multi-Product
ACB-C005016,1,Stable Core Customer
ACB-C005017,0,Premium / Multi-Product
ACB-C005018,0,Premium / Multi-Product
ACB-C005019,1,Stable Core Customer
ACB-C005020,1,Stable Core Customer
ACB-C005021,0,Premium / Multi-Product
ACB-C005022,0,Premium / Multi-Product
ACB-C005023,1,Stable Core Customer
ACB-C005024,1,Stable Core Customer
ACB-C005025,0,Premium / Multi-Product
ACB-C005026,3,High Risk / Low Engagement
ACB-C005027,0,Premium / Multi-Product
ACB-C005028,1,Stable Core Customer
ACB-C005029,3,High Risk / Low Engagement
ACB-C005030,3,High Risk / Low Engagement
ACB-C005031,3,High Risk / Low Engagement
ACB-C005032,1,Stable Core Customer
ACB-C005033,3,High Risk / Low Engagement
ACB-C005034,1,Stable Core Customer
ACB-C005035,3,High Risk / Low Engagement
ACB-C005036,0,Premium / Multi-Product
ACB-C005037,1,Stable Core Customer
ACB-C005038,0,Premium / Multi-Product
ACB-C005039,0,Premium / Multi-Product
ACB-C005040,0,Premium / Multi-Product
ACB-C005041,3,High Risk / Low Engagement
ACB-C005042,3,High Risk / Low Engagement
ACB-C005043,1,Stable Core Customer
ACB-C005044,3,High Risk / Low Engagement
ACB-C005045,0,Premium / Multi-Product
ACB-C005046,1,Stable Core Customer
ACB-C005047,0,Premium / Multi-Product
ACB-C005048,0,Premium / Multi-Product
ACB-C005049,1,Stable Core Customer
ACB-C005050,1,Stable Core Customer
ACB-C005051,3,High Risk / Low Engagement
ACB-C005052,3,High Risk / Low Engagement
ACB-C005053,0,Premium / Multi-Product
ACB-C005054,1,Stable Core Customer
ACB-C005055,0,Premium / Multi-Product
ACB-C005056,2,Developing / Building Credit
ACB-C005057,1,Stable Core Customer
ACB-C005058,0,Premium / Multi-Product
ACB-C005059,3,High Risk / Low Engagement
ACB-C005060,1,Stable Core Customer
ACB-C005061,0,Premium / Multi-Product
ACB-C005062,0,Premium / Multi-Product
ACB-C005063,1,Stable Core Customer
ACB-C005064,0,Premium / Multi-Product
ACB-C005065,1,Stable Core Customer
ACB-C005066,1,Stable Core Customer
ACB-C005067,0,Premium / Multi-Product
ACB-C005068,1,Stable Core Customer
ACB-C005069,0,Premium / Multi-Product
ACB-C005070,0,Premium / Multi-Product
ACB-C005071,1,Stable Core Customer
ACB-C005072,0,Premium / Multi-Product
ACB-C005073,0,Premium / Multi-Product
ACB-C005074,1,Stable Core Customer
ACB-C005075,1,Stable Core Customer
ACB-C005076,1,Stable Core Customer
ACB-C005077,1,Stable Core Customer
ACB-C005078,0,Premium / Multi-Product
ACB-C005079,0,Premium / Multi-Product
ACB-C005080,0,Premium / Multi-Product
ACB-C005081,0,Premium / Multi-Product
ACB-C005082,0,Premium / Multi-Product
ACB-C005083,0,Premium / Multi-Product
ACB-C005084,1,Stable Core Customer
ACB-C005085,0,Premium / Multi-Product
ACB-C005086,1,Stable Core Customer
ACB-C005087,3,High Risk / Low Engagement
ACB-C005088,1,Stable Core Customer
ACB-C005089,3,High Risk / Low Engagement
ACB-C005090,0,Premium / Multi-Product
ACB-C005091,0,Premium / Multi-Product
ACB-C005092,0,Premium / Multi-Product
ACB-C005093,1,Stable Core Customer
ACB-C005094,0,Premium / Multi-Product
ACB-C005095,3,High Risk / Low Engagement
ACB-C005096,3,High Risk / Low Engagement
ACB-C005097,1,Stable Core Customer
ACB-C005098,0,Premium / Multi-Product
ACB-C005099,0,Premium / Multi-Product
ACB-C005100,1,Stable Core Customer
ACB-C005101,3,High Risk / Low Engagement
ACB-C005102,1,Stable Core Customer
ACB-C005103,0,Premium / Multi-Product
ACB-C005104,0,Premium / Multi-Product
ACB-C005105,3,High Risk / Low Engagement
ACB-C005106,1,Stable Core Customer
ACB-C005107,3,High Risk / Low Engagement
ACB-C005108,1,Stable Core Customer
ACB-C005109,3,High Risk / Low Engagement
ACB-C005110,1,Stable Core Customer
ACB-C005111,0,Premium / Multi-Product
ACB-C005112,0,Premium / Multi-Product
ACB-C005113,1,Stable Core Customer
ACB-C005114,0,Premium / Multi-Product
ACB-C005115,0,Premium / Multi-Product
ACB-C005116,0,Premium / Multi-Product
ACB-C005117,3,High Risk / Low Engagement
ACB-C005118,0,Premium / Multi-Product
ACB-C005119,1,Stable Core Customer
ACB-C005120,0,Premium / Multi-Product
ACB-C005121,3,High Risk / Low Engagement
ACB-C005122,2,Developing / Building Credit
ACB-C005123,2,Developing / Building Credit
ACB-C005124,0,Premium / Multi-Product
ACB-C005125,1,Stable Core Customer
ACB-C005126,3,High Risk / Low Engagement
ACB-C005127,0,Premium / Multi-Product
ACB-C005128,1,Stable Core Customer
ACB-C005129,1,Stable Core Customer
ACB-C005130,0,Premium / Multi-Product
ACB-C005131,3,High Risk / Low Engagement
ACB-C005132,1,Stable Core Customer
ACB-C005133,0,Premium / Multi-Product
ACB-C005134,3,High Risk / Low Engagement
ACB-C005135,1,Stable Core Customer
ACB-C005136,3,High Risk / Low Engagement
ACB-C005137,3,High Risk / Low Engagement
ACB-C005138,1,Stable Core Customer
ACB-C005139,0,Premium / Multi-Product
ACB-C005140,3,High Risk / Low Engagement
ACB-C005141,0,Premium / Multi-Product
ACB-C005142,3,High Risk / Low Engagement
ACB-C005143,0,Premium / Multi-Product
ACB-C005144,3,High Risk / Low Engagement
ACB-C005145,0,Premium / Multi-Product
ACB-C005146,0,Premium / Multi-Product
ACB-C005147,1,Stable Core Customer
ACB-C005148,0,Premium / Multi-Product
ACB-C005149,1,Stable Core Customer
ACB-C005150,1,Stable Core Customer
ACB-C005151,1,Stable Core Customer
ACB-C005152,3,High Risk / Low Engagement
ACB-C005153,3,High Risk / Low Engagement
ACB-C005154,3,High Risk / Low Engagement
ACB-C005155,0,Premium / Multi-Product
ACB-C005156,3,High Risk / Low Engagement
ACB-C005157,3,High Risk / Low Engagement
ACB-C005158,3,High Risk / Low Engagement
ACB-C005159,3,High Risk / Low Engagement
ACB-C005160,3,High Risk / Low Engagement
ACB-C005161,3,High Risk / Low Engagement
ACB-C005162,1,Stable Core Customer
ACB-C005163,3,High Risk / Low Engagement
ACB-C005164,0,Premium / Multi-Product
ACB-C005165,0,Premium / Multi-Product
ACB-C005166,3,High Risk / Low Engagement
ACB-C005167,1,Stable Core Customer
ACB-C005168,0,Premium / Multi-Product
ACB-C005169,1,Stable Core Customer
ACB-C005170,1,Stable Core Customer
ACB-C005171,0,Premium / Multi-Product
ACB-C005172,1,Stable Core Customer
ACB-C005173,0,Premium / Multi-Product
ACB-C005174,0,Premium / Multi-Product
ACB-C005175,1,Stable Core Customer
ACB-C005176,0,Premium / Multi-Product
ACB-C005177,2,Developing / Building Credit
ACB-C005178,0,Premium / Multi-Product
ACB-C005179,0,Premium / Multi-Product
ACB-C005180,3,High Risk / Low Engagement
ACB-C005181,0,Premium / Multi-Product
ACB-C005182,1,Stable Core Customer
ACB-C005183,0,Premium / Multi-Product
ACB-C005184,2,Developing / Building Credit
ACB-C005185,0,Premium / Multi-Product
ACB-C005186,0,Premium / Multi-Product
ACB-C005187,0,Premium / Multi-Product
ACB-C005188,3,High Risk / Low Engagement
ACB-C005189,0,Premium / Multi-Product
ACB-C005190,0,Premium / Multi-Product
ACB-C005191,0,Premium / Multi-Product
ACB-C005192,0,Premium / Multi-Product
ACB-C005193,0,Premium / Multi-Product
ACB-C005194,0,Premium / Multi-Product
ACB-C005195,1,Stable Core Customer
ACB-C005196,1,Stable Core Customer
ACB-C005197,0,Premium / Multi-Product
ACB-C005198,1,Stable Core Customer
ACB-C005199,0,Premium / Multi-Product
ACB-C005200,2,Developing / Building Credit
ACB-C005201,3,High Risk / Low Engagement
ACB-C005202,3,High Risk / Low Engagement
ACB-C005203,1,Stable Core Customer
ACB-C005204,3,High Risk / Low Engagement
ACB-C005205,0,Premium / Multi-Product
ACB-C005206,0,Premium / Multi-Product
ACB-C005207,1,Stable Core Customer
ACB-C005208,0,Premium / Multi-Product
ACB-C005209,0,Premium / Multi-Product
ACB-C005210,1,Stable Core Customer
ACB-C005211,0,Premium / Multi-Product
ACB-C005212,3,High Risk / Low Engagement
ACB-C005213,0,Premium / Multi-Product
ACB-C005214,0,Premium / Multi-Product
ACB-C005215,1,Stable Core Customer
ACB-C005216,3,High Risk / Low Engagement
ACB-C005217,0,Premium / Multi-Product
ACB-C005218,0,Premium / Multi-Product
ACB-C005219,1,Stable Core Customer
ACB-C005220,2,Developing / Building Credit
ACB-C005221,3,High Risk / Low Engagement
ACB-C005222,0,Premium / Multi-Product
ACB-C005223,3,High Risk / Low Engagement
ACB-C005224,1,Stable Core Customer
ACB-C005225,1,Stable Core Customer
ACB-C005226,0,Premium / Multi-Product
ACB-C005227,3,High Risk / Low Engagement
ACB-C005228,0,Premium / Multi-Product
ACB-C005229,3,High Risk / Low Engagement
ACB-C005230,2,Developing / Building Credit
ACB-C005231,1,Stable Core Customer
ACB-C005232,1,Stable Core Customer
ACB-C005233,1,Stable Core Customer
ACB-C005234,0,Premium / Multi-Product
ACB-C005235,0,Premium / Multi-Product
ACB-C005236,0,Premium / Multi-Product
ACB-C005237,3,High Risk / Low Engagement
ACB-C005238,0,Premium / Multi-Product
ACB-C005239,0,Premium / Multi-Product
ACB-C005240,3,High Risk / Low Engagement
ACB-C005241,0,Premium / Multi-Product
ACB-C005242,0,Premium / Multi-Product
ACB-C005243,3,High Risk / Low Engagement
ACB-C005244,0,Premium / Multi-Product
ACB-C005245,0,Premium / Multi-Product
ACB-C005246,0,Premium / Multi-Product
ACB-C005247,0,Premium / Multi-Product
ACB-C005248,3,High Risk / Low Engagement
ACB-C005249,1,Stable Core Customer
ACB-C005250,0,Premium / Multi-Product
ACB-C005251,3,High Risk / Low Engagement
ACB-C005252,1,Stable Core Customer
ACB-C005253,0,Premium / Multi-Product
ACB-C005254,0,Premium / Multi-Product
ACB-C005255,1,Stable Core Customer
ACB-C005256,0,Premium / Multi-Product
ACB-C005257,3,High Risk / Low Engagement
ACB-C005258,1,Stable Core Customer
ACB-C005259,0,Premium / Multi-Product
ACB-C005260,0,Premium / Multi-Product
ACB-C005261,3,High Risk / Low Engagement
ACB-C005262,2,Developing / Building Credit
ACB-C005263,1,Stable Core Customer
ACB-C005264,0,Premium / Multi-Product
ACB-C005265,1,Stable Core Customer
ACB-C005266,0,Premium / Multi-Product
ACB-C005267,3,High Risk / Low Engagement
ACB-C005268,1,Stable Core Customer
ACB-C005269,3,High Risk / Low Engagement
ACB-C005270,0,Premium / Multi-Product
ACB-C005271,0,Premium / Multi-Product
ACB-C005272,2,Developing / Building Credit
ACB-C005273,0,Premium / Multi-Product
ACB-C005274,2,Developing / Building Credit
ACB-C005275,0,Premium / Multi-Product
ACB-C005276,1,Stable Core Customer
ACB-C005277,0,Premium / Multi-Product
ACB-C005278,3,High Risk / Low Engagement
ACB-C005279,3,High Risk / Low Engagement
ACB-C005280,1,Stable Core Customer
ACB-C005281,1,Stable Core Customer
ACB-C005282,1,Stable Core Customer
ACB-C005283,3,High Risk / Low Engagement
ACB-C005284,3,High Risk / Low Engagement
ACB-C005285,3,High Risk / Low Engagement
ACB-C005286,3,High Risk / Low Engagement
ACB-C005287,1,Stable Core Customer
ACB-C005288,1,Stable Core Customer
ACB-C005289,0,Premium / Multi-Product
ACB-C005290,0,Premium / Multi-Product
ACB-C005291,1,Stable Core Customer
ACB-C005292,1,Stable Core Customer
ACB-C005293,1,Stable Core Customer
ACB-C005294,0,Premium / Multi-Product
ACB-C005295,3,High Risk / Low Engagement
ACB-C005296,3,High Risk / Low Engagement
ACB-C005297,3,High Risk / Low Engagement
ACB-C005298,3,High Risk / Low Engagement
ACB-C005299,0,Premium / Multi-Product
ACB-C005300,1,Stable Core Customer
ACB-C005301,0,Premium / Multi-Product
ACB-C005302,0,Premium / Multi-Product
ACB-C005303,3,High Risk / Low Engagement
ACB-C005304,3,High Risk / Low Engagement
ACB-C005305,1,Stable Core Customer
ACB-C005306,1,Stable Core Customer
ACB-C005307,3,High Risk / Low Engagement
ACB-C005308,0,Premium / Multi-Product
ACB-C005309,1,Stable Core Customer
ACB-C005310,2,Developing / Building Credit
ACB-C005311,0,Premium / Multi-Product
ACB-C005312,0,Premium / Multi-Product
ACB-C005313,0,Premium / Multi-Product
ACB-C005314,0,Premium / Multi-Product
ACB-C005315,3,High Risk / Low Engagement
ACB-C005316,1,Stable Core Customer
ACB-C005317,1,Stable Core Customer
ACB-C005318,1,Stable Core Customer
ACB-C005319,1,Stable Core Customer
ACB-C005320,2,Developing / Building Credit
ACB-C005321,0,Premium / Multi-Product
ACB-C005322,1,Stable Core Customer
ACB-C005323,0,Premium / Multi-Product
ACB-C005324,3,High Risk / Low Engagement
ACB-C005325,0,Premium / Multi-Product
ACB-C005326,0,Premium / Multi-Product
ACB-C005327,0,Premium / Multi-Product
ACB-C005328,1,Stable Core Customer
ACB-C005329,0,Premium / Multi-Product
ACB-C005330,3,High Risk / Low Engagement
ACB-C005331,0,Premium / Multi-Product
ACB-C005332,0,Premium / Multi-Product
ACB-C005333,1,Stable Core Customer
ACB-C005334,3,High Risk / Low Engagement
ACB-C005335,1,Stable Core Customer
ACB-C005336,3,High Risk / Low Engagement
ACB-C005337,0,Premium / Multi-Product
ACB-C005338,3,High Risk / Low Engagement
ACB-C005339,1,Stable Core Customer
ACB-C005340,2,Developing / Building Credit
ACB-C005341,2,Developing / Building Credit
ACB-C005342,3,High Risk / Low Engagement
ACB-C005343,0,Premium / Multi-Product
ACB-C005344,1,Stable Core Customer
ACB-C005345,0,Premium / Multi-Product
ACB-C005346,3,High Risk / Low Engagement
ACB-C005347,1,Stable Core Customer
ACB-C005348,0,Premium / Multi-Product
ACB-C005349,1,Stable Core Customer
ACB-C005350,0,Premium / Multi-Product
ACB-C005351,3,High Risk / Low Engagement
ACB-C005352,1,Stable Core Customer
ACB-C005353,3,High Risk / Low Engagement
ACB-C005354,3,High Risk / Low Engagement
ACB-C005355,3,High Risk / Low Engagement
ACB-C005356,0,Premium / Multi-Product
ACB-C005357,0,Premium / Multi-Product
ACB-C005358,3,High Risk / Low Engagement
ACB-C005359,3,High Risk / Low Engagement
ACB-C005360,0,Premium / Multi-Product
ACB-C005361,2,Developing / Building Credit
ACB-C005362,3,High Risk / Low Engagement
ACB-C005363,0,Premium / Multi-Product
ACB-C005364,3,High Risk / Low Engagement
ACB-C005365,0,Premium / Multi-Product
ACB-C005366,0,Premium / Multi-Product
ACB-C005367,1,Stable Core Customer
ACB-C005368,0,Premium / Multi-Product
ACB-C005369,0,Premium / Multi-Product
ACB-C005370,3,High Risk / Low Engagement
ACB-C005371,0,Premium / Multi-Product
ACB-C005372,3,High Risk / Low Engagement
ACB-C005373,0,Premium / Multi-Product
ACB-C005374,1,Stable Core Customer
ACB-C005375,0,Premium / Multi-Product
ACB-C005376,3,High Risk / Low Engagement
ACB-C005377,3,High Risk / Low Engagement
ACB-C005378,0,Premium / Multi-Product
ACB-C005379,3,High Risk / Low Engagement
ACB-C005380,1,Stable Core Customer
ACB-C005381,3,High Risk / Low Engagement
ACB-C005382,1,Stable Core Customer
ACB-C005383,1,Stable Core Customer
ACB-C005384,0,Premium / Multi-Product
ACB-C005385,3,High Risk / Low Engagement
ACB-C005386,0,Premium / Multi-Product
ACB-C005387,1,Stable Core Customer
ACB-C005388,0,Premium / Multi-Product
ACB-C005389,2,Developing / Building Credit
ACB-C005390,0,Premium / Multi-Product
ACB-C005391,3,High Risk / Low Engagement
ACB-C005392,3,High Risk / Low Engagement
ACB-C005393,3,High Risk / Low Engagement
ACB-C005394,0,Premium / Multi-Product
ACB-C005395,0,Premium / Multi-Product
ACB-C005396,0,Premium / Multi-Product
ACB-C005397,0,Premium / Multi-Product
ACB-C005398,3,High Risk / Low Engagement
ACB-C005399,1,Stable Core Customer
ACB-C005400,3,High Risk / Low Engagement
ACB-C005401,1,Stable Core Customer
ACB-C005402,3,High Risk / Low Engagement
ACB-C005403,1,Stable Core Customer
ACB-C005404,0,Premium / Multi-Product
ACB-C005405,1,Stable Core Customer
ACB-C005406,0,Premium / Multi-Product
ACB-C005407,0,Premium / Multi-Product
ACB-C005408,3,High Risk / Low Engagement
ACB-C005409,0,Premium / Multi-Product
ACB-C005410,0,Premium / Multi-Product
ACB-C005411,1,Stable Core Customer
ACB-C005412,0,Premium / Multi-Product
ACB-C005413,0,Premium / Multi-Product
ACB-C005414,0,Premium / Multi-Product
ACB-C005415,0,Premium / Multi-Product
ACB-C005416,3,High Risk / Low Engagement
ACB-C005417,0,Premium / Multi-Product
ACB-C005418,1,Stable Core Customer
ACB-C005419,2,Developing / Building Credit
ACB-C005420,1,Stable Core Customer
ACB-C005421,1,Stable Core Customer
ACB-C005422,2,Developing / Building Credit
ACB-C005423,0,Premium / Multi-Product
ACB-C005424,1,Stable Core Customer
ACB-C005425,1,Stable Core Customer
ACB-C005426,3,High Risk / Low Engagement
ACB-C005427,1,Stable Core Customer
ACB-C005428,1,Stable Core Customer
ACB-C005429,0,Premium / Multi-Product
ACB-C005430,0,Premium / Multi-Product
ACB-C005431,3,High Risk / Low Engagement
ACB-C005432,0,Premium / Multi-Product
ACB-C005433,3,High Risk / Low Engagement
ACB-C005434,0,Premium / Multi-Product
ACB-C005435,0,Premium / Multi-Product
ACB-C005436,3,High Risk / Low Engagement
ACB-C005437,0,Premium / Multi-Product
ACB-C005438,1,Stable Core Customer
ACB-C005439,3,High Risk / Low Engagement
ACB-C005440,3,High Risk / Low Engagement
ACB-C005441,3,High Risk / Low Engagement
ACB-C005442,3,High Risk / Low Engagement
ACB-C005443,0,Premium / Multi-Product
ACB-C005444,1,Stable Core Customer
ACB-C005445,0,Premium / Multi-Product
ACB-C005446,3,High Risk / Low Engagement
ACB-C005447,0,Premium / Multi-Product
ACB-C005448,0,Premium / Multi-Product
ACB-C005449,3,High Risk / Low Engagement
ACB-C005450,3,High Risk / Low Engagement
ACB-C005451,1,Stable Core Customer
ACB-C005452,2,Developing / Building Credit
ACB-C005453,3,High Risk / Low Engagement
ACB-C005454,3,High Risk / Low Engagement
ACB-C005455,1,Stable Core Customer
ACB-C005456,0,Premium / Multi-Product
ACB-C005457,0,Premium / Multi-Product
ACB-C005458,1,Stable Core Customer
ACB-C005459,0,Premium / Multi-Product
ACB-C005460,0,Premium / Multi-Product
ACB-C005461,0,Premium / Multi-Product
ACB-C005462,0,Premium / Multi-Product
ACB-C005463,3,High Risk / Low Engagement
ACB-C005464,1,Stable Core Customer
ACB-C005465,2,Developing / Building Credit
ACB-C005466,3,High Risk / Low Engagement
ACB-C005467,0,Premium / Multi-Product
ACB-C005468,1,Stable Core Customer
ACB-C005469,3,High Risk / Low Engagement
ACB-C005470,0,Premium / Multi-Product
ACB-C005471,3,High Risk / Low Engagement
ACB-C005472,0,Premium / Multi-Product
ACB-C005473,0,Premium / Multi-Product
ACB-C005474,0,Premium / Multi-Product
ACB-C005475,3,High Risk / Low Engagement
ACB-C005476,0,Premium / Multi-Product
ACB-C005477,0,Premium / Multi-Product
ACB-C005478,3,High Risk / Low Engagement
ACB-C005479,0,Premium / Multi-Product
ACB-C005480,0,Premium / Multi-Product
ACB-C005481,0,Premium / Multi-Product
ACB-C005482,1,Stable Core Customer
ACB-C005483,2,Developing / Building Credit
ACB-C005484,1,Stable Core Customer
ACB-C005485,1,Stable Core Customer
ACB-C005486,3,High Risk / Low Engagement
ACB-C005487,1,Stable Core Customer
ACB-C005488,1,Stable Core Customer
ACB-C005489,3,High Risk / Low Engagement
ACB-C005490,1,Stable Core Customer
ACB-C005491,2,Developing / Building Credit
ACB-C005492,1,Stable Core Customer
ACB-C005493,0,Premium / Multi-Product
ACB-C005494,1,Stable Core Customer
ACB-C005495,0,Premium / Multi-Product
ACB-C005496,2,Developing / Building Credit
ACB-C005497,1,Stable Core Customer
ACB-C005498,0,Premium / Multi-Product
ACB-C005499,1,Stable Core Customer
ACB-C005500,0,Premium / Multi-Product
ACB-C005501,1,Stable Core Customer
ACB-C005502,0,Premium / Multi-Product
ACB-C005503,3,High Risk / Low Engagement
ACB-C005504,1,Stable Core Customer
ACB-C005505,0,Premium / Multi-Product
ACB-C005506,0,Premium / Multi-Product
ACB-C005507,3,High Risk / Low Engagement
ACB-C005508,0,Premium / Multi-Product
ACB-C005509,1,Stable Core Customer
ACB-C005510,0,Premium / Multi-Product
ACB-C005511,1,Stable Core Customer
ACB-C005512,3,High Risk / Low Engagement
ACB-C005513,2,Developing / Building Credit
ACB-C005514,3,High Risk / Low Engagement
ACB-C005515,0,Premium / Multi-Product
ACB-C005516,3,High Risk / Low Engagement
ACB-C005517,0,Premium / Multi-Product
ACB-C005518,3,High Risk / Low Engagement
ACB-C005519,2,Developing / Building Credit
ACB-C005520,3,High Risk / Low Engagement
ACB-C005521,0,Premium / Multi-Product
ACB-C005522,0,Premium / Multi-Product
ACB-C005523,3,High Risk / Low Engagement
ACB-C005524,1,Stable Core Customer
ACB-C005525,0,Premium / Multi-Product
ACB-C005526,0,Premium / Multi-Product
ACB-C005527,1,Stable Core Customer
ACB-C005528,2,Developing / Building Credit
ACB-C005529,0,Premium / Multi-Product
ACB-C005530,0,Premium / Multi-Product
ACB-C005531,3,High Risk / Low Engagement
ACB-C005532,0,Premium / Multi-Product
ACB-C005533,1,Stable Core Customer
ACB-C005534,0,Premium / Multi-Product
ACB-C005535,0,Premium / Multi-Product
ACB-C005536,0,Premium / Multi-Product
ACB-C005537,1,Stable Core Customer
ACB-C005538,1,Stable Core Customer
ACB-C005539,0,Premium / Multi-Product
ACB-C005540,0,Premium / Multi-Product
ACB-C005541,0,Premium / Multi-Product
ACB-C005542,0,Premium / Multi-Product
ACB-C005543,2,Developing / Building Credit
ACB-C005544,1,Stable Core Customer
ACB-C005545,0,Premium / Multi-Product
ACB-C005546,1,Stable Core Customer
ACB-C005547,3,High Risk / Low Engagement
ACB-C005548,0,Premium / Multi-Product
ACB-C005549,3,High Risk / Low Engagement
ACB-C005550,0,Premium / Multi-Product
ACB-C005551,1,Stable Core Customer
ACB-C005552,0,Premium / Multi-Product
ACB-C005553,3,High Risk / Low Engagement
ACB-C005554,0,Premium / Multi-Product
ACB-C005555,0,Premium / Multi-Product
ACB-C005556,3,High Risk / Low Engagement
ACB-C005557,0,Premium / Multi-Product
ACB-C005558,1,Stable Core Customer
ACB-C005559,0,Premium / Multi-Product
ACB-C005560,3,High Risk / Low Engagement
ACB-C005561,0,Premium / Multi-Product
ACB-C005562,0,Premium / Multi-Product
ACB-C005563,3,High Risk / Low Engagement
ACB-C005564,3,High Risk / Low Engagement
ACB-C005565,0,Premium / Multi-Product
ACB-C005566,3,High Risk / Low Engagement
ACB-C005567,0,Premium / Multi-Product
ACB-C005568,3,High Risk / Low Engagement
ACB-C005569,0,Premium / Multi-Product
ACB-C005570,3,High Risk / Low Engagement
ACB-C005571,3,High Risk / Low Engagement
ACB-C005572,0,Premium / Multi-Product
ACB-C005573,0,Premium / Multi-Product
ACB-C005574,3,High Risk / Low Engagement
ACB-C005575,1,Stable Core Customer
ACB-C005576,1,Stable Core Customer
ACB-C005577,3,High Risk / Low Engagement
ACB-C005578,0,Premium / Multi-Product
ACB-C005579,0,Premium / Multi-Product
ACB-C005580,1,Stable Core Customer
ACB-C005581,2,Developing / Building Credit
ACB-C005582,0,Premium / Multi-Product
ACB-C005583,0,Premium / Multi-Product
ACB-C005584,3,High Risk / Low Engagement
ACB-C005585,3,High Risk / Low Engagement
ACB-C005586,3,High Risk / Low Engagement
ACB-C005587,1,Stable Core Customer
ACB-C005588,1,Stable Core Customer
ACB-C005589,0,Premium / Multi-Product
ACB-C005590,0,Premium / Multi-Product
ACB-C005591,0,Premium / Multi-Product
ACB-C005592,1,Stable Core Customer
ACB-C005593,1,Stable Core Customer
ACB-C005594,0,Premium / Multi-Product
ACB-C005595,1,Stable Core Customer
ACB-C005596,3,High Risk / Low Engagement
ACB-C005597,1,Stable Core Customer
ACB-C005598,0,Premium / Multi-Product
ACB-C005599,0,Premium / Multi-Product
ACB-C005600,2,Developing / Building Credit
ACB-C005601,0,Premium / Multi-Product
ACB-C005602,1,Stable Core Customer
ACB-C005603,2,Developing / Building Credit
ACB-C005604,3,High Risk / Low Engagement
ACB-C005605,1,Stable Core Customer
ACB-C005606,0,Premium / Multi-Product
ACB-C005607,0,Premium / Multi-Product
ACB-C005608,0,Premium / Multi-Product
ACB-C005609,3,High Risk / Low Engagement
ACB-C005610,3,High Risk / Low Engagement
ACB-C005611,0,Premium / Multi-Product
ACB-C005612,1,Stable Core Customer
ACB-C005613,0,Premium / Multi-Product
ACB-C005614,1,Stable Core Customer
ACB-C005615,3,High Risk / Low Engagement
ACB-C005616,3,High Risk / Low Engagement
ACB-C005617,0,Premium / Multi-Product
ACB-C005618,2,Developing / Building Credit
ACB-C005619,1,Stable Core Customer
ACB-C005620,0,Premium / Multi-Product
ACB-C005621,0,Premium / Multi-Product
ACB-C005622,1,Stable Core Customer
ACB-C005623,3,High Risk / Low Engagement
ACB-C005624,0,Premium / Multi-Product
ACB-C005625,0,Premium / Multi-Product
ACB-C005626,3,High Risk / Low Engagement
ACB-C005627,0,Premium / Multi-Product
ACB-C005628,0,Premium / Multi-Product
ACB-C005629,3,High Risk / Low Engagement
ACB-C005630,3,High Risk / Low Engagement
ACB-C005631,0,Premium / Multi-Product
ACB-C005632,1,Stable Core Customer
ACB-C005633,1,Stable Core Customer
ACB-C005634,1,Stable Core Customer
ACB-C005635,0,Premium / Multi-Product
ACB-C005636,3,High Risk / Low Engagement
ACB-C005637,0,Premium / Multi-Product
ACB-C005638,0,Premium / Multi-Product
ACB-C005639,0,Premium / Multi-Product
ACB-C005640,0,Premium / Multi-Product
ACB-C005641,1,Stable Core Customer
ACB-C005642,3,High Risk / Low Engagement
ACB-C005643,0,Premium / Multi-Product
ACB-C005644,0,Premium / Multi-Product
ACB-C005645,0,Premium / Multi-Product
ACB-C005646,0,Premium / Multi-Product
ACB-C005647,0,Premium / Multi-Product
ACB-C005648,3,High Risk / Low Engagement
ACB-C005649,1,Stable Core Customer
ACB-C005650,0,Premium / Multi-Product
ACB-C005651,0,Premium / Multi-Product
ACB-C005652,3,High Risk / Low Engagement
ACB-C005653,0,Premium / Multi-Product
ACB-C005654,0,Premium / Multi-Product
ACB-C005655,1,Stable Core Customer
ACB-C005656,2,Developing / Building Credit
ACB-C005657,0,Premium / Multi-Product
ACB-C005658,0,Premium / Multi-Product
ACB-C005659,0,Premium / Multi-Product
ACB-C005660,1,Stable Core Customer
ACB-C005661,1,Stable Core Customer
ACB-C005662,0,Premium / Multi-Product
ACB-C005663,0,Premium / Multi-Product
ACB-C005664,1,Stable Core Customer
ACB-C005665,2,Developing / Building Credit
ACB-C005666,1,Stable Core Customer
ACB-C005667,1,Stable Core Customer
ACB-C005668,0,Premium / Multi-Product
ACB-C005669,3,High Risk / Low Engagement
ACB-C005670,3,High Risk / Low Engagement
ACB-C005671,0,Premium / Multi-Product
ACB-C005672,3,High Risk / Low Engagement
ACB-C005673,0,Premium / Multi-Product
ACB-C005674,3,High Risk / Low Engagement
ACB-C005675,1,Stable Core Customer
ACB-C005676,0,Premium / Multi-Product
ACB-C005677,0,Premium / Multi-Product
ACB-C005678,0,Premium / Multi-Product
ACB-C005679,0,Premium / Multi-Product
ACB-C005680,0,Premium / Multi-Product
ACB-C005681,3,High Risk / Low Engagement
ACB-C005682,3,High Risk / Low Engagement
ACB-C005683,0,Premium / Multi-Product
ACB-C005684,1,Stable Core Customer
ACB-C005685,3,High Risk / Low Engagement
ACB-C005686,0,Premium / Multi-Product
ACB-C005687,1,Stable Core Customer
ACB-C005688,1,Stable Core Customer
ACB-C005689,1,Stable Core Customer
ACB-C005690,1,Stable Core Customer
ACB-C005691,0,Premium / Multi-Product
ACB-C005692,0,Premium / Multi-Product
ACB-C005693,3,High Risk / Low Engagement
ACB-C005694,2,Developing / Building Credit
ACB-C005695,0,Premium / Multi-Product
ACB-C005696,1,Stable Core Customer
ACB-C005697,1,Stable Core Customer
ACB-C005698,3,High Risk / Low Engagement
ACB-C005699,2,Developing / Building Credit
ACB-C005700,3,High Risk / Low Engagement
ACB-C005701,1,Stable Core Customer
ACB-C005702,0,Premium / Multi-Product
ACB-C005703,3,High Risk / Low Engagement
ACB-C005704,0,Premium / Multi-Product
ACB-C005705,0,Premium / Multi-Product
ACB-C005706,2,Developing / Building Credit
ACB-C005707,0,Premium / Multi-Product
ACB-C005708,0,Premium / Multi-Product
ACB-C005709,3,High Risk / Low Engagement
ACB-C005710,1,Stable Core Customer
ACB-C005711,1,Stable Core Customer
ACB-C005712,0,Premium / Multi-Product
ACB-C005713,3,High Risk / Low Engagement
ACB-C005714,1,Stable Core Customer
ACB-C005715,1,Stable Core Customer
ACB-C005716,0,Premium / Multi-Product
ACB-C005717,3,High Risk / Low Engagement
ACB-C005718,1,Stable Core Customer
ACB-C005719,3,High Risk / Low Engagement
ACB-C005720,3,High Risk / Low Engagement
ACB-C005721,1,Stable Core Customer
ACB-C005722,3,High Risk / Low Engagement
ACB-C005723,2,Developing / Building Credit
ACB-C005724,1,Stable Core Customer
ACB-C005725,0,Premium / Multi-Product
ACB-C005726,1,Stable Core Customer
ACB-C005727,0,Premium / Multi-Product
ACB-C005728,0,Premium / Multi-Product
ACB-C005729,1,Stable Core Customer
ACB-C005730,3,High Risk / Low Engagement
ACB-C005731,2,Developing / Building Credit
ACB-C005732,1,Stable Core Customer
ACB-C005733,1,Stable Core Customer
ACB-C005734,3,High Risk / Low Engagement
ACB-C005735,1,Stable Core Customer
ACB-C005736,0,Premium / Multi-Product
ACB-C005737,1,Stable Core Customer
ACB-C005738,0,Premium / Multi-Product
ACB-C005739,0,Premium / Multi-Product
ACB-C005740,3,High Risk / Low Engagement
ACB-C005741,0,Premium / Multi-Product
ACB-C005742,1,Stable Core Customer
ACB-C005743,3,High Risk / Low Engagement
ACB-C005744,2,Developing / Building Credit
ACB-C005745,0,Premium / Multi-Product
ACB-C005746,3,High Risk / Low Engagement
ACB-C005747,0,Premium / Multi-Product
ACB-C005748,1,Stable Core Customer
ACB-C005749,0,Premium / Multi-Product
ACB-C005750,1,Stable Core Customer
ACB-C005751,1,Stable Core Customer
ACB-C005752,1,Stable Core Customer
ACB-C005753,1,Stable Core Customer
ACB-C005754,3,High Risk / Low Engagement
ACB-C005755,0,Premium / Multi-Product
ACB-C005756,0,Premium / Multi-Product
ACB-C005757,1,Stable Core Customer
ACB-C005758,2,Developing / Building Credit
ACB-C005759,2,Developing / Building Credit
ACB-C005760,0,Premium / Multi-Product
ACB-C005761,0,Premium / Multi-Product
ACB-C005762,0,Premium / Multi-Product
ACB-C005763,1,Stable Core Customer
ACB-C005764,1,Stable Core Customer
ACB-C005765,0,Premium / Multi-Product
ACB-C005766,3,High Risk / Low Engagement
ACB-C005767,1,Stable Core Customer
ACB-C005768,0,Premium / Multi-Product
ACB-C005769,0,Premium / Multi-Product
ACB-C005770,0,Premium / Multi-Product
ACB-C005771,0,Premium / Multi-Product
ACB-C005772,3,High Risk / Low Engagement
ACB-C005773,0,Premium / Multi-Product
ACB-C005774,0,Premium / Multi-Product
ACB-C005775,3,High Risk / Low Engagement
ACB-C005776,2,Developing / Building Credit
ACB-C005777,3,High Risk / Low Engagement
ACB-C005778,1,Stable Core Customer
ACB-C005779,0,Premium / Multi-Product
ACB-C005780,1,Stable Core Customer
ACB-C005781,3,High Risk / Low Engagement
ACB-C005782,0,Premium / Multi-Product
ACB-C005783,3,High Risk / Low Engagement
ACB-C005784,1,Stable Core Customer
ACB-C005785,0,Premium / Multi-Product
ACB-C005786,1,Stable Core Customer
ACB-C005787,3,High Risk / Low Engagement
ACB-C005788,0,Premium / Multi-Product
ACB-C005789,1,Stable Core Customer
ACB-C005790,0,Premium / Multi-Product
ACB-C005791,0,Premium / Multi-Product
ACB-C005792,1,Stable Core Customer
ACB-C005793,0,Premium / Multi-Product
ACB-C005794,1,Stable Core Customer
ACB-C005795,0,Premium / Multi-Product
ACB-C005796,0,Premium / Multi-Product
ACB-C005797,3,High Risk / Low Engagement
ACB-C005798,3,High Risk / Low Engagement
ACB-C005799,3,High Risk / Low Engagement
ACB-C005800,0,Premium / Multi-Product
ACB-C005801,1,Stable Core Customer
ACB-C005802,1,Stable Core Customer
ACB-C005803,1,Stable Core Customer
ACB-C005804,0,Premium / Multi-Product
ACB-C005805,3,High Risk / Low Engagement
ACB-C005806,0,Premium / Multi-Product
ACB-C005807,2,Developing / Building Credit
ACB-C005808,3,High Risk / Low Engagement
ACB-C005809,0,Premium / Multi-Product
ACB-C005810,3,High Risk / Low Engagement
ACB-C005811,1,Stable Core Customer
ACB-C005812,0,Premium / Multi-Product
ACB-C005813,3,High Risk / Low Engagement
ACB-C005814,3,High Risk / Low Engagement
ACB-C005815,1,Stable Core Customer
ACB-C005816,3,High Risk / Low Engagement
ACB-C005817,0,Premium / Multi-Product
ACB-C005818,3,High Risk / Low Engagement
ACB-C005819,1,Stable Core Customer
ACB-C005820,1,Stable Core Customer
ACB-C005821,0,Premium / Multi-Product
ACB-C005822,0,Premium / Multi-Product
ACB-C005823,0,Premium / Multi-Product
ACB-C005824,0,Premium / Multi-Product
ACB-C005825,0,Premium / Multi-Product
ACB-C005826,3,High Risk / Low Engagement
ACB-C005827,2,Developing / Building Credit
ACB-C005828,0,Premium / Multi-Product
ACB-C005829,0,Premium / Multi-Product
ACB-C005830,2,Developing / Building Credit
ACB-C005831,1,Stable Core Customer
ACB-C005832,0,Premium / Multi-Product
ACB-C005833,2,Developing / Building Credit
ACB-C005834,1,Stable Core Customer
ACB-C005835,3,High Risk / Low Engagement
ACB-C005836,0,Premium / Multi-Product
ACB-C005837,3,High Risk / Low Engagement
ACB-C005838,0,Premium / Multi-Product
ACB-C005839,0,Premium / Multi-Product
ACB-C005840,1,Stable Core Customer
ACB-C005841,0,Premium / Multi-Product
ACB-C005842,1,Stable Core Customer
ACB-C005843,0,Premium / Multi-Product
ACB-C005844,2,Developing / Building Credit
ACB-C005845,2,Developing / Building Credit
ACB-C005846,2,Developing / Building Credit
ACB-C005847,1,Stable Core Customer
ACB-C005848,3,High Risk / Low Engagement
ACB-C005849,0,Premium / Multi-Product
ACB-C005850,0,Premium / Multi-Product
ACB-C005851,1,Stable Core Customer
ACB-C005852,0,Premium / Multi-Product
ACB-C005853,3,High Risk / Low Engagement
ACB-C005854,2,Developing / Building Credit
ACB-C005855,3,High Risk / Low Engagement
ACB-C005856,3,High Risk / Low Engagement
ACB-C005857,3,High Risk / Low Engagement
ACB-C005858,0,Premium / Multi-Product
ACB-C005859,3,High Risk / Low Engagement
ACB-C005860,3,High Risk / Low Engagement
ACB-C005861,0,Premium / Multi-Product
ACB-C005862,0,Premium / Multi-Product
ACB-C005863,1,Stable Core Customer
ACB-C005864,2,Developing / Building Credit
ACB-C005865,0,Premium / Multi-Product
ACB-C005866,1,Stable Core Customer
ACB-C005867,3,High Risk / Low Engagement
ACB-C005868,0,Premium / Multi-Product
ACB-C005869,1,Stable Core Customer
ACB-C005870,3,High Risk / Low Engagement
ACB-C005871,3,High Risk / Low Engagement
ACB-C005872,0,Premium / Multi-Product
ACB-C005873,3,High Risk / Low Engagement
ACB-C005874,1,Stable Core Customer
ACB-C005875,1,Stable Core Customer
ACB-C005876,0,Premium / Multi-Product
ACB-C005877,3,High Risk / Low Engagement
ACB-C005878,3,High Risk / Low Engagement
ACB-C005879,3,High Risk / Low Engagement
ACB-C005880,3,High Risk / Low Engagement
ACB-C005881,0,Premium / Multi-Product
ACB-C005882,1,Stable Core Customer
ACB-C005883,0,Premium / Multi-Product
ACB-C005884,0,Premium / Multi-Product
ACB-C005885,3,High Risk / Low Engagement
ACB-C005886,1,Stable Core Customer
ACB-C005887,0,Premium / Multi-Product
ACB-C005888,3,High Risk / Low Engagement
ACB-C005889,1,Stable Core Customer
ACB-C005890,0,Premium / Multi-Product
ACB-C005891,3,High Risk / Low Engagement
ACB-C005892,1,Stable Core Customer
ACB-C005893,3,High Risk / Low Engagement
ACB-C005894,1,Stable Core Customer
ACB-C005895,1,Stable Core Customer
ACB-C005896,0,Premium / Multi-Product
ACB-C005897,1,Stable Core Customer
ACB-C005898,0,Premium / Multi-Product
ACB-C005899,1,Stable Core Customer
ACB-C005900,1,Stable Core Customer
ACB-C005901,0,Premium / Multi-Product
ACB-C005902,0,Premium / Multi-Product
ACB-C005903,0,Premium / Multi-Product
ACB-C005904,0,Premium / Multi-Product
ACB-C005905,3,High Risk / Low Engagement
ACB-C005906,0,Premium / Multi-Product
ACB-C005907,1,Stable Core Customer
ACB-C005908,3,High Risk / Low Engagement
ACB-C005909,3,High Risk / Low Engagement
ACB-C005910,3,High Risk / Low Engagement
ACB-C005911,0,Premium / Multi-Product
ACB-C005912,2,Developing / Building Credit
ACB-C005913,0,Premium / Multi-Product
ACB-C005914,3,High Risk / Low Engagement
ACB-C005915,1,Stable Core Customer
ACB-C005916,0,Premium / Multi-Product
ACB-C005917,0,Premium / Multi-Product
ACB-C005918,0,Premium / Multi-Product
ACB-C005919,1,Stable Core Customer
ACB-C005920,0,Premium / Multi-Product
ACB-C005921,0,Premium / Multi-Product
ACB-C005922,0,Premium / Multi-Product
ACB-C005923,1,Stable Core Customer
ACB-C005924,1,Stable Core Customer
ACB-C005925,1,Stable Core Customer
ACB-C005926,3,High Risk / Low Engagement
ACB-C005927,0,Premium / Multi-Product
ACB-C005928,0,Premium / Multi-Product
ACB-C005929,3,High Risk / Low Engagement
ACB-C005930,1,Stable Core Customer
ACB-C005931,0,Premium / Multi-Product
ACB-C005932,0,Premium / Multi-Product
ACB-C005933,3,High Risk / Low Engagement
ACB-C005934,0,Premium / Multi-Product
ACB-C005935,0,Premium / Multi-Product
ACB-C005936,3,High Risk / Low Engagement
ACB-C005937,3,High Risk / Low Engagement
ACB-C005938,1,Stable Core Customer
ACB-C005939,0,Premium / Multi-Product
ACB-C005940,0,Premium / Multi-Product
ACB-C005941,1,Stable Core Customer
ACB-C005942,0,Premium / Multi-Product
ACB-C005943,3,High Risk / Low Engagement
ACB-C005944,1,Stable Core Customer
ACB-C005945,0,Premium / Multi-Product
ACB-C005946,0,Premium / Multi-Product
ACB-C005947,2,Developing / Building Credit
ACB-C005948,0,Premium / Multi-Product
ACB-C005949,0,Premium / Multi-Product
ACB-C005950,0,Premium / Multi-Product
ACB-C005951,0,Premium / Multi-Product
ACB-C005952,0,Premium / Multi-Product
ACB-C005953,3,High Risk / Low Engagement
ACB-C005954,0,Premium / Multi-Product
ACB-C005955,3,High Risk / Low Engagement
ACB-C005956,2,Developing / Building Credit
ACB-C005957,0,Premium / Multi-Product
ACB-C005958,0,Premium / Multi-Product
ACB-C005959,3,High Risk / Low Engagement
ACB-C005960,3,High Risk / Low Engagement
ACB-C005961,0,Premium / Multi-Product
ACB-C005962,0,Premium / Multi-Product
ACB-C005963,0,Premium / Multi-Product
ACB-C005964,0,Premium / Multi-Product
ACB-C005965,3,High Risk / Low Engagement
ACB-C005966,0,Premium / Multi-Product
ACB-C005967,3,High Risk / Low Engagement
ACB-C005968,3,High Risk / Low Engagement
ACB-C005969,3,High Risk / Low Engagement
ACB-C005970,3,High Risk / Low Engagement
ACB-C005971,2,Developing / Building Credit
ACB-C005972,3,High Risk / Low Engagement
ACB-C005973,0,Premium / Multi-Product
ACB-C005974,3,High Risk / Low Engagement
ACB-C005975,0,Premium / Multi-Product
ACB-C005976,0,Premium / Multi-Product
ACB-C005977,0,Premium / Multi-Product
ACB-C005978,1,Stable Core Customer
ACB-C005979,3,High Risk / Low Engagement
ACB-C005980,3,High Risk / Low Engagement
ACB-C005981,1,Stable Core Customer
ACB-C005982,0,Premium / Multi-Product
ACB-C005983,0,Premium / Multi-Product
ACB-C005984,0,Premium / Multi-Product
ACB-C005985,0,Premium / Multi-Product
ACB-C005986,0,Premium / Multi-Product
ACB-C005987,1,Stable Core Customer
ACB-C005988,3,High Risk / Low Engagement
ACB-C005989,0,Premium / Multi-Product
ACB-C005990,1,Stable Core Customer
ACB-C005991,3,High Risk / Low Engagement
ACB-C005992,3,High Risk / Low Engagement
ACB-C005993,3,High Risk / Low Engagement
ACB-C005994,3,High Risk / Low Engagement
ACB-C005995,0,Premium / Multi-Product
ACB-C005996,1,Stable Core Customer
ACB-C005997,1,Stable Core Customer
ACB-C005998,0,Premium / Multi-Product
ACB-C005999,0,Premium / Multi-Product
ACB-C006000,1,Stable Core Customer
ACB-C006001,3,High Risk / Low Engagement
ACB-C006002,3,High Risk / Low Engagement
ACB-C006003,0,Premium / Multi-Product
ACB-C006004,0,Premium / Multi-Product
ACB-C006005,3,High Risk / Low Engagement
ACB-C006006,3,High Risk / Low Engagement
ACB-C006007,1,Stable Core Customer
ACB-C006008,3,High Risk / Low Engagement
ACB-C006009,0,Premium / Multi-Product
ACB-C006010,0,Premium / Multi-Product
ACB-C006011,1,Stable Core Customer
ACB-C006012,3,High Risk / Low Engagement
ACB-C006013,0,Premium / Multi-Product
ACB-C006014,3,High Risk / Low Engagement
ACB-C006015,3,High Risk / Low Engagement
ACB-C006016,0,Premium / Multi-Product
ACB-C006017,3,High Risk / Low Engagement
ACB-C006018,1,Stable Core Customer
ACB-C006019,3,High Risk / Low Engagement
ACB-C006020,0,Premium / Multi-Product
ACB-C006021,1,Stable Core Customer
ACB-C006022,0,Premium / Multi-Product
ACB-C006023,0,Premium / Multi-Product
ACB-C006024,1,Stable Core Customer
ACB-C006025,3,High Risk / Low Engagement
ACB-C006026,0,Premium / Multi-Product
ACB-C006027,3,High Risk / Low Engagement
ACB-C006028,0,Premium / Multi-Product
ACB-C006029,0,Premium / Multi-Product
ACB-C006030,3,High Risk / Low Engagement
ACB-C006031,3,High Risk / Low Engagement
ACB-C006032,3,High Risk / Low Engagement
ACB-C006033,1,Stable Core Customer
ACB-C006034,3,High Risk / Low Engagement
ACB-C006035,0,Premium / Multi-Product
ACB-C006036,3,High Risk / Low Engagement
ACB-C006037,3,High Risk / Low Engagement
ACB-C006038,0,Premium / Multi-Product
ACB-C006039,0,Premium / Multi-Product
ACB-C006040,3,High Risk / Low Engagement
ACB-C006041,1,Stable Core Customer
ACB-C006042,1,Stable Core Customer
ACB-C006043,2,Developing / Building Credit
ACB-C006044,2,Developing / Building Credit
ACB-C006045,0,Premium / Multi-Product
ACB-C006046,0,Premium / Multi-Product
ACB-C006047,1,Stable Core Customer
ACB-C006048,0,Premium / Multi-Product
ACB-C006049,2,Developing / Building Credit
ACB-C006050,0,Premium / Multi-Product
ACB-C006051,3,High Risk / Low Engagement
ACB-C006052,0,Premium / Multi-Product
ACB-C006053,0,Premium / Multi-Product
ACB-C006054,0,Premium / Multi-Product
ACB-C006055,0,Premium / Multi-Product
ACB-C006056,3,High Risk / Low Engagement
ACB-C006057,2,Developing / Building Credit
ACB-C006058,1,Stable Core Customer
ACB-C006059,0,Premium / Multi-Product
ACB-C006060,3,High Risk / Low Engagement
ACB-C006061,3,High Risk / Low Engagement
ACB-C006062,1,Stable Core Customer
ACB-C006063,3,High Risk / Low Engagement
ACB-C006064,0,Premium / Multi-Product
ACB-C006065,0,Premium / Multi-Product
ACB-C006066,3,High Risk / Low Engagement
ACB-C006067,1,Stable Core Customer
ACB-C006068,0,Premium / Multi-Product
ACB-C006069,0,Premium / Multi-Product
ACB-C006070,0,Premium / Multi-Product
ACB-C006071,1,Stable Core Customer
ACB-C006072,0,Premium / Multi-Product
ACB-C006073,3,High Risk / Low Engagement
ACB-C006074,0,Premium / Multi-Product
ACB-C006075,1,Stable Core Customer
ACB-C006076,1,Stable Core Customer
ACB-C006077,0,Premium / Multi-Product
ACB-C006078,1,Stable Core Customer
ACB-C006079,0,Premium / Multi-Product
ACB-C006080,0,Premium / Multi-Product
ACB-C006081,3,High Risk / Low Engagement
ACB-C006082,3,High Risk / Low Engagement
ACB-C006083,0,Premium / Multi-Product
ACB-C006084,0,Premium / Multi-Product
ACB-C006085,0,Premium / Multi-Product
ACB-C006086,0,Premium / Multi-Product
ACB-C006087,2,Developing / Building Credit
ACB-C006088,1,Stable Core Customer
ACB-C006089,0,Premium / Multi-Product
ACB-C006090,3,High Risk / Low Engagement
ACB-C006091,1,Stable Core Customer
ACB-C006092,3,High Risk / Low Engagement
ACB-C006093,1,Stable Core Customer
ACB-C006094,0,Premium / Multi-Product
ACB-C006095,1,Stable Core Customer
ACB-C006096,3,High Risk / Low Engagement
ACB-C006097,0,Premium / Multi-Product
ACB-C006098,0,Premium / Multi-Product
ACB-C006099,0,Premium / Multi-Product
ACB-C006100,1,Stable Core Customer
ACB-C006101,0,Premium / Multi-Product
ACB-C006102,3,High Risk / Low Engagement
ACB-C006103,3,High Risk / Low Engagement
ACB-C006104,1,Stable Core Customer
ACB-C006105,0,Premium / Multi-Product
ACB-C006106,1,Stable Core Customer
ACB-C006107,3,High Risk / Low Engagement
ACB-C006108,0,Premium / Multi-Product
ACB-C006109,0,Premium / Multi-Product
ACB-C006110,0,Premium / Multi-Product
ACB-C006111,1,Stable Core Customer
ACB-C006112,3,High Risk / Low Engagement
ACB-C006113,1,Stable Core Customer
ACB-C006114,0,Premium / Multi-Product
ACB-C006115,0,Premium / Multi-Product
ACB-C006116,1,Stable Core Customer
ACB-C006117,0,Premium / Multi-Product
ACB-C006118,0,Premium / Multi-Product
ACB-C006119,0,Premium / Multi-Product
ACB-C006120,3,High Risk / Low Engagement
ACB-C006121,0,Premium / Multi-Product
ACB-C006122,0,Premium / Multi-Product
ACB-C006123,3,High Risk / Low Engagement
ACB-C006124,1,Stable Core Customer
ACB-C006125,1,Stable Core Customer
ACB-C006126,3,High Risk / Low Engagement
ACB-C006127,0,Premium / Multi-Product
ACB-C006128,1,Stable Core Customer
ACB-C006129,1,Stable Core Customer
ACB-C006130,1,Stable Core Customer
ACB-C006131,3,High Risk / Low Engagement
ACB-C006132,3,High Risk / Low Engagement
ACB-C006133,1,Stable Core Customer
ACB-C006134,3,High Risk / Low Engagement
ACB-C006135,0,Premium / Multi-Product
ACB-C006136,3,High Risk / Low Engagement
ACB-C006137,3,High Risk / Low Engagement
ACB-C006138,1,Stable Core Customer
ACB-C006139,1,Stable Core Customer
ACB-C006140,0,Premium / Multi-Product
ACB-C006141,0,Premium / Multi-Product
ACB-C006142,3,High Risk / Low Engagement
ACB-C006143,3,High Risk / Low Engagement
ACB-C006144,1,Stable Core Customer
ACB-C006145,0,Premium / Multi-Product
ACB-C006146,3,High Risk / Low Engagement
ACB-C006147,1,Stable Core Customer
ACB-C006148,1,Stable Core Customer
ACB-C006149,2,Developing / Building Credit
ACB-C006150,1,Stable Core Customer
ACB-C006151,3,High Risk / Low Engagement
ACB-C006152,0,Premium / Multi-Product
ACB-C006153,0,Premium / Multi-Product
ACB-C006154,1,Stable Core Customer
ACB-C006155,0,Premium / Multi-Product
ACB-C006156,3,High Risk / Low Engagement
ACB-C006157,0,Premium / Multi-Product
ACB-C006158,3,High Risk / Low Engagement
ACB-C006159,2,Developing / Building Credit
ACB-C006160,1,Stable Core Customer
ACB-C006161,3,High Risk / Low Engagement
ACB-C006162,3,High Risk / Low Engagement
ACB-C006163,3,High Risk / Low Engagement
ACB-C006164,0,Premium / Multi-Product
ACB-C006165,0,Premium / Multi-Product
ACB-C006166,0,Premium / Multi-Product
ACB-C006167,3,High Risk / Low Engagement
ACB-C006168,0,Premium / Multi-Product
ACB-C006169,0,Premium / Multi-Product
ACB-C006170,1,Stable Core Customer
ACB-C006171,1,Stable Core Customer
ACB-C006172,1,Stable Core Customer
ACB-C006173,3,High Risk / Low Engagement
ACB-C006174,1,Stable Core Customer
ACB-C006175,0,Premium / Multi-Product
ACB-C006176,0,Premium / Multi-Product
ACB-C006177,1,Stable Core Customer
ACB-C006178,1,Stable Core Customer
ACB-C006179,3,High Risk / Low Engagement
ACB-C006180,3,High Risk / Low Engagement
ACB-C006181,0,Premium / Multi-Product
ACB-C006182,1,Stable Core Customer
ACB-C006183,3,High Risk / Low Engagement
ACB-C006184,0,Premium / Multi-Product
ACB-C006185,1,Stable Core Customer
ACB-C006186,0,Premium / Multi-Product
ACB-C006187,3,High Risk / Low Engagement
ACB-C006188,3,High Risk / Low Engagement
ACB-C006189,0,Premium / Multi-Product
ACB-C006190,3,High Risk / Low Engagement
ACB-C006191,1,Stable Core Customer
ACB-C006192,1,Stable Core Customer
ACB-C006193,0,Premium / Multi-Product
ACB-C006194,1,Stable Core Customer
ACB-C006195,3,High Risk / Low Engagement
ACB-C006196,0,Premium / Multi-Product
ACB-C006197,1,Stable Core Customer
ACB-C006198,3,High Risk / Low Engagement
ACB-C006199,0,Premium / Multi-Product
ACB-C006200,0,Premium / Multi-Product
ACB-C006201,0,Premium / Multi-Product
ACB-C006202,0,Premium / Multi-Product
ACB-C006203,1,Stable Core Customer
ACB-C006204,3,High Risk / Low Engagement
ACB-C006205,0,Premium / Multi-Product
ACB-C006206,3,High Risk / Low Engagement
ACB-C006207,0,Premium / Multi-Product
ACB-C006208,0,Premium / Multi-Product
ACB-C006209,0,Premium / Multi-Product
ACB-C006210,1,Stable Core Customer
ACB-C006211,1,Stable Core Customer
ACB-C006212,0,Premium / Multi-Product
ACB-C006213,1,Stable Core Customer
ACB-C006214,2,Developing / Building Credit
ACB-C006215,0,Premium / Multi-Product
ACB-C006216,3,High Risk / Low Engagement
ACB-C006217,3,High Risk / Low Engagement
ACB-C006218,0,Premium / Multi-Product
ACB-C006219,0,Premium / Multi-Product
ACB-C006220,3,High Risk / Low Engagement
ACB-C006221,3,High Risk / Low Engagement
ACB-C006222,3,High Risk / Low Engagement
ACB-C006223,1,Stable Core Customer
ACB-C006224,1,Stable Core Customer
ACB-C006225,0,Premium / Multi-Product
ACB-C006226,2,Developing / Building Credit
ACB-C006227,1,Stable Core Customer
ACB-C006228,3,High Risk / Low Engagement
ACB-C006229,1,Stable Core Customer
ACB-C006230,0,Premium / Multi-Product
ACB-C006231,3,High Risk / Low Engagement
ACB-C006232,3,High Risk / Low Engagement
ACB-C006233,0,Premium / Multi-Product
ACB-C006234,1,Stable Core Customer
ACB-C006235,0,Premium / Multi-Product
ACB-C006236,3,High Risk / Low Engagement
ACB-C006237,0,Premium / Multi-Product
ACB-C006238,1,Stable Core Customer
ACB-C006239,1,Stable Core Customer
ACB-C006240,0,Premium / Multi-Product
ACB-C006241,0,Premium / Multi-Product
ACB-C006242,0,Premium / Multi-Product
ACB-C006243,3,High Risk / Low Engagement
ACB-C006244,0,Premium / Multi-Product
ACB-C006245,0,Premium / Multi-Product
ACB-C006246,2,Developing / Building Credit
ACB-C006247,3,High Risk / Low Engagement
ACB-C006248,1,Stable Core Customer
ACB-C006249,0,Premium / Multi-Product
ACB-C006250,0,Premium / Multi-Product
ACB-C006251,3,High Risk / Low Engagement
ACB-C006252,3,High Risk / Low Engagement
ACB-C006253,0,Premium / Multi-Product
ACB-C006254,3,High Risk / Low Engagement
ACB-C006255,3,High Risk / Low Engagement
ACB-C006256,3,High Risk / Low Engagement
ACB-C006257,0,Premium / Multi-Product
ACB-C006258,3,High Risk / Low Engagement
ACB-C006259,1,Stable Core Customer
ACB-C006260,2,Developing / Building Credit
ACB-C006261,0,Premium / Multi-Product
ACB-C006262,1,Stable Core Customer
ACB-C006263,0,Premium / Multi-Product
ACB-C006264,3,High Risk / Low Engagement
ACB-C006265,3,High Risk / Low Engagement
ACB-C006266,1,Stable Core Customer
ACB-C006267,0,Premium / Multi-Product
ACB-C006268,3,High Risk / Low Engagement
ACB-C006269,2,Developing / Building Credit
ACB-C006270,3,High Risk / Low Engagement
ACB-C006271,3,High Risk / Low Engagement
ACB-C006272,3,High Risk / Low Engagement
ACB-C006273,1,Stable Core Customer
ACB-C006274,3,High Risk / Low Engagement
ACB-C006275,3,High Risk / Low Engagement
ACB-C006276,3,High Risk / Low Engagement
ACB-C006277,0,Premium / Multi-Product
ACB-C006278,0,Premium / Multi-Product
ACB-C006279,1,Stable Core Customer
ACB-C006280,3,High Risk / Low Engagement
ACB-C006281,0,Premium / Multi-Product
ACB-C006282,0,Premium / Multi-Product
ACB-C006283,0,Premium / Multi-Product
ACB-C006284,0,Premium / Multi-Product
ACB-C006285,0,Premium / Multi-Product
ACB-C006286,1,Stable Core Customer
ACB-C006287,1,Stable Core Customer
ACB-C006288,1,Stable Core Customer
ACB-C006289,0,Premium / Multi-Product
ACB-C006290,3,High Risk / Low Engagement
ACB-C006291,0,Premium / Multi-Product
ACB-C006292,3,High Risk / Low Engagement
ACB-C006293,0,Premium / Multi-Product
ACB-C006294,0,Premium / Multi-Product
ACB-C006295,2,Developing / Building Credit
ACB-C006296,3,High Risk / Low Engagement
ACB-C006297,0,Premium / Multi-Product
ACB-C006298,0,Premium / Multi-Product
ACB-C006299,1,Stable Core Customer
ACB-C006300,0,Premium / Multi-Product
ACB-C006301,1,Stable Core Customer
ACB-C006302,3,High Risk / Low Engagement
ACB-C006303,1,Stable Core Customer
ACB-C006304,1,Stable Core Customer
ACB-C006305,3,High Risk / Low Engagement
ACB-C006306,0,Premium / Multi-Product
ACB-C006307,0,Premium / Multi-Product
ACB-C006308,0,Premium / Multi-Product
ACB-C006309,0,Premium / Multi-Product
ACB-C006310,0,Premium / Multi-Product
ACB-C006311,3,High Risk / Low Engagement
ACB-C006312,1,Stable Core Customer
ACB-C006313,2,Developing / Building Credit
ACB-C006314,3,High Risk / Low Engagement
ACB-C006315,1,Stable Core Customer
ACB-C006316,0,Premium / Multi-Product
ACB-C006317,0,Premium / Multi-Product
ACB-C006318,0,Premium / Multi-Product
ACB-C006319,1,Stable Core Customer
ACB-C006320,1,Stable Core Customer
ACB-C006321,3,High Risk / Low Engagement
ACB-C006322,3,High Risk / Low Engagement
ACB-C006323,1,Stable Core Customer
ACB-C006324,3,High Risk / Low Engagement
ACB-C006325,3,High Risk / Low Engagement
ACB-C006326,1,Stable Core Customer
ACB-C006327,2,Developing / Building Credit
ACB-C006328,3,High Risk / Low Engagement
ACB-C006329,0,Premium / Multi-Product
ACB-C006330,3,High Risk / Low Engagement
ACB-C006331,0,Premium / Multi-Product
ACB-C006332,1,Stable Core Customer
ACB-C006333,0,Premium / Multi-Product
ACB-C006334,3,High Risk / Low Engagement
ACB-C006335,0,Premium / Multi-Product
ACB-C006336,0,Premium / Multi-Product
ACB-C006337,1,Stable Core Customer
ACB-C006338,1,Stable Core Customer
ACB-C006339,0,Premium / Multi-Product
ACB-C006340,0,Premium / Multi-Product
ACB-C006341,0,Premium / Multi-Product
ACB-C006342,0,Premium / Multi-Product
ACB-C006343,1,Stable Core Customer
ACB-C006344,0,Premium / Multi-Product
ACB-C006345,0,Premium / Multi-Product
ACB-C006346,0,Premium / Multi-Product
ACB-C006347,2,Developing / Building Credit
ACB-C006348,2,Developing / Building Credit
ACB-C006349,0,Premium / Multi-Product
ACB-C006350,0,Premium / Multi-Product
ACB-C006351,0,Premium / Multi-Product
ACB-C006352,1,Stable Core Customer
ACB-C006353,1,Stable Core Customer
ACB-C006354,1,Stable Core Customer
ACB-C006355,0,Premium / Multi-Product
ACB-C006356,0,Premium / Multi-Product
ACB-C006357,0,Premium / Multi-Product
ACB-C006358,3,High Risk / Low Engagement
ACB-C006359,0,Premium / Multi-Product
ACB-C006360,0,Premium / Multi-Product
ACB-C006361,1,Stable Core Customer
ACB-C006362,0,Premium / Multi-Product
ACB-C006363,1,Stable Core Customer
ACB-C006364,0,Premium / Multi-Product
ACB-C006365,0,Premium / Multi-Product
ACB-C006366,3,High Risk / Low Engagement
ACB-C006367,0,Premium / Multi-Product
ACB-C006368,3,High Risk / Low Engagement
ACB-C006369,0,Premium / Multi-Product
ACB-C006370,0,Premium / Multi-Product
ACB-C006371,0,Premium / Multi-Product
ACB-C006372,0,Premium / Multi-Product
ACB-C006373,3,High Risk / Low Engagement
ACB-C006374,3,High Risk / Low Engagement
ACB-C006375,1,Stable Core Customer
ACB-C006376,3,High Risk / Low Engagement
ACB-C006377,1,Stable Core Customer
ACB-C006378,0,Premium / Multi-Product
ACB-C006379,0,Premium / Multi-Product
ACB-C006380,3,High Risk / Low Engagement
ACB-C006381,0,Premium / Multi-Product
ACB-C006382,1,Stable Core Customer
ACB-C006383,3,High Risk / Low Engagement
ACB-C006384,1,Stable Core Customer
ACB-C006385,0,Premium / Multi-Product
ACB-C006386,0,Premium / Multi-Product
ACB-C006387,1,Stable Core Customer
ACB-C006388,0,Premium / Multi-Product
ACB-C006389,3,High Risk / Low Engagement
ACB-C006390,0,Premium / Multi-Product
ACB-C006391,1,Stable Core Customer
ACB-C006392,0,Premium / Multi-Product
ACB-C006393,3,High Risk / Low Engagement
ACB-C006394,0,Premium / Multi-Product
ACB-C006395,3,High Risk / Low Engagement
ACB-C006396,0,Premium / Multi-Product
ACB-C006397,0,Premium / Multi-Product
ACB-C006398,0,Premium / Multi-Product
ACB-C006399,2,Developing / Building Credit
ACB-C006400,1,Stable Core Customer
ACB-C006401,0,Premium / Multi-Product
ACB-C006402,1,Stable Core Customer
ACB-C006403,0,Premium / Multi-Product
ACB-C006404,0,Premium / Multi-Product
ACB-C006405,0,Premium / Multi-Product
ACB-C006406,2,Developing / Building Credit
ACB-C006407,1,Stable Core Customer
ACB-C006408,0,Premium / Multi-Product
ACB-C006409,0,Premium / Multi-Product
ACB-C006410,3,High Risk / Low Engagement
ACB-C006411,2,Developing / Building Credit
ACB-C006412,1,Stable Core Customer
ACB-C006413,0,Premium / Multi-Product
ACB-C006414,0,Premium / Multi-Product
ACB-C006415,0,Premium / Multi-Product
ACB-C006416,0,Premium / Multi-Product
ACB-C006417,1,Stable Core Customer
ACB-C006418,3,High Risk / Low Engagement
ACB-C006419,1,Stable Core Customer
ACB-C006420,0,Premium / Multi-Product
ACB-C006421,3,High Risk / Low Engagement
ACB-C006422,3,High Risk / Low Engagement
ACB-C006423,0,Premium / Multi-Product
ACB-C006424,0,Premium / Multi-Product
ACB-C006425,3,High Risk / Low Engagement
ACB-C006426,0,Premium / Multi-Product
ACB-C006427,0,Premium / Multi-Product
ACB-C006428,1,Stable Core Customer
ACB-C006429,0,Premium / Multi-Product
ACB-C006430,0,Premium / Multi-Product
ACB-C006431,3,High Risk / Low Engagement
ACB-C006432,0,Premium / Multi-Product
ACB-C006433,0,Premium / Multi-Product
ACB-C006434,3,High Risk / Low Engagement
ACB-C006435,1,Stable Core Customer
ACB-C006436,3,High Risk / Low Engagement
ACB-C006437,1,Stable Core Customer
ACB-C006438,0,Premium / Multi-Product
ACB-C006439,0,Premium / Multi-Product
ACB-C006440,0,Premium / Multi-Product
ACB-C006441,0,Premium / Multi-Product
ACB-C006442,1,Stable Core Customer
ACB-C006443,1,Stable Core Customer
ACB-C006444,0,Premium / Multi-Product
ACB-C006445,1,Stable Core Customer
ACB-C006446,3,High Risk / Low Engagement
ACB-C006447,0,Premium / Multi-Product
ACB-C006448,0,Premium / Multi-Product
ACB-C006449,0,Premium / Multi-Product
ACB-C006450,1,Stable Core Customer
ACB-C006451,1,Stable Core Customer
ACB-C006452,3,High Risk / Low Engagement
ACB-C006453,0,Premium / Multi-Product
ACB-C006454,1,Stable Core Customer
ACB-C006455,0,Premium / Multi-Product
ACB-C006456,0,Premium / Multi-Product
ACB-C006457,0,Premium / Multi-Product
ACB-C006458,0,Premium / Multi-Product
ACB-C006459,0,Premium / Multi-Product
ACB-C006460,0,Premium / Multi-Product
ACB-C006461,0,Premium / Multi-Product
ACB-C006462,0,Premium / Multi-Product
ACB-C006463,1,Stable Core Customer
ACB-C006464,1,Stable Core Customer
ACB-C006465,0,Premium / Multi-Product
ACB-C006466,1,Stable Core Customer
ACB-C006467,1,Stable Core Customer
ACB-C006468,0,Premium / Multi-Product
ACB-C006469,1,Stable Core Customer
ACB-C006470,3,High Risk / Low Engagement
ACB-C006471,1,Stable Core Customer
ACB-C006472,0,Premium / Multi-Product
ACB-C006473,3,High Risk / Low Engagement
ACB-C006474,2,Developing / Building Credit
ACB-C006475,0,Premium / Multi-Product
ACB-C006476,0,Premium / Multi-Product
ACB-C006477,1,Stable Core Customer
ACB-C006478,1,Stable Core Customer
ACB-C006479,3,High Risk / Low Engagement
ACB-C006480,1,Stable Core Customer
ACB-C006481,3,High Risk / Low Engagement
ACB-C006482,0,Premium / Multi-Product
ACB-C006483,0,Premium / Multi-Product
ACB-C006484,0,Premium / Multi-Product
ACB-C006485,3,High Risk / Low Engagement
ACB-C006486,1,Stable Core Customer
ACB-C006487,0,Premium / Multi-Product
ACB-C006488,3,High Risk / Low Engagement
ACB-C006489,0,Premium / Multi-Product
ACB-C006490,0,Premium / Multi-Product
ACB-C006491,0,Premium / Multi-Product
ACB-C006492,0,Premium / Multi-Product
ACB-C006493,3,High Risk / Low Engagement
ACB-C006494,0,Premium / Multi-Product
ACB-C006495,3,High Risk / Low Engagement
ACB-C006496,0,Premium / Multi-Product
ACB-C006497,0,Premium / Multi-Product
ACB-C006498,0,Premium / Multi-Product
ACB-C006499,3,High Risk / Low Engagement
ACB-C006500,3,High Risk / Low Engagement
ACB-C006501,3,High Risk / Low Engagement
ACB-C006502,1,Stable Core Customer
ACB-C006503,1,Stable Core Customer
ACB-C006504,1,Stable Core Customer
ACB-C006505,0,Premium / Multi-Product
ACB-C006506,0,Premium / Multi-Product
ACB-C006507,0,Premium / Multi-Product
ACB-C006508,0,Premium / Multi-Product
ACB-C006509,0,Premium / Multi-Product
ACB-C006510,3,High Risk / Low Engagement
ACB-C006511,0,Premium / Multi-Product
ACB-C006512,0,Premium / Multi-Product
ACB-C006513,0,Premium / Multi-Product
ACB-C006514,0,Premium / Multi-Product
ACB-C006515,3,High Risk / Low Engagement
ACB-C006516,1,Stable Core Customer
ACB-C006517,3,High Risk / Low Engagement
ACB-C006518,1,Stable Core Customer
ACB-C006519,0,Premium / Multi-Product
ACB-C006520,0,Premium / Multi-Product
ACB-C006521,3,High Risk / Low Engagement
ACB-C006522,0,Premium / Multi-Product
ACB-C006523,3,High Risk / Low Engagement
ACB-C006524,0,Premium / Multi-Product
ACB-C006525,0,Premium / Multi-Product
ACB-C006526,0,Premium / Multi-Product
ACB-C006527,1,Stable Core Customer
ACB-C006528,0,Premium / Multi-Product
ACB-C006529,3,High Risk / Low Engagement
ACB-C006530,0,Premium / Multi-Product
ACB-C006531,1,Stable Core Customer
ACB-C006532,0,Premium / Multi-Product
ACB-C006533,1,Stable Core Customer
ACB-C006534,0,Premium / Multi-Product
ACB-C006535,3,High Risk / Low Engagement
ACB-C006536,2,Developing / Building Credit
ACB-C006537,3,High Risk / Low Engagement
ACB-C006538,3,High Risk / Low Engagement
ACB-C006539,0,Premium / Multi-Product
ACB-C006540,1,Stable Core Customer
ACB-C006541,1,Stable Core Customer
ACB-C006542,1,Stable Core Customer
ACB-C006543,1,Stable Core Customer
ACB-C006544,0,Premium / Multi-Product
ACB-C006545,1,Stable Core Customer
ACB-C006546,0,Premium / Multi-Product
ACB-C006547,3,High Risk / Low Engagement
ACB-C006548,0,Premium / Multi-Product
ACB-C006549,0,Premium / Multi-Product
ACB-C006550,1,Stable Core Customer
ACB-C006551,1,Stable Core Customer
ACB-C006552,0,Premium / Multi-Product
ACB-C006553,0,Premium / Multi-Product
ACB-C006554,0,Premium / Multi-Product
ACB-C006555,0,Premium / Multi-Product
ACB-C006556,3,High Risk / Low Engagement
ACB-C006557,3,High Risk / Low Engagement
ACB-C006558,1,Stable Core Customer
ACB-C006559,0,Premium / Multi-Product
ACB-C006560,0,Premium / Multi-Product
ACB-C006561,1,Stable Core Customer
ACB-C006562,1,Stable Core Customer
ACB-C006563,1,Stable Core Customer
ACB-C006564,3,High Risk / Low Engagement
ACB-C006565,0,Premium / Multi-Product
ACB-C006566,0,Premium / Multi-Product
ACB-C006567,1,Stable Core Customer
ACB-C006568,3,High Risk / Low Engagement
ACB-C006569,3,High Risk / Low Engagement
ACB-C006570,0,Premium / Multi-Product
ACB-C006571,0,Premium / Multi-Product
ACB-C006572,0,Premium / Multi-Product
ACB-C006573,3,High Risk / Low Engagement
ACB-C006574,3,High Risk / Low Engagement
ACB-C006575,2,Developing / Building Credit
ACB-C006576,0,Premium / Multi-Product
ACB-C006577,0,Premium / Multi-Product
ACB-C006578,0,Premium / Multi-Product
ACB-C006579,0,Premium / Multi-Product
ACB-C006580,3,High Risk / Low Engagement
ACB-C006581,1,Stable Core Customer
ACB-C006582,0,Premium / Multi-Product
ACB-C006583,3,High Risk / Low Engagement
ACB-C006584,0,Premium / Multi-Product
ACB-C006585,3,High Risk / Low Engagement
ACB-C006586,1,Stable Core Customer
ACB-C006587,3,High Risk / Low Engagement
ACB-C006588,1,Stable Core Customer
ACB-C006589,3,High Risk / Low Engagement
ACB-C006590,1,Stable Core Customer
ACB-C006591,0,Premium / Multi-Product
ACB-C006592,1,Stable Core Customer
ACB-C006593,0,Premium / Multi-Product
ACB-C006594,1,Stable Core Customer
ACB-C006595,3,High Risk / Low Engagement
ACB-C006596,0,Premium / Multi-Product
ACB-C006597,3,High Risk / Low Engagement
ACB-C006598,2,Developing / Building Credit
ACB-C006599,3,High Risk / Low Engagement
ACB-C006600,3,High Risk / Low Engagement
ACB-C006601,2,Developing / Building Credit
ACB-C006602,0,Premium / Multi-Product
ACB-C006603,1,Stable Core Customer
ACB-C006604,0,Premium / Multi-Product
ACB-C006605,0,Premium / Multi-Product
ACB-C006606,1,Stable Core Customer
ACB-C006607,3,High Risk / Low Engagement
ACB-C006608,0,Premium / Multi-Product
ACB-C006609,0,Premium / Multi-Product
ACB-C006610,3,High Risk / Low Engagement
ACB-C006611,0,Premium / Multi-Product
ACB-C006612,1,Stable Core Customer
ACB-C006613,3,High Risk / Low Engagement
ACB-C006614,0,Premium / Multi-Product
ACB-C006615,3,High Risk / Low Engagement
ACB-C006616,1,Stable Core Customer
ACB-C006617,3,High Risk / Low Engagement
ACB-C006618,1,Stable Core Customer
ACB-C006619,3,High Risk / Low Engagement
ACB-C006620,0,Premium / Multi-Product
ACB-C006621,0,Premium / Multi-Product
ACB-C006622,3,High Risk / Low Engagement
ACB-C006623,2,Developing / Building Credit
ACB-C006624,3,High Risk / Low Engagement
ACB-C006625,0,Premium / Multi-Product
ACB-C006626,0,Premium / Multi-Product
ACB-C006627,0,Premium / Multi-Product
ACB-C006628,0,Premium / Multi-Product
ACB-C006629,3,High Risk / Low Engagement
ACB-C006630,2,Developing / Building Credit
ACB-C006631,1,Stable Core Customer
ACB-C006632,3,High Risk / Low Engagement
ACB-C006633,3,High Risk / Low Engagement
ACB-C006634,1,Stable Core Customer
ACB-C006635,3,High Risk / Low Engagement
ACB-C006636,1,Stable Core Customer
ACB-C006637,3,High Risk / Low Engagement
ACB-C006638,0,Premium / Multi-Product
ACB-C006639,3,High Risk / Low Engagement
ACB-C006640,1,Stable Core Customer
ACB-C006641,3,High Risk / Low Engagement
ACB-C006642,3,High Risk / Low Engagement
ACB-C006643,1,Stable Core Customer
ACB-C006644,0,Premium / Multi-Product
ACB-C006645,1,Stable Core Customer
ACB-C006646,2,Developing / Building Credit
ACB-C006647,0,Premium / Multi-Product
ACB-C006648,0,Premium / Multi-Product
ACB-C006649,0,Premium / Multi-Product
ACB-C006650,0,Premium / Multi-Product
ACB-C006651,0,Premium / Multi-Product
ACB-C006652,3,High Risk / Low Engagement
ACB-C006653,0,Premium / Multi-Product
ACB-C006654,3,High Risk / Low Engagement
ACB-C006655,1,Stable Core Customer
ACB-C006656,0,Premium / Multi-Product
ACB-C006657,0,Premium / Multi-Product
ACB-C006658,0,Premium / Multi-Product
ACB-C006659,1,Stable Core Customer
ACB-C006660,1,Stable Core Customer
ACB-C006661,1,Stable Core Customer
ACB-C006662,0,Premium / Multi-Product
ACB-C006663,0,Premium / Multi-Product
ACB-C006664,1,Stable Core Customer
ACB-C006665,1,Stable Core Customer
ACB-C006666,1,Stable Core Customer
ACB-C006667,0,Premium / Multi-Product
ACB-C006668,3,High Risk / Low Engagement
ACB-C006669,3,High Risk / Low Engagement
ACB-C006670,0,Premium / Multi-Product
ACB-C006671,0,Premium / Multi-Product
ACB-C006672,0,Premium / Multi-Product
ACB-C006673,1,Stable Core Customer
ACB-C006674,3,High Risk / Low Engagement
ACB-C006675,3,High Risk / Low Engagement
ACB-C006676,0,Premium / Multi-Product
ACB-C006677,0,Premium / Multi-Product
ACB-C006678,3,High Risk / Low Engagement
ACB-C006679,1,Stable Core Customer
ACB-C006680,1,Stable Core Customer
ACB-C006681,0,Premium / Multi-Product
ACB-C006682,1,Stable Core Customer
ACB-C006683,3,High Risk / Low Engagement
ACB-C006684,1,Stable Core Customer
ACB-C006685,1,Stable Core Customer
ACB-C006686,1,Stable Core Customer
ACB-C006687,0,Premium / Multi-Product
ACB-C006688,2,Developing / Building Credit
ACB-C006689,1,Stable Core Customer
ACB-C006690,3,High Risk / Low Engagement
ACB-C006691,0,Premium / Multi-Product
ACB-C006692,1,Stable Core Customer
ACB-C006693,1,Stable Core Customer
ACB-C006694,3,High Risk / Low Engagement
ACB-C006695,1,Stable Core Customer
ACB-C006696,2,Developing / Building Credit
ACB-C006697,0,Premium / Multi-Product
ACB-C006698,2,Developing / Building Credit
ACB-C006699,0,Premium / Multi-Product
ACB-C006700,1,Stable Core Customer
ACB-C006701,0,Premium / Multi-Product
ACB-C006702,2,Developing / Building Credit
ACB-C006703,3,High Risk / Low Engagement
ACB-C006704,0,Premium / Multi-Product
ACB-C006705,3,High Risk / Low Engagement
ACB-C006706,1,Stable Core Customer
ACB-C006707,0,Premium / Multi-Product
ACB-C006708,0,Premium / Multi-Product
ACB-C006709,0,Premium / Multi-Product
ACB-C006710,1,Stable Core Customer
ACB-C006711,0,Premium / Multi-Product
ACB-C006712,0,Premium / Multi-Product
ACB-C006713,0,Premium / Multi-Product
ACB-C006714,1,Stable Core Customer
ACB-C006715,0,Premium / Multi-Product
ACB-C006716,0,Premium / Multi-Product
ACB-C006717,3,High Risk / Low Engagement
ACB-C006718,3,High Risk / Low Engagement
ACB-C006719,3,High Risk / Low Engagement
ACB-C006720,0,Premium / Multi-Product
ACB-C006721,3,High Risk / Low Engagement
ACB-C006722,1,Stable Core Customer
ACB-C006723,1,Stable Core Customer
ACB-C006724,1,Stable Core Customer
ACB-C006725,1,Stable Core Customer
ACB-C006726,0,Premium / Multi-Product
ACB-C006727,0,Premium / Multi-Product
ACB-C006728,1,Stable Core Customer
ACB-C006729,3,High Risk / Low Engagement
ACB-C006730,3,High Risk / Low Engagement
ACB-C006731,3,High Risk / Low Engagement
ACB-C006732,2,Developing / Building Credit
ACB-C006733,0,Premium / Multi-Product
ACB-C006734,2,Developing / Building Credit
ACB-C006735,3,High Risk / Low Engagement
ACB-C006736,0,Premium / Multi-Product
ACB-C006737,0,Premium / Multi-Product
ACB-C006738,0,Premium / Multi-Product
ACB-C006739,3,High Risk / Low Engagement
ACB-C006740,3,High Risk / Low Engagement
ACB-C006741,1,Stable Core Customer
ACB-C006742,3,High Risk / Low Engagement
ACB-C006743,0,Premium / Multi-Product
ACB-C006744,0,Premium / Multi-Product
ACB-C006745,1,Stable Core Customer
ACB-C006746,2,Developing / Building Credit
ACB-C006747,0,Premium / Multi-Product
ACB-C006748,3,High Risk / Low Engagement
ACB-C006749,1,Stable Core Customer
ACB-C006750,3,High Risk / Low Engagement
ACB-C006751,0,Premium / Multi-Product
ACB-C006752,0,Premium / Multi-Product
ACB-C006753,1,Stable Core Customer
ACB-C006754,3,High Risk / Low Engagement
ACB-C006755,0,Premium / Multi-Product
ACB-C006756,1,Stable Core Customer
ACB-C006757,0,Premium / Multi-Product
ACB-C006758,3,High Risk / Low Engagement
ACB-C006759,0,Premium / Multi-Product
ACB-C006760,0,Premium / Multi-Product
ACB-C006761,2,Developing / Building Credit
ACB-C006762,0,Premium / Multi-Product
ACB-C006763,1,Stable Core Customer
ACB-C006764,0,Premium / Multi-Product
ACB-C006765,3,High Risk / Low Engagement
ACB-C006766,2,Developing / Building Credit
ACB-C006767,0,Premium / Multi-Product
ACB-C006768,1,Stable Core Customer
ACB-C006769,3,High Risk / Low Engagement
ACB-C006770,1,Stable Core Customer
ACB-C006771,3,High Risk / Low Engagement
ACB-C006772,2,Developing / Building Credit
ACB-C006773,0,Premium / Multi-Product
ACB-C006774,1,Stable Core Customer
ACB-C006775,1,Stable Core Customer
ACB-C006776,3,High Risk / Low Engagement
ACB-C006777,2,Developing / Building Credit
ACB-C006778,3,High Risk / Low Engagement
ACB-C006779,1,Stable Core Customer
ACB-C006780,0,Premium / Multi-Product
ACB-C006781,0,Premium / Multi-Product
ACB-C006782,0,Premium / Multi-Product
ACB-C006783,2,Developing / Building Credit
ACB-C006784,1,Stable Core Customer
ACB-C006785,0,Premium / Multi-Product
ACB-C006786,1,Stable Core Customer
ACB-C006787,1,Stable Core Customer
ACB-C006788,3,High Risk / Low Engagement
ACB-C006789,0,Premium / Multi-Product
ACB-C006790,3,High Risk / Low Engagement
ACB-C006791,0,Premium / Multi-Product
ACB-C006792,1,Stable Core Customer
ACB-C006793,0,Premium / Multi-Product
ACB-C006794,0,Premium / Multi-Product
ACB-C006795,1,Stable Core Customer
ACB-C006796,3,High Risk / Low Engagement
ACB-C006797,0,Premium / Multi-Product
ACB-C006798,1,Stable Core Customer
ACB-C006799,0,Premium / Multi-Product
ACB-C006800,1,Stable Core Customer
ACB-C006801,1,Stable Core Customer
ACB-C006802,1,Stable Core Customer
ACB-C006803,1,Stable Core Customer
ACB-C006804,0,Premium / Multi-Product
ACB-C006805,3,High Risk / Low Engagement
ACB-C006806,0,Premium / Multi-Product
ACB-C006807,0,Premium / Multi-Product
ACB-C006808,0,Premium / Multi-Product
ACB-C006809,3,High Risk / Low Engagement
ACB-C006810,1,Stable Core Customer
ACB-C006811,1,Stable Core Customer
ACB-C006812,1,Stable Core Customer
ACB-C006813,1,Stable Core Customer
ACB-C006814,3,High Risk / Low Engagement
ACB-C006815,1,Stable Core Customer
ACB-C006816,1,Stable Core Customer
ACB-C006817,0,Premium / Multi-Product
ACB-C006818,0,Premium / Multi-Product
ACB-C006819,2,Developing / Building Credit
ACB-C006820,1,Stable Core Customer
ACB-C006821,0,Premium / Multi-Product
ACB-C006822,0,Premium / Multi-Product
ACB-C006823,1,Stable Core Customer
ACB-C006824,3,High Risk / Low Engagement
ACB-C006825,1,Stable Core Customer
ACB-C006826,0,Premium / Multi-Product
ACB-C006827,3,High Risk / Low Engagement
ACB-C006828,1,Stable Core Customer
ACB-C006829,0,Premium / Multi-Product
ACB-C006830,1,Stable Core Customer
ACB-C006831,1,Stable Core Customer
ACB-C006832,0,Premium / Multi-Product
ACB-C006833,0,Premium / Multi-Product
ACB-C006834,2,Developing / Building Credit
ACB-C006835,3,High Risk / Low Engagement
ACB-C006836,2,Developing / Building Credit
ACB-C006837,3,High Risk / Low Engagement
ACB-C006838,3,High Risk / Low Engagement
ACB-C006839,3,High Risk / Low Engagement
ACB-C006840,1,Stable Core Customer
ACB-C006841,3,High Risk / Low Engagement
ACB-C006842,0,Premium / Multi-Product
ACB-C006843,3,High Risk / Low Engagement
ACB-C006844,0,Premium / Multi-Product
ACB-C006845,1,Stable Core Customer
ACB-C006846,3,High Risk / Low Engagement
ACB-C006847,0,Premium / Multi-Product
ACB-C006848,0,Premium / Multi-Product
ACB-C006849,3,High Risk / Low Engagement
ACB-C006850,0,Premium / Multi-Product
ACB-C006851,3,High Risk / Low Engagement
ACB-C006852,3,High Risk / Low Engagement
ACB-C006853,0,Premium / Multi-Product
ACB-C006854,1,Stable Core Customer
ACB-C006855,1,Stable Core Customer
ACB-C006856,1,Stable Core Customer
ACB-C006857,3,High Risk / Low Engagement
ACB-C006858,0,Premium / Multi-Product
ACB-C006859,0,Premium / Multi-Product
ACB-C006860,0,Premium / Multi-Product
ACB-C006861,1,Stable Core Customer
ACB-C006862,0,Premium / Multi-Product
ACB-C006863,3,High Risk / Low Engagement
ACB-C006864,0,Premium / Multi-Product
ACB-C006865,1,Stable Core Customer
ACB-C006866,2,Developing / Building Credit
ACB-C006867,3,High Risk / Low Engagement
ACB-C006868,0,Premium / Multi-Product
ACB-C006869,1,Stable Core Customer
ACB-C006870,1,Stable Core Customer
ACB-C006871,3,High Risk / Low Engagement
ACB-C006872,3,High Risk / Low Engagement
ACB-C006873,0,Premium / Multi-Product
ACB-C006874,0,Premium / Multi-Product
ACB-C006875,0,Premium / Multi-Product
ACB-C006876,0,Premium / Multi-Product
ACB-C006877,1,Stable Core Customer
ACB-C006878,1,Stable Core Customer
ACB-C006879,2,Developing / Building Credit
ACB-C006880,3,High Risk / Low Engagement
ACB-C006881,0,Premium / Multi-Product
ACB-C006882,0,Premium / Multi-Product
ACB-C006883,1,Stable Core Customer
ACB-C006884,0,Premium / Multi-Product
ACB-C006885,3,High Risk / Low Engagement
ACB-C006886,3,High Risk / Low Engagement
ACB-C006887,1,Stable Core Customer
ACB-C006888,0,Premium / Multi-Product
ACB-C006889,3,High Risk / Low Engagement
ACB-C006890,0,Premium / Multi-Product
ACB-C006891,2,Developing / Building Credit
ACB-C006892,0,Premium / Multi-Product
ACB-C006893,3,High Risk / Low Engagement
ACB-C006894,0,Premium / Multi-Product
ACB-C006895,0,Premium / Multi-Product
ACB-C006896,1,Stable Core Customer
ACB-C006897,0,Premium / Multi-Product
ACB-C006898,3,High Risk / Low Engagement
ACB-C006899,1,Stable Core Customer
ACB-C006900,1,Stable Core Customer
ACB-C006901,3,High Risk / Low Engagement
ACB-C006902,3,High Risk / Low Engagement
ACB-C006903,0,Premium / Multi-Product
ACB-C006904,3,High Risk / Low Engagement
ACB-C006905,3,High Risk / Low Engagement
ACB-C006906,1,Stable Core Customer
ACB-C006907,1,Stable Core Customer
ACB-C006908,1,Stable Core Customer
ACB-C006909,0,Premium / Multi-Product
ACB-C006910,0,Premium / Multi-Product
ACB-C006911,1,Stable Core Customer
ACB-C006912,3,High Risk / Low Engagement
ACB-C006913,1,Stable Core Customer
ACB-C006914,0,Premium / Multi-Product
ACB-C006915,0,Premium / Multi-Product
ACB-C006916,0,Premium / Multi-Product
ACB-C006917,0,Premium / Multi-Product
ACB-C006918,0,Premium / Multi-Product
ACB-C006919,0,Premium / Multi-Product
ACB-C006920,3,High Risk / Low Engagement
ACB-C006921,0,Premium / Multi-Product
ACB-C006922,0,Premium / Multi-Product
ACB-C006923,0,Premium / Multi-Product
ACB-C006924,3,High Risk / Low Engagement
ACB-C006925,0,Premium / Multi-Product
ACB-C006926,1,Stable Core Customer
ACB-C006927,3,High Risk / Low Engagement
ACB-C006928,1,Stable Core Customer
ACB-C006929,3,High Risk / Low Engagement
ACB-C006930,1,Stable Core Customer
ACB-C006931,0,Premium / Multi-Product
ACB-C006932,1,Stable Core Customer
ACB-C006933,1,Stable Core Customer
ACB-C006934,3,High Risk / Low Engagement
ACB-C006935,3,High Risk / Low Engagement
ACB-C006936,1,Stable Core Customer
ACB-C006937,3,High Risk / Low Engagement
ACB-C006938,1,Stable Core Customer
ACB-C006939,1,Stable Core Customer
ACB-C006940,0,Premium / Multi-Product
ACB-C006941,1,Stable Core Customer
ACB-C006942,3,High Risk / Low Engagement
ACB-C006943,0,Premium / Multi-Product
ACB-C006944,1,Stable Core Customer
ACB-C006945,0,Premium / Multi-Product
ACB-C006946,1,Stable Core Customer
ACB-C006947,0,Premium / Multi-Product
ACB-C006948,0,Premium / Multi-Product
ACB-C006949,1,Stable Core Customer
ACB-C006950,0,Premium / Multi-Product
ACB-C006951,3,High Risk / Low Engagement
ACB-C006952,3,High Risk / Low Engagement
ACB-C006953,1,Stable Core Customer
ACB-C006954,1,Stable Core Customer
ACB-C006955,0,Premium / Multi-Product
ACB-C006956,1,Stable Core Customer
ACB-C006957,2,Developing / Building Credit
ACB-C006958,0,Premium / Multi-Product
ACB-C006959,1,Stable Core Customer
ACB-C006960,2,Developing / Building Credit
ACB-C006961,3,High Risk / Low Engagement
ACB-C006962,0,Premium / Multi-Product
ACB-C006963,1,Stable Core Customer
ACB-C006964,1,Stable Core Customer
ACB-C006965,2,Developing / Building Credit
ACB-C006966,1,Stable Core Customer
ACB-C006967,0,Premium / Multi-Product
ACB-C006968,1,Stable Core Customer
ACB-C006969,1,Stable Core Customer
ACB-C006970,1,Stable Core Customer
ACB-C006971,0,Premium / Multi-Product
ACB-C006972,0,Premium / Multi-Product
ACB-C006973,3,High Risk / Low Engagement
ACB-C006974,2,Developing / Building Credit
ACB-C006975,3,High Risk / Low Engagement
ACB-C006976,3,High Risk / Low Engagement
ACB-C006977,0,Premium / Multi-Product
ACB-C006978,0,Premium / Multi-Product
ACB-C006979,2,Developing / Building Credit
ACB-C006980,3,High Risk / Low Engagement
ACB-C006981,0,Premium / Multi-Product
ACB-C006982,3,High Risk / Low Engagement
ACB-C006983,0,Premium / Multi-Product
ACB-C006984,0,Premium / Multi-Product
ACB-C006985,3,High Risk / Low Engagement
ACB-C006986,0,Premium / Multi-Product
ACB-C006987,3,High Risk / Low Engagement
ACB-C006988,1,Stable Core Customer
ACB-C006989,0,Premium / Multi-Product
ACB-C006990,0,Premium / Multi-Product
ACB-C006991,1,Stable Core Customer
ACB-C006992,1,Stable Core Customer
ACB-C006993,3,High Risk / Low Engagement
ACB-C006994,0,Premium / Multi-Product
ACB-C006995,1,Stable Core Customer
ACB-C006996,1,Stable Core Customer
ACB-C006997,1,Stable Core Customer
ACB-C006998,0,Premium / Multi-Product
ACB-C006999,3,High Risk / Low Engagement
ACB-C007000,0,Premium / Multi-Product
ACB-C007001,0,Premium / Multi-Product
ACB-C007002,0,Premium / Multi-Product
ACB-C007003,1,Stable Core Customer
ACB-C007004,3,High Risk / Low Engagement
ACB-C007005,0,Premium / Multi-Product
ACB-C007006,0,Premium / Multi-Product
ACB-C007007,1,Stable Core Customer
ACB-C007008,1,Stable Core Customer
ACB-C007009,3,High Risk / Low Engagement
ACB-C007010,0,Premium / Multi-Product
ACB-C007011,2,Developing / Building Credit
ACB-C007012,0,Premium / Multi-Product
ACB-C007013,1,Stable Core Customer
ACB-C007014,3,High Risk / Low Engagement
ACB-C007015,0,Premium / Multi-Product
ACB-C007016,0,Premium / Multi-Product
ACB-C007017,0,Premium / Multi-Product
ACB-C007018,3,High Risk / Low Engagement
ACB-C007019,2,Developing / Building Credit
ACB-C007020,0,Premium / Multi-Product
ACB-C007021,3,High Risk / Low Engagement
ACB-C007022,1,Stable Core Customer
ACB-C007023,0,Premium / Multi-Product
ACB-C007024,0,Premium / Multi-Product
ACB-C007025,1,Stable Core Customer
ACB-C007026,0,Premium / Multi-Product
ACB-C007027,0,Premium / Multi-Product
ACB-C007028,1,Stable Core Customer
ACB-C007029,3,High Risk / Low Engagement
ACB-C007030,2,Developing / Building Credit
ACB-C007031,0,Premium / Multi-Product
ACB-C007032,1,Stable Core Customer
ACB-C007033,3,High Risk / Low Engagement
ACB-C007034,0,Premium / Multi-Product
ACB-C007035,0,Premium / Multi-Product
ACB-C007036,3,High Risk / Low Engagement
ACB-C007037,3,High Risk / Low Engagement
ACB-C007038,3,High Risk / Low Engagement
ACB-C007039,0,Premium / Multi-Product
ACB-C007040,3,High Risk / Low Engagement
ACB-C007041,1,Stable Core Customer
ACB-C007042,3,High Risk / Low Engagement
ACB-C007043,3,High Risk / Low Engagement
ACB-C007044,3,High Risk / Low Engagement
ACB-C007045,0,Premium / Multi-Product
ACB-C007046,1,Stable Core Customer
ACB-C007047,0,Premium / Multi-Product
ACB-C007048,0,Premium / Multi-Product
ACB-C007049,0,Premium / Multi-Product
ACB-C007050,0,Premium / Multi-Product
ACB-C007051,0,Premium / Multi-Product
ACB-C007052,0,Premium / Multi-Product
ACB-C007053,3,High Risk / Low Engagement
ACB-C007054,1,Stable Core Customer
ACB-C007055,3,High Risk / Low Engagement
ACB-C007056,0,Premium / Multi-Product
ACB-C007057,3,High Risk / Low Engagement
ACB-C007058,0,Premium / Multi-Product
ACB-C007059,3,High Risk / Low Engagement
ACB-C007060,0,Premium / Multi-Product
ACB-C007061,3,High Risk / Low Engagement
ACB-C007062,0,Premium / Multi-Product
ACB-C007063,1,Stable Core Customer
ACB-C007064,0,Premium / Multi-Product
ACB-C007065,3,High Risk / Low Engagement
ACB-C007066,3,High Risk / Low Engagement
ACB-C007067,1,Stable Core Customer
ACB-C007068,1,Stable Core Customer
ACB-C007069,1,Stable Core Customer
ACB-C007070,1,Stable Core Customer
ACB-C007071,1,Stable Core Customer
ACB-C007072,1,Stable Core Customer
ACB-C007073,1,Stable Core Customer
ACB-C007074,3,High Risk / Low Engagement
ACB-C007075,1,Stable Core Customer
ACB-C007076,0,Premium / Multi-Product
ACB-C007077,0,Premium / Multi-Product
ACB-C007078,1,Stable Core Customer
ACB-C007079,0,Premium / Multi-Product
ACB-C007080,1,Stable Core Customer
ACB-C007081,0,Premium / Multi-Product
ACB-C007082,0,Premium / Multi-Product
ACB-C007083,3,High Risk / Low Engagement
ACB-C007084,1,Stable Core Customer
ACB-C007085,3,High Risk / Low Engagement
ACB-C007086,0,Premium / Multi-Product
ACB-C007087,0,Premium / Multi-Product
ACB-C007088,1,Stable Core Customer
ACB-C007089,0,Premium / Multi-Product
ACB-C007090,0,Premium / Multi-Product
ACB-C007091,0,Premium / Multi-Product
ACB-C007092,1,Stable Core Customer
ACB-C007093,1,Stable Core Customer
ACB-C007094,0,Premium / Multi-Product
ACB-C007095,0,Premium / Multi-Product
ACB-C007096,0,Premium / Multi-Product
ACB-C007097,3,High Risk / Low Engagement
ACB-C007098,1,Stable Core Customer
ACB-C007099,3,High Risk / Low Engagement
ACB-C007100,3,High Risk / Low Engagement
ACB-C007101,0,Premium / Multi-Product
ACB-C007102,0,Premium / Multi-Product
ACB-C007103,1,Stable Core Customer
ACB-C007104,3,High Risk / Low Engagement
ACB-C007105,0,Premium / Multi-Product
ACB-C007106,0,Premium / Multi-Product
ACB-C007107,1,Stable Core Customer
ACB-C007108,0,Premium / Multi-Product
ACB-C007109,3,High Risk / Low Engagement
ACB-C007110,0,Premium / Multi-Product
ACB-C007111,1,Stable Core Customer
ACB-C007112,1,Stable Core Customer
ACB-C007113,1,Stable Core Customer
ACB-C007114,3,High Risk / Low Engagement
ACB-C007115,1,Stable Core Customer
ACB-C007116,2,Developing / Building Credit
ACB-C007117,3,High Risk / Low Engagement
ACB-C007118,0,Premium / Multi-Product
ACB-C007119,2,Developing / Building Credit
ACB-C007120,2,Developing / Building Credit
ACB-C007121,1,Stable Core Customer
ACB-C007122,0,Premium / Multi-Product
ACB-C007123,2,Developing / Building Credit
ACB-C007124,1,Stable Core Customer
ACB-C007125,1,Stable Core Customer
ACB-C007126,0,Premium / Multi-Product
ACB-C007127,1,Stable Core Customer
ACB-C007128,2,Developing / Building Credit
ACB-C007129,3,High Risk / Low Engagement
ACB-C007130,3,High Risk / Low Engagement
ACB-C007131,1,Stable Core Customer
ACB-C007132,1,Stable Core Customer
ACB-C007133,0,Premium / Multi-Product
ACB-C007134,0,Premium / Multi-Product
ACB-C007135,0,Premium / Multi-Product
ACB-C007136,3,High Risk / Low Engagement
ACB-C007137,0,Premium / Multi-Product
ACB-C007138,0,Premium / Multi-Product
ACB-C007139,0,Premium / Multi-Product
ACB-C007140,0,Premium / Multi-Product
ACB-C007141,1,Stable Core Customer
ACB-C007142,1,Stable Core Customer
ACB-C007143,1,Stable Core Customer
ACB-C007144,3,High Risk / Low Engagement
ACB-C007145,2,Developing / Building Credit
ACB-C007146,3,High Risk / Low Engagement
ACB-C007147,0,Premium / Multi-Product
ACB-C007148,3,High Risk / Low Engagement
ACB-C007149,3,High Risk / Low Engagement
ACB-C007150,0,Premium / Multi-Product
ACB-C007151,0,Premium / Multi-Product
ACB-C007152,1,Stable Core Customer
ACB-C007153,2,Developing / Building Credit
ACB-C007154,3,High Risk / Low Engagement
ACB-C007155,2,Developing / Building Credit
ACB-C007156,1,Stable Core Customer
ACB-C007157,1,Stable Core Customer
ACB-C007158,1,Stable Core Customer
ACB-C007159,0,Premium / Multi-Product
ACB-C007160,1,Stable Core Customer
ACB-C007161,1,Stable Core Customer
ACB-C007162,0,Premium / Multi-Product
ACB-C007163,3,High Risk / Low Engagement
ACB-C007164,1,Stable Core Customer
ACB-C007165,0,Premium / Multi-Product
ACB-C007166,0,Premium / Multi-Product
ACB-C007167,3,High Risk / Low Engagement
ACB-C007168,1,Stable Core Customer
ACB-C007169,3,High Risk / Low Engagement
ACB-C007170,0,Premium / Multi-Product
ACB-C007171,1,Stable Core Customer
ACB-C007172,0,Premium / Multi-Product
ACB-C007173,3,High Risk / Low Engagement
ACB-C007174,3,High Risk / Low Engagement
ACB-C007175,1,Stable Core Customer
ACB-C007176,0,Premium / Multi-Product
ACB-C007177,0,Premium / Multi-Product
ACB-C007178,0,Premium / Multi-Product
ACB-C007179,3,High Risk / Low Engagement
ACB-C007180,1,Stable Core Customer
ACB-C007181,0,Premium / Multi-Product
ACB-C007182,0,Premium / Multi-Product
ACB-C007183,3,High Risk / Low Engagement
ACB-C007184,1,Stable Core Customer
ACB-C007185,1,Stable Core Customer
ACB-C007186,0,Premium / Multi-Product
ACB-C007187,0,Premium / Multi-Product
ACB-C007188,0,Premium / Multi-Product
ACB-C007189,0,Premium / Multi-Product
ACB-C007190,3,High Risk / Low Engagement
ACB-C007191,1,Stable Core Customer
ACB-C007192,0,Premium / Multi-Product
ACB-C007193,1,Stable Core Customer
ACB-C007194,1,Stable Core Customer
ACB-C007195,1,Stable Core Customer
ACB-C007196,0,Premium / Multi-Product
ACB-C007197,0,Premium / Multi-Product
ACB-C007198,3,High Risk / Low Engagement
ACB-C007199,0,Premium / Multi-Product
ACB-C007200,0,Premium / Multi-Product
ACB-C007201,0,Premium / Multi-Product
ACB-C007202,1,Stable Core Customer
ACB-C007203,1,Stable Core Customer
ACB-C007204,2,Developing / Building Credit
ACB-C007205,0,Premium / Multi-Product
ACB-C007206,3,High Risk / Low Engagement
ACB-C007207,0,Premium / Multi-Product
ACB-C007208,1,Stable Core Customer
ACB-C007209,0,Premium / Multi-Product
ACB-C007210,0,Premium / Multi-Product
ACB-C007211,3,High Risk / Low Engagement
ACB-C007212,1,Stable Core Customer
ACB-C007213,0,Premium / Multi-Product
ACB-C007214,3,High Risk / Low Engagement
ACB-C007215,0,Premium / Multi-Product
ACB-C007216,1,Stable Core Customer
ACB-C007217,0,Premium / Multi-Product
ACB-C007218,0,Premium / Multi-Product
ACB-C007219,0,Premium / Multi-Product
ACB-C007220,0,Premium / Multi-Product
ACB-C007221,1,Stable Core Customer
ACB-C007222,0,Premium / Multi-Product
ACB-C007223,1,Stable Core Customer
ACB-C007224,1,Stable Core Customer
ACB-C007225,1,Stable Core Customer
ACB-C007226,3,High Risk / Low Engagement
ACB-C007227,0,Premium / Multi-Product
ACB-C007228,3,High Risk / Low Engagement
ACB-C007229,1,Stable Core Customer
ACB-C007230,3,High Risk / Low Engagement
ACB-C007231,1,Stable Core Customer
ACB-C007232,3,High Risk / Low Engagement
ACB-C007233,0,Premium / Multi-Product
ACB-C007234,3,High Risk / Low Engagement
ACB-C007235,3,High Risk / Low Engagement
ACB-C007236,1,Stable Core Customer
ACB-C007237,2,Developing / Building Credit
ACB-C007238,3,High Risk / Low Engagement
ACB-C007239,3,High Risk / Low Engagement
ACB-C007240,0,Premium / Multi-Product
ACB-C007241,2,Developing / Building Credit
ACB-C007242,0,Premium / Multi-Product
ACB-C007243,3,High Risk / Low Engagement
ACB-C007244,0,Premium / Multi-Product
ACB-C007245,0,Premium / Multi-Product
ACB-C007246,1,Stable Core Customer
ACB-C007247,0,Premium / Multi-Product
ACB-C007248,1,Stable Core Customer
ACB-C007249,3,High Risk / Low Engagement
ACB-C007250,1,Stable Core Customer
ACB-C007251,0,Premium / Multi-Product
ACB-C007252,3,High Risk / Low Engagement
ACB-C007253,0,Premium / Multi-Product
ACB-C007254,3,High Risk / Low Engagement
ACB-C007255,3,High Risk / Low Engagement
ACB-C007256,3,High Risk / Low Engagement
ACB-C007257,0,Premium / Multi-Product
ACB-C007258,1,Stable Core Customer
ACB-C007259,0,Premium / Multi-Product
ACB-C007260,0,Premium / Multi-Product
ACB-C007261,1,Stable Core Customer
ACB-C007262,3,High Risk / Low Engagement
ACB-C007263,1,Stable Core Customer
ACB-C007264,0,Premium / Multi-Product
ACB-C007265,0,Premium / Multi-Product
ACB-C007266,0,Premium / Multi-Product
ACB-C007267,0,Premium / Multi-Product
ACB-C007268,1,Stable Core Customer
ACB-C007269,0,Premium / Multi-Product
ACB-C007270,1,Stable Core Customer
ACB-C007271,0,Premium / Multi-Product
ACB-C007272,0,Premium / Multi-Product
ACB-C007273,3,High Risk / Low Engagement
ACB-C007274,3,High Risk / Low Engagement
ACB-C007275,0,Premium / Multi-Product
ACB-C007276,0,Premium / Multi-Product
ACB-C007277,3,High Risk / Low Engagement
ACB-C007278,1,Stable Core Customer
ACB-C007279,1,Stable Core Customer
ACB-C007280,1,Stable Core Customer
ACB-C007281,3,High Risk / Low Engagement
ACB-C007282,3,High Risk / Low Engagement
ACB-C007283,0,Premium / Multi-Product
ACB-C007284,0,Premium / Multi-Product
ACB-C007285,0,Premium / Multi-Product
ACB-C007286,3,High Risk / Low Engagement
ACB-C007287,3,High Risk / Low Engagement
ACB-C007288,0,Premium / Multi-Product
ACB-C007289,3,High Risk / Low Engagement
ACB-C007290,1,Stable Core Customer
ACB-C007291,1,Stable Core Customer
ACB-C007292,0,Premium / Multi-Product
ACB-C007293,1,Stable Core Customer
ACB-C007294,1,Stable Core Customer
ACB-C007295,3,High Risk / Low Engagement
ACB-C007296,0,Premium / Multi-Product
ACB-C007297,3,High Risk / Low Engagement
ACB-C007298,1,Stable Core Customer
ACB-C007299,1,Stable Core Customer
ACB-C007300,0,Premium / Multi-Product
ACB-C007301,0,Premium / Multi-Product
ACB-C007302,0,Premium / Multi-Product
ACB-C007303,3,High Risk / Low Engagement
ACB-C007304,0,Premium / Multi-Product
ACB-C007305,3,High Risk / Low Engagement
ACB-C007306,1,Stable Core Customer
ACB-C007307,2,Developing / Building Credit
ACB-C007308,0,Premium / Multi-Product
ACB-C007309,2,Developing / Building Credit
ACB-C007310,0,Premium / Multi-Product
ACB-C007311,3,High Risk / Low Engagement
ACB-C007312,3,High Risk / Low Engagement
ACB-C007313,0,Premium / Multi-Product
ACB-C007314,3,High Risk / Low Engagement
ACB-C007315,2,Developing / Building Credit
ACB-C007316,0,Premium / Multi-Product
ACB-C007317,0,Premium / Multi-Product
ACB-C007318,0,Premium / Multi-Product
ACB-C007319,1,Stable Core Customer
ACB-C007320,0,Premium / Multi-Product
ACB-C007321,1,Stable Core Customer
ACB-C007322,2,Developing / Building Credit
ACB-C007323,0,Premium / Multi-Product
ACB-C007324,3,High Risk / Low Engagement
ACB-C007325,3,High Risk / Low Engagement
ACB-C007326,3,High Risk / Low Engagement
ACB-C007327,3,High Risk / Low Engagement
ACB-C007328,3,High Risk / Low Engagement
ACB-C007329,0,Premium / Multi-Product
ACB-C007330,0,Premium / Multi-Product
ACB-C007331,3,High Risk / Low Engagement
ACB-C007332,0,Premium / Multi-Product
ACB-C007333,0,Premium / Multi-Product
ACB-C007334,0,Premium / Multi-Product
ACB-C007335,2,Developing / Building Credit
ACB-C007336,2,Developing / Building Credit
ACB-C007337,0,Premium / Multi-Product
ACB-C007338,1,Stable Core Customer
ACB-C007339,1,Stable Core Customer
ACB-C007340,0,Premium / Multi-Product
ACB-C007341,0,Premium / Multi-Product
ACB-C007342,3,High Risk / Low Engagement
ACB-C007343,0,Premium / Multi-Product
ACB-C007344,0,Premium / Multi-Product
ACB-C007345,3,High Risk / Low Engagement
ACB-C007346,0,Premium / Multi-Product
ACB-C007347,3,High Risk / Low Engagement
ACB-C007348,3,High Risk / Low Engagement
ACB-C007349,3,High Risk / Low Engagement
ACB-C007350,1,Stable Core Customer
ACB-C007351,1,Stable Core Customer
ACB-C007352,0,Premium / Multi-Product
ACB-C007353,3,High Risk / Low Engagement
ACB-C007354,3,High Risk / Low Engagement
ACB-C007355,3,High Risk / Low Engagement
ACB-C007356,1,Stable Core Customer
ACB-C007357,0,Premium / Multi-Product
ACB-C007358,1,Stable Core Customer
ACB-C007359,2,Developing / Building Credit
ACB-C007360,1,Stable Core Customer
ACB-C007361,0,Premium / Multi-Product
ACB-C007362,0,Premium / Multi-Product
ACB-C007363,3,High Risk / Low Engagement
ACB-C007364,0,Premium / Multi-Product
ACB-C007365,3,High Risk / Low Engagement
ACB-C007366,0,Premium / Multi-Product
ACB-C007367,3,High Risk / Low Engagement
ACB-C007368,0,Premium / Multi-Product
ACB-C007369,0,Premium / Multi-Product
ACB-C007370,3,High Risk / Low Engagement
ACB-C007371,1,Stable Core Customer
ACB-C007372,2,Developing / Building Credit
ACB-C007373,3,High Risk / Low Engagement
ACB-C007374,3,High Risk / Low Engagement
ACB-C007375,1,Stable Core Customer
ACB-C007376,3,High Risk / Low Engagement
ACB-C007377,0,Premium / Multi-Product
ACB-C007378,0,Premium / Multi-Product
ACB-C007379,0,Premium / Multi-Product
ACB-C007380,1,Stable Core Customer
ACB-C007381,0,Premium / Multi-Product
ACB-C007382,1,Stable Core Customer
ACB-C007383,0,Premium / Multi-Product
ACB-C007384,0,Premium / Multi-Product
ACB-C007385,0,Premium / Multi-Product
ACB-C007386,1,Stable Core Customer
ACB-C007387,1,Stable Core Customer
ACB-C007388,3,High Risk / Low Engagement
ACB-C007389,0,Premium / Multi-Product
ACB-C007390,0,Premium / Multi-Product
ACB-C007391,1,Stable Core Customer
ACB-C007392,3,High Risk / Low Engagement
ACB-C007393,1,Stable Core Customer
ACB-C007394,1,Stable Core Customer
ACB-C007395,3,High Risk / Low Engagement
ACB-C007396,1,Stable Core Customer
ACB-C007397,0,Premium / Multi-Product
ACB-C007398,3,High Risk / Low Engagement
ACB-C007399,2,Developing / Building Credit
ACB-C007400,0,Premium / Multi-Product
ACB-C007401,0,Premium / Multi-Product
ACB-C007402,0,Premium / Multi-Product
ACB-C007403,0,Premium / Multi-Product
ACB-C007404,0,Premium / Multi-Product
ACB-C007405,0,Premium / Multi-Product
ACB-C007406,1,Stable Core Customer
ACB-C007407,3,High Risk / Low Engagement
ACB-C007408,3,High Risk / Low Engagement
ACB-C007409,0,Premium / Multi-Product
ACB-C007410,0,Premium / Multi-Product
ACB-C007411,0,Premium / Multi-Product
ACB-C007412,0,Premium / Multi-Product
ACB-C007413,3,High Risk / Low Engagement
ACB-C007414,3,High Risk / Low Engagement
ACB-C007415,2,Developing / Building Credit
ACB-C007416,0,Premium / Multi-Product
ACB-C007417,3,High Risk / Low Engagement
ACB-C007418,3,High Risk / Low Engagement
ACB-C007419,3,High Risk / Low Engagement
ACB-C007420,0,Premium / Multi-Product
ACB-C007421,0,Premium / Multi-Product
ACB-C007422,3,High Risk / Low Engagement
ACB-C007423,1,Stable Core Customer
ACB-C007424,1,Stable Core Customer
ACB-C007425,1,Stable Core Customer
ACB-C007426,3,High Risk / Low Engagement
ACB-C007427,1,Stable Core Customer
ACB-C007428,0,Premium / Multi-Product
ACB-C007429,1,Stable Core Customer
ACB-C007430,1,Stable Core Customer
ACB-C007431,0,Premium / Multi-Product
ACB-C007432,3,High Risk / Low Engagement
ACB-C007433,0,Premium / Multi-Product
ACB-C007434,1,Stable Core Customer
ACB-C007435,0,Premium / Multi-Product
ACB-C007436,0,Premium / Multi-Product
ACB-C007437,0,Premium / Multi-Product
ACB-C007438,2,Developing / Building Credit
ACB-C007439,0,Premium / Multi-Product
ACB-C007440,1,Stable Core Customer
ACB-C007441,1,Stable Core Customer
ACB-C007442,0,Premium / Multi-Product
ACB-C007443,0,Premium / Multi-Product
ACB-C007444,0,Premium / Multi-Product
ACB-C007445,0,Premium / Multi-Product
ACB-C007446,0,Premium / Multi-Product
ACB-C007447,3,High Risk / Low Engagement
ACB-C007448,0,Premium / Multi-Product
ACB-C007449,2,Developing / Building Credit
ACB-C007450,0,Premium / Multi-Product
ACB-C007451,0,Premium / Multi-Product
ACB-C007452,3,High Risk / Low Engagement
ACB-C007453,3,High Risk / Low Engagement
ACB-C007454,3,High Risk / Low Engagement
ACB-C007455,0,Premium / Multi-Product
ACB-C007456,3,High Risk / Low Engagement
ACB-C007457,0,Premium / Multi-Product
ACB-C007458,2,Developing / Building Credit
ACB-C007459,3,High Risk / Low Engagement
ACB-C007460,2,Developing / Building Credit
ACB-C007461,0,Premium / Multi-Product
ACB-C007462,0,Premium / Multi-Product
ACB-C007463,3,High Risk / Low Engagement
ACB-C007464,0,Premium / Multi-Product
ACB-C007465,0,Premium / Multi-Product
ACB-C007466,1,Stable Core Customer
ACB-C007467,0,Premium / Multi-Product
ACB-C007468,2,Developing / Building Credit
ACB-C007469,3,High Risk / Low Engagement
ACB-C007470,1,Stable Core Customer
ACB-C007471,3,High Risk / Low Engagement
ACB-C007472,3,High Risk / Low Engagement
ACB-C007473,2,Developing / Building Credit
ACB-C007474,3,High Risk / Low Engagement
ACB-C007475,0,Premium / Multi-Product
ACB-C007476,0,Premium / Multi-Product
ACB-C007477,3,High Risk / Low Engagement
ACB-C007478,1,Stable Core Customer
ACB-C007479,1,Stable Core Customer
ACB-C007480,0,Premium / Multi-Product
ACB-C007481,1,Stable Core Customer
ACB-C007482,3,High Risk / Low Engagement
ACB-C007483,3,High Risk / Low Engagement
ACB-C007484,1,Stable Core Customer
ACB-C007485,0,Premium / Multi-Product
ACB-C007486,0,Premium / Multi-Product
ACB-C007487,0,Premium / Multi-Product
ACB-C007488,3,High Risk / Low Engagement
ACB-C007489,0,Premium / Multi-Product
ACB-C007490,3,High Risk / Low Engagement
ACB-C007491,3,High Risk / Low Engagement
ACB-C007492,0,Premium / Multi-Product
ACB-C007493,3,High Risk / Low Engagement
ACB-C007494,1,Stable Core Customer
ACB-C007495,1,Stable Core Customer
ACB-C007496,1,Stable Core Customer
ACB-C007497,0,Premium / Multi-Product
ACB-C007498,2,Developing / Building Credit
ACB-C007499,0,Premium / Multi-Product
ACB-C007500,0,Premium / Multi-Product
ACB-C007501,3,High Risk / Low Engagement
ACB-C007502,0,Premium / Multi-Product
ACB-C007503,1,Stable Core Customer
ACB-C007504,0,Premium / Multi-Product
ACB-C007505,0,Premium / Multi-Product
ACB-C007506,0,Premium / Multi-Product
ACB-C007507,3,High Risk / Low Engagement
ACB-C007508,0,Premium / Multi-Product
ACB-C007509,0,Premium / Multi-Product
ACB-C007510,1,Stable Core Customer
ACB-C007511,1,Stable Core Customer
ACB-C007512,3,High Risk / Low Engagement
ACB-C007513,3,High Risk / Low Engagement
ACB-C007514,3,High Risk / Low Engagement
ACB-C007515,0,Premium / Multi-Product
ACB-C007516,0,Premium / Multi-Product
ACB-C007517,0,Premium / Multi-Product
ACB-C007518,0,Premium / Multi-Product
ACB-C007519,0,Premium / Multi-Product
ACB-C007520,0,Premium / Multi-Product
ACB-C007521,1,Stable Core Customer
ACB-C007522,0,Premium / Multi-Product
ACB-C007523,1,Stable Core Customer
ACB-C007524,1,Stable Core Customer
ACB-C007525,1,Stable Core Customer
ACB-C007526,0,Premium / Multi-Product
ACB-C007527,0,Premium / Multi-Product
ACB-C007528,0,Premium / Multi-Product
ACB-C007529,0,Premium / Multi-Product
ACB-C007530,1,Stable Core Customer
ACB-C007531,1,Stable Core Customer
ACB-C007532,0,Premium / Multi-Product
ACB-C007533,0,Premium / Multi-Product
ACB-C007534,3,High Risk / Low Engagement
ACB-C007535,0,Premium / Multi-Product
ACB-C007536,1,Stable Core Customer
ACB-C007537,0,Premium / Multi-Product
ACB-C007538,1,Stable Core Customer
ACB-C007539,0,Premium / Multi-Product
ACB-C007540,0,Premium / Multi-Product
ACB-C007541,1,Stable Core Customer
ACB-C007542,1,Stable Core Customer
ACB-C007543,3,High Risk / Low Engagement
ACB-C007544,1,Stable Core Customer
ACB-C007545,1,Stable Core Customer
ACB-C007546,3,High Risk / Low Engagement
ACB-C007547,0,Premium / Multi-Product
ACB-C007548,0,Premium / Multi-Product
ACB-C007549,3,High Risk / Low Engagement
ACB-C007550,0,Premium / Multi-Product
ACB-C007551,1,Stable Core Customer
ACB-C007552,0,Premium / Multi-Product
ACB-C007553,3,High Risk / Low Engagement
ACB-C007554,0,Premium / Multi-Product
ACB-C007555,1,Stable Core Customer
ACB-C007556,0,Premium / Multi-Product
ACB-C007557,0,Premium / Multi-Product
ACB-C007558,0,Premium / Multi-Product
ACB-C007559,0,Premium / Multi-Product
ACB-C007560,1,Stable Core Customer
ACB-C007561,0,Premium / Multi-Product
ACB-C007562,0,Premium / Multi-Product
ACB-C007563,0,Premium / Multi-Product
ACB-C007564,0,Premium / Multi-Product
ACB-C007565,3,High Risk / Low Engagement
ACB-C007566,1,Stable Core Customer
ACB-C007567,3,High Risk / Low Engagement
ACB-C007568,3,High Risk / Low Engagement
ACB-C007569,3,High Risk / Low Engagement
ACB-C007570,3,High Risk / Low Engagement
ACB-C007571,1,Stable Core Customer
ACB-C007572,2,Developing / Building Credit
ACB-C007573,1,Stable Core Customer
ACB-C007574,0,Premium / Multi-Product
ACB-C007575,3,High Risk / Low Engagement
ACB-C007576,1,Stable Core Customer
ACB-C007577,3,High Risk / Low Engagement
ACB-C007578,1,Stable Core Customer
ACB-C007579,0,Premium / Multi-Product
ACB-C007580,0,Premium / Multi-Product
ACB-C007581,3,High Risk / Low Engagement
ACB-C007582,3,High Risk / Low Engagement
ACB-C007583,0,Premium / Multi-Product
ACB-C007584,1,Stable Core Customer
ACB-C007585,0,Premium / Multi-Product
ACB-C007586,0,Premium / Multi-Product
ACB-C007587,1,Stable Core Customer
ACB-C007588,1,Stable Core Customer
ACB-C007589,3,High Risk / Low Engagement
ACB-C007590,2,Developing / Building Credit
ACB-C007591,0,Premium / Multi-Product
ACB-C007592,2,Developing / Building Credit
ACB-C007593,1,Stable Core Customer
ACB-C007594,3,High Risk / Low Engagement
ACB-C007595,3,High Risk / Low Engagement
ACB-C007596,0,Premium / Multi-Product
ACB-C007597,0,Premium / Multi-Product
ACB-C007598,0,Premium / Multi-Product
ACB-C007599,1,Stable Core Customer
ACB-C007600,1,Stable Core Customer
ACB-C007601,1,Stable Core Customer
ACB-C007602,2,Developing / Building Credit
ACB-C007603,0,Premium / Multi-Product
ACB-C007604,3,High Risk / Low Engagement
ACB-C007605,0,Premium / Multi-Product
ACB-C007606,2,Developing / Building Credit
ACB-C007607,3,High Risk / Low Engagement
ACB-C007608,2,Developing / Building Credit
ACB-C007609,0,Premium / Multi-Product
ACB-C007610,3,High Risk / Low Engagement
ACB-C007611,0,Premium / Multi-Product
ACB-C007612,1,Stable Core Customer
ACB-C007613,1,Stable Core Customer
ACB-C007614,1,Stable Core Customer
ACB-C007615,0,Premium / Multi-Product
ACB-C007616,0,Premium / Multi-Product
ACB-C007617,3,High Risk / Low Engagement
ACB-C007618,1,Stable Core Customer
ACB-C007619,0,Premium / Multi-Product
ACB-C007620,3,High Risk / Low Engagement
ACB-C007621,0,Premium / Multi-Product
ACB-C007622,1,Stable Core Customer
ACB-C007623,1,Stable Core Customer
ACB-C007624,3,High Risk / Low Engagement
ACB-C007625,0,Premium / Multi-Product
ACB-C007626,3,High Risk / Low Engagement
ACB-C007627,0,Premium / Multi-Product
ACB-C007628,1,Stable Core Customer
ACB-C007629,0,Premium / Multi-Product
ACB-C007630,0,Premium / Multi-Product
ACB-C007631,0,Premium / Multi-Product
ACB-C007632,1,Stable Core Customer
ACB-C007633,3,High Risk / Low Engagement
ACB-C007634,0,Premium / Multi-Product
ACB-C007635,0,Premium / Multi-Product
ACB-C007636,3,High Risk / Low Engagement
ACB-C007637,0,Premium / Multi-Product
ACB-C007638,0,Premium / Multi-Product
ACB-C007639,1,Stable Core Customer
ACB-C007640,0,Premium / Multi-Product
ACB-C007641,0,Premium / Multi-Product
ACB-C007642,3,High Risk / Low Engagement
ACB-C007643,0,Premium / Multi-Product
ACB-C007644,3,High Risk / Low Engagement
ACB-C007645,0,Premium / Multi-Product
ACB-C007646,0,Premium / Multi-Product
ACB-C007647,2,Developing / Building Credit
ACB-C007648,3,High Risk / Low Engagement
ACB-C007649,1,Stable Core Customer
ACB-C007650,0,Premium / Multi-Product
ACB-C007651,1,Stable Core Customer
ACB-C007652,0,Premium / Multi-Product
ACB-C007653,0,Premium / Multi-Product
ACB-C007654,0,Premium / Multi-Product
ACB-C007655,0,Premium / Multi-Product
ACB-C007656,3,High Risk / Low Engagement
ACB-C007657,0,Premium / Multi-Product
ACB-C007658,3,High Risk / Low Engagement
ACB-C007659,0,Premium / Multi-Product
ACB-C007660,0,Premium / Multi-Product
ACB-C007661,2,Developing / Building Credit
ACB-C007662,3,High Risk / Low Engagement
ACB-C007663,3,High Risk / Low Engagement
ACB-C007664,1,Stable Core Customer
ACB-C007665,3,High Risk / Low Engagement
ACB-C007666,0,Premium / Multi-Product
ACB-C007667,0,Premium / Multi-Product
ACB-C007668,0,Premium / Multi-Product
ACB-C007669,0,Premium / Multi-Product
ACB-C007670,0,Premium / Multi-Product
ACB-C007671,2,Developing / Building Credit
ACB-C007672,0,Premium / Multi-Product
ACB-C007673,3,High Risk / Low Engagement
ACB-C007674,1,Stable Core Customer
ACB-C007675,0,Premium / Multi-Product
ACB-C007676,0,Premium / Multi-Product
ACB-C007677,3,High Risk / Low Engagement
ACB-C007678,0,Premium / Multi-Product
ACB-C007679,1,Stable Core Customer
ACB-C007680,3,High Risk / Low Engagement
ACB-C007681,3,High Risk / Low Engagement
ACB-C007682,1,Stable Core Customer
ACB-C007683,3,High Risk / Low Engagement
ACB-C007684,0,Premium / Multi-Product
ACB-C007685,0,Premium / Multi-Product
ACB-C007686,0,Premium / Multi-Product
ACB-C007687,0,Premium / Multi-Product
ACB-C007688,0,Premium / Multi-Product
ACB-C007689,3,High Risk / Low Engagement
ACB-C007690,0,Premium / Multi-Product
ACB-C007691,3,High Risk / Low Engagement
ACB-C007692,2,Developing / Building Credit
ACB-C007693,0,Premium / Multi-Product
ACB-C007694,3,High Risk / Low Engagement
ACB-C007695,1,Stable Core Customer
ACB-C007696,0,Premium / Multi-Product
ACB-C007697,3,High Risk / Low Engagement
ACB-C007698,3,High Risk / Low Engagement
ACB-C007699,0,Premium / Multi-Product
ACB-C007700,3,High Risk / Low Engagement
ACB-C007701,0,Premium / Multi-Product
ACB-C007702,0,Premium / Multi-Product
ACB-C007703,3,High Risk / Low Engagement
ACB-C007704,2,Developing / Building Credit
ACB-C007705,0,Premium / Multi-Product
ACB-C007706,1,Stable Core Customer
ACB-C007707,0,Premium / Multi-Product
ACB-C007708,0,Premium / Multi-Product
ACB-C007709,0,Premium / Multi-Product
ACB-C007710,1,Stable Core Customer
ACB-C007711,3,High Risk / Low Engagement
ACB-C007712,0,Premium / Multi-Product
ACB-C007713,0,Premium / Multi-Product
ACB-C007714,0,Premium / Multi-Product
ACB-C007715,0,Premium / Multi-Product
ACB-C007716,0,Premium / Multi-Product
ACB-C007717,0,Premium / Multi-Product
ACB-C007718,1,Stable Core Customer
ACB-C007719,0,Premium / Multi-Product
ACB-C007720,0,Premium / Multi-Product
ACB-C007721,1,Stable Core Customer
ACB-C007722,0,Premium / Multi-Product
ACB-C007723,1,Stable Core Customer
ACB-C007724,3,High Risk / Low Engagement
ACB-C007725,1,Stable Core Customer
ACB-C007726,3,High Risk / Low Engagement
ACB-C007727,3,High Risk / Low Engagement
ACB-C007728,0,Premium / Multi-Product
ACB-C007729,0,Premium / Multi-Product
ACB-C007730,3,High Risk / Low Engagement
ACB-C007731,0,Premium / Multi-Product
ACB-C007732,0,Premium / Multi-Product
ACB-C007733,0,Premium / Multi-Product
ACB-C007734,0,Premium / Multi-Product
ACB-C007735,3,High Risk / Low Engagement
ACB-C007736,3,High Risk / Low Engagement
ACB-C007737,0,Premium / Multi-Product
ACB-C007738,0,Premium / Multi-Product
ACB-C007739,0,Premium / Multi-Product
ACB-C007740,3,High Risk / Low Engagement
ACB-C007741,3,High Risk / Low Engagement
ACB-C007742,3,High Risk / Low Engagement
ACB-C007743,0,Premium / Multi-Product
ACB-C007744,3,High Risk / Low Engagement
ACB-C007745,0,Premium / Multi-Product
ACB-C007746,3,High Risk / Low Engagement
ACB-C007747,1,Stable Core Customer
ACB-C007748,3,High Risk / Low Engagement
ACB-C007749,1,Stable Core Customer
ACB-C007750,0,Premium / Multi-Product
ACB-C007751,0,Premium / Multi-Product
ACB-C007752,0,Premium / Multi-Product
ACB-C007753,2,Developing / Building Credit
ACB-C007754,1,Stable Core Customer
ACB-C007755,2,Developing / Building Credit
ACB-C007756,1,Stable Core Customer
ACB-C007757,0,Premium / Multi-Product
ACB-C007758,2,Developing / Building Credit
ACB-C007759,0,Premium / Multi-Product
ACB-C007760,0,Premium / Multi-Product
ACB-C007761,0,Premium / Multi-Product
ACB-C007762,1,Stable Core Customer
ACB-C007763,3,High Risk / Low Engagement
ACB-C007764,1,Stable Core Customer
ACB-C007765,3,High Risk / Low Engagement
ACB-C007766,1,Stable Core Customer
ACB-C007767,3,High Risk / Low Engagement
ACB-C007768,0,Premium / Multi-Product
ACB-C007769,3,High Risk / Low Engagement
ACB-C007770,0,Premium / Multi-Product
ACB-C007771,0,Premium / Multi-Product
ACB-C007772,1,Stable Core Customer
ACB-C007773,1,Stable Core Customer
ACB-C007774,0,Premium / Multi-Product
ACB-C007775,1,Stable Core Customer
ACB-C007776,3,High Risk / Low Engagement
ACB-C007777,0,Premium / Multi-Product
ACB-C007778,0,Premium / Multi-Product
ACB-C007779,0,Premium / Multi-Product
ACB-C007780,3,High Risk / Low Engagement
ACB-C007781,1,Stable Core Customer
ACB-C007782,3,High Risk / Low Engagement
ACB-C007783,0,Premium / Multi-Product
ACB-C007784,0,Premium / Multi-Product
ACB-C007785,1,Stable Core Customer
ACB-C007786,0,Premium / Multi-Product
ACB-C007787,0,Premium / Multi-Product
ACB-C007788,2,Developing / Building Credit
ACB-C007789,0,Premium / Multi-Product
ACB-C007790,0,Premium / Multi-Product
ACB-C007791,1,Stable Core Customer
ACB-C007792,3,High Risk / Low Engagement
ACB-C007793,3,High Risk / Low Engagement
ACB-C007794,3,High Risk / Low Engagement
ACB-C007795,3,High Risk / Low Engagement
ACB-C007796,3,High Risk / Low Engagement
ACB-C007797,0,Premium / Multi-Product
ACB-C007798,0,Premium / Multi-Product
ACB-C007799,0,Premium / Multi-Product
ACB-C007800,1,Stable Core Customer
ACB-C007801,0,Premium / Multi-Product
ACB-C007802,0,Premium / Multi-Product
ACB-C007803,3,High Risk / Low Engagement
ACB-C007804,0,Premium / Multi-Product
ACB-C007805,0,Premium / Multi-Product
ACB-C007806,1,Stable Core Customer
ACB-C007807,0,Premium / Multi-Product
ACB-C007808,0,Premium / Multi-Product
ACB-C007809,1,Stable Core Customer
ACB-C007810,3,High Risk / Low Engagement
ACB-C007811,0,Premium / Multi-Product
ACB-C007812,0,Premium / Multi-Product
ACB-C007813,3,High Risk / Low Engagement
ACB-C007814,0,Premium / Multi-Product
ACB-C007815,3,High Risk / Low Engagement
ACB-C007816,1,Stable Core Customer
ACB-C007817,0,Premium / Multi-Product
ACB-C007818,1,Stable Core Customer
ACB-C007819,0,Premium / Multi-Product
ACB-C007820,0,Premium / Multi-Product
ACB-C007821,1,Stable Core Customer
ACB-C007822,0,Premium / Multi-Product
ACB-C007823,3,High Risk / Low Engagement
ACB-C007824,3,High Risk / Low Engagement
ACB-C007825,1,Stable Core Customer
ACB-C007826,0,Premium / Multi-Product
ACB-C007827,3,High Risk / Low Engagement
ACB-C007828,1,Stable Core Customer
ACB-C007829,0,Premium / Multi-Product
ACB-C007830,0,Premium / Multi-Product
ACB-C007831,3,High Risk / Low Engagement
ACB-C007832,0,Premium / Multi-Product
ACB-C007833,1,Stable Core Customer
ACB-C007834,1,Stable Core Customer
ACB-C007835,3,High Risk / Low Engagement
ACB-C007836,0,Premium / Multi-Product
ACB-C007837,0,Premium / Multi-Product
ACB-C007838,1,Stable Core Customer
ACB-C007839,0,Premium / Multi-Product
ACB-C007840,3,High Risk / Low Engagement
ACB-C007841,1,Stable Core Customer
ACB-C007842,3,High Risk / Low Engagement
ACB-C007843,3,High Risk / Low Engagement
ACB-C007844,0,Premium / Multi-Product
ACB-C007845,1,Stable Core Customer
ACB-C007846,0,Premium / Multi-Product
ACB-C007847,3,High Risk / Low Engagement
ACB-C007848,1,Stable Core Customer
ACB-C007849,1,Stable Core Customer
ACB-C007850,3,High Risk / Low Engagement
ACB-C007851,3,High Risk / Low Engagement
ACB-C007852,0,Premium / Multi-Product
ACB-C007853,1,Stable Core Customer
ACB-C007854,1,Stable Core Customer
ACB-C007855,0,Premium / Multi-Product
ACB-C007856,3,High Risk / Low Engagement
ACB-C007857,1,Stable Core Customer
ACB-C007858,3,High Risk / Low Engagement
ACB-C007859,3,High Risk / Low Engagement
ACB-C007860,0,Premium / Multi-Product
ACB-C007861,0,Premium / Multi-Product
ACB-C007862,0,Premium / Multi-Product
ACB-C007863,3,High Risk / Low Engagement
ACB-C007864,0,Premium / Multi-Product
ACB-C007865,0,Premium / Multi-Product
ACB-C007866,1,Stable Core Customer
ACB-C007867,3,High Risk / Low Engagement
ACB-C007868,3,High Risk / Low Engagement
ACB-C007869,1,Stable Core Customer
ACB-C007870,0,Premium / Multi-Product
ACB-C007871,3,High Risk / Low Engagement
ACB-C007872,0,Premium / Multi-Product
ACB-C007873,1,Stable Core Customer
ACB-C007874,1,Stable Core Customer
ACB-C007875,1,Stable Core Customer
ACB-C007876,0,Premium / Multi-Product
ACB-C007877,0,Premium / Multi-Product
ACB-C007878,0,Premium / Multi-Product
ACB-C007879,0,Premium / Multi-Product
ACB-C007880,2,Developing / Building Credit
ACB-C007881,0,Premium / Multi-Product
ACB-C007882,0,Premium / Multi-Product
ACB-C007883,0,Premium / Multi-Product
ACB-C007884,0,Premium / Multi-Product
ACB-C007885,2,Developing / Building Credit
ACB-C007886,0,Premium / Multi-Product
ACB-C007887,0,Premium / Multi-Product
ACB-C007888,1,Stable Core Customer
ACB-C007889,0,Premium / Multi-Product
ACB-C007890,3,High Risk / Low Engagement
ACB-C007891,0,Premium / Multi-Product
ACB-C007892,0,Premium / Multi-Product
ACB-C007893,3,High Risk / Low Engagement
ACB-C007894,3,High Risk / Low Engagement
ACB-C007895,1,Stable Core Customer
ACB-C007896,0,Premium / Multi-Product
ACB-C007897,3,High Risk / Low Engagement
ACB-C007898,3,High Risk / Low Engagement
ACB-C007899,1,Stable Core Customer
ACB-C007900,0,Premium / Multi-Product
ACB-C007901,3,High Risk / Low Engagement
ACB-C007902,1,Stable Core Customer
ACB-C007903,1,Stable Core Customer
ACB-C007904,2,Developing / Building Credit
ACB-C007905,0,Premium / Multi-Product
ACB-C007906,0,Premium / Multi-Product
ACB-C007907,3,High Risk / Low Engagement
ACB-C007908,0,Premium / Multi-Product
ACB-C007909,3,High Risk / Low Engagement
ACB-C007910,1,Stable Core Customer
ACB-C007911,0,Premium / Multi-Product
ACB-C007912,0,Premium / Multi-Product
ACB-C007913,0,Premium / Multi-Product
ACB-C007914,0,Premium / Multi-Product
ACB-C007915,1,Stable Core Customer
ACB-C007916,1,Stable Core Customer
ACB-C007917,2,Developing / Building Credit
ACB-C007918,1,Stable Core Customer
ACB-C007919,1,Stable Core Customer
ACB-C007920,3,High Risk / Low Engagement
ACB-C007921,2,Developing / Building Credit
ACB-C007922,0,Premium / Multi-Product
ACB-C007923,3,High Risk / Low Engagement
ACB-C007924,0,Premium / Multi-Product
ACB-C007925,3,High Risk / Low Engagement
ACB-C007926,3,High Risk / Low Engagement
ACB-C007927,0,Premium / Multi-Product
ACB-C007928,0,Premium / Multi-Product
ACB-C007929,3,High Risk / Low Engagement
ACB-C007930,3,High Risk / Low Engagement
ACB-C007931,1,Stable Core Customer
ACB-C007932,3,High Risk / Low Engagement
ACB-C007933,3,High Risk / Low Engagement
ACB-C007934,0,Premium / Multi-Product
ACB-C007935,3,High Risk / Low Engagement
ACB-C007936,0,Premium / Multi-Product
ACB-C007937,0,Premium / Multi-Product
ACB-C007938,0,Premium / Multi-Product
ACB-C007939,0,Premium / Multi-Product
ACB-C007940,0,Premium / Multi-Product
ACB-C007941,0,Premium / Multi-Product
ACB-C007942,0,Premium / Multi-Product
ACB-C007943,3,High Risk / Low Engagement
ACB-C007944,1,Stable Core Customer
ACB-C007945,0,Premium / Multi-Product
ACB-C007946,2,Developing / Building Credit
ACB-C007947,1,Stable Core Customer
ACB-C007948,3,High Risk / Low Engagement
ACB-C007949,0,Premium / Multi-Product
ACB-C007950,3,High Risk / Low Engagement
ACB-C007951,1,Stable Core Customer
ACB-C007952,1,Stable Core Customer
ACB-C007953,0,Premium / Multi-Product
ACB-C007954,1,Stable Core Customer
ACB-C007955,1,Stable Core Customer
ACB-C007956,0,Premium / Multi-Product
ACB-C007957,1,Stable Core Customer
ACB-C007958,1,Stable Core Customer
ACB-C007959,0,Premium / Multi-Product
ACB-C007960,3,High Risk / Low Engagement
ACB-C007961,0,Premium / Multi-Product
ACB-C007962,0,Premium / Multi-Product
ACB-C007963,3,High Risk / Low Engagement
ACB-C007964,3,High Risk / Low Engagement
ACB-C007965,0,Premium / Multi-Product
ACB-C007966,3,High Risk / Low Engagement
ACB-C007967,0,Premium / Multi-Product
ACB-C007968,3,High Risk / Low Engagement
ACB-C007969,1,Stable Core Customer
ACB-C007970,3,High Risk / Low Engagement
ACB-C007971,0,Premium / Multi-Product
ACB-C007972,0,Premium / Multi-Product
ACB-C007973,3,High Risk / Low Engagement
ACB-C007974,3,High Risk / Low Engagement
ACB-C007975,1,Stable Core Customer
ACB-C007976,2,Developing / Building Credit
ACB-C007977,3,High Risk / Low Engagement
ACB-C007978,1,Stable Core Customer
ACB-C007979,1,Stable Core Customer
ACB-C007980,0,Premium / Multi-Product
ACB-C007981,0,Premium / Multi-Product
ACB-C007982,2,Developing / Building Credit
ACB-C007983,1,Stable Core Customer
ACB-C007984,1,Stable Core Customer
ACB-C007985,1,Stable Core Customer
ACB-C007986,3,High Risk / Low Engagement
ACB-C007987,1,Stable Core Customer
ACB-C007988,0,Premium / Multi-Product
ACB-C007989,0,Premium / Multi-Product
ACB-C007990,0,Premium / Multi-Product
ACB-C007991,0,Premium / Multi-Product
ACB-C007992,0,Premium / Multi-Product
ACB-C007993,0,Premium / Multi-Product
ACB-C007994,3,High Risk / Low Engagement
ACB-C007995,3,High Risk / Low Engagement
ACB-C007996,1,Stable Core Customer
ACB-C007997,0,Premium / Multi-Product
ACB-C007998,1,Stable Core Customer
ACB-C007999,1,Stable Core Customer
ACB-C008000,0,Premium / Multi-Product
ACB-C008001,0,Premium / Multi-Product
ACB-C008002,1,Stable Core Customer
ACB-C008003,0,Premium / Multi-Product
ACB-C008004,1,Stable Core Customer
ACB-C008005,0,Premium / Multi-Product
ACB-C008006,0,Premium / Multi-Product
ACB-C008007,0,Premium / Multi-Product
ACB-C008008,0,Premium / Multi-Product
ACB-C008009,3,High Risk / Low Engagement
ACB-C008010,3,High Risk / Low Engagement
ACB-C008011,1,Stable Core Customer
ACB-C008012,1,Stable Core Customer
ACB-C008013,1,Stable Core Customer
ACB-C008014,0,Premium / Multi-Product
ACB-C008015,3,High Risk / Low Engagement
ACB-C008016,3,High Risk / Low Engagement
ACB-C008017,1,Stable Core Customer
ACB-C008018,1,Stable Core Customer
ACB-C008019,0,Premium / Multi-Product
ACB-C008020,1,Stable Core Customer
ACB-C008021,1,Stable Core Customer
ACB-C008022,0,Premium / Multi-Product
ACB-C008023,0,Premium / Multi-Product
ACB-C008024,0,Premium / Multi-Product
ACB-C008025,3,High Risk / Low Engagement
ACB-C008026,0,Premium / Multi-Product
ACB-C008027,1,Stable Core Customer
ACB-C008028,0,Premium / Multi-Product
ACB-C008029,1,Stable Core Customer
ACB-C008030,3,High Risk / Low Engagement
ACB-C008031,0,Premium / Multi-Product
ACB-C008032,1,Stable Core Customer
ACB-C008033,1,Stable Core Customer
ACB-C008034,0,Premium / Multi-Product
ACB-C008035,1,Stable Core Customer
ACB-C008036,3,High Risk / Low Engagement
ACB-C008037,3,High Risk / Low Engagement
ACB-C008038,3,High Risk / Low Engagement
ACB-C008039,0,Premium / Multi-Product
ACB-C008040,3,High Risk / Low Engagement
ACB-C008041,3,High Risk / Low Engagement
ACB-C008042,0,Premium / Multi-Product
ACB-C008043,1,Stable Core Customer
ACB-C008044,1,Stable Core Customer
ACB-C008045,0,Premium / Multi-Product
ACB-C008046,1,Stable Core Customer
ACB-C008047,1,Stable Core Customer
ACB-C008048,3,High Risk / Low Engagement
ACB-C008049,3,High Risk / Low Engagement
ACB-C008050,0,Premium / Multi-Product
ACB-C008051,0,Premium / Multi-Product
ACB-C008052,3,High Risk / Low Engagement
ACB-C008053,0,Premium / Multi-Product
ACB-C008054,1,Stable Core Customer
ACB-C008055,0,Premium / Multi-Product
ACB-C008056,0,Premium / Multi-Product
ACB-C008057,0,Premium / Multi-Product
ACB-C008058,1,Stable Core Customer
ACB-C008059,3,High Risk / Low Engagement
ACB-C008060,0,Premium / Multi-Product
ACB-C008061,0,Premium / Multi-Product
ACB-C008062,3,High Risk / Low Engagement
ACB-C008063,1,Stable Core Customer
ACB-C008064,0,Premium / Multi-Product
ACB-C008065,0,Premium / Multi-Product
ACB-C008066,0,Premium / Multi-Product
ACB-C008067,0,Premium / Multi-Product
ACB-C008068,3,High Risk / Low Engagement
ACB-C008069,1,Stable Core Customer
ACB-C008070,3,High Risk / Low Engagement
ACB-C008071,0,Premium / Multi-Product
ACB-C008072,0,Premium / Multi-Product
ACB-C008073,3,High Risk / Low Engagement
ACB-C008074,0,Premium / Multi-Product
ACB-C008075,0,Premium / Multi-Product
ACB-C008076,0,Premium / Multi-Product
ACB-C008077,0,Premium / Multi-Product
ACB-C008078,1,Stable Core Customer
ACB-C008079,0,Premium / Multi-Product
ACB-C008080,1,Stable Core Customer
ACB-C008081,0,Premium / Multi-Product
ACB-C008082,0,Premium / Multi-Product
ACB-C008083,3,High Risk / Low Engagement
ACB-C008084,1,Stable Core Customer
ACB-C008085,3,High Risk / Low Engagement
ACB-C008086,0,Premium / Multi-Product
ACB-C008087,3,High Risk / Low Engagement
ACB-C008088,3,High Risk / Low Engagement
ACB-C008089,2,Developing / Building Credit
ACB-C008090,3,High Risk / Low Engagement
ACB-C008091,1,Stable Core Customer
ACB-C008092,3,High Risk / Low Engagement
ACB-C008093,1,Stable Core Customer
ACB-C008094,0,Premium / Multi-Product
ACB-C008095,1,Stable Core Customer
ACB-C008096,1,Stable Core Customer
ACB-C008097,0,Premium / Multi-Product
ACB-C008098,3,High Risk / Low Engagement
ACB-C008099,3,High Risk / Low Engagement
ACB-C008100,0,Premium / Multi-Product
ACB-C008101,0,Premium / Multi-Product
ACB-C008102,0,Premium / Multi-Product
ACB-C008103,0,Premium / Multi-Product
ACB-C008104,0,Premium / Multi-Product
ACB-C008105,1,Stable Core Customer
ACB-C008106,3,High Risk / Low Engagement
ACB-C008107,2,Developing / Building Credit
ACB-C008108,0,Premium / Multi-Product
ACB-C008109,0,Premium / Multi-Product
ACB-C008110,0,Premium / Multi-Product
ACB-C008111,0,Premium / Multi-Product
ACB-C008112,1,Stable Core Customer
ACB-C008113,1,Stable Core Customer
ACB-C008114,2,Developing / Building Credit
ACB-C008115,3,High Risk / Low Engagement
ACB-C008116,0,Premium / Multi-Product
ACB-C008117,3,High Risk / Low Engagement
ACB-C008118,1,Stable Core Customer
ACB-C008119,1,Stable Core Customer
ACB-C008120,3,High Risk / Low Engagement
ACB-C008121,0,Premium / Multi-Product
ACB-C008122,1,Stable Core Customer
ACB-C008123,0,Premium / Multi-Product
ACB-C008124,3,High Risk / Low Engagement
ACB-C008125,0,Premium / Multi-Product
ACB-C008126,0,Premium / Multi-Product
ACB-C008127,0,Premium / Multi-Product
ACB-C008128,0,Premium / Multi-Product
ACB-C008129,3,High Risk / Low Engagement
ACB-C008130,1,Stable Core Customer
ACB-C008131,2,Developing / Building Credit
ACB-C008132,0,Premium / Multi-Product
ACB-C008133,3,High Risk / Low Engagement
ACB-C008134,0,Premium / Multi-Product
ACB-C008135,2,Developing / Building Credit
ACB-C008136,1,Stable Core Customer
ACB-C008137,0,Premium / Multi-Product
ACB-C008138,3,High Risk / Low Engagement
ACB-C008139,1,Stable Core Customer
ACB-C008140,3,High Risk / Low Engagement
ACB-C008141,3,High Risk / Low Engagement
ACB-C008142,1,Stable Core Customer
ACB-C008143,3,High Risk / Low Engagement
ACB-C008144,1,Stable Core Customer
ACB-C008145,2,Developing / Building Credit
ACB-C008146,3,High Risk / Low Engagement
ACB-C008147,3,High Risk / Low Engagement
ACB-C008148,3,High Risk / Low Engagement
ACB-C008149,2,Developing / Building Credit
ACB-C008150,3,High Risk / Low Engagement
ACB-C008151,3,High Risk / Low Engagement
ACB-C008152,0,Premium / Multi-Product
ACB-C008153,0,Premium / Multi-Product
ACB-C008154,0,Premium / Multi-Product
ACB-C008155,0,Premium / Multi-Product
ACB-C008156,3,High Risk / Low Engagement
ACB-C008157,1,Stable Core Customer
ACB-C008158,0,Premium / Multi-Product
ACB-C008159,0,Premium / Multi-Product
ACB-C008160,3,High Risk / Low Engagement
ACB-C008161,3,High Risk / Low Engagement
ACB-C008162,1,Stable Core Customer
ACB-C008163,0,Premium / Multi-Product
ACB-C008164,0,Premium / Multi-Product
ACB-C008165,3,High Risk / Low Engagement
ACB-C008166,3,High Risk / Low Engagement
ACB-C008167,0,Premium / Multi-Product
ACB-C008168,3,High Risk / Low Engagement
ACB-C008169,1,Stable Core Customer
ACB-C008170,0,Premium / Multi-Product
ACB-C008171,0,Premium / Multi-Product
ACB-C008172,1,Stable Core Customer
ACB-C008173,0,Premium / Multi-Product
ACB-C008174,1,Stable Core Customer
ACB-C008175,1,Stable Core Customer
ACB-C008176,0,Premium / Multi-Product
ACB-C008177,3,High Risk / Low Engagement
ACB-C008178,3,High Risk / Low Engagement
ACB-C008179,3,High Risk / Low Engagement
ACB-C008180,0,Premium / Multi-Product
ACB-C008181,1,Stable Core Customer
ACB-C008182,0,Premium / Multi-Product
ACB-C008183,1,Stable Core Customer
ACB-C008184,1,Stable Core Customer
ACB-C008185,0,Premium / Multi-Product
ACB-C008186,0,Premium / Multi-Product
ACB-C008187,0,Premium / Multi-Product
ACB-C008188,0,Premium / Multi-Product
ACB-C008189,3,High Risk / Low Engagement
ACB-C008190,1,Stable Core Customer
ACB-C008191,3,High Risk / Low Engagement
ACB-C008192,0,Premium / Multi-Product
ACB-C008193,0,Premium / Multi-Product
ACB-C008194,3,High Risk / Low Engagement
ACB-C008195,0,Premium / Multi-Product
ACB-C008196,0,Premium / Multi-Product
ACB-C008197,0,Premium / Multi-Product
ACB-C008198,1,Stable Core Customer
ACB-C008199,3,High Risk / Low Engagement
ACB-C008200,3,High Risk / Low Engagement
ACB-C008201,3,High Risk / Low Engagement
ACB-C008202,0,Premium / Multi-Product
ACB-C008203,1,Stable Core Customer
ACB-C008204,1,Stable Core Customer
ACB-C008205,3,High Risk / Low Engagement
ACB-C008206,0,Premium / Multi-Product
ACB-C008207,3,High Risk / Low Engagement
ACB-C008208,0,Premium / Multi-Product
ACB-C008209,3,High Risk / Low Engagement
ACB-C008210,0,Premium / Multi-Product
ACB-C008211,3,High Risk / Low Engagement
ACB-C008212,1,Stable Core Customer
ACB-C008213,1,Stable Core Customer
ACB-C008214,1,Stable Core Customer
ACB-C008215,1,Stable Core Customer
ACB-C008216,0,Premium / Multi-Product
ACB-C008217,3,High Risk / Low Engagement
ACB-C008218,1,Stable Core Customer
ACB-C008219,1,Stable Core Customer
ACB-C008220,3,High Risk / Low Engagement
ACB-C008221,1,Stable Core Customer
ACB-C008222,3,High Risk / Low Engagement
ACB-C008223,3,High Risk / Low Engagement
ACB-C008224,0,Premium / Multi-Product
ACB-C008225,3,High Risk / Low Engagement
ACB-C008226,1,Stable Core Customer
ACB-C008227,3,High Risk / Low Engagement
ACB-C008228,0,Premium / Multi-Product
ACB-C008229,3,High Risk / Low Engagement
ACB-C008230,0,Premium / Multi-Product
ACB-C008231,1,Stable Core Customer
ACB-C008232,0,Premium / Multi-Product
ACB-C008233,0,Premium / Multi-Product
ACB-C008234,3,High Risk / Low Engagement
ACB-C008235,0,Premium / Multi-Product
ACB-C008236,1,Stable Core Customer
ACB-C008237,0,Premium / Multi-Product
ACB-C008238,1,Stable Core Customer
ACB-C008239,3,High Risk / Low Engagement
ACB-C008240,3,High Risk / Low Engagement
ACB-C008241,0,Premium / Multi-Product
ACB-C008242,0,Premium / Multi-Product
ACB-C008243,0,Premium / Multi-Product
ACB-C008244,2,Developing / Building Credit
ACB-C008245,3,High Risk / Low Engagement
ACB-C008246,0,Premium / Multi-Product
ACB-C008247,0,Premium / Multi-Product
ACB-C008248,3,High Risk / Low Engagement
ACB-C008249,3,High Risk / Low Engagement
ACB-C008250,0,Premium / Multi-Product
ACB-C008251,2,Developing / Building Credit
ACB-C008252,3,High Risk / Low Engagement
ACB-C008253,3,High Risk / Low Engagement
ACB-C008254,0,Premium / Multi-Product
ACB-C008255,3,High Risk / Low Engagement
ACB-C008256,3,High Risk / Low Engagement
ACB-C008257,3,High Risk / Low Engagement
ACB-C008258,1,Stable Core Customer
ACB-C008259,3,High Risk / Low Engagement
ACB-C008260,3,High Risk / Low Engagement
ACB-C008261,2,Developing / Building Credit
ACB-C008262,3,High Risk / Low Engagement
ACB-C008263,3,High Risk / Low Engagement
ACB-C008264,0,Premium / Multi-Product
ACB-C008265,1,Stable Core Customer
ACB-C008266,0,Premium / Multi-Product
ACB-C008267,0,Premium / Multi-Product
ACB-C008268,3,High Risk / Low Engagement
ACB-C008269,0,Premium / Multi-Product
ACB-C008270,0,Premium / Multi-Product
ACB-C008271,3,High Risk / Low Engagement
ACB-C008272,3,High Risk / Low Engagement
ACB-C008273,0,Premium / Multi-Product
ACB-C008274,3,High Risk / Low Engagement
ACB-C008275,0,Premium / Multi-Product
ACB-C008276,0,Premium / Multi-Product
ACB-C008277,1,Stable Core Customer
ACB-C008278,0,Premium / Multi-Product
ACB-C008279,1,Stable Core Customer
ACB-C008280,0,Premium / Multi-Product
ACB-C008281,1,Stable Core Customer
ACB-C008282,3,High Risk / Low Engagement
ACB-C008283,2,Developing / Building Credit
ACB-C008284,1,Stable Core Customer
ACB-C008285,3,High Risk / Low Engagement
ACB-C008286,3,High Risk / Low Engagement
ACB-C008287,0,Premium / Multi-Product
ACB-C008288,0,Premium / Multi-Product
ACB-C008289,3,High Risk / Low Engagement
ACB-C008290,3,High Risk / Low Engagement
ACB-C008291,0,Premium / Multi-Product
ACB-C008292,0,Premium / Multi-Product
ACB-C008293,0,Premium / Multi-Product
ACB-C008294,3,High Risk / Low Engagement
ACB-C008295,1,Stable Core Customer
ACB-C008296,0,Premium / Multi-Product
ACB-C008297,0,Premium / Multi-Product
ACB-C008298,1,Stable Core Customer
ACB-C008299,3,High Risk / Low Engagement
ACB-C008300,1,Stable Core Customer
ACB-C008301,3,High Risk / Low Engagement
ACB-C008302,1,Stable Core Customer
ACB-C008303,0,Premium / Multi-Product
ACB-C008304,2,Developing / Building Credit
ACB-C008305,0,Premium / Multi-Product
ACB-C008306,0,Premium / Multi-Product
ACB-C008307,2,Developing / Building Credit
ACB-C008308,1,Stable Core Customer
ACB-C008309,1,Stable Core Customer
ACB-C008310,0,Premium / Multi-Product
ACB-C008311,0,Premium / Multi-Product
ACB-C008312,0,Premium / Multi-Product
ACB-C008313,3,High Risk / Low Engagement
ACB-C008314,0,Premium / Multi-Product
ACB-C008315,0,Premium / Multi-Product
ACB-C008316,2,Developing / Building Credit
ACB-C008317,0,Premium / Multi-Product
ACB-C008318,0,Premium / Multi-Product
ACB-C008319,1,Stable Core Customer
ACB-C008320,0,Premium / Multi-Product
ACB-C008321,0,Premium / Multi-Product
ACB-C008322,1,Stable Core Customer
ACB-C008323,1,Stable Core Customer
ACB-C008324,3,High Risk / Low Engagement
ACB-C008325,1,Stable Core Customer
ACB-C008326,1,Stable Core Customer
ACB-C008327,3,High Risk / Low Engagement
ACB-C008328,0,Premium / Multi-Product
ACB-C008329,0,Premium / Multi-Product
ACB-C008330,3,High Risk / Low Engagement
ACB-C008331,3,High Risk / Low Engagement
ACB-C008332,3,High Risk / Low Engagement
ACB-C008333,3,High Risk / Low Engagement
ACB-C008334,3,High Risk / Low Engagement
ACB-C008335,2,Developing / Building Credit
ACB-C008336,0,Premium / Multi-Product
ACB-C008337,3,High Risk / Low Engagement
ACB-C008338,3,High Risk / Low Engagement
ACB-C008339,0,Premium / Multi-Product
ACB-C008340,0,Premium / Multi-Product
ACB-C008341,1,Stable Core Customer
ACB-C008342,3,High Risk / Low Engagement
ACB-C008343,3,High Risk / Low Engagement
ACB-C008344,1,Stable Core Customer
ACB-C008345,0,Premium / Multi-Product
ACB-C008346,3,High Risk / Low Engagement
ACB-C008347,1,Stable Core Customer
ACB-C008348,0,Premium / Multi-Product
ACB-C008349,1,Stable Core Customer
ACB-C008350,0,Premium / Multi-Product
ACB-C008351,1,Stable Core Customer
ACB-C008352,1,Stable Core Customer
ACB-C008353,0,Premium / Multi-Product
ACB-C008354,0,Premium / Multi-Product
ACB-C008355,0,Premium / Multi-Product
ACB-C008356,1,Stable Core Customer
ACB-C008357,3,High Risk / Low Engagement
ACB-C008358,0,Premium / Multi-Product
ACB-C008359,2,Developing / Building Credit
ACB-C008360,0,Premium / Multi-Product
ACB-C008361,1,Stable Core Customer
ACB-C008362,0,Premium / Multi-Product
ACB-C008363,1,Stable Core Customer
ACB-C008364,2,Developing / Building Credit
ACB-C008365,0,Premium / Multi-Product
ACB-C008366,0,Premium / Multi-Product
ACB-C008367,3,High Risk / Low Engagement
ACB-C008368,0,Premium / Multi-Product
ACB-C008369,3,High Risk / Low Engagement
ACB-C008370,0,Premium / Multi-Product
ACB-C008371,1,Stable Core Customer
ACB-C008372,0,Premium / Multi-Product
ACB-C008373,0,Premium / Multi-Product
ACB-C008374,3,High Risk / Low Engagement
ACB-C008375,0,Premium / Multi-Product
ACB-C008376,1,Stable Core Customer
ACB-C008377,1,Stable Core Customer
ACB-C008378,1,Stable Core Customer
ACB-C008379,3,High Risk / Low Engagement
ACB-C008380,1,Stable Core Customer
ACB-C008381,0,Premium / Multi-Product
ACB-C008382,3,High Risk / Low Engagement
ACB-C008383,1,Stable Core Customer
ACB-C008384,0,Premium / Multi-Product
ACB-C008385,1,Stable Core Customer
ACB-C008386,0,Premium / Multi-Product
ACB-C008387,0,Premium / Multi-Product
ACB-C008388,3,High Risk / Low Engagement
ACB-C008389,0,Premium / Multi-Product
ACB-C008390,0,Premium / Multi-Product
ACB-C008391,1,Stable Core Customer
ACB-C008392,0,Premium / Multi-Product
ACB-C008393,1,Stable Core Customer
ACB-C008394,0,Premium / Multi-Product
ACB-C008395,1,Stable Core Customer
ACB-C008396,0,Premium / Multi-Product
ACB-C008397,3,High Risk / Low Engagement
ACB-C008398,3,High Risk / Low Engagement
ACB-C008399,0,Premium / Multi-Product
ACB-C008400,3,High Risk / Low Engagement
ACB-C008401,0,Premium / Multi-Product
ACB-C008402,1,Stable Core Customer
ACB-C008403,0,Premium / Multi-Product
ACB-C008404,3,High Risk / Low Engagement
ACB-C008405,3,High Risk / Low Engagement
ACB-C008406,3,High Risk / Low Engagement
ACB-C008407,3,High Risk / Low Engagement
ACB-C008408,3,High Risk / Low Engagement
ACB-C008409,0,Premium / Multi-Product
ACB-C008410,1,Stable Core Customer
ACB-C008411,0,Premium / Multi-Product
ACB-C008412,0,Premium / Multi-Product
ACB-C008413,0,Premium / Multi-Product
ACB-C008414,3,High Risk / Low Engagement
ACB-C008415,1,Stable Core Customer
ACB-C008416,1,Stable Core Customer
ACB-C008417,1,Stable Core Customer
ACB-C008418,2,Developing / Building Credit
ACB-C008419,0,Premium / Multi-Product
ACB-C008420,3,High Risk / Low Engagement
ACB-C008421,3,High Risk / Low Engagement
ACB-C008422,0,Premium / Multi-Product
ACB-C008423,0,Premium / Multi-Product
ACB-C008424,0,Premium / Multi-Product
ACB-C008425,0,Premium / Multi-Product
ACB-C008426,1,Stable Core Customer
ACB-C008427,3,High Risk / Low Engagement
ACB-C008428,3,High Risk / Low Engagement
ACB-C008429,3,High Risk / Low Engagement
ACB-C008430,0,Premium / Multi-Product
ACB-C008431,1,Stable Core Customer
ACB-C008432,0,Premium / Multi-Product
ACB-C008433,3,High Risk / Low Engagement
ACB-C008434,0,Premium / Multi-Product
ACB-C008435,1,Stable Core Customer
ACB-C008436,0,Premium / Multi-Product
ACB-C008437,3,High Risk / Low Engagement
ACB-C008438,0,Premium / Multi-Product
ACB-C008439,3,High Risk / Low Engagement
ACB-C008440,1,Stable Core Customer
ACB-C008441,2,Developing / Building Credit
ACB-C008442,0,Premium / Multi-Product
ACB-C008443,2,Developing / Building Credit
ACB-C008444,1,Stable Core Customer
ACB-C008445,1,Stable Core Customer
ACB-C008446,3,High Risk / Low Engagement
ACB-C008447,0,Premium / Multi-Product
ACB-C008448,3,High Risk / Low Engagement
ACB-C008449,0,Premium / Multi-Product
ACB-C008450,0,Premium / Multi-Product
ACB-C008451,0,Premium / Multi-Product
ACB-C008452,0,Premium / Multi-Product
ACB-C008453,3,High Risk / Low Engagement
ACB-C008454,2,Developing / Building Credit
ACB-C008455,3,High Risk / Low Engagement
ACB-C008456,1,Stable Core Customer
ACB-C008457,0,Premium / Multi-Product
ACB-C008458,1,Stable Core Customer
ACB-C008459,3,High Risk / Low Engagement
ACB-C008460,1,Stable Core Customer
ACB-C008461,0,Premium / Multi-Product
ACB-C008462,1,Stable Core Customer
ACB-C008463,3,High Risk / Low Engagement
ACB-C008464,3,High Risk / Low Engagement
ACB-C008465,1,Stable Core Customer
ACB-C008466,3,High Risk / Low Engagement
ACB-C008467,2,Developing / Building Credit
ACB-C008468,1,Stable Core Customer
ACB-C008469,3,High Risk / Low Engagement
ACB-C008470,1,Stable Core Customer
ACB-C008471,3,High Risk / Low Engagement
ACB-C008472,3,High Risk / Low Engagement
ACB-C008473,0,Premium / Multi-Product
ACB-C008474,3,High Risk / Low Engagement
ACB-C008475,3,High Risk / Low Engagement
ACB-C008476,3,High Risk / Low Engagement
ACB-C008477,0,Premium / Multi-Product
ACB-C008478,0,Premium / Multi-Product
ACB-C008479,0,Premium / Multi-Product
ACB-C008480,0,Premium / Multi-Product
ACB-C008481,0,Premium / Multi-Product
ACB-C008482,1,Stable Core Customer
ACB-C008483,0,Premium / Multi-Product
ACB-C008484,3,High Risk / Low Engagement
ACB-C008485,3,High Risk / Low Engagement
ACB-C008486,3,High Risk / Low Engagement
ACB-C008487,0,Premium / Multi-Product
ACB-C008488,3,High Risk / Low Engagement
ACB-C008489,3,High Risk / Low Engagement
ACB-C008490,3,High Risk / Low Engagement
ACB-C008491,0,Premium / Multi-Product
ACB-C008492,2,Developing / Building Credit
ACB-C008493,3,High Risk / Low Engagement
ACB-C008494,3,High Risk / Low Engagement
ACB-C008495,2,Developing / Building Credit
ACB-C008496,1,Stable Core Customer
ACB-C008497,0,Premium / Multi-Product
ACB-C008498,0,Premium / Multi-Product
ACB-C008499,3,High Risk / Low Engagement
ACB-C008500,1,Stable Core Customer
ACB-C008501,3,High Risk / Low Engagement
ACB-C008502,0,Premium / Multi-Product
ACB-C008503,0,Premium / Multi-Product
ACB-C008504,0,Premium / Multi-Product
ACB-C008505,3,High Risk / Low Engagement
ACB-C008506,0,Premium / Multi-Product
ACB-C008507,2,Developing / Building Credit
ACB-C008508,3,High Risk / Low Engagement
ACB-C008509,1,Stable Core Customer
ACB-C008510,0,Premium / Multi-Product
ACB-C008511,0,Premium / Multi-Product
ACB-C008512,0,Premium / Multi-Product
ACB-C008513,0,Premium / Multi-Product
ACB-C008514,3,High Risk / Low Engagement
ACB-C008515,3,High Risk / Low Engagement
ACB-C008516,0,Premium / Multi-Product
ACB-C008517,0,Premium / Multi-Product
ACB-C008518,0,Premium / Multi-Product
ACB-C008519,0,Premium / Multi-Product
ACB-C008520,0,Premium / Multi-Product
ACB-C008521,3,High Risk / Low Engagement
ACB-C008522,3,High Risk / Low Engagement
ACB-C008523,0,Premium / Multi-Product
ACB-C008524,0,Premium / Multi-Product
ACB-C008525,1,Stable Core Customer
ACB-C008526,0,Premium / Multi-Product
ACB-C008527,0,Premium / Multi-Product
ACB-C008528,3,High Risk / Low Engagement
ACB-C008529,0,Premium / Multi-Product
ACB-C008530,1,Stable Core Customer
ACB-C008531,3,High Risk / Low Engagement
ACB-C008532,2,Developing / Building Credit
ACB-C008533,0,Premium / Multi-Product
ACB-C008534,0,Premium / Multi-Product
ACB-C008535,3,High Risk / Low Engagement
ACB-C008536,3,High Risk / Low Engagement
ACB-C008537,0,Premium / Multi-Product
ACB-C008538,2,Developing / Building Credit
ACB-C008539,1,Stable Core Customer
ACB-C008540,3,High Risk / Low Engagement
ACB-C008541,0,Premium / Multi-Product
ACB-C008542,0,Premium / Multi-Product
ACB-C008543,3,High Risk / Low Engagement
ACB-C008544,2,Developing / Building Credit
ACB-C008545,0,Premium / Multi-Product
ACB-C008546,3,High Risk / Low Engagement
ACB-C008547,1,Stable Core Customer
ACB-C008548,2,Developing / Building Credit
ACB-C008549,2,Developing / Building Credit
ACB-C008550,0,Premium / Multi-Product
ACB-C008551,2,Developing / Building Credit
ACB-C008552,1,Stable Core Customer
ACB-C008553,0,Premium / Multi-Product
ACB-C008554,0,Premium / Multi-Product
ACB-C008555,0,Premium / Multi-Product
ACB-C008556,1,Stable Core Customer
ACB-C008557,0,Premium / Multi-Product
ACB-C008558,1,Stable Core Customer
ACB-C008559,1,Stable Core Customer
ACB-C008560,0,Premium / Multi-Product
ACB-C008561,2,Developing / Building Credit
ACB-C008562,1,Stable Core Customer
ACB-C008563,3,High Risk / Low Engagement
ACB-C008564,0,Premium / Multi-Product
ACB-C008565,0,Premium / Multi-Product
ACB-C008566,1,Stable Core Customer
ACB-C008567,2,Developing / Building Credit
ACB-C008568,1,Stable Core Customer
ACB-C008569,0,Premium / Multi-Product
ACB-C008570,1,Stable Core Customer
ACB-C008571,0,Premium / Multi-Product
ACB-C008572,1,Stable Core Customer
ACB-C008573,2,Developing / Building Credit
ACB-C008574,0,Premium / Multi-Product
ACB-C008575,3,High Risk / Low Engagement
ACB-C008576,1,Stable Core Customer
ACB-C008577,1,Stable Core Customer
ACB-C008578,3,High Risk / Low Engagement
ACB-C008579,3,High Risk / Low Engagement
ACB-C008580,3,High Risk / Low Engagement
ACB-C008581,0,Premium / Multi-Product
ACB-C008582,2,Developing / Building Credit
ACB-C008583,3,High Risk / Low Engagement
ACB-C008584,0,Premium / Multi-Product
ACB-C008585,0,Premium / Multi-Product
ACB-C008586,3,High Risk / Low Engagement
ACB-C008587,0,Premium / Multi-Product
ACB-C008588,1,Stable Core Customer
ACB-C008589,0,Premium / Multi-Product
ACB-C008590,0,Premium / Multi-Product
ACB-C008591,1,Stable Core Customer
ACB-C008592,0,Premium / Multi-Product
ACB-C008593,1,Stable Core Customer
ACB-C008594,0,Premium / Multi-Product
ACB-C008595,0,Premium / Multi-Product
ACB-C008596,1,Stable Core Customer
ACB-C008597,3,High Risk / Low Engagement
ACB-C008598,0,Premium / Multi-Product
ACB-C008599,3,High Risk / Low Engagement
ACB-C008600,3,High Risk / Low Engagement
ACB-C008601,0,Premium / Multi-Product
ACB-C008602,0,Premium / Multi-Product
ACB-C008603,3,High Risk / Low Engagement
ACB-C008604,3,High Risk / Low Engagement
ACB-C008605,0,Premium / Multi-Product
ACB-C008606,3,High Risk / Low Engagement
ACB-C008607,2,Developing / Building Credit
ACB-C008608,0,Premium / Multi-Product
ACB-C008609,0,Premium / Multi-Product
ACB-C008610,0,Premium / Multi-Product
ACB-C008611,0,Premium / Multi-Product
ACB-C008612,1,Stable Core Customer
ACB-C008613,0,Premium / Multi-Product
ACB-C008614,3,High Risk / Low Engagement
ACB-C008615,3,High Risk / Low Engagement
ACB-C008616,0,Premium / Multi-Product
ACB-C008617,0,Premium / Multi-Product
ACB-C008618,0,Premium / Multi-Product
ACB-C008619,3,High Risk / Low Engagement
ACB-C008620,0,Premium / Multi-Product
ACB-C008621,3,High Risk / Low Engagement
ACB-C008622,0,Premium / Multi-Product
ACB-C008623,0,Premium / Multi-Product
ACB-C008624,0,Premium / Multi-Product
ACB-C008625,0,Premium / Multi-Product
ACB-C008626,3,High Risk / Low Engagement
ACB-C008627,0,Premium / Multi-Product
ACB-C008628,2,Developing / Building Credit
ACB-C008629,3,High Risk / Low Engagement
ACB-C008630,1,Stable Core Customer
ACB-C008631,1,Stable Core Customer
ACB-C008632,3,High Risk / Low Engagement
ACB-C008633,1,Stable Core Customer
ACB-C008634,3,High Risk / Low Engagement
ACB-C008635,2,Developing / Building Credit
ACB-C008636,0,Premium / Multi-Product
ACB-C008637,0,Premium / Multi-Product
ACB-C008638,0,Premium / Multi-Product
ACB-C008639,0,Premium / Multi-Product
ACB-C008640,3,High Risk / Low Engagement
ACB-C008641,1,Stable Core Customer
ACB-C008642,0,Premium / Multi-Product
ACB-C008643,3,High Risk / Low Engagement
ACB-C008644,1,Stable Core Customer
ACB-C008645,2,Developing / Building Credit
ACB-C008646,3,High Risk / Low Engagement
ACB-C008647,1,Stable Core Customer
ACB-C008648,1,Stable Core Customer
ACB-C008649,0,Premium / Multi-Product
ACB-C008650,1,Stable Core Customer
ACB-C008651,0,Premium / Multi-Product
ACB-C008652,3,High Risk / Low Engagement
ACB-C008653,1,Stable Core Customer
ACB-C008654,3,High Risk / Low Engagement
ACB-C008655,1,Stable Core Customer
ACB-C008656,3,High Risk / Low Engagement
ACB-C008657,0,Premium / Multi-Product
ACB-C008658,0,Premium / Multi-Product
ACB-C008659,3,High Risk / Low Engagement
ACB-C008660,0,Premium / Multi-Product
ACB-C008661,3,High Risk / Low Engagement
ACB-C008662,3,High Risk / Low Engagement
ACB-C008663,3,High Risk / Low Engagement
ACB-C008664,2,Developing / Building Credit
ACB-C008665,0,Premium / Multi-Product
ACB-C008666,3,High Risk / Low Engagement
ACB-C008667,0,Premium / Multi-Product
ACB-C008668,3,High Risk / Low Engagement
ACB-C008669,3,High Risk / Low Engagement
ACB-C008670,0,Premium / Multi-Product
ACB-C008671,1,Stable Core Customer
ACB-C008672,1,Stable Core Customer
ACB-C008673,1,Stable Core Customer
ACB-C008674,2,Developing / Building Credit
ACB-C008675,0,Premium / Multi-Product
ACB-C008676,0,Premium / Multi-Product
ACB-C008677,1,Stable Core Customer
ACB-C008678,1,Stable Core Customer
ACB-C008679,3,High Risk / Low Engagement
ACB-C008680,1,Stable Core Customer
ACB-C008681,3,High Risk / Low Engagement
ACB-C008682,2,Developing / Building Credit
ACB-C008683,3,High Risk / Low Engagement
ACB-C008684,1,Stable Core Customer
ACB-C008685,1,Stable Core Customer
ACB-C008686,1,Stable Core Customer
ACB-C008687,0,Premium / Multi-Product
ACB-C008688,3,High Risk / Low Engagement
ACB-C008689,3,High Risk / Low Engagement
ACB-C008690,0,Premium / Multi-Product
ACB-C008691,1,Stable Core Customer
ACB-C008692,0,Premium / Multi-Product
ACB-C008693,3,High Risk / Low Engagement
ACB-C008694,2,Developing / Building Credit
ACB-C008695,0,Premium / Multi-Product
ACB-C008696,3,High Risk / Low Engagement
ACB-C008697,0,Premium / Multi-Product
ACB-C008698,0,Premium / Multi-Product
ACB-C008699,1,Stable Core Customer
ACB-C008700,1,Stable Core Customer
ACB-C008701,2,Developing / Building Credit
ACB-C008702,3,High Risk / Low Engagement
ACB-C008703,0,Premium / Multi-Product
ACB-C008704,0,Premium / Multi-Product
ACB-C008705,1,Stable Core Customer
ACB-C008706,2,Developing / Building Credit
ACB-C008707,0,Premium / Multi-Product
ACB-C008708,2,Developing / Building Credit
ACB-C008709,3,High Risk / Low Engagement
ACB-C008710,0,Premium / Multi-Product
ACB-C008711,0,Premium / Multi-Product
ACB-C008712,0,Premium / Multi-Product
ACB-C008713,3,High Risk / Low Engagement
ACB-C008714,1,Stable Core Customer
ACB-C008715,0,Premium / Multi-Product
ACB-C008716,2,Developing / Building Credit
ACB-C008717,0,Premium / Multi-Product
ACB-C008718,0,Premium / Multi-Product
ACB-C008719,0,Premium / Multi-Product
ACB-C008720,0,Premium / Multi-Product
ACB-C008721,0,Premium / Multi-Product
ACB-C008722,0,Premium / Multi-Product
ACB-C008723,1,Stable Core Customer
ACB-C008724,0,Premium / Multi-Product
ACB-C008725,0,Premium / Multi-Product
ACB-C008726,3,High Risk / Low Engagement
ACB-C008727,1,Stable Core Customer
ACB-C008728,1,Stable Core Customer
ACB-C008729,0,Premium / Multi-Product
ACB-C008730,3,High Risk / Low Engagement
ACB-C008731,0,Premium / Multi-Product
ACB-C008732,3,High Risk / Low Engagement
ACB-C008733,3,High Risk / Low Engagement
ACB-C008734,1,Stable Core Customer
ACB-C008735,0,Premium / Multi-Product
ACB-C008736,3,High Risk / Low Engagement
ACB-C008737,2,Developing / Building Credit
ACB-C008738,1,Stable Core Customer
ACB-C008739,0,Premium / Multi-Product
ACB-C008740,0,Premium / Multi-Product
ACB-C008741,3,High Risk / Low Engagement
ACB-C008742,0,Premium / Multi-Product
ACB-C008743,0,Premium / Multi-Product
ACB-C008744,3,High Risk / Low Engagement
ACB-C008745,1,Stable Core Customer
ACB-C008746,1,Stable Core Customer
ACB-C008747,0,Premium / Multi-Product
ACB-C008748,3,High Risk / Low Engagement
ACB-C008749,3,High Risk / Low Engagement
ACB-C008750,0,Premium / Multi-Product
ACB-C008751,3,High Risk / Low Engagement
ACB-C008752,3,High Risk / Low Engagement
ACB-C008753,3,High Risk / Low Engagement
ACB-C008754,0,Premium / Multi-Product
ACB-C008755,3,High Risk / Low Engagement
ACB-C008756,3,High Risk / Low Engagement
ACB-C008757,3,High Risk / Low Engagement
ACB-C008758,3,High Risk / Low Engagement
ACB-C008759,0,Premium / Multi-Product
ACB-C008760,0,Premium / Multi-Product
ACB-C008761,3,High Risk / Low Engagement
ACB-C008762,0,Premium / Multi-Product
ACB-C008763,2,Developing / Building Credit
ACB-C008764,0,Premium / Multi-Product
ACB-C008765,3,High Risk / Low Engagement
ACB-C008766,0,Premium / Multi-Product
ACB-C008767,0,Premium / Multi-Product
ACB-C008768,3,High Risk / Low Engagement
ACB-C008769,0,Premium / Multi-Product
ACB-C008770,3,High Risk / Low Engagement
ACB-C008771,0,Premium / Multi-Product
ACB-C008772,1,Stable Core Customer
ACB-C008773,1,Stable Core Customer
ACB-C008774,1,Stable Core Customer
ACB-C008775,1,Stable Core Customer
ACB-C008776,0,Premium / Multi-Product
ACB-C008777,3,High Risk / Low Engagement
ACB-C008778,1,Stable Core Customer
ACB-C008779,0,Premium / Multi-Product
ACB-C008780,0,Premium / Multi-Product
ACB-C008781,1,Stable Core Customer
ACB-C008782,3,High Risk / Low Engagement
ACB-C008783,1,Stable Core Customer
ACB-C008784,1,Stable Core Customer
ACB-C008785,0,Premium / Multi-Product
ACB-C008786,1,Stable Core Customer
ACB-C008787,3,High Risk / Low Engagement
ACB-C008788,3,High Risk / Low Engagement
ACB-C008789,0,Premium / Multi-Product
ACB-C008790,0,Premium / Multi-Product
ACB-C008791,0,Premium / Multi-Product
ACB-C008792,1,Stable Core Customer
ACB-C008793,3,High Risk / Low Engagement
ACB-C008794,0,Premium / Multi-Product
ACB-C008795,1,Stable Core Customer
ACB-C008796,1,Stable Core Customer
ACB-C008797,1,Stable Core Customer
ACB-C008798,3,High Risk / Low Engagement
ACB-C008799,3,High Risk / Low Engagement
ACB-C008800,3,High Risk / Low Engagement
ACB-C008801,3,High Risk / Low Engagement
ACB-C008802,3,High Risk / Low Engagement
ACB-C008803,0,Premium / Multi-Product
ACB-C008804,3,High Risk / Low Engagement
ACB-C008805,1,Stable Core Customer
ACB-C008806,2,Developing / Building Credit
ACB-C008807,0,Premium / Multi-Product
ACB-C008808,1,Stable Core Customer
ACB-C008809,0,Premium / Multi-Product
ACB-C008810,0,Premium / Multi-Product
ACB-C008811,3,High Risk / Low Engagement
ACB-C008812,0,Premium / Multi-Product
ACB-C008813,1,Stable Core Customer
ACB-C008814,0,Premium / Multi-Product
ACB-C008815,1,Stable Core Customer
ACB-C008816,2,Developing / Building Credit
ACB-C008817,3,High Risk / Low Engagement
ACB-C008818,3,High Risk / Low Engagement
ACB-C008819,1,Stable Core Customer
ACB-C008820,3,High Risk / Low Engagement
ACB-C008821,3,High Risk / Low Engagement
ACB-C008822,0,Premium / Multi-Product
ACB-C008823,3,High Risk / Low Engagement
ACB-C008824,1,Stable Core Customer
ACB-C008825,0,Premium / Multi-Product
ACB-C008826,1,Stable Core Customer
ACB-C008827,3,High Risk / Low Engagement
ACB-C008828,3,High Risk / Low Engagement
ACB-C008829,1,Stable Core Customer
ACB-C008830,2,Developing / Building Credit
ACB-C008831,0,Premium / Multi-Product
ACB-C008832,0,Premium / Multi-Product
ACB-C008833,0,Premium / Multi-Product
ACB-C008834,0,Premium / Multi-Product
ACB-C008835,1,Stable Core Customer
ACB-C008836,3,High Risk / Low Engagement
ACB-C008837,0,Premium / Multi-Product
ACB-C008838,0,Premium / Multi-Product
ACB-C008839,0,Premium / Multi-Product
ACB-C008840,3,High Risk / Low Engagement
ACB-C008841,1,Stable Core Customer
ACB-C008842,1,Stable Core Customer
ACB-C008843,1,Stable Core Customer
ACB-C008844,1,Stable Core Customer
ACB-C008845,0,Premium / Multi-Product
ACB-C008846,1,Stable Core Customer
ACB-C008847,0,Premium / Multi-Product
ACB-C008848,1,Stable Core Customer
ACB-C008849,3,High Risk / Low Engagement
ACB-C008850,0,Premium / Multi-Product
ACB-C008851,0,Premium / Multi-Product
ACB-C008852,0,Premium / Multi-Product
ACB-C008853,3,High Risk / Low Engagement
ACB-C008854,2,Developing / Building Credit
ACB-C008855,0,Premium / Multi-Product
ACB-C008856,0,Premium / Multi-Product
ACB-C008857,0,Premium / Multi-Product
ACB-C008858,2,Developing / Building Credit
ACB-C008859,0,Premium / Multi-Product
ACB-C008860,0,Premium / Multi-Product
ACB-C008861,0,Premium / Multi-Product
ACB-C008862,0,Premium / Multi-Product
ACB-C008863,0,Premium / Multi-Product
ACB-C008864,1,Stable Core Customer
ACB-C008865,3,High Risk / Low Engagement
ACB-C008866,3,High Risk / Low Engagement
ACB-C008867,3,High Risk / Low Engagement
ACB-C008868,0,Premium / Multi-Product
ACB-C008869,3,High Risk / Low Engagement
ACB-C008870,3,High Risk / Low Engagement
ACB-C008871,3,High Risk / Low Engagement
ACB-C008872,0,Premium / Multi-Product
ACB-C008873,3,High Risk / Low Engagement
ACB-C008874,0,Premium / Multi-Product
ACB-C008875,1,Stable Core Customer
ACB-C008876,1,Stable Core Customer
ACB-C008877,1,Stable Core Customer
ACB-C008878,0,Premium / Multi-Product
ACB-C008879,1,Stable Core Customer
ACB-C008880,3,High Risk / Low Engagement
ACB-C008881,0,Premium / Multi-Product
ACB-C008882,3,High Risk / Low Engagement
ACB-C008883,3,High Risk / Low Engagement
ACB-C008884,0,Premium / Multi-Product
ACB-C008885,1,Stable Core Customer
ACB-C008886,3,High Risk / Low Engagement
ACB-C008887,3,High Risk / Low Engagement
ACB-C008888,1,Stable Core Customer
ACB-C008889,0,Premium / Multi-Product
ACB-C008890,0,Premium / Multi-Product
ACB-C008891,0,Premium / Multi-Product
ACB-C008892,0,Premium / Multi-Product
ACB-C008893,1,Stable Core Customer
ACB-C008894,0,Premium / Multi-Product
ACB-C008895,0,Premium / Multi-Product
ACB-C008896,0,Premium / Multi-Product
ACB-C008897,0,Premium / Multi-Product
ACB-C008898,3,High Risk / Low Engagement
ACB-C008899,0,Premium / Multi-Product
ACB-C008900,0,Premium / Multi-Product
ACB-C008901,0,Premium / Multi-Product
ACB-C008902,1,Stable Core Customer
ACB-C008903,1,Stable Core Customer
ACB-C008904,3,High Risk / Low Engagement
ACB-C008905,3,High Risk / Low Engagement
ACB-C008906,1,Stable Core Customer
ACB-C008907,0,Premium / Multi-Product
ACB-C008908,3,High Risk / Low Engagement
ACB-C008909,0,Premium / Multi-Product
ACB-C008910,0,Premium / Multi-Product
ACB-C008911,2,Developing / Building Credit
ACB-C008912,1,Stable Core Customer
ACB-C008913,1,Stable Core Customer
ACB-C008914,1,Stable Core Customer
ACB-C008915,1,Stable Core Customer
ACB-C008916,0,Premium / Multi-Product
ACB-C008917,0,Premium / Multi-Product
ACB-C008918,1,Stable Core Customer
ACB-C008919,1,Stable Core Customer
ACB-C008920,0,Premium / Multi-Product
ACB-C008921,1,Stable Core Customer
ACB-C008922,1,Stable Core Customer
ACB-C008923,1,Stable Core Customer
ACB-C008924,3,High Risk / Low Engagement
ACB-C008925,0,Premium / Multi-Product
ACB-C008926,3,High Risk / Low Engagement
ACB-C008927,1,Stable Core Customer
ACB-C008928,0,Premium / Multi-Product
ACB-C008929,1,Stable Core Customer
ACB-C008930,0,Premium / Multi-Product
ACB-C008931,3,High Risk / Low Engagement
ACB-C008932,3,High Risk / Low Engagement
ACB-C008933,0,Premium / Multi-Product
ACB-C008934,0,Premium / Multi-Product
ACB-C008935,3,High Risk / Low Engagement
ACB-C008936,1,Stable Core Customer
ACB-C008937,1,Stable Core Customer
ACB-C008938,0,Premium / Multi-Product
ACB-C008939,0,Premium / Multi-Product
ACB-C008940,0,Premium / Multi-Product
ACB-C008941,3,High Risk / Low Engagement
ACB-C008942,2,Developing / Building Credit
ACB-C008943,0,Premium / Multi-Product
ACB-C008944,3,High Risk / Low Engagement
ACB-C008945,3,High Risk / Low Engagement
ACB-C008946,1,Stable Core Customer
ACB-C008947,0,Premium / Multi-Product
ACB-C008948,1,Stable Core Customer
ACB-C008949,1,Stable Core Customer
ACB-C008950,0,Premium / Multi-Product
ACB-C008951,0,Premium / Multi-Product
ACB-C008952,3,High Risk / Low Engagement
ACB-C008953,3,High Risk / Low Engagement
ACB-C008954,0,Premium / Multi-Product
ACB-C008955,1,Stable Core Customer
ACB-C008956,0,Premium / Multi-Product
ACB-C008957,0,Premium / Multi-Product
ACB-C008958,3,High Risk / Low Engagement
ACB-C008959,3,High Risk / Low Engagement
ACB-C008960,3,High Risk / Low Engagement
ACB-C008961,0,Premium / Multi-Product
ACB-C008962,1,Stable Core Customer
ACB-C008963,0,Premium / Multi-Product
ACB-C008964,1,Stable Core Customer
ACB-C008965,1,Stable Core Customer
ACB-C008966,3,High Risk / Low Engagement
ACB-C008967,1,Stable Core Customer
ACB-C008968,1,Stable Core Customer
ACB-C008969,1,Stable Core Customer
ACB-C008970,3,High Risk / Low Engagement
ACB-C008971,2,Developing / Building Credit
ACB-C008972,0,Premium / Multi-Product
ACB-C008973,3,High Risk / Low Engagement
ACB-C008974,3,High Risk / Low Engagement
ACB-C008975,0,Premium / Multi-Product
ACB-C008976,0,Premium / Multi-Product
ACB-C008977,0,Premium / Multi-Product
ACB-C008978,2,Developing / Building Credit
ACB-C008979,3,High Risk / Low Engagement
ACB-C008980,3,High Risk / Low Engagement
ACB-C008981,0,Premium / Multi-Product
ACB-C008982,3,High Risk / Low Engagement
ACB-C008983,1,Stable Core Customer
ACB-C008984,0,Premium / Multi-Product
ACB-C008985,1,Stable Core Customer
ACB-C008986,3,High Risk / Low Engagement
ACB-C008987,1,Stable Core Customer
ACB-C008988,0,Premium / Multi-Product
ACB-C008989,3,High Risk / Low Engagement
ACB-C008990,0,Premium / Multi-Product
ACB-C008991,0,Premium / Multi-Product
ACB-C008992,1,Stable Core Customer
ACB-C008993,0,Premium / Multi-Product
ACB-C008994,2,Developing / Building Credit
ACB-C008995,3,High Risk / Low Engagement
ACB-C008996,0,Premium / Multi-Product
ACB-C008997,1,Stable Core Customer
ACB-C008998,3,High Risk / Low Engagement
ACB-C008999,0,Premium / Multi-Product
ACB-C009000,3,High Risk / Low Engagement
ACB-C009001,1,Stable Core Customer
ACB-C009002,0,Premium / Multi-Product
ACB-C009003,3,High Risk / Low Engagement
ACB-C009004,0,Premium / Multi-Product
ACB-C009005,2,Developing / Building Credit
ACB-C009006,0,Premium / Multi-Product
ACB-C009007,0,Premium / Multi-Product
ACB-C009008,3,High Risk / Low Engagement
ACB-C009009,3,High Risk / Low Engagement
ACB-C009010,0,Premium / Multi-Product
ACB-C009011,1,Stable Core Customer
ACB-C009012,1,Stable Core Customer
ACB-C009013,0,Premium / Multi-Product
ACB-C009014,1,Stable Core Customer
ACB-C009015,2,Developing / Building Credit
ACB-C009016,1,Stable Core Customer
ACB-C009017,0,Premium / Multi-Product
ACB-C009018,3,High Risk / Low Engagement
ACB-C009019,1,Stable Core Customer
ACB-C009020,1,Stable Core Customer
ACB-C009021,0,Premium / Multi-Product
ACB-C009022,3,High Risk / Low Engagement
ACB-C009023,3,High Risk / Low Engagement
ACB-C009024,3,High Risk / Low Engagement
ACB-C009025,0,Premium / Multi-Product
ACB-C009026,3,High Risk / Low Engagement
ACB-C009027,2,Developing / Building Credit
ACB-C009028,0,Premium / Multi-Product
ACB-C009029,3,High Risk / Low Engagement
ACB-C009030,2,Developing / Building Credit
ACB-C009031,0,Premium / Multi-Product
ACB-C009032,0,Premium / Multi-Product
ACB-C009033,0,Premium / Multi-Product
ACB-C009034,3,High Risk / Low Engagement
ACB-C009035,0,Premium / Multi-Product
ACB-C009036,0,Premium / Multi-Product
ACB-C009037,1,Stable Core Customer
ACB-C009038,0,Premium / Multi-Product
ACB-C009039,1,Stable Core Customer
ACB-C009040,2,Developing / Building Credit
ACB-C009041,1,Stable Core Customer
ACB-C009042,3,High Risk / Low Engagement
ACB-C009043,3,High Risk / Low Engagement
ACB-C009044,0,Premium / Multi-Product
ACB-C009045,3,High Risk / Low Engagement
ACB-C009046,3,High Risk / Low Engagement
ACB-C009047,1,Stable Core Customer
ACB-C009048,0,Premium / Multi-Product
ACB-C009049,3,High Risk / Low Engagement
ACB-C009050,3,High Risk / Low Engagement
ACB-C009051,0,Premium / Multi-Product
ACB-C009052,0,Premium / Multi-Product
ACB-C009053,0,Premium / Multi-Product
ACB-C009054,1,Stable Core Customer
ACB-C009055,1,Stable Core Customer
ACB-C009056,3,High Risk / Low Engagement
ACB-C009057,3,High Risk / Low Engagement
ACB-C009058,0,Premium / Multi-Product
ACB-C009059,1,Stable Core Customer
ACB-C009060,1,Stable Core Customer
ACB-C009061,0,Premium / Multi-Product
ACB-C009062,3,High Risk / Low Engagement
ACB-C009063,0,Premium / Multi-Product
ACB-C009064,1,Stable Core Customer
ACB-C009065,0,Premium / Multi-Product
ACB-C009066,3,High Risk / Low Engagement
ACB-C009067,3,High Risk / Low Engagement
ACB-C009068,3,High Risk / Low Engagement
ACB-C009069,0,Premium / Multi-Product
ACB-C009070,0,Premium / Multi-Product
ACB-C009071,2,Developing / Building Credit
ACB-C009072,0,Premium / Multi-Product
ACB-C009073,0,Premium / Multi-Product
ACB-C009074,1,Stable Core Customer
ACB-C009075,0,Premium / Multi-Product
ACB-C009076,1,Stable Core Customer
ACB-C009077,0,Premium / Multi-Product
ACB-C009078,3,High Risk / Low Engagement
ACB-C009079,0,Premium / Multi-Product
ACB-C009080,3,High Risk / Low Engagement
ACB-C009081,0,Premium / Multi-Product
ACB-C009082,1,Stable Core Customer
ACB-C009083,1,Stable Core Customer
ACB-C009084,1,Stable Core Customer
ACB-C009085,2,Developing / Building Credit
ACB-C009086,0,Premium / Multi-Product
ACB-C009087,3,High Risk / Low Engagement
ACB-C009088,1,Stable Core Customer
ACB-C009089,3,High Risk / Low Engagement
ACB-C009090,3,High Risk / Low Engagement
ACB-C009091,1,Stable Core Customer
ACB-C009092,0,Premium / Multi-Product
ACB-C009093,3,High Risk / Low Engagement
ACB-C009094,0,Premium / Multi-Product
ACB-C009095,1,Stable Core Customer
ACB-C009096,3,High Risk / Low Engagement
ACB-C009097,3,High Risk / Low Engagement
ACB-C009098,0,Premium / Multi-Product
ACB-C009099,0,Premium / Multi-Product
ACB-C009100,0,Premium / Multi-Product
ACB-C009101,1,Stable Core Customer
ACB-C009102,3,High Risk / Low Engagement
ACB-C009103,1,Stable Core Customer
ACB-C009104,0,Premium / Multi-Product
ACB-C009105,0,Premium / Multi-Product
ACB-C009106,3,High Risk / Low Engagement
ACB-C009107,3,High Risk / Low Engagement
ACB-C009108,0,Premium / Multi-Product
ACB-C009109,1,Stable Core Customer
ACB-C009110,3,High Risk / Low Engagement
ACB-C009111,0,Premium / Multi-Product
ACB-C009112,0,Premium / Multi-Product
ACB-C009113,3,High Risk / Low Engagement
ACB-C009114,1,Stable Core Customer
ACB-C009115,0,Premium / Multi-Product
ACB-C009116,1,Stable Core Customer
ACB-C009117,1,Stable Core Customer
ACB-C009118,0,Premium / Multi-Product
ACB-C009119,3,High Risk / Low Engagement
ACB-C009120,0,Premium / Multi-Product
ACB-C009121,0,Premium / Multi-Product
ACB-C009122,0,Premium / Multi-Product
ACB-C009123,0,Premium / Multi-Product
ACB-C009124,0,Premium / Multi-Product
ACB-C009125,3,High Risk / Low Engagement
ACB-C009126,0,Premium / Multi-Product
ACB-C009127,0,Premium / Multi-Product
ACB-C009128,0,Premium / Multi-Product
ACB-C009129,1,Stable Core Customer
ACB-C009130,2,Developing / Building Credit
ACB-C009131,1,Stable Core Customer
ACB-C009132,2,Developing / Building Credit
ACB-C009133,1,Stable Core Customer
ACB-C009134,0,Premium / Multi-Product
ACB-C009135,0,Premium / Multi-Product
ACB-C009136,0,Premium / Multi-Product
ACB-C009137,0,Premium / Multi-Product
ACB-C009138,0,Premium / Multi-Product
ACB-C009139,0,Premium / Multi-Product
ACB-C009140,3,High Risk / Low Engagement
ACB-C009141,3,High Risk / Low Engagement
ACB-C009142,1,Stable Core Customer
ACB-C009143,3,High Risk / Low Engagement
ACB-C009144,0,Premium / Multi-Product
ACB-C009145,0,Premium / Multi-Product
ACB-C009146,3,High Risk / Low Engagement
ACB-C009147,3,High Risk / Low Engagement
ACB-C009148,0,Premium / Multi-Product
ACB-C009149,1,Stable Core Customer
ACB-C009150,3,High Risk / Low Engagement
ACB-C009151,0,Premium / Multi-Product
ACB-C009152,0,Premium / Multi-Product
ACB-C009153,0,Premium / Multi-Product
ACB-C009154,3,High Risk / Low Engagement
ACB-C009155,0,Premium / Multi-Product
ACB-C009156,0,Premium / Multi-Product
ACB-C009157,0,Premium / Multi-Product
ACB-C009158,0,Premium / Multi-Product
ACB-C009159,3,High Risk / Low Engagement
ACB-C009160,0,Premium / Multi-Product
ACB-C009161,0,Premium / Multi-Product
ACB-C009162,0,Premium / Multi-Product
ACB-C009163,3,High Risk / Low Engagement
ACB-C009164,1,Stable Core Customer
ACB-C009165,1,Stable Core Customer
ACB-C009166,0,Premium / Multi-Product
ACB-C009167,1,Stable Core Customer
ACB-C009168,0,Premium / Multi-Product
ACB-C009169,2,Developing / Building Credit
ACB-C009170,0,Premium / Multi-Product
ACB-C009171,0,Premium / Multi-Product
ACB-C009172,3,High Risk / Low Engagement
ACB-C009173,3,High Risk / Low Engagement
ACB-C009174,3,High Risk / Low Engagement
ACB-C009175,0,Premium / Multi-Product
ACB-C009176,0,Premium / Multi-Product
ACB-C009177,1,Stable Core Customer
ACB-C009178,1,Stable Core Customer
ACB-C009179,2,Developing / Building Credit
ACB-C009180,3,High Risk / Low Engagement
ACB-C009181,0,Premium / Multi-Product
ACB-C009182,0,Premium / Multi-Product
ACB-C009183,3,High Risk / Low Engagement
ACB-C009184,1,Stable Core Customer
ACB-C009185,1,Stable Core Customer
ACB-C009186,2,Developing / Building Credit
ACB-C009187,0,Premium / Multi-Product
ACB-C009188,3,High Risk / Low Engagement
ACB-C009189,3,High Risk / Low Engagement
ACB-C009190,1,Stable Core Customer
ACB-C009191,3,High Risk / Low Engagement
ACB-C009192,0,Premium / Multi-Product
ACB-C009193,0,Premium / Multi-Product
ACB-C009194,1,Stable Core Customer
ACB-C009195,2,Developing / Building Credit
ACB-C009196,0,Premium / Multi-Product
ACB-C009197,0,Premium / Multi-Product
ACB-C009198,0,Premium / Multi-Product
ACB-C009199,0,Premium / Multi-Product
ACB-C009200,2,Developing / Building Credit
ACB-C009201,3,High Risk / Low Engagement
ACB-C009202,1,Stable Core Customer
ACB-C009203,2,Developing / Building Credit
ACB-C009204,0,Premium / Multi-Product
ACB-C009205,0,Premium / Multi-Product
ACB-C009206,1,Stable Core Customer
ACB-C009207,1,Stable Core Customer
ACB-C009208,1,Stable Core Customer
ACB-C009209,1,Stable Core Customer
ACB-C009210,3,High Risk / Low Engagement
ACB-C009211,0,Premium / Multi-Product
ACB-C009212,0,Premium / Multi-Product
ACB-C009213,1,Stable Core Customer
ACB-C009214,1,Stable Core Customer
ACB-C009215,1,Stable Core Customer
ACB-C009216,1,Stable Core Customer
ACB-C009217,3,High Risk / Low Engagement
ACB-C009218,0,Premium / Multi-Product
ACB-C009219,0,Premium / Multi-Product
ACB-C009220,1,Stable Core Customer
ACB-C009221,1,Stable Core Customer
ACB-C009222,0,Premium / Multi-Product
ACB-C009223,0,Premium / Multi-Product
ACB-C009224,0,Premium / Multi-Product
ACB-C009225,1,Stable Core Customer
ACB-C009226,1,Stable Core Customer
ACB-C009227,0,Premium / Multi-Product
ACB-C009228,1,Stable Core Customer
ACB-C009229,0,Premium / Multi-Product
ACB-C009230,1,Stable Core Customer
ACB-C009231,0,Premium / Multi-Product
ACB-C009232,1,Stable Core Customer
ACB-C009233,0,Premium / Multi-Product
ACB-C009234,1,Stable Core Customer
ACB-C009235,1,Stable Core Customer
ACB-C009236,2,Developing / Building Credit
ACB-C009237,0,Premium / Multi-Product
ACB-C009238,0,Premium / Multi-Product
ACB-C009239,2,Developing / Building Credit
ACB-C009240,0,Premium / Multi-Product
ACB-C009241,0,Premium / Multi-Product
ACB-C009242,3,High Risk / Low Engagement
ACB-C009243,0,Premium / Multi-Product
ACB-C009244,0,Premium / Multi-Product
ACB-C009245,0,Premium / Multi-Product
ACB-C009246,0,Premium / Multi-Product
ACB-C009247,3,High Risk / Low Engagement
ACB-C009248,1,Stable Core Customer
ACB-C009249,0,Premium / Multi-Product
ACB-C009250,3,High Risk / Low Engagement
ACB-C009251,1,Stable Core Customer
ACB-C009252,2,Developing / Building Credit
ACB-C009253,0,Premium / Multi-Product
ACB-C009254,0,Premium / Multi-Product
ACB-C009255,2,Developing / Building Credit
ACB-C009256,0,Premium / Multi-Product
ACB-C009257,0,Premium / Multi-Product
ACB-C009258,0,Premium / Multi-Product
ACB-C009259,1,Stable Core Customer
ACB-C009260,1,Stable Core Customer
ACB-C009261,3,High Risk / Low Engagement
ACB-C009262,3,High Risk / Low Engagement
ACB-C009263,3,High Risk / Low Engagement
ACB-C009264,1,Stable Core Customer
ACB-C009265,3,High Risk / Low Engagement
ACB-C009266,0,Premium / Multi-Product
ACB-C009267,2,Developing / Building Credit
ACB-C009268,0,Premium / Multi-Product
ACB-C009269,0,Premium / Multi-Product
ACB-C009270,0,Premium / Multi-Product
ACB-C009271,0,Premium / Multi-Product
ACB-C009272,1,Stable Core Customer
ACB-C009273,3,High Risk / Low Engagement
ACB-C009274,3,High Risk / Low Engagement
ACB-C009275,1,Stable Core Customer
ACB-C009276,0,Premium / Multi-Product
ACB-C009277,0,Premium / Multi-Product
ACB-C009278,0,Premium / Multi-Product
ACB-C009279,3,High Risk / Low Engagement
ACB-C009280,3,High Risk / Low Engagement
ACB-C009281,1,Stable Core Customer
ACB-C009282,0,Premium / Multi-Product
ACB-C009283,3,High Risk / Low Engagement
ACB-C009284,3,High Risk / Low Engagement
ACB-C009285,0,Premium / Multi-Product
ACB-C009286,0,Premium / Multi-Product
ACB-C009287,0,Premium / Multi-Product
ACB-C009288,0,Premium / Multi-Product
ACB-C009289,3,High Risk / Low Engagement
ACB-C009290,3,High Risk / Low Engagement
ACB-C009291,0,Premium / Multi-Product
ACB-C009292,1,Stable Core Customer
ACB-C009293,1,Stable Core Customer
ACB-C009294,0,Premium / Multi-Product
ACB-C009295,1,Stable Core Customer
ACB-C009296,0,Premium / Multi-Product
ACB-C009297,1,Stable Core Customer
ACB-C009298,0,Premium / Multi-Product
ACB-C009299,3,High Risk / Low Engagement
ACB-C009300,0,Premium / Multi-Product
ACB-C009301,2,Developing / Building Credit
ACB-C009302,1,Stable Core Customer
ACB-C009303,0,Premium / Multi-Product
ACB-C009304,1,Stable Core Customer
ACB-C009305,3,High Risk / Low Engagement
ACB-C009306,3,High Risk / Low Engagement
ACB-C009307,3,High Risk / Low Engagement
ACB-C009308,1,Stable Core Customer
ACB-C009309,0,Premium / Multi-Product
ACB-C009310,0,Premium / Multi-Product
ACB-C009311,0,Premium / Multi-Product
ACB-C009312,0,Premium / Multi-Product
ACB-C009313,0,Premium / Multi-Product
ACB-C009314,3,High Risk / Low Engagement
ACB-C009315,0,Premium / Multi-Product
ACB-C009316,1,Stable Core Customer
ACB-C009317,0,Premium / Multi-Product
ACB-C009318,0,Premium / Multi-Product
ACB-C009319,0,Premium / Multi-Product
ACB-C009320,0,Premium / Multi-Product
ACB-C009321,0,Premium / Multi-Product
ACB-C009322,0,Premium / Multi-Product
ACB-C009323,1,Stable Core Customer
ACB-C009324,1,Stable Core Customer
ACB-C009325,3,High Risk / Low Engagement
ACB-C009326,1,Stable Core Customer
ACB-C009327,3,High Risk / Low Engagement
ACB-C009328,0,Premium / Multi-Product
ACB-C009329,3,High Risk / Low Engagement
ACB-C009330,3,High Risk / Low Engagement
ACB-C009331,0,Premium / Multi-Product
ACB-C009332,1,Stable Core Customer
ACB-C009333,1,Stable Core Customer
ACB-C009334,0,Premium / Multi-Product
ACB-C009335,3,High Risk / Low Engagement
ACB-C009336,1,Stable Core Customer
ACB-C009337,1,Stable Core Customer
ACB-C009338,0,Premium / Multi-Product
ACB-C009339,1,Stable Core Customer
ACB-C009340,0,Premium / Multi-Product
ACB-C009341,0,Premium / Multi-Product
ACB-C009342,3,High Risk / Low Engagement
ACB-C009343,1,Stable Core Customer
ACB-C009344,0,Premium / Multi-Product
ACB-C009345,1,Stable Core Customer
ACB-C009346,3,High Risk / Low Engagement
ACB-C009347,1,Stable Core Customer
ACB-C009348,1,Stable Core Customer
ACB-C009349,0,Premium / Multi-Product
ACB-C009350,1,Stable Core Customer
ACB-C009351,3,High Risk / Low Engagement
ACB-C009352,0,Premium / Multi-Product
ACB-C009353,0,Premium / Multi-Product
ACB-C009354,3,High Risk / Low Engagement
ACB-C009355,0,Premium / Multi-Product
ACB-C009356,2,Developing / Building Credit
ACB-C009357,0,Premium / Multi-Product
ACB-C009358,0,Premium / Multi-Product
ACB-C009359,0,Premium / Multi-Product
ACB-C009360,1,Stable Core Customer
ACB-C009361,0,Premium / Multi-Product
ACB-C009362,3,High Risk / Low Engagement
ACB-C009363,2,Developing / Building Credit
ACB-C009364,1,Stable Core Customer
ACB-C009365,1,Stable Core Customer
ACB-C009366,3,High Risk / Low Engagement
ACB-C009367,3,High Risk / Low Engagement
ACB-C009368,3,High Risk / Low Engagement
ACB-C009369,3,High Risk / Low Engagement
ACB-C009370,3,High Risk / Low Engagement
ACB-C009371,3,High Risk / Low Engagement
ACB-C009372,0,Premium / Multi-Product
ACB-C009373,0,Premium / Multi-Product
ACB-C009374,0,Premium / Multi-Product
ACB-C009375,1,Stable Core Customer
ACB-C009376,1,Stable Core Customer
ACB-C009377,1,Stable Core Customer
ACB-C009378,0,Premium / Multi-Product
ACB-C009379,0,Premium / Multi-Product
ACB-C009380,0,Premium / Multi-Product
ACB-C009381,0,Premium / Multi-Product
ACB-C009382,3,High Risk / Low Engagement
ACB-C009383,0,Premium / Multi-Product
ACB-C009384,3,High Risk / Low Engagement
ACB-C009385,3,High Risk / Low Engagement
ACB-C009386,0,Premium / Multi-Product
ACB-C009387,0,Premium / Multi-Product
ACB-C009388,2,Developing / Building Credit
ACB-C009389,2,Developing / Building Credit
ACB-C009390,0,Premium / Multi-Product
ACB-C009391,0,Premium / Multi-Product
ACB-C009392,1,Stable Core Customer
ACB-C009393,0,Premium / Multi-Product
ACB-C009394,3,High Risk / Low Engagement
ACB-C009395,1,Stable Core Customer
ACB-C009396,0,Premium / Multi-Product
ACB-C009397,0,Premium / Multi-Product
ACB-C009398,3,High Risk / Low Engagement
ACB-C009399,1,Stable Core Customer
ACB-C009400,0,Premium / Multi-Product
ACB-C009401,3,High Risk / Low Engagement
ACB-C009402,0,Premium / Multi-Product
ACB-C009403,1,Stable Core Customer
ACB-C009404,3,High Risk / Low Engagement
ACB-C009405,0,Premium / Multi-Product
ACB-C009406,0,Premium / Multi-Product
ACB-C009407,2,Developing / Building Credit
ACB-C009408,1,Stable Core Customer
ACB-C009409,1,Stable Core Customer
ACB-C009410,1,Stable Core Customer
ACB-C009411,0,Premium / Multi-Product
ACB-C009412,3,High Risk / Low Engagement
ACB-C009413,2,Developing / Building Credit
ACB-C009414,0,Premium / Multi-Product
ACB-C009415,0,Premium / Multi-Product
ACB-C009416,1,Stable Core Customer
ACB-C009417,0,Premium / Multi-Product
ACB-C009418,0,Premium / Multi-Product
ACB-C009419,0,Premium / Multi-Product
ACB-C009420,1,Stable Core Customer
ACB-C009421,1,Stable Core Customer
ACB-C009422,1,Stable Core Customer
ACB-C009423,1,Stable Core Customer
ACB-C009424,0,Premium / Multi-Product
ACB-C009425,1,Stable Core Customer
ACB-C009426,0,Premium / Multi-Product
ACB-C009427,0,Premium / Multi-Product
ACB-C009428,3,High Risk / Low Engagement
ACB-C009429,1,Stable Core Customer
ACB-C009430,1,Stable Core Customer
ACB-C009431,3,High Risk / Low Engagement
ACB-C009432,1,Stable Core Customer
ACB-C009433,0,Premium / Multi-Product
ACB-C009434,0,Premium / Multi-Product
ACB-C009435,0,Premium / Multi-Product
ACB-C009436,0,Premium / Multi-Product
ACB-C009437,3,High Risk / Low Engagement
ACB-C009438,1,Stable Core Customer
ACB-C009439,1,Stable Core Customer
ACB-C009440,0,Premium / Multi-Product
ACB-C009441,3,High Risk / Low Engagement
ACB-C009442,1,Stable Core Customer
ACB-C009443,1,Stable Core Customer
ACB-C009444,1,Stable Core Customer
ACB-C009445,1,Stable Core Customer
ACB-C009446,3,High Risk / Low Engagement
ACB-C009447,3,High Risk / Low Engagement
ACB-C009448,1,Stable Core Customer
ACB-C009449,3,High Risk / Low Engagement
ACB-C009450,3,High Risk / Low Engagement
ACB-C009451,1,Stable Core Customer
ACB-C009452,3,High Risk / Low Engagement
ACB-C009453,3,High Risk / Low Engagement
ACB-C009454,0,Premium / Multi-Product
ACB-C009455,1,Stable Core Customer
ACB-C009456,0,Premium / Multi-Product
ACB-C009457,0,Premium / Multi-Product
ACB-C009458,1,Stable Core Customer
ACB-C009459,1,Stable Core Customer
ACB-C009460,3,High Risk / Low Engagement
ACB-C009461,0,Premium / Multi-Product
ACB-C009462,0,Premium / Multi-Product
ACB-C009463,0,Premium / Multi-Product
ACB-C009464,3,High Risk / Low Engagement
ACB-C009465,0,Premium / Multi-Product
ACB-C009466,3,High Risk / Low Engagement
ACB-C009467,0,Premium / Multi-Product
ACB-C009468,3,High Risk / Low Engagement
ACB-C009469,1,Stable Core Customer
ACB-C009470,0,Premium / Multi-Product
ACB-C009471,0,Premium / Multi-Product
ACB-C009472,1,Stable Core Customer
ACB-C009473,1,Stable Core Customer
ACB-C009474,0,Premium / Multi-Product
ACB-C009475,1,Stable Core Customer
ACB-C009476,0,Premium / Multi-Product
ACB-C009477,0,Premium / Multi-Product
ACB-C009478,0,Premium / Multi-Product
ACB-C009479,0,Premium / Multi-Product
ACB-C009480,3,High Risk / Low Engagement
ACB-C009481,0,Premium / Multi-Product
ACB-C009482,0,Premium / Multi-Product
ACB-C009483,1,Stable Core Customer
ACB-C009484,1,Stable Core Customer
ACB-C009485,0,Premium / Multi-Product
ACB-C009486,3,High Risk / Low Engagement
ACB-C009487,1,Stable Core Customer
ACB-C009488,3,High Risk / Low Engagement
ACB-C009489,3,High Risk / Low Engagement
ACB-C009490,2,Developing / Building Credit
ACB-C009491,3,High Risk / Low Engagement
ACB-C009492,1,Stable Core Customer
ACB-C009493,0,Premium / Multi-Product
ACB-C009494,3,High Risk / Low Engagement
ACB-C009495,0,Premium / Multi-Product
ACB-C009496,0,Premium / Multi-Product
ACB-C009497,0,Premium / Multi-Product
ACB-C009498,3,High Risk / Low Engagement
ACB-C009499,0,Premium / Multi-Product
ACB-C009500,3,High Risk / Low Engagement
ACB-C009501,0,Premium / Multi-Product
ACB-C009502,0,Premium / Multi-Product
ACB-C009503,0,Premium / Multi-Product
ACB-C009504,0,Premium / Multi-Product
ACB-C009505,2,Developing / Building Credit
ACB-C009506,3,High Risk / Low Engagement
ACB-C009507,1,Stable Core Customer
ACB-C009508,3,High Risk / Low Engagement
ACB-C009509,0,Premium / Multi-Product
ACB-C009510,0,Premium / Multi-Product
ACB-C009511,0,Premium / Multi-Product
ACB-C009512,1,Stable Core Customer
ACB-C009513,1,Stable Core Customer
ACB-C009514,0,Premium / Multi-Product
ACB-C009515,3,High Risk / Low Engagement
ACB-C009516,0,Premium / Multi-Product
ACB-C009517,1,Stable Core Customer
ACB-C009518,2,Developing / Building Credit
ACB-C009519,3,High Risk / Low Engagement
ACB-C009520,3,High Risk / Low Engagement
ACB-C009521,3,High Risk / Low Engagement
ACB-C009522,0,Premium / Multi-Product
ACB-C009523,3,High Risk / Low Engagement
ACB-C009524,1,Stable Core Customer
ACB-C009525,2,Developing / Building Credit
ACB-C009526,0,Premium / Multi-Product
ACB-C009527,3,High Risk / Low Engagement
ACB-C009528,0,Premium / Multi-Product
ACB-C009529,1,Stable Core Customer
ACB-C009530,2,Developing / Building Credit
ACB-C009531,1,Stable Core Customer
ACB-C009532,3,High Risk / Low Engagement
ACB-C009533,3,High Risk / Low Engagement
ACB-C009534,0,Premium / Multi-Product
ACB-C009535,0,Premium / Multi-Product
ACB-C009536,1,Stable Core Customer
ACB-C009537,1,Stable Core Customer
ACB-C009538,3,High Risk / Low Engagement
ACB-C009539,0,Premium / Multi-Product
ACB-C009540,0,Premium / Multi-Product
ACB-C009541,0,Premium / Multi-Product
ACB-C009542,2,Developing / Building Credit
ACB-C009543,3,High Risk / Low Engagement
ACB-C009544,0,Premium / Multi-Product
ACB-C009545,0,Premium / Multi-Product
ACB-C009546,0,Premium / Multi-Product
ACB-C009547,3,High Risk / Low Engagement
ACB-C009548,1,Stable Core Customer
ACB-C009549,0,Premium / Multi-Product
ACB-C009550,3,High Risk / Low Engagement
ACB-C009551,3,High Risk / Low Engagement
ACB-C009552,1,Stable Core Customer
ACB-C009553,0,Premium / Multi-Product
ACB-C009554,3,High Risk / Low Engagement
ACB-C009555,3,High Risk / Low Engagement
ACB-C009556,1,Stable Core Customer
ACB-C009557,0,Premium / Multi-Product
ACB-C009558,0,Premium / Multi-Product
ACB-C009559,3,High Risk / Low Engagement
ACB-C009560,3,High Risk / Low Engagement
ACB-C009561,3,High Risk / Low Engagement
ACB-C009562,1,Stable Core Customer
ACB-C009563,3,High Risk / Low Engagement
ACB-C009564,0,Premium / Multi-Product
ACB-C009565,0,Premium / Multi-Product
ACB-C009566,3,High Risk / Low Engagement
ACB-C009567,1,Stable Core Customer
ACB-C009568,2,Developing / Building Credit
ACB-C009569,3,High Risk / Low Engagement
ACB-C009570,0,Premium / Multi-Product
ACB-C009571,3,High Risk / Low Engagement
ACB-C009572,1,Stable Core Customer
ACB-C009573,3,High Risk / Low Engagement
ACB-C009574,3,High Risk / Low Engagement
ACB-C009575,3,High Risk / Low Engagement
ACB-C009576,0,Premium / Multi-Product
ACB-C009577,1,Stable Core Customer
ACB-C009578,3,High Risk / Low Engagement
ACB-C009579,0,Premium / Multi-Product
ACB-C009580,3,High Risk / Low Engagement
ACB-C009581,0,Premium / Multi-Product
ACB-C009582,1,Stable Core Customer
ACB-C009583,1,Stable Core Customer
ACB-C009584,0,Premium / Multi-Product
ACB-C009585,3,High Risk / Low Engagement
ACB-C009586,1,Stable Core Customer
ACB-C009587,0,Premium / Multi-Product
ACB-C009588,0,Premium / Multi-Product
ACB-C009589,3,High Risk / Low Engagement
ACB-C009590,3,High Risk / Low Engagement
ACB-C009591,1,Stable Core Customer
ACB-C009592,0,Premium / Multi-Product
ACB-C009593,0,Premium / Multi-Product
ACB-C009594,1,Stable Core Customer
ACB-C009595,3,High Risk / Low Engagement
ACB-C009596,3,High Risk / Low Engagement
ACB-C009597,3,High Risk / Low Engagement
ACB-C009598,3,High Risk / Low Engagement
ACB-C009599,3,High Risk / Low Engagement
ACB-C009600,3,High Risk / Low Engagement
ACB-C009601,1,Stable Core Customer
ACB-C009602,1,Stable Core Customer
ACB-C009603,3,High Risk / Low Engagement
ACB-C009604,0,Premium / Multi-Product
ACB-C009605,0,Premium / Multi-Product
ACB-C009606,3,High Risk / Low Engagement
ACB-C009607,1,Stable Core Customer
ACB-C009608,3,High Risk / Low Engagement
ACB-C009609,3,High Risk / Low Engagement
ACB-C009610,2,Developing / Building Credit
ACB-C009611,0,Premium / Multi-Product
ACB-C009612,1,Stable Core Customer
ACB-C009613,0,Premium / Multi-Product
ACB-C009614,0,Premium / Multi-Product
ACB-C009615,1,Stable Core Customer
ACB-C009616,3,High Risk / Low Engagement
ACB-C009617,0,Premium / Multi-Product
ACB-C009618,3,High Risk / Low Engagement
ACB-C009619,1,Stable Core Customer
ACB-C009620,0,Premium / Multi-Product
ACB-C009621,1,Stable Core Customer
ACB-C009622,0,Premium / Multi-Product
ACB-C009623,0,Premium / Multi-Product
ACB-C009624,3,High Risk / Low Engagement
ACB-C009625,3,High Risk / Low Engagement
ACB-C009626,0,Premium / Multi-Product
ACB-C009627,3,High Risk / Low Engagement
ACB-C009628,0,Premium / Multi-Product
ACB-C009629,0,Premium / Multi-Product
ACB-C009630,1,Stable Core Customer
ACB-C009631,0,Premium / Multi-Product
ACB-C009632,0,Premium / Multi-Product
ACB-C009633,3,High Risk / Low Engagement
ACB-C009634,0,Premium / Multi-Product
ACB-C009635,1,Stable Core Customer
ACB-C009636,3,High Risk / Low Engagement
ACB-C009637,1,Stable Core Customer
ACB-C009638,3,High Risk / Low Engagement
ACB-C009639,1,Stable Core Customer
ACB-C009640,1,Stable Core Customer
ACB-C009641,3,High Risk / Low Engagement
ACB-C009642,1,Stable Core Customer
ACB-C009643,0,Premium / Multi-Product
ACB-C009644,1,Stable Core Customer
ACB-C009645,0,Premium / Multi-Product
ACB-C009646,2,Developing / Building Credit
ACB-C009647,0,Premium / Multi-Product
ACB-C009648,0,Premium / Multi-Product
ACB-C009649,0,Premium / Multi-Product
ACB-C009650,0,Premium / Multi-Product
ACB-C009651,3,High Risk / Low Engagement
ACB-C009652,3,High Risk / Low Engagement
ACB-C009653,0,Premium / Multi-Product
ACB-C009654,1,Stable Core Customer
ACB-C009655,0,Premium / Multi-Product
ACB-C009656,0,Premium / Multi-Product
ACB-C009657,2,Developing / Building Credit
ACB-C009658,0,Premium / Multi-Product
ACB-C009659,3,High Risk / Low Engagement
ACB-C009660,0,Premium / Multi-Product
ACB-C009661,3,High Risk / Low Engagement
ACB-C009662,2,Developing / Building Credit
ACB-C009663,3,High Risk / Low Engagement
ACB-C009664,3,High Risk / Low Engagement
ACB-C009665,1,Stable Core Customer
ACB-C009666,3,High Risk / Low Engagement
ACB-C009667,0,Premium / Multi-Product
ACB-C009668,3,High Risk / Low Engagement
ACB-C009669,3,High Risk / Low Engagement
ACB-C009670,0,Premium / Multi-Product
ACB-C009671,3,High Risk / Low Engagement
ACB-C009672,0,Premium / Multi-Product
ACB-C009673,1,Stable Core Customer
ACB-C009674,0,Premium / Multi-Product
ACB-C009675,0,Premium / Multi-Product
ACB-C009676,1,Stable Core Customer
ACB-C009677,0,Premium / Multi-Product
ACB-C009678,3,High Risk / Low Engagement
ACB-C009679,0,Premium / Multi-Product
ACB-C009680,3,High Risk / Low Engagement
ACB-C009681,0,Premium / Multi-Product
ACB-C009682,2,Developing / Building Credit
ACB-C009683,3,High Risk / Low Engagement
ACB-C009684,3,High Risk / Low Engagement
ACB-C009685,3,High Risk / Low Engagement
ACB-C009686,1,Stable Core Customer
ACB-C009687,0,Premium / Multi-Product
ACB-C009688,1,Stable Core Customer
ACB-C009689,1,Stable Core Customer
ACB-C009690,0,Premium / Multi-Product
ACB-C009691,1,Stable Core Customer
ACB-C009692,3,High Risk / Low Engagement
ACB-C009693,0,Premium / Multi-Product
ACB-C009694,3,High Risk / Low Engagement
ACB-C009695,0,Premium / Multi-Product
ACB-C009696,1,Stable Core Customer
ACB-C009697,1,Stable Core Customer
ACB-C009698,0,Premium / Multi-Product
ACB-C009699,1,Stable Core Customer
ACB-C009700,3,High Risk / Low Engagement
ACB-C009701,0,Premium / Multi-Product
ACB-C009702,2,Developing / Building Credit
ACB-C009703,3,High Risk / Low Engagement
ACB-C009704,0,Premium / Multi-Product
ACB-C009705,3,High Risk / Low Engagement
ACB-C009706,1,Stable Core Customer
ACB-C009707,0,Premium / Multi-Product
ACB-C009708,0,Premium / Multi-Product
ACB-C009709,0,Premium / Multi-Product
ACB-C009710,1,Stable Core Customer
ACB-C009711,3,High Risk / Low Engagement
ACB-C009712,0,Premium / Multi-Product
ACB-C009713,3,High Risk / Low Engagement
ACB-C009714,3,High Risk / Low Engagement
ACB-C009715,0,Premium / Multi-Product
ACB-C009716,0,Premium / Multi-Product
ACB-C009717,3,High Risk / Low Engagement
ACB-C009718,0,Premium / Multi-Product
ACB-C009719,0,Premium / Multi-Product
ACB-C009720,3,High Risk / Low Engagement
ACB-C009721,0,Premium / Multi-Product
ACB-C009722,1,Stable Core Customer
ACB-C009723,0,Premium / Multi-Product
ACB-C009724,0,Premium / Multi-Product
ACB-C009725,2,Developing / Building Credit
ACB-C009726,3,High Risk / Low Engagement
ACB-C009727,3,High Risk / Low Engagement
ACB-C009728,0,Premium / Multi-Product
ACB-C009729,2,Developing / Building Credit
ACB-C009730,0,Premium / Multi-Product
ACB-C009731,3,High Risk / Low Engagement
ACB-C009732,3,High Risk / Low Engagement
ACB-C009733,3,High Risk / Low Engagement
ACB-C009734,0,Premium / Multi-Product
ACB-C009735,0,Premium / Multi-Product
ACB-C009736,1,Stable Core Customer
ACB-C009737,0,Premium / Multi-Product
ACB-C009738,3,High Risk / Low Engagement
ACB-C009739,3,High Risk / Low Engagement
ACB-C009740,3,High Risk / Low Engagement
ACB-C009741,0,Premium / Multi-Product
ACB-C009742,0,Premium / Multi-Product
ACB-C009743,1,Stable Core Customer
ACB-C009744,3,High Risk / Low Engagement
ACB-C009745,3,High Risk / Low Engagement
ACB-C009746,1,Stable Core Customer
ACB-C009747,3,High Risk / Low Engagement
ACB-C009748,1,Stable Core Customer
ACB-C009749,0,Premium / Multi-Product
ACB-C009750,2,Developing / Building Credit
ACB-C009751,1,Stable Core Customer
ACB-C009752,0,Premium / Multi-Product
ACB-C009753,0,Premium / Multi-Product
ACB-C009754,1,Stable Core Customer
ACB-C009755,1,Stable Core Customer
ACB-C009756,0,Premium / Multi-Product
ACB-C009757,3,High Risk / Low Engagement
ACB-C009758,1,Stable Core Customer
ACB-C009759,0,Premium / Multi-Product
ACB-C009760,0,Premium / Multi-Product
ACB-C009761,0,Premium / Multi-Product
ACB-C009762,1,Stable Core Customer
ACB-C009763,0,Premium / Multi-Product
ACB-C009764,0,Premium / Multi-Product
ACB-C009765,3,High Risk / Low Engagement
ACB-C009766,1,Stable Core Customer
ACB-C009767,1,Stable Core Customer
ACB-C009768,3,High Risk / Low Engagement
ACB-C009769,0,Premium / Multi-Product
ACB-C009770,0,Premium / Multi-Product
ACB-C009771,0,Premium / Multi-Product
ACB-C009772,3,High Risk / Low Engagement
ACB-C009773,0,Premium / Multi-Product
ACB-C009774,0,Premium / Multi-Product
ACB-C009775,0,Premium / Multi-Product
ACB-C009776,0,Premium / Multi-Product
ACB-C009777,0,Premium / Multi-Product
ACB-C009778,1,Stable Core Customer
ACB-C009779,0,Premium / Multi-Product
ACB-C009780,3,High Risk / Low Engagement
ACB-C009781,0,Premium / Multi-Product
ACB-C009782,0,Premium / Multi-Product
ACB-C009783,1,Stable Core Customer
ACB-C009784,1,Stable Core Customer
ACB-C009785,1,Stable Core Customer
ACB-C009786,0,Premium / Multi-Product
ACB-C009787,3,High Risk / Low Engagement
ACB-C009788,0,Premium / Multi-Product
ACB-C009789,1,Stable Core Customer
ACB-C009790,1,Stable Core Customer
ACB-C009791,3,High Risk / Low Engagement
ACB-C009792,0,Premium / Multi-Product
ACB-C009793,1,Stable Core Customer
ACB-C009794,0,Premium / Multi-Product
ACB-C009795,1,Stable Core Customer
ACB-C009796,1,Stable Core Customer
ACB-C009797,3,High Risk / Low Engagement
ACB-C009798,2,Developing / Building Credit
ACB-C009799,3,High Risk / Low Engagement
ACB-C009800,0,Premium / Multi-Product
ACB-C009801,3,High Risk / Low Engagement
ACB-C009802,3,High Risk / Low Engagement
ACB-C009803,3,High Risk / Low Engagement
ACB-C009804,0,Premium / Multi-Product
ACB-C009805,0,Premium / Multi-Product
ACB-C009806,0,Premium / Multi-Product
ACB-C009807,0,Premium / Multi-Product
ACB-C009808,0,Premium / Multi-Product
ACB-C009809,0,Premium / Multi-Product
ACB-C009810,0,Premium / Multi-Product
ACB-C009811,3,High Risk / Low Engagement
ACB-C009812,3,High Risk / Low Engagement
ACB-C009813,0,Premium / Multi-Product
ACB-C009814,0,Premium / Multi-Product
ACB-C009815,3,High Risk / Low Engagement
ACB-C009816,3,High Risk / Low Engagement
ACB-C009817,3,High Risk / Low Engagement
ACB-C009818,3,High Risk / Low Engagement
ACB-C009819,0,Premium / Multi-Product
ACB-C009820,0,Premium / Multi-Product
ACB-C009821,3,High Risk / Low Engagement
ACB-C009822,1,Stable Core Customer
ACB-C009823,1,Stable Core Customer
ACB-C009824,1,Stable Core Customer
ACB-C009825,0,Premium / Multi-Product
ACB-C009826,3,High Risk / Low Engagement
ACB-C009827,0,Premium / Multi-Product
ACB-C009828,0,Premium / Multi-Product
ACB-C009829,3,High Risk / Low Engagement
ACB-C009830,0,Premium / Multi-Product
ACB-C009831,1,Stable Core Customer
ACB-C009832,0,Premium / Multi-Product
ACB-C009833,1,Stable Core Customer
ACB-C009834,1,Stable Core Customer
ACB-C009835,0,Premium / Multi-Product
ACB-C009836,0,Premium / Multi-Product
ACB-C009837,3,High Risk / Low Engagement
ACB-C009838,1,Stable Core Customer
ACB-C009839,1,Stable Core Customer
ACB-C009840,3,High Risk / Low Engagement
ACB-C009841,1,Stable Core Customer
ACB-C009842,3,High Risk / Low Engagement
ACB-C009843,3,High Risk / Low Engagement
ACB-C009844,0,Premium / Multi-Product
ACB-C009845,0,Premium / Multi-Product
ACB-C009846,3,High Risk / Low Engagement
ACB-C009847,0,Premium / Multi-Product
ACB-C009848,0,Premium / Multi-Product
ACB-C009849,3,High Risk / Low Engagement
ACB-C009850,0,Premium / Multi-Product
ACB-C009851,0,Premium / Multi-Product
ACB-C009852,1,Stable Core Customer
ACB-C009853,3,High Risk / Low Engagement
ACB-C009854,0,Premium / Multi-Product
ACB-C009855,1,Stable Core Customer
ACB-C009856,3,High Risk / Low Engagement
ACB-C009857,1,Stable Core Customer
ACB-C009858,1,Stable Core Customer
ACB-C009859,1,Stable Core Customer
ACB-C009860,3,High Risk / Low Engagement
ACB-C009861,0,Premium / Multi-Product
ACB-C009862,0,Premium / Multi-Product
ACB-C009863,0,Premium / Multi-Product
ACB-C009864,1,Stable Core Customer
ACB-C009865,3,High Risk / Low Engagement
ACB-C009866,0,Premium / Multi-Product
ACB-C009867,3,High Risk / Low Engagement
ACB-C009868,2,Developing / Building Credit
ACB-C009869,0,Premium / Multi-Product
ACB-C009870,2,Developing / Building Credit
ACB-C009871,0,Premium / Multi-Product
ACB-C009872,1,Stable Core Customer
ACB-C009873,0,Premium / Multi-Product
ACB-C009874,3,High Risk / Low Engagement
ACB-C009875,0,Premium / Multi-Product
ACB-C009876,3,High Risk / Low Engagement
ACB-C009877,0,Premium / Multi-Product
ACB-C009878,0,Premium / Multi-Product
ACB-C009879,3,High Risk / Low Engagement
ACB-C009880,3,High Risk / Low Engagement
ACB-C009881,1,Stable Core Customer
ACB-C009882,0,Premium / Multi-Product
ACB-C009883,0,Premium / Multi-Product
ACB-C009884,1,Stable Core Customer
ACB-C009885,0,Premium / Multi-Product
ACB-C009886,0,Premium / Multi-Product
ACB-C009887,1,Stable Core Customer
ACB-C009888,1,Stable Core Customer
ACB-C009889,2,Developing / Building Credit
ACB-C009890,0,Premium / Multi-Product
ACB-C009891,1,Stable Core Customer
ACB-C009892,0,Premium / Multi-Product
ACB-C009893,0,Premium / Multi-Product
ACB-C009894,0,Premium / Multi-Product
ACB-C009895,0,Premium / Multi-Product
ACB-C009896,0,Premium / Multi-Product
ACB-C009897,3,High Risk / Low Engagement
ACB-C009898,1,Stable Core Customer
ACB-C009899,0,Premium / Multi-Product
ACB-C009900,3,High Risk / Low Engagement
ACB-C009901,3,High Risk / Low Engagement
ACB-C009902,0,Premium / Multi-Product
ACB-C009903,0,Premium / Multi-Product
ACB-C009904,0,Premium / Multi-Product
ACB-C009905,1,Stable Core Customer
ACB-C009906,1,Stable Core Customer
ACB-C009907,2,Developing / Building Credit
ACB-C009908,3,High Risk / Low Engagement
ACB-C009909,3,High Risk / Low Engagement
ACB-C009910,1,Stable Core Customer
ACB-C009911,3,High Risk / Low Engagement
ACB-C009912,0,Premium / Multi-Product
ACB-C009913,0,Premium / Multi-Product
ACB-C009914,0,Premium / Multi-Product
ACB-C009915,0,Premium / Multi-Product
ACB-C009916,1,Stable Core Customer
ACB-C009917,3,High Risk / Low Engagement
ACB-C009918,1,Stable Core Customer
ACB-C009919,0,Premium / Multi-Product
ACB-C009920,1,Stable Core Customer
ACB-C009921,0,Premium / Multi-Product
ACB-C009922,0,Premium / Multi-Product
ACB-C009923,1,Stable Core Customer
ACB-C009924,2,Developing / Building Credit
ACB-C009925,0,Premium / Multi-Product
ACB-C009926,1,Stable Core Customer
ACB-C009927,1,Stable Core Customer
ACB-C009928,0,Premium / Multi-Product
ACB-C009929,0,Premium / Multi-Product
ACB-C009930,0,Premium / Multi-Product
ACB-C009931,0,Premium / Multi-Product
ACB-C009932,3,High Risk / Low Engagement
ACB-C009933,3,High Risk / Low Engagement
ACB-C009934,1,Stable Core Customer
ACB-C009935,1,Stable Core Customer
ACB-C009936,0,Premium / Multi-Product
ACB-C009937,1,Stable Core Customer
ACB-C009938,0,Premium / Multi-Product
ACB-C009939,1,Stable Core Customer
ACB-C009940,3,High Risk / Low Engagement
ACB-C009941,3,High Risk / Low Engagement
ACB-C009942,1,Stable Core Customer
ACB-C009943,1,Stable Core Customer
ACB-C009944,2,Developing / Building Credit
ACB-C009945,0,Premium / Multi-Product
ACB-C009946,2,Developing / Building Credit
ACB-C009947,0,Premium / Multi-Product
ACB-C009948,0,Premium / Multi-Product
ACB-C009949,3,High Risk / Low Engagement
ACB-C009950,3,High Risk / Low Engagement
ACB-C009951,0,Premium / Multi-Product
ACB-C009952,3,High Risk / Low Engagement
ACB-C009953,0,Premium / Multi-Product
ACB-C009954,0,Premium / Multi-Product
ACB-C009955,0,Premium / Multi-Product
ACB-C009956,0,Premium / Multi-Product
ACB-C009957,3,High Risk / Low Engagement
ACB-C009958,2,Developing / Building Credit
ACB-C009959,1,Stable Core Customer
ACB-C009960,3,High Risk / Low Engagement
ACB-C009961,0,Premium / Multi-Product
ACB-C009962,1,Stable Core Customer
ACB-C009963,1,Stable Core Customer
ACB-C009964,0,Premium / Multi-Product
ACB-C009965,0,Premium / Multi-Product
ACB-C009966,0,Premium / Multi-Product
ACB-C009967,3,High Risk / Low Engagement
ACB-C009968,0,Premium / Multi-Product
ACB-C009969,0,Premium / Multi-Product
ACB-C009970,0,Premium / Multi-Product
ACB-C009971,3,High Risk / Low Engagement
ACB-C009972,0,Premium / Multi-Product
ACB-C009973,0,Premium / Multi-Product
ACB-C009974,0,Premium / Multi-Product
ACB-C009975,0,Premium / Multi-Product
ACB-C009976,1,Stable Core Customer
ACB-C009977,0,Premium / Multi-Product
ACB-C009978,3,High Risk / Low Engagement
ACB-C009979,3,High Risk / Low Engagement
ACB-C009980,0,Premium / Multi-Product
ACB-C009981,1,Stable Core Customer
ACB-C009982,1,Stable Core Customer
ACB-C009983,0,Premium / Multi-Product
ACB-C009984,1,Stable Core Customer
ACB-C009985,0,Premium / Multi-Product
ACB-C009986,0,Premium / Multi-Product
ACB-C009987,0,Premium / Multi-Product
ACB-C009988,0,Premium / Multi-Product
ACB-C009989,3,High Risk / Low Engagement
ACB-C009990,3,High Risk / Low Engagement
ACB-C009991,1,Stable Core Customer
ACB-C009992,3,High Risk / Low Engagement
ACB-C009993,1,Stable Core Customer
ACB-C009994,1,Stable Core Customer
ACB-C009995,3,High Risk / Low Engagement
ACB-C009996,0,Premium / Multi-Product
ACB-C009997,3,High Risk / Low Engagement
ACB-C009998,1,Stable Core Customer
ACB-C009999,1,Stable Core Customer
ACB-C010000,0,Premium / Multi-Product
ACB-C010001,0,Premium / Multi-Product
ACB-C010002,0,Premium / Multi-Product
ACB-C010003,0,Premium / Multi-Product
ACB-C010004,2,Developing / Building Credit
ACB-C010005,0,Premium / Multi-Product
ACB-C010006,0,Premium / Multi-Product
ACB-C010007,0,Premium / Multi-Product
ACB-C010008,0,Premium / Multi-Product
ACB-C010009,0,Premium / Multi-Product
ACB-C010010,1,Stable Core Customer
ACB-C010011,2,Developing / Building Credit
ACB-C010012,3,High Risk / Low Engagement
ACB-C010013,3,High Risk / Low Engagement
ACB-C010014,3,High Risk / Low Engagement
ACB-C010015,1,Stable Core Customer
ACB-C010016,0,Premium / Multi-Product
ACB-C010017,1,Stable Core Customer
ACB-C010018,1,Stable Core Customer
ACB-C010019,0,Premium / Multi-Product
ACB-C010020,3,High Risk / Low Engagement
ACB-C010021,1,Stable Core Customer
ACB-C010022,3,High Risk / Low Engagement
ACB-C010023,1,Stable Core Customer
ACB-C010024,0,Premium / Multi-Product
ACB-C010025,0,Premium / Multi-Product
ACB-C010026,1,Stable Core Customer
ACB-C010027,0,Premium / Multi-Product
ACB-C010028,0,Premium / Multi-Product
ACB-C010029,3,High Risk / Low Engagement
ACB-C010030,0,Premium / Multi-Product
ACB-C010031,0,Premium / Multi-Product
ACB-C010032,3,High Risk / Low Engagement
ACB-C010033,1,Stable Core Customer
ACB-C010034,3,High Risk / Low Engagement
ACB-C010035,1,Stable Core Customer
ACB-C010036,1,Stable Core Customer
ACB-C010037,3,High Risk / Low Engagement
ACB-C010038,3,High Risk / Low Engagement
ACB-C010039,1,Stable Core Customer
ACB-C010040,0,Premium / Multi-Product
ACB-C010041,2,Developing / Building Credit
ACB-C010042,3,High Risk / Low Engagement
ACB-C010043,0,Premium / Multi-Product
ACB-C010044,0,Premium / Multi-Product
ACB-C010045,0,Premium / Multi-Product
ACB-C010046,3,High Risk / Low Engagement
ACB-C010047,1,Stable Core Customer
ACB-C010048,3,High Risk / Low Engagement
ACB-C010049,3,High Risk / Low Engagement
ACB-C010050,1,Stable Core Customer
ACB-C010051,0,Premium / Multi-Product
ACB-C010052,1,Stable Core Customer
ACB-C010053,3,High Risk / Low Engagement
ACB-C010054,1,Stable Core Customer
ACB-C010055,2,Developing / Building Credit
ACB-C010056,1,Stable Core Customer
ACB-C010057,3,High Risk / Low Engagement
ACB-C010058,0,Premium / Multi-Product
ACB-C010059,0,Premium / Multi-Product
ACB-C010060,0,Premium / Multi-Product
ACB-C010061,1,Stable Core Customer
ACB-C010062,0,Premium / Multi-Product
ACB-C010063,0,Premium / Multi-Product
ACB-C010064,0,Premium / Multi-Product
ACB-C010065,3,High Risk / Low Engagement
ACB-C010066,3,High Risk / Low Engagement
ACB-C010067,0,Premium / Multi-Product
ACB-C010068,0,Premium / Multi-Product
ACB-C010069,1,Stable Core Customer
ACB-C010070,3,High Risk / Low Engagement
ACB-C010071,3,High Risk / Low Engagement
ACB-C010072,0,Premium / Multi-Product
ACB-C010073,2,Developing / Building Credit
ACB-C010074,3,High Risk / Low Engagement
ACB-C010075,3,High Risk / Low Engagement
ACB-C010076,3,High Risk / Low Engagement
ACB-C010077,1,Stable Core Customer
ACB-C010078,3,High Risk / Low Engagement
ACB-C010079,0,Premium / Multi-Product
ACB-C010080,3,High Risk / Low Engagement
ACB-C010081,2,Developing / Building Credit
ACB-C010082,2,Developing / Building Credit
ACB-C010083,3,High Risk / Low Engagement
ACB-C010084,1,Stable Core Customer
ACB-C010085,3,High Risk / Low Engagement
ACB-C010086,1,Stable Core Customer
ACB-C010087,0,Premium / Multi-Product
ACB-C010088,0,Premium / Multi-Product
ACB-C010089,0,Premium / Multi-Product
ACB-C010090,1,Stable Core Customer
ACB-C010091,0,Premium / Multi-Product
ACB-C010092,0,Premium / Multi-Product
ACB-C010093,1,Stable Core Customer
ACB-C010094,0,Premium / Multi-Product
ACB-C010095,1,Stable Core Customer
ACB-C010096,0,Premium / Multi-Product
ACB-C010097,0,Premium / Multi-Product
ACB-C010098,2,Developing / Building Credit
ACB-C010099,3,High Risk / Low Engagement
ACB-C010100,0,Premium / Multi-Product
ACB-C010101,1,Stable Core Customer
ACB-C010102,3,High Risk / Low Engagement
ACB-C010103,0,Premium / Multi-Product
ACB-C010104,0,Premium / Multi-Product
ACB-C010105,0,Premium / Multi-Product
ACB-C010106,2,Developing / Building Credit
ACB-C010107,0,Premium / Multi-Product
ACB-C010108,0,Premium / Multi-Product
ACB-C010109,3,High Risk / Low Engagement
ACB-C010110,3,High Risk / Low Engagement
ACB-C010111,1,Stable Core Customer
ACB-C010112,1,Stable Core Customer
ACB-C010113,1,Stable Core Customer
ACB-C010114,1,Stable Core Customer
ACB-C010115,0,Premium / Multi-Product
ACB-C010116,3,High Risk / Low Engagement
ACB-C010117,3,High Risk / Low Engagement
ACB-C010118,3,High Risk / Low Engagement
ACB-C010119,0,Premium / Multi-Product
ACB-C010120,3,High Risk / Low Engagement
ACB-C010121,0,Premium / Multi-Product
ACB-C010122,0,Premium / Multi-Product
ACB-C010123,1,Stable Core Customer
ACB-C010124,1,Stable Core Customer
ACB-C010125,3,High Risk / Low Engagement
ACB-C010126,0,Premium / Multi-Product
ACB-C010127,1,Stable Core Customer
ACB-C010128,0,Premium / Multi-Product
ACB-C010129,3,High Risk / Low Engagement
ACB-C010130,3,High Risk / Low Engagement
ACB-C010131,0,Premium / Multi-Product
ACB-C010132,1,Stable Core Customer
ACB-C010133,3,High Risk / Low Engagement
ACB-C010134,3,High Risk / Low Engagement
ACB-C010135,3,High Risk / Low Engagement
ACB-C010136,3,High Risk / Low Engagement
ACB-C010137,0,Premium / Multi-Product
ACB-C010138,3,High Risk / Low Engagement
ACB-C010139,1,Stable Core Customer
ACB-C010140,3,High Risk / Low Engagement
ACB-C010141,0,Premium / Multi-Product
ACB-C010142,3,High Risk / Low Engagement
ACB-C010143,3,High Risk / Low Engagement
ACB-C010144,2,Developing / Building Credit
ACB-C010145,1,Stable Core Customer
ACB-C010146,1,Stable Core Customer
ACB-C010147,3,High Risk / Low Engagement
ACB-C010148,3,High Risk / Low Engagement
ACB-C010149,3,High Risk / Low Engagement
ACB-C010150,0,Premium / Multi-Product
ACB-C010151,0,Premium / Multi-Product
ACB-C010152,0,Premium / Multi-Product
ACB-C010153,1,Stable Core Customer
ACB-C010154,1,Stable Core Customer
ACB-C010155,3,High Risk / Low Engagement
ACB-C010156,2,Developing / Building Credit
ACB-C010157,3,High Risk / Low Engagement
ACB-C010158,0,Premium / Multi-Product
ACB-C010159,0,Premium / Multi-Product
ACB-C010160,0,Premium / Multi-Product
ACB-C010161,0,Premium / Multi-Product
ACB-C010162,1,Stable Core Customer
ACB-C010163,0,Premium / Multi-Product
ACB-C010164,0,Premium / Multi-Product
ACB-C010165,3,High Risk / Low Engagement
ACB-C010166,3,High Risk / Low Engagement
ACB-C010167,3,High Risk / Low Engagement
ACB-C010168,0,Premium / Multi-Product
ACB-C010169,2,Developing / Building Credit
ACB-C010170,1,Stable Core Customer
ACB-C010171,1,Stable Core Customer
ACB-C010172,3,High Risk / Low Engagement
ACB-C010173,0,Premium / Multi-Product
ACB-C010174,0,Premium / Multi-Product
ACB-C010175,1,Stable Core Customer
ACB-C010176,3,High Risk / Low Engagement
ACB-C010177,2,Developing / Building Credit
ACB-C010178,1,Stable Core Customer
ACB-C010179,0,Premium / Multi-Product
ACB-C010180,0,Premium / Multi-Product
ACB-C010181,0,Premium / Multi-Product
ACB-C010182,3,High Risk / Low Engagement
ACB-C010183,1,Stable Core Customer
ACB-C010184,0,Premium / Multi-Product
ACB-C010185,0,Premium / Multi-Product
ACB-C010186,3,High Risk / Low Engagement
ACB-C010187,1,Stable Core Customer
ACB-C010188,3,High Risk / Low Engagement
ACB-C010189,0,Premium / Multi-Product
ACB-C010190,3,High Risk / Low Engagement
ACB-C010191,2,Developing / Building Credit
ACB-C010192,2,Developing / Building Credit
ACB-C010193,1,Stable Core Customer
ACB-C010194,3,High Risk / Low Engagement
ACB-C010195,3,High Risk / Low Engagement
ACB-C010196,3,High Risk / Low Engagement
ACB-C010197,0,Premium / Multi-Product
ACB-C010198,0,Premium / Multi-Product
ACB-C010199,0,Premium / Multi-Product
ACB-C010200,0,Premium / Multi-Product
ACB-C010201,3,High Risk / Low Engagement
ACB-C010202,0,Premium / Multi-Product
ACB-C010203,3,High Risk / Low Engagement
ACB-C010204,0,Premium / Multi-Product
ACB-C010205,3,High Risk / Low Engagement
ACB-C010206,0,Premium / Multi-Product
ACB-C010207,1,Stable Core Customer
ACB-C010208,3,High Risk / Low Engagement
ACB-C010209,3,High Risk / Low Engagement
ACB-C010210,0,Premium / Multi-Product
ACB-C010211,3,High Risk / Low Engagement
ACB-C010212,1,Stable Core Customer
ACB-C010213,3,High Risk / Low Engagement
ACB-C010214,0,Premium / Multi-Product
ACB-C010215,0,Premium / Multi-Product
ACB-C010216,0,Premium / Multi-Product
ACB-C010217,1,Stable Core Customer
ACB-C010218,0,Premium / Multi-Product
ACB-C010219,0,Premium / Multi-Product
ACB-C010220,1,Stable Core Customer
ACB-C010221,0,Premium / Multi-Product
ACB-C010222,2,Developing / Building Credit
ACB-C010223,1,Stable Core Customer
ACB-C010224,3,High Risk / Low Engagement
ACB-C010225,0,Premium / Multi-Product
ACB-C010226,0,Premium / Multi-Product
ACB-C010227,0,Premium / Multi-Product
ACB-C010228,1,Stable Core Customer
ACB-C010229,0,Premium / Multi-Product
ACB-C010230,0,Premium / Multi-Product
ACB-C010231,0,Premium / Multi-Product
ACB-C010232,1,Stable Core Customer
ACB-C010233,0,Premium / Multi-Product
ACB-C010234,3,High Risk / Low Engagement
ACB-C010235,3,High Risk / Low Engagement
ACB-C010236,1,Stable Core Customer
ACB-C010237,0,Premium / Multi-Product
ACB-C010238,3,High Risk / Low Engagement
ACB-C010239,3,High Risk / Low Engagement
ACB-C010240,3,High Risk / Low Engagement
ACB-C010241,3,High Risk / Low Engagement
ACB-C010242,2,Developing / Building Credit
ACB-C010243,0,Premium / Multi-Product
ACB-C010244,1,Stable Core Customer
ACB-C010245,3,High Risk / Low Engagement
ACB-C010246,1,Stable Core Customer
ACB-C010247,1,Stable Core Customer
ACB-C010248,1,Stable Core Customer
ACB-C010249,3,High Risk / Low Engagement
ACB-C010250,1,Stable Core Customer
ACB-C010251,1,Stable Core Customer
ACB-C010252,2,Developing / Building Credit
ACB-C010253,1,Stable Core Customer
ACB-C010254,3,High Risk / Low Engagement
ACB-C010255,1,Stable Core Customer
ACB-C010256,1,Stable Core Customer
ACB-C010257,1,Stable Core Customer
ACB-C010258,0,Premium / Multi-Product
ACB-C010259,0,Premium / Multi-Product
ACB-C010260,3,High Risk / Low Engagement
ACB-C010261,3,High Risk / Low Engagement
ACB-C010262,0,Premium / Multi-Product
ACB-C010263,3,High Risk / Low Engagement
ACB-C010264,1,Stable Core Customer
ACB-C010265,1,Stable Core Customer
ACB-C010266,0,Premium / Multi-Product
ACB-C010267,3,High Risk / Low Engagement
ACB-C010268,3,High Risk / Low Engagement
ACB-C010269,0,Premium / Multi-Product
ACB-C010270,0,Premium / Multi-Product
ACB-C010271,0,Premium / Multi-Product
ACB-C010272,3,High Risk / Low Engagement
ACB-C010273,0,Premium / Multi-Product
ACB-C010274,3,High Risk / Low Engagement
ACB-C010275,3,High Risk / Low Engagement
ACB-C010276,2,Developing / Building Credit
ACB-C010277,3,High Risk / Low Engagement
ACB-C010278,0,Premium / Multi-Product
ACB-C010279,3,High Risk / Low Engagement
ACB-C010280,0,Premium / Multi-Product
ACB-C010281,0,Premium / Multi-Product
ACB-C010282,0,Premium / Multi-Product
ACB-C010283,0,Premium / Multi-Product
ACB-C010284,1,Stable Core Customer
ACB-C010285,1,Stable Core Customer
ACB-C010286,0,Premium / Multi-Product
ACB-C010287,3,High Risk / Low Engagement
ACB-C010288,1,Stable Core Customer
ACB-C010289,1,Stable Core Customer
ACB-C010290,3,High Risk / Low Engagement
ACB-C010291,0,Premium / Multi-Product
ACB-C010292,0,Premium / Multi-Product
ACB-C010293,0,Premium / Multi-Product
ACB-C010294,3,High Risk / Low Engagement
ACB-C010295,1,Stable Core Customer
ACB-C010296,1,Stable Core Customer
ACB-C010297,0,Premium / Multi-Product
ACB-C010298,0,Premium / Multi-Product
ACB-C010299,1,Stable Core Customer
ACB-C010300,1,Stable Core Customer
ACB-C010301,1,Stable Core Customer
ACB-C010302,1,Stable Core Customer
ACB-C010303,3,High Risk / Low Engagement
ACB-C010304,1,Stable Core Customer
ACB-C010305,0,Premium / Multi-Product
ACB-C010306,3,High Risk / Low Engagement
ACB-C010307,0,Premium / Multi-Product
ACB-C010308,1,Stable Core Customer
ACB-C010309,3,High Risk / Low Engagement
ACB-C010310,3,High Risk / Low Engagement
ACB-C010311,0,Premium / Multi-Product
ACB-C010312,3,High Risk / Low Engagement
ACB-C010313,0,Premium / Multi-Product
ACB-C010314,0,Premium / Multi-Product
ACB-C010315,0,Premium / Multi-Product
ACB-C010316,0,Premium / Multi-Product
ACB-C010317,3,High Risk / Low Engagement
ACB-C010318,1,Stable Core Customer
ACB-C010319,3,High Risk / Low Engagement
ACB-C010320,0,Premium / Multi-Product
ACB-C010321,0,Premium / Multi-Product
ACB-C010322,0,Premium / Multi-Product
ACB-C010323,3,High Risk / Low Engagement
ACB-C010324,1,Stable Core Customer
ACB-C010325,3,High Risk / Low Engagement
ACB-C010326,3,High Risk / Low Engagement
ACB-C010327,3,High Risk / Low Engagement
ACB-C010328,3,High Risk / Low Engagement
ACB-C010329,0,Premium / Multi-Product
ACB-C010330,3,High Risk / Low Engagement
ACB-C010331,1,Stable Core Customer
ACB-C010332,3,High Risk / Low Engagement
ACB-C010333,3,High Risk / Low Engagement
ACB-C010334,1,Stable Core Customer
ACB-C010335,0,Premium / Multi-Product
ACB-C010336,0,Premium / Multi-Product
ACB-C010337,1,Stable Core Customer
ACB-C010338,1,Stable Core Customer
ACB-C010339,0,Premium / Multi-Product
ACB-C010340,1,Stable Core Customer
ACB-C010341,3,High Risk / Low Engagement
ACB-C010342,0,Premium / Multi-Product
ACB-C010343,3,High Risk / Low Engagement
ACB-C010344,0,Premium / Multi-Product
ACB-C010345,1,Stable Core Customer
ACB-C010346,1,Stable Core Customer
ACB-C010347,3,High Risk / Low Engagement
ACB-C010348,3,High Risk / Low Engagement
ACB-C010349,1,Stable Core Customer
ACB-C010350,0,Premium / Multi-Product
ACB-C010351,1,Stable Core Customer
ACB-C010352,2,Developing / Building Credit
ACB-C010353,0,Premium / Multi-Product
ACB-C010354,0,Premium / Multi-Product
ACB-C010355,1,Stable Core Customer
ACB-C010356,1,Stable Core Customer
ACB-C010357,3,High Risk / Low Engagement
ACB-C010358,1,Stable Core Customer
ACB-C010359,3,High Risk / Low Engagement
ACB-C010360,0,Premium / Multi-Product
ACB-C010361,0,Premium / Multi-Product
ACB-C010362,1,Stable Core Customer
ACB-C010363,0,Premium / Multi-Product
ACB-C010364,3,High Risk / Low Engagement
ACB-C010365,3,High Risk / Low Engagement
ACB-C010366,1,Stable Core Customer
ACB-C010367,2,Developing / Building Credit
ACB-C010368,3,High Risk / Low Engagement
ACB-C010369,1,Stable Core Customer
ACB-C010370,0,Premium / Multi-Product
ACB-C010371,1,Stable Core Customer
ACB-C010372,3,High Risk / Low Engagement
ACB-C010373,0,Premium / Multi-Product
ACB-C010374,1,Stable Core Customer
ACB-C010375,0,Premium / Multi-Product
ACB-C010376,2,Developing / Building Credit
ACB-C010377,1,Stable Core Customer
ACB-C010378,3,High Risk / Low Engagement
ACB-C010379,0,Premium / Multi-Product
ACB-C010380,0,Premium / Multi-Product
ACB-C010381,3,High Risk / Low Engagement
ACB-C010382,1,Stable Core Customer
ACB-C010383,0,Premium / Multi-Product
ACB-C010384,3,High Risk / Low Engagement
ACB-C010385,1,Stable Core Customer
ACB-C010386,3,High Risk / Low Engagement
ACB-C010387,3,High Risk / Low Engagement
ACB-C010388,1,Stable Core Customer
ACB-C010389,1,Stable Core Customer
ACB-C010390,0,Premium / Multi-Product
ACB-C010391,0,Premium / Multi-Product
ACB-C010392,0,Premium / Multi-Product
ACB-C010393,1,Stable Core Customer
ACB-C010394,2,Developing / Building Credit
ACB-C010395,3,High Risk / Low Engagement
ACB-C010396,3,High Risk / Low Engagement
ACB-C010397,0,Premium / Multi-Product
ACB-C010398,1,Stable Core Customer
ACB-C010399,2,Developing / Building Credit
ACB-C010400,0,Premium / Multi-Product
ACB-C010401,3,High Risk / Low Engagement
ACB-C010402,1,Stable Core Customer
ACB-C010403,3,High Risk / Low Engagement
ACB-C010404,3,High Risk / Low Engagement
ACB-C010405,0,Premium / Multi-Product
ACB-C010406,3,High Risk / Low Engagement
ACB-C010407,0,Premium / Multi-Product
ACB-C010408,3,High Risk / Low Engagement
ACB-C010409,0,Premium / Multi-Product
ACB-C010410,0,Premium / Multi-Product
ACB-C010411,0,Premium / Multi-Product
ACB-C010412,0,Premium / Multi-Product
ACB-C010413,3,High Risk / Low Engagement
ACB-C010414,3,High Risk / Low Engagement
ACB-C010415,3,High Risk / Low Engagement
ACB-C010416,3,High Risk / Low Engagement
ACB-C010417,3,High Risk / Low Engagement
ACB-C010418,0,Premium / Multi-Product
ACB-C010419,0,Premium / Multi-Product
ACB-C010420,0,Premium / Multi-Product
ACB-C010421,3,High Risk / Low Engagement
ACB-C010422,1,Stable Core Customer
ACB-C010423,3,High Risk / Low Engagement
ACB-C010424,0,Premium / Multi-Product
ACB-C010425,0,Premium / Multi-Product
ACB-C010426,0,Premium / Multi-Product
ACB-C010427,0,Premium / Multi-Product
ACB-C010428,1,Stable Core Customer
ACB-C010429,1,Stable Core Customer
ACB-C010430,0,Premium / Multi-Product
ACB-C010431,0,Premium / Multi-Product
ACB-C010432,0,Premium / Multi-Product
ACB-C010433,1,Stable Core Customer
ACB-C010434,1,Stable Core Customer
ACB-C010435,1,Stable Core Customer
ACB-C010436,0,Premium / Multi-Product
ACB-C010437,1,Stable Core Customer
ACB-C010438,0,Premium / Multi-Product
ACB-C010439,3,High Risk / Low Engagement
ACB-C010440,0,Premium / Multi-Product
ACB-C010441,1,Stable Core Customer
ACB-C010442,3,High Risk / Low Engagement
ACB-C010443,3,High Risk / Low Engagement
ACB-C010444,3,High Risk / Low Engagement
ACB-C010445,1,Stable Core Customer
ACB-C010446,0,Premium / Multi-Product
ACB-C010447,3,High Risk / Low Engagement
ACB-C010448,1,Stable Core Customer
ACB-C010449,3,High Risk / Low Engagement
ACB-C010450,2,Developing / Building Credit
ACB-C010451,0,Premium / Multi-Product
ACB-C010452,3,High Risk / Low Engagement
ACB-C010453,1,Stable Core Customer
ACB-C010454,1,Stable Core Customer
ACB-C010455,0,Premium / Multi-Product
ACB-C010456,1,Stable Core Customer
ACB-C010457,1,Stable Core Customer
ACB-C010458,0,Premium / Multi-Product
ACB-C010459,0,Premium / Multi-Product
ACB-C010460,1,Stable Core Customer
ACB-C010461,0,Premium / Multi-Product
ACB-C010462,0,Premium / Multi-Product
ACB-C010463,1,Stable Core Customer
ACB-C010464,3,High Risk / Low Engagement
ACB-C010465,3,High Risk / Low Engagement
ACB-C010466,0,Premium / Multi-Product
ACB-C010467,1,Stable Core Customer
ACB-C010468,0,Premium / Multi-Product
ACB-C010469,0,Premium / Multi-Product
ACB-C010470,3,High Risk / Low Engagement
ACB-C010471,3,High Risk / Low Engagement
ACB-C010472,3,High Risk / Low Engagement
ACB-C010473,2,Developing / Building Credit
ACB-C010474,1,Stable Core Customer
ACB-C010475,1,Stable Core Customer
ACB-C010476,3,High Risk / Low Engagement
ACB-C010477,3,High Risk / Low Engagement
ACB-C010478,2,Developing / Building Credit
ACB-C010479,3,High Risk / Low Engagement
ACB-C010480,0,Premium / Multi-Product
ACB-C010481,0,Premium / Multi-Product
ACB-C010482,0,Premium / Multi-Product
ACB-C010483,0,Premium / Multi-Product
ACB-C010484,3,High Risk / Low Engagement
ACB-C010485,3,High Risk / Low Engagement
ACB-C010486,3,High Risk / Low Engagement
ACB-C010487,0,Premium / Multi-Product
ACB-C010488,0,Premium / Multi-Product
ACB-C010489,0,Premium / Multi-Product
ACB-C010490,0,Premium / Multi-Product
ACB-C010491,0,Premium / Multi-Product
ACB-C010492,3,High Risk / Low Engagement
ACB-C010493,0,Premium / Multi-Product
ACB-C010494,1,Stable Core Customer
ACB-C010495,1,Stable Core Customer
ACB-C010496,3,High Risk / Low Engagement
ACB-C010497,3,High Risk / Low Engagement
ACB-C010498,3,High Risk / Low Engagement
ACB-C010499,1,Stable Core Customer
ACB-C010500,1,Stable Core Customer
ACB-C010501,3,High Risk / Low Engagement
ACB-C010502,1,Stable Core Customer
ACB-C010503,2,Developing / Building Credit
ACB-C010504,1,Stable Core Customer
ACB-C010505,3,High Risk / Low Engagement
ACB-C010506,3,High Risk / Low Engagement
ACB-C010507,0,Premium / Multi-Product
ACB-C010508,1,Stable Core Customer
ACB-C010509,3,High Risk / Low Engagement
ACB-C010510,1,Stable Core Customer
ACB-C010511,3,High Risk / Low Engagement
ACB-C010512,0,Premium / Multi-Product
ACB-C010513,0,Premium / Multi-Product
ACB-C010514,0,Premium / Multi-Product
ACB-C010515,0,Premium / Multi-Product
ACB-C010516,1,Stable Core Customer
ACB-C010517,2,Developing / Building Credit
ACB-C010518,0,Premium / Multi-Product
ACB-C010519,1,Stable Core Customer
ACB-C010520,0,Premium / Multi-Product
ACB-C010521,1,Stable Core Customer
ACB-C010522,0,Premium / Multi-Product
ACB-C010523,1,Stable Core Customer
ACB-C010524,1,Stable Core Customer
ACB-C010525,0,Premium / Multi-Product
ACB-C010526,3,High Risk / Low Engagement
ACB-C010527,0,Premium / Multi-Product
ACB-C010528,2,Developing / Building Credit
ACB-C010529,0,Premium / Multi-Product
ACB-C010530,1,Stable Core Customer
ACB-C010531,0,Premium / Multi-Product
ACB-C010532,1,Stable Core Customer
ACB-C010533,0,Premium / Multi-Product
ACB-C010534,0,Premium / Multi-Product
ACB-C010535,1,Stable Core Customer
ACB-C010536,0,Premium / Multi-Product
ACB-C010537,0,Premium / Multi-Product
ACB-C010538,0,Premium / Multi-Product
ACB-C010539,0,Premium / Multi-Product
ACB-C010540,1,Stable Core Customer
ACB-C010541,0,Premium / Multi-Product
ACB-C010542,0,Premium / Multi-Product
ACB-C010543,0,Premium / Multi-Product
ACB-C010544,3,High Risk / Low Engagement
ACB-C010545,1,Stable Core Customer
ACB-C010546,0,Premium / Multi-Product
ACB-C010547,0,Premium / Multi-Product
ACB-C010548,3,High Risk / Low Engagement
ACB-C010549,3,High Risk / Low Engagement
ACB-C010550,1,Stable Core Customer
ACB-C010551,1,Stable Core Customer
ACB-C010552,1,Stable Core Customer
ACB-C010553,1,Stable Core Customer
ACB-C010554,0,Premium / Multi-Product
ACB-C010555,3,High Risk / Low Engagement
ACB-C010556,1,Stable Core Customer
ACB-C010557,1,Stable Core Customer
ACB-C010558,1,Stable Core Customer
ACB-C010559,3,High Risk / Low Engagement
ACB-C010560,0,Premium / Multi-Product
ACB-C010561,2,Developing / Building Credit
ACB-C010562,0,Premium / Multi-Product
ACB-C010563,0,Premium / Multi-Product
ACB-C010564,3,High Risk / Low Engagement
ACB-C010565,1,Stable Core Customer
ACB-C010566,0,Premium / Multi-Product
ACB-C010567,1,Stable Core Customer
ACB-C010568,1,Stable Core Customer
ACB-C010569,0,Premium / Multi-Product
ACB-C010570,1,Stable Core Customer
ACB-C010571,1,Stable Core Customer
ACB-C010572,0,Premium / Multi-Product
ACB-C010573,0,Premium / Multi-Product
ACB-C010574,1,Stable Core Customer
ACB-C010575,3,High Risk / Low Engagement
ACB-C010576,0,Premium / Multi-Product
ACB-C010577,3,High Risk / Low Engagement
ACB-C010578,3,High Risk / Low Engagement
ACB-C010579,0,Premium / Multi-Product
ACB-C010580,2,Developing / Building Credit
ACB-C010581,1,Stable Core Customer
ACB-C010582,1,Stable Core Customer
ACB-C010583,0,Premium / Multi-Product
ACB-C010584,0,Premium / Multi-Product
ACB-C010585,0,Premium / Multi-Product
ACB-C010586,0,Premium / Multi-Product
ACB-C010587,3,High Risk / Low Engagement
ACB-C010588,0,Premium / Multi-Product
ACB-C010589,3,High Risk / Low Engagement
ACB-C010590,0,Premium / Multi-Product
ACB-C010591,1,Stable Core Customer
ACB-C010592,0,Premium / Multi-Product
ACB-C010593,1,Stable Core Customer
ACB-C010594,0,Premium / Multi-Product
ACB-C010595,3,High Risk / Low Engagement
ACB-C010596,0,Premium / Multi-Product
ACB-C010597,0,Premium / Multi-Product
ACB-C010598,0,Premium / Multi-Product
ACB-C010599,0,Premium / Multi-Product
ACB-C010600,1,Stable Core Customer
ACB-C010601,0,Premium / Multi-Product
ACB-C010602,0,Premium / Multi-Product
ACB-C010603,0,Premium / Multi-Product
ACB-C010604,0,Premium / Multi-Product
ACB-C010605,0,Premium / Multi-Product
ACB-C010606,0,Premium / Multi-Product
ACB-C010607,0,Premium / Multi-Product
ACB-C010608,1,Stable Core Customer
ACB-C010609,0,Premium / Multi-Product
ACB-C010610,1,Stable Core Customer
ACB-C010611,1,Stable Core Customer
ACB-C010612,0,Premium / Multi-Product
ACB-C010613,0,Premium / Multi-Product
ACB-C010614,1,Stable Core Customer
ACB-C010615,0,Premium / Multi-Product
ACB-C010616,0,Premium / Multi-Product
ACB-C010617,1,Stable Core Customer
ACB-C010618,1,Stable Core Customer
ACB-C010619,0,Premium / Multi-Product
ACB-C010620,0,Premium / Multi-Product
ACB-C010621,0,Premium / Multi-Product
ACB-C010622,0,Premium / Multi-Product
ACB-C010623,0,Premium / Multi-Product
ACB-C010624,0,Premium / Multi-Product
ACB-C010625,0,Premium / Multi-Product
ACB-C010626,3,High Risk / Low Engagement
ACB-C010627,1,Stable Core Customer
ACB-C010628,3,High Risk / Low Engagement
ACB-C010629,2,Developing / Building Credit
ACB-C010630,3,High Risk / Low Engagement
ACB-C010631,3,High Risk / Low Engagement
ACB-C010632,0,Premium / Multi-Product
ACB-C010633,1,Stable Core Customer
ACB-C010634,0,Premium / Multi-Product
ACB-C010635,0,Premium / Multi-Product
ACB-C010636,2,Developing / Building Credit
ACB-C010637,3,High Risk / Low Engagement
ACB-C010638,0,Premium / Multi-Product
ACB-C010639,0,Premium / Multi-Product
ACB-C010640,1,Stable Core Customer
ACB-C010641,0,Premium / Multi-Product
ACB-C010642,0,Premium / Multi-Product
ACB-C010643,0,Premium / Multi-Product
ACB-C010644,3,High Risk / Low Engagement
ACB-C010645,3,High Risk / Low Engagement
ACB-C010646,1,Stable Core Customer
ACB-C010647,2,Developing / Building Credit
ACB-C010648,3,High Risk / Low Engagement
ACB-C010649,1,Stable Core Customer
ACB-C010650,0,Premium / Multi-Product
ACB-C010651,3,High Risk / Low Engagement
ACB-C010652,3,High Risk / Low Engagement
ACB-C010653,0,Premium / Multi-Product
ACB-C010654,0,Premium / Multi-Product
ACB-C010655,0,Premium / Multi-Product
ACB-C010656,3,High Risk / Low Engagement
ACB-C010657,2,Developing / Building Credit
ACB-C010658,3,High Risk / Low Engagement
ACB-C010659,0,Premium / Multi-Product
ACB-C010660,0,Premium / Multi-Product
ACB-C010661,1,Stable Core Customer
ACB-C010662,1,Stable Core Customer
ACB-C010663,0,Premium / Multi-Product
ACB-C010664,0,Premium / Multi-Product
ACB-C010665,2,Developing / Building Credit
ACB-C010666,3,High Risk / Low Engagement
ACB-C010667,1,Stable Core Customer
ACB-C010668,0,Premium / Multi-Product
ACB-C010669,1,Stable Core Customer
ACB-C010670,3,High Risk / Low Engagement
ACB-C010671,1,Stable Core Customer
ACB-C010672,0,Premium / Multi-Product
ACB-C010673,3,High Risk / Low Engagement
ACB-C010674,3,High Risk / Low Engagement
ACB-C010675,3,High Risk / Low Engagement
ACB-C010676,3,High Risk / Low Engagement
ACB-C010677,0,Premium / Multi-Product
ACB-C010678,3,High Risk / Low Engagement
ACB-C010679,0,Premium / Multi-Product
ACB-C010680,1,Stable Core Customer
ACB-C010681,3,High Risk / Low Engagement
ACB-C010682,0,Premium / Multi-Product
ACB-C010683,0,Premium / Multi-Product
ACB-C010684,1,Stable Core Customer
ACB-C010685,0,Premium / Multi-Product
ACB-C010686,0,Premium / Multi-Product
ACB-C010687,3,High Risk / Low Engagement
ACB-C010688,3,High Risk / Low Engagement
ACB-C010689,0,Premium / Multi-Product
ACB-C010690,3,High Risk / Low Engagement
ACB-C010691,0,Premium / Multi-Product
ACB-C010692,0,Premium / Multi-Product
ACB-C010693,2,Developing / Building Credit
ACB-C010694,3,High Risk / Low Engagement
ACB-C010695,1,Stable Core Customer
ACB-C010696,0,Premium / Multi-Product
ACB-C010697,0,Premium / Multi-Product
ACB-C010698,3,High Risk / Low Engagement
ACB-C010699,1,Stable Core Customer
ACB-C010700,0,Premium / Multi-Product
ACB-C010701,3,High Risk / Low Engagement
ACB-C010702,0,Premium / Multi-Product
ACB-C010703,3,High Risk / Low Engagement
ACB-C010704,3,High Risk / Low Engagement
ACB-C010705,0,Premium / Multi-Product
ACB-C010706,0,Premium / Multi-Product
ACB-C010707,1,Stable Core Customer
ACB-C010708,3,High Risk / Low Engagement
ACB-C010709,1,Stable Core Customer
ACB-C010710,3,High Risk / Low Engagement
ACB-C010711,1,Stable Core Customer
ACB-C010712,0,Premium / Multi-Product
ACB-C010713,1,Stable Core Customer
ACB-C010714,0,Premium / Multi-Product
ACB-C010715,0,Premium / Multi-Product
ACB-C010716,0,Premium / Multi-Product
ACB-C010717,1,Stable Core Customer
ACB-C010718,0,Premium / Multi-Product
ACB-C010719,3,High Risk / Low Engagement
ACB-C010720,0,Premium / Multi-Product
ACB-C010721,1,Stable Core Customer
ACB-C010722,1,Stable Core Customer
ACB-C010723,3,High Risk / Low Engagement
ACB-C010724,2,Developing / Building Credit
ACB-C010725,3,High Risk / Low Engagement
ACB-C010726,0,Premium / Multi-Product
ACB-C010727,3,High Risk / Low Engagement
ACB-C010728,3,High Risk / Low Engagement
ACB-C010729,1,Stable Core Customer
ACB-C010730,1,Stable Core Customer
ACB-C010731,0,Premium / Multi-Product
ACB-C010732,1,Stable Core Customer
ACB-C010733,3,High Risk / Low Engagement
ACB-C010734,0,Premium / Multi-Product
ACB-C010735,0,Premium / Multi-Product
ACB-C010736,3,High Risk / Low Engagement
ACB-C010737,0,Premium / Multi-Product
ACB-C010738,0,Premium / Multi-Product
ACB-C010739,0,Premium / Multi-Product
ACB-C010740,0,Premium / Multi-Product
ACB-C010741,0,Premium / Multi-Product
ACB-C010742,1,Stable Core Customer
ACB-C010743,1,Stable Core Customer
ACB-C010744,0,Premium / Multi-Product
ACB-C010745,0,Premium / Multi-Product
ACB-C010746,3,High Risk / Low Engagement
ACB-C010747,3,High Risk / Low Engagement
ACB-C010748,0,Premium / Multi-Product
ACB-C010749,2,Developing / Building Credit
ACB-C010750,0,Premium / Multi-Product
ACB-C010751,0,Premium / Multi-Product
ACB-C010752,3,High Risk / Low Engagement
ACB-C010753,0,Premium / Multi-Product
ACB-C010754,0,Premium / Multi-Product
ACB-C010755,3,High Risk / Low Engagement
ACB-C010756,3,High Risk / Low Engagement
ACB-C010757,3,High Risk / Low Engagement
ACB-C010758,1,Stable Core Customer
ACB-C010759,3,High Risk / Low Engagement
ACB-C010760,1,Stable Core Customer
ACB-C010761,1,Stable Core Customer
ACB-C010762,3,High Risk / Low Engagement
ACB-C010763,3,High Risk / Low Engagement
ACB-C010764,1,Stable Core Customer
ACB-C010765,1,Stable Core Customer
ACB-C010766,0,Premium / Multi-Product
ACB-C010767,0,Premium / Multi-Product
ACB-C010768,3,High Risk / Low Engagement
ACB-C010769,1,Stable Core Customer
ACB-C010770,1,Stable Core Customer
ACB-C010771,1,Stable Core Customer
ACB-C010772,0,Premium / Multi-Product
ACB-C010773,3,High Risk / Low Engagement
ACB-C010774,1,Stable Core Customer
ACB-C010775,0,Premium / Multi-Product
ACB-C010776,3,High Risk / Low Engagement
ACB-C010777,0,Premium / Multi-Product
ACB-C010778,3,High Risk / Low Engagement
ACB-C010779,3,High Risk / Low Engagement
ACB-C010780,1,Stable Core Customer
ACB-C010781,1,Stable Core Customer
ACB-C010782,1,Stable Core Customer
ACB-C010783,0,Premium / Multi-Product
ACB-C010784,1,Stable Core Customer
ACB-C010785,1,Stable Core Customer
ACB-C010786,0,Premium / Multi-Product
ACB-C010787,1,Stable Core Customer
ACB-C010788,0,Premium / Multi-Product
ACB-C010789,1,Stable Core Customer
ACB-C010790,1,Stable Core Customer
ACB-C010791,0,Premium / Multi-Product
ACB-C010792,0,Premium / Multi-Product
ACB-C010793,3,High Risk / Low Engagement
ACB-C010794,0,Premium / Multi-Product
ACB-C010795,3,High Risk / Low Engagement
ACB-C010796,1,Stable Core Customer
ACB-C010797,1,Stable Core Customer
ACB-C010798,0,Premium / Multi-Product
ACB-C010799,1,Stable Core Customer
ACB-C010800,1,Stable Core Customer
ACB-C010801,1,Stable Core Customer
ACB-C010802,0,Premium / Multi-Product
ACB-C010803,0,Premium / Multi-Product
ACB-C010804,0,Premium / Multi-Product
ACB-C010805,3,High Risk / Low Engagement
ACB-C010806,1,Stable Core Customer
ACB-C010807,2,Developing / Building Credit
ACB-C010808,0,Premium / Multi-Product
ACB-C010809,3,High Risk / Low Engagement
ACB-C010810,0,Premium / Multi-Product
ACB-C010811,1,Stable Core Customer
ACB-C010812,1,Stable Core Customer
ACB-C010813,1,Stable Core Customer
ACB-C010814,0,Premium / Multi-Product
ACB-C010815,0,Premium / Multi-Product
ACB-C010816,1,Stable Core Customer
ACB-C010817,0,Premium / Multi-Product
ACB-C010818,3,High Risk / Low Engagement
ACB-C010819,0,Premium / Multi-Product
ACB-C010820,1,Stable Core Customer
ACB-C010821,1,Stable Core Customer
ACB-C010822,1,Stable Core Customer
ACB-C010823,1,Stable Core Customer
ACB-C010824,0,Premium / Multi-Product
ACB-C010825,1,Stable Core Customer
ACB-C010826,0,Premium / Multi-Product
ACB-C010827,0,Premium / Multi-Product
ACB-C010828,3,High Risk / Low Engagement
ACB-C010829,1,Stable Core Customer
ACB-C010830,0,Premium / Multi-Product
ACB-C010831,0,Premium / Multi-Product
ACB-C010832,0,Premium / Multi-Product
ACB-C010833,3,High Risk / Low Engagement
ACB-C010834,0,Premium / Multi-Product
ACB-C010835,0,Premium / Multi-Product
ACB-C010836,3,High Risk / Low Engagement
ACB-C010837,0,Premium / Multi-Product
ACB-C010838,0,Premium / Multi-Product
ACB-C010839,3,High Risk / Low Engagement
ACB-C010840,3,High Risk / Low Engagement
ACB-C010841,1,Stable Core Customer
ACB-C010842,0,Premium / Multi-Product
ACB-C010843,3,High Risk / Low Engagement
ACB-C010844,0,Premium / Multi-Product
ACB-C010845,0,Premium / Multi-Product
ACB-C010846,0,Premium / Multi-Product
ACB-C010847,3,High Risk / Low Engagement
ACB-C010848,1,Stable Core Customer
ACB-C010849,2,Developing / Building Credit
ACB-C010850,3,High Risk / Low Engagement
ACB-C010851,1,Stable Core Customer
ACB-C010852,0,Premium / Multi-Product
ACB-C010853,0,Premium / Multi-Product
ACB-C010854,1,Stable Core Customer
ACB-C010855,0,Premium / Multi-Product
ACB-C010856,3,High Risk / Low Engagement
ACB-C010857,1,Stable Core Customer
ACB-C010858,0,Premium / Multi-Product
ACB-C010859,0,Premium / Multi-Product
ACB-C010860,0,Premium / Multi-Product
ACB-C010861,1,Stable Core Customer
ACB-C010862,0,Premium / Multi-Product
ACB-C010863,1,Stable Core Customer
ACB-C010864,1,Stable Core Customer
ACB-C010865,0,Premium / Multi-Product
ACB-C010866,3,High Risk / Low Engagement
ACB-C010867,0,Premium / Multi-Product
ACB-C010868,1,Stable Core Customer
ACB-C010869,0,Premium / Multi-Product
ACB-C010870,2,Developing / Building Credit
ACB-C010871,3,High Risk / Low Engagement
ACB-C010872,0,Premium / Multi-Product
ACB-C010873,2,Developing / Building Credit
ACB-C010874,1,Stable Core Customer
ACB-C010875,3,High Risk / Low Engagement
ACB-C010876,0,Premium / Multi-Product
ACB-C010877,0,Premium / Multi-Product
ACB-C010878,3,High Risk / Low Engagement
ACB-C010879,3,High Risk / Low Engagement
ACB-C010880,0,Premium / Multi-Product
ACB-C010881,3,High Risk / Low Engagement
ACB-C010882,1,Stable Core Customer
ACB-C010883,0,Premium / Multi-Product
ACB-C010884,0,Premium / Multi-Product
ACB-C010885,0,Premium / Multi-Product
ACB-C010886,0,Premium / Multi-Product
ACB-C010887,0,Premium / Multi-Product
ACB-C010888,1,Stable Core Customer
ACB-C010889,3,High Risk / Low Engagement
ACB-C010890,1,Stable Core Customer
ACB-C010891,0,Premium / Multi-Product
ACB-C010892,3,High Risk / Low Engagement
ACB-C010893,0,Premium / Multi-Product
ACB-C010894,0,Premium / Multi-Product
ACB-C010895,1,Stable Core Customer
ACB-C010896,2,Developing / Building Credit
ACB-C010897,3,High Risk / Low Engagement
ACB-C010898,3,High Risk / Low Engagement
ACB-C010899,3,High Risk / Low Engagement
ACB-C010900,1,Stable Core Customer
ACB-C010901,1,Stable Core Customer
ACB-C010902,0,Premium / Multi-Product
ACB-C010903,0,Premium / Multi-Product
ACB-C010904,0,Premium / Multi-Product
ACB-C010905,0,Premium / Multi-Product
ACB-C010906,1,Stable Core Customer
ACB-C010907,1,Stable Core Customer
ACB-C010908,0,Premium / Multi-Product
ACB-C010909,0,Premium / Multi-Product
ACB-C010910,1,Stable Core Customer
ACB-C010911,0,Premium / Multi-Product
ACB-C010912,3,High Risk / Low Engagement
ACB-C010913,0,Premium / Multi-Product
ACB-C010914,0,Premium / Multi-Product
ACB-C010915,2,Developing / Building Credit
ACB-C010916,3,High Risk / Low Engagement
ACB-C010917,3,High Risk / Low Engagement
ACB-C010918,0,Premium / Multi-Product
ACB-C010919,2,Developing / Building Credit
ACB-C010920,0,Premium / Multi-Product
ACB-C010921,0,Premium / Multi-Product
ACB-C010922,3,High Risk / Low Engagement
ACB-C010923,1,Stable Core Customer
ACB-C010924,0,Premium / Multi-Product
ACB-C010925,0,Premium / Multi-Product
ACB-C010926,3,High Risk / Low Engagement
ACB-C010927,0,Premium / Multi-Product
ACB-C010928,0,Premium / Multi-Product
ACB-C010929,3,High Risk / Low Engagement
ACB-C010930,2,Developing / Building Credit
ACB-C010931,0,Premium / Multi-Product
ACB-C010932,0,Premium / Multi-Product
ACB-C010933,3,High Risk / Low Engagement
ACB-C010934,0,Premium / Multi-Product
ACB-C010935,1,Stable Core Customer
ACB-C010936,3,High Risk / Low Engagement
ACB-C010937,3,High Risk / Low Engagement
ACB-C010938,0,Premium / Multi-Product
ACB-C010939,3,High Risk / Low Engagement
ACB-C010940,1,Stable Core Customer
ACB-C010941,0,Premium / Multi-Product
ACB-C010942,0,Premium / Multi-Product
ACB-C010943,2,Developing / Building Credit
ACB-C010944,0,Premium / Multi-Product
ACB-C010945,0,Premium / Multi-Product
ACB-C010946,2,Developing / Building Credit
ACB-C010947,0,Premium / Multi-Product
ACB-C010948,0,Premium / Multi-Product
ACB-C010949,1,Stable Core Customer
ACB-C010950,3,High Risk / Low Engagement
ACB-C010951,0,Premium / Multi-Product
ACB-C010952,3,High Risk / Low Engagement
ACB-C010953,3,High Risk / Low Engagement
ACB-C010954,0,Premium / Multi-Product
ACB-C010955,3,High Risk / Low Engagement
ACB-C010956,0,Premium / Multi-Product
ACB-C010957,1,Stable Core Customer
ACB-C010958,0,Premium / Multi-Product
ACB-C010959,0,Premium / Multi-Product
ACB-C010960,0,Premium / Multi-Product
ACB-C010961,0,Premium / Multi-Product
ACB-C010962,0,Premium / Multi-Product
ACB-C010963,3,High Risk / Low Engagement
ACB-C010964,0,Premium / Multi-Product
ACB-C010965,3,High Risk / Low Engagement
ACB-C010966,2,Developing / Building Credit
ACB-C010967,0,Premium / Multi-Product
ACB-C010968,0,Premium / Multi-Product
ACB-C010969,3,High Risk / Low Engagement
ACB-C010970,0,Premium / Multi-Product
ACB-C010971,0,Premium / Multi-Product
ACB-C010972,1,Stable Core Customer
ACB-C010973,1,Stable Core Customer
ACB-C010974,3,High Risk / Low Engagement
ACB-C010975,3,High Risk / Low Engagement
ACB-C010976,2,Developing / Building Credit
ACB-C010977,3,High Risk / Low Engagement
ACB-C010978,0,Premium / Multi-Product
ACB-C010979,0,Premium / Multi-Product
ACB-C010980,3,High Risk / Low Engagement
ACB-C010981,0,Premium / Multi-Product
ACB-C010982,1,Stable Core Customer
ACB-C010983,1,Stable Core Customer
ACB-C010984,2,Developing / Building Credit
ACB-C010985,2,Developing / Building Credit
ACB-C010986,3,High Risk / Low Engagement
ACB-C010987,0,Premium / Multi-Product
ACB-C010988,0,Premium / Multi-Product
ACB-C010989,1,Stable Core Customer
ACB-C010990,1,Stable Core Customer
ACB-C010991,1,Stable Core Customer
ACB-C010992,3,High Risk / Low Engagement
ACB-C010993,3,High Risk / Low Engagement
ACB-C010994,0,Premium / Multi-Product
ACB-C010995,3,High Risk / Low Engagement
ACB-C010996,0,Premium / Multi-Product
ACB-C010997,2,Developing / Building Credit
ACB-C010998,3,High Risk / Low Engagement
ACB-C010999,0,Premium / Multi-Product
ACB-C011000,0,Premium / Multi-Product
ACB-C011001,3,High Risk / Low Engagement
ACB-C011002,3,High Risk / Low Engagement
ACB-C011003,0,Premium / Multi-Product
ACB-C011004,0,Premium / Multi-Product
ACB-C011005,1,Stable Core Customer
ACB-C011006,3,High Risk / Low Engagement
ACB-C011007,0,Premium / Multi-Product
ACB-C011008,1,Stable Core Customer
ACB-C011009,3,High Risk / Low Engagement
ACB-C011010,0,Premium / Multi-Product
ACB-C011011,1,Stable Core Customer
ACB-C011012,0,Premium / Multi-Product
ACB-C011013,0,Premium / Multi-Product
ACB-C011014,3,High Risk / Low Engagement
ACB-C011015,0,Premium / Multi-Product
ACB-C011016,0,Premium / Multi-Product
ACB-C011017,1,Stable Core Customer
ACB-C011018,0,Premium / Multi-Product
ACB-C011019,3,High Risk / Low Engagement
ACB-C011020,1,Stable Core Customer
ACB-C011021,3,High Risk / Low Engagement
ACB-C011022,3,High Risk / Low Engagement
ACB-C011023,0,Premium / Multi-Product
ACB-C011024,0,Premium / Multi-Product
ACB-C011025,3,High Risk / Low Engagement
ACB-C011026,1,Stable Core Customer
ACB-C011027,1,Stable Core Customer
ACB-C011028,0,Premium / Multi-Product
ACB-C011029,3,High Risk / Low Engagement
ACB-C011030,0,Premium / Multi-Product
ACB-C011031,3,High Risk / Low Engagement
ACB-C011032,0,Premium / Multi-Product
ACB-C011033,1,Stable Core Customer
ACB-C011034,3,High Risk / Low Engagement
ACB-C011035,1,Stable Core Customer
ACB-C011036,3,High Risk / Low Engagement
ACB-C011037,0,Premium / Multi-Product
ACB-C011038,0,Premium / Multi-Product
ACB-C011039,3,High Risk / Low Engagement
ACB-C011040,1,Stable Core Customer
ACB-C011041,0,Premium / Multi-Product
ACB-C011042,3,High Risk / Low Engagement
ACB-C011043,3,High Risk / Low Engagement
ACB-C011044,0,Premium / Multi-Product
ACB-C011045,3,High Risk / Low Engagement
ACB-C011046,3,High Risk / Low Engagement
ACB-C011047,0,Premium / Multi-Product
ACB-C011048,3,High Risk / Low Engagement
ACB-C011049,3,High Risk / Low Engagement
ACB-C011050,3,High Risk / Low Engagement
ACB-C011051,3,High Risk / Low Engagement
ACB-C011052,1,Stable Core Customer
ACB-C011053,3,High Risk / Low Engagement
ACB-C011054,0,Premium / Multi-Product
ACB-C011055,1,Stable Core Customer
ACB-C011056,0,Premium / Multi-Product
ACB-C011057,3,High Risk / Low Engagement
ACB-C011058,0,Premium / Multi-Product
ACB-C011059,2,Developing / Building Credit
ACB-C011060,3,High Risk / Low Engagement
ACB-C011061,0,Premium / Multi-Product
ACB-C011062,1,Stable Core Customer
ACB-C011063,3,High Risk / Low Engagement
ACB-C011064,1,Stable Core Customer
ACB-C011065,2,Developing / Building Credit
ACB-C011066,0,Premium / Multi-Product
ACB-C011067,2,Developing / Building Credit
ACB-C011068,1,Stable Core Customer
ACB-C011069,1,Stable Core Customer
ACB-C011070,3,High Risk / Low Engagement
ACB-C011071,3,High Risk / Low Engagement
ACB-C011072,2,Developing / Building Credit
ACB-C011073,1,Stable Core Customer
ACB-C011074,1,Stable Core Customer
ACB-C011075,2,Developing / Building Credit
ACB-C011076,0,Premium / Multi-Product
ACB-C011077,0,Premium / Multi-Product
ACB-C011078,1,Stable Core Customer
ACB-C011079,0,Premium / Multi-Product
ACB-C011080,3,High Risk / Low Engagement
ACB-C011081,0,Premium / Multi-Product
ACB-C011082,1,Stable Core Customer
ACB-C011083,0,Premium / Multi-Product
ACB-C011084,0,Premium / Multi-Product
ACB-C011085,0,Premium / Multi-Product
ACB-C011086,3,High Risk / Low Engagement
ACB-C011087,3,High Risk / Low Engagement
ACB-C011088,1,Stable Core Customer
ACB-C011089,1,Stable Core Customer
ACB-C011090,1,Stable Core Customer
ACB-C011091,1,Stable Core Customer
ACB-C011092,1,Stable Core Customer
ACB-C011093,0,Premium / Multi-Product
ACB-C011094,2,Developing / Building Credit
ACB-C011095,3,High Risk / Low Engagement
ACB-C011096,3,High Risk / Low Engagement
ACB-C011097,3,High Risk / Low Engagement
ACB-C011098,0,Premium / Multi-Product
ACB-C011099,0,Premium / Multi-Product
ACB-C011100,0,Premium / Multi-Product
ACB-C011101,3,High Risk / Low Engagement
ACB-C011102,3,High Risk / Low Engagement
ACB-C011103,1,Stable Core Customer
ACB-C011104,0,Premium / Multi-Product
ACB-C011105,1,Stable Core Customer
ACB-C011106,1,Stable Core Customer
ACB-C011107,3,High Risk / Low Engagement
ACB-C011108,0,Premium / Multi-Product
ACB-C011109,1,Stable Core Customer
ACB-C011110,3,High Risk / Low Engagement
ACB-C011111,0,Premium / Multi-Product
ACB-C011112,2,Developing / Building Credit
ACB-C011113,0,Premium / Multi-Product
ACB-C011114,0,Premium / Multi-Product
ACB-C011115,0,Premium / Multi-Product
ACB-C011116,0,Premium / Multi-Product
ACB-C011117,0,Premium / Multi-Product
ACB-C011118,3,High Risk / Low Engagement
ACB-C011119,0,Premium / Multi-Product
ACB-C011120,1,Stable Core Customer
ACB-C011121,0,Premium / Multi-Product
ACB-C011122,1,Stable Core Customer
ACB-C011123,0,Premium / Multi-Product
ACB-C011124,0,Premium / Multi-Product
ACB-C011125,0,Premium / Multi-Product
ACB-C011126,0,Premium / Multi-Product
ACB-C011127,1,Stable Core Customer
ACB-C011128,1,Stable Core Customer
ACB-C011129,0,Premium / Multi-Product
ACB-C011130,3,High Risk / Low Engagement
ACB-C011131,3,High Risk / Low Engagement
ACB-C011132,1,Stable Core Customer
ACB-C011133,3,High Risk / Low Engagement
ACB-C011134,1,Stable Core Customer
ACB-C011135,3,High Risk / Low Engagement
ACB-C011136,0,Premium / Multi-Product
ACB-C011137,0,Premium / Multi-Product
ACB-C011138,1,Stable Core Customer
ACB-C011139,0,Premium / Multi-Product
ACB-C011140,0,Premium / Multi-Product
ACB-C011141,1,Stable Core Customer
ACB-C011142,3,High Risk / Low Engagement
ACB-C011143,0,Premium / Multi-Product
ACB-C011144,3,High Risk / Low Engagement
ACB-C011145,1,Stable Core Customer
ACB-C011146,0,Premium / Multi-Product
ACB-C011147,3,High Risk / Low Engagement
ACB-C011148,3,High Risk / Low Engagement
ACB-C011149,3,High Risk / Low Engagement
ACB-C011150,3,High Risk / Low Engagement
ACB-C011151,2,Developing / Building Credit
ACB-C011152,0,Premium / Multi-Product
ACB-C011153,0,Premium / Multi-Product
ACB-C011154,3,High Risk / Low Engagement
ACB-C011155,3,High Risk / Low Engagement
ACB-C011156,0,Premium / Multi-Product
ACB-C011157,0,Premium / Multi-Product
ACB-C011158,0,Premium / Multi-Product
ACB-C011159,2,Developing / Building Credit
ACB-C011160,0,Premium / Multi-Product
ACB-C011161,1,Stable Core Customer
ACB-C011162,0,Premium / Multi-Product
ACB-C011163,0,Premium / Multi-Product
ACB-C011164,3,High Risk / Low Engagement
ACB-C011165,0,Premium / Multi-Product
ACB-C011166,0,Premium / Multi-Product
ACB-C011167,3,High Risk / Low Engagement
ACB-C011168,0,Premium / Multi-Product
ACB-C011169,0,Premium / Multi-Product
ACB-C011170,0,Premium / Multi-Product
ACB-C011171,0,Premium / Multi-Product
ACB-C011172,0,Premium / Multi-Product
ACB-C011173,1,Stable Core Customer
ACB-C011174,1,Stable Core Customer
ACB-C011175,0,Premium / Multi-Product
ACB-C011176,3,High Risk / Low Engagement
ACB-C011177,1,Stable Core Customer
ACB-C011178,0,Premium / Multi-Product
ACB-C011179,1,Stable Core Customer
ACB-C011180,0,Premium / Multi-Product
ACB-C011181,1,Stable Core Customer
ACB-C011182,0,Premium / Multi-Product
ACB-C011183,1,Stable Core Customer
ACB-C011184,3,High Risk / Low Engagement
ACB-C011185,0,Premium / Multi-Product
ACB-C011186,1,Stable Core Customer
ACB-C011187,1,Stable Core Customer
ACB-C011188,0,Premium / Multi-Product
ACB-C011189,3,High Risk / Low Engagement
ACB-C011190,0,Premium / Multi-Product
ACB-C011191,0,Premium / Multi-Product
ACB-C011192,1,Stable Core Customer
ACB-C011193,1,Stable Core Customer
ACB-C011194,3,High Risk / Low Engagement
ACB-C011195,1,Stable Core Customer
ACB-C011196,0,Premium / Multi-Product
ACB-C011197,1,Stable Core Customer
ACB-C011198,0,Premium / Multi-Product
ACB-C011199,3,High Risk / Low Engagement
ACB-C011200,0,Premium / Multi-Product
ACB-C011201,1,Stable Core Customer
ACB-C011202,0,Premium / Multi-Product
ACB-C011203,0,Premium / Multi-Product
ACB-C011204,0,Premium / Multi-Product
ACB-C011205,3,High Risk / Low Engagement
ACB-C011206,0,Premium / Multi-Product
ACB-C011207,3,High Risk / Low Engagement
ACB-C011208,3,High Risk / Low Engagement
ACB-C011209,1,Stable Core Customer
ACB-C011210,1,Stable Core Customer
ACB-C011211,3,High Risk / Low Engagement
ACB-C011212,1,Stable Core Customer
ACB-C011213,3,High Risk / Low Engagement
ACB-C011214,1,Stable Core Customer
ACB-C011215,1,Stable Core Customer
ACB-C011216,0,Premium / Multi-Product
ACB-C011217,1,Stable Core Customer
ACB-C011218,0,Premium / Multi-Product
ACB-C011219,0,Premium / Multi-Product
ACB-C011220,3,High Risk / Low Engagement
ACB-C011221,0,Premium / Multi-Product
ACB-C011222,0,Premium / Multi-Product
ACB-C011223,0,Premium / Multi-Product
ACB-C011224,0,Premium / Multi-Product
ACB-C011225,0,Premium / Multi-Product
ACB-C011226,3,High Risk / Low Engagement
ACB-C011227,0,Premium / Multi-Product
ACB-C011228,1,Stable Core Customer
ACB-C011229,0,Premium / Multi-Product
ACB-C011230,0,Premium / Multi-Product
ACB-C011231,0,Premium / Multi-Product
ACB-C011232,0,Premium / Multi-Product
ACB-C011233,1,Stable Core Customer
ACB-C011234,2,Developing / Building Credit
ACB-C011235,2,Developing / Building Credit
ACB-C011236,3,High Risk / Low Engagement
ACB-C011237,0,Premium / Multi-Product
ACB-C011238,0,Premium / Multi-Product
ACB-C011239,1,Stable Core Customer
ACB-C011240,0,Premium / Multi-Product
ACB-C011241,3,High Risk / Low Engagement
ACB-C011242,0,Premium / Multi-Product
ACB-C011243,3,High Risk / Low Engagement
ACB-C011244,3,High Risk / Low Engagement
ACB-C011245,1,Stable Core Customer
ACB-C011246,1,Stable Core Customer
ACB-C011247,0,Premium / Multi-Product
ACB-C011248,0,Premium / Multi-Product
ACB-C011249,3,High Risk / Low Engagement
ACB-C011250,0,Premium / Multi-Product
ACB-C011251,0,Premium / Multi-Product
ACB-C011252,3,High Risk / Low Engagement
ACB-C011253,2,Developing / Building Credit
ACB-C011254,0,Premium / Multi-Product
ACB-C011255,3,High Risk / Low Engagement
ACB-C011256,3,High Risk / Low Engagement
ACB-C011257,3,High Risk / Low Engagement
ACB-C011258,3,High Risk / Low Engagement
ACB-C011259,3,High Risk / Low Engagement
ACB-C011260,0,Premium / Multi-Product
ACB-C011261,3,High Risk / Low Engagement
ACB-C011262,2,Developing / Building Credit
ACB-C011263,0,Premium / Multi-Product
ACB-C011264,0,Premium / Multi-Product
ACB-C011265,0,Premium / Multi-Product
ACB-C011266,3,High Risk / Low Engagement
ACB-C011267,0,Premium / Multi-Product
ACB-C011268,0,Premium / Multi-Product
ACB-C011269,0,Premium / Multi-Product
ACB-C011270,0,Premium / Multi-Product
ACB-C011271,0,Premium / Multi-Product
ACB-C011272,0,Premium / Multi-Product
ACB-C011273,0,Premium / Multi-Product
ACB-C011274,0,Premium / Multi-Product
ACB-C011275,3,High Risk / Low Engagement
ACB-C011276,3,High Risk / Low Engagement
ACB-C011277,3,High Risk / Low Engagement
ACB-C011278,2,Developing / Building Credit
ACB-C011279,3,High Risk / Low Engagement
ACB-C011280,0,Premium / Multi-Product
ACB-C011281,2,Developing / Building Credit
ACB-C011282,0,Premium / Multi-Product
ACB-C011283,0,Premium / Multi-Product
ACB-C011284,0,Premium / Multi-Product
ACB-C011285,3,High Risk / Low Engagement
ACB-C011286,3,High Risk / Low Engagement
ACB-C011287,0,Premium / Multi-Product
ACB-C011288,3,High Risk / Low Engagement
ACB-C011289,3,High Risk / Low Engagement
ACB-C011290,3,High Risk / Low Engagement
ACB-C011291,1,Stable Core Customer
ACB-C011292,1,Stable Core Customer
ACB-C011293,0,Premium / Multi-Product
ACB-C011294,0,Premium / Multi-Product
ACB-C011295,3,High Risk / Low Engagement
ACB-C011296,3,High Risk / Low Engagement
ACB-C011297,0,Premium / Multi-Product
ACB-C011298,0,Premium / Multi-Product
ACB-C011299,0,Premium / Multi-Product
ACB-C011300,1,Stable Core Customer
ACB-C011301,0,Premium / Multi-Product
ACB-C011302,3,High Risk / Low Engagement
ACB-C011303,3,High Risk / Low Engagement
ACB-C011304,3,High Risk / Low Engagement
ACB-C011305,1,Stable Core Customer
ACB-C011306,0,Premium / Multi-Product
ACB-C011307,3,High Risk / Low Engagement
ACB-C011308,2,Developing / Building Credit
ACB-C011309,3,High Risk / Low Engagement
ACB-C011310,3,High Risk / Low Engagement
ACB-C011311,1,Stable Core Customer
ACB-C011312,0,Premium / Multi-Product
ACB-C011313,2,Developing / Building Credit
ACB-C011314,0,Premium / Multi-Product
ACB-C011315,0,Premium / Multi-Product
ACB-C011316,3,High Risk / Low Engagement
ACB-C011317,3,High Risk / Low Engagement
ACB-C011318,3,High Risk / Low Engagement
ACB-C011319,1,Stable Core Customer
ACB-C011320,2,Developing / Building Credit
ACB-C011321,3,High Risk / Low Engagement
ACB-C011322,0,Premium / Multi-Product
ACB-C011323,3,High Risk / Low Engagement
ACB-C011324,1,Stable Core Customer
ACB-C011325,1,Stable Core Customer
ACB-C011326,3,High Risk / Low Engagement
ACB-C011327,3,High Risk / Low Engagement
ACB-C011328,0,Premium / Multi-Product
ACB-C011329,1,Stable Core Customer
ACB-C011330,3,High Risk / Low Engagement
ACB-C011331,3,High Risk / Low Engagement
ACB-C011332,0,Premium / Multi-Product
ACB-C011333,0,Premium / Multi-Product
ACB-C011334,3,High Risk / Low Engagement
ACB-C011335,3,High Risk / Low Engagement
ACB-C011336,1,Stable Core Customer
ACB-C011337,3,High Risk / Low Engagement
ACB-C011338,1,Stable Core Customer
ACB-C011339,3,High Risk / Low Engagement
ACB-C011340,0,Premium / Multi-Product
ACB-C011341,3,High Risk / Low Engagement
ACB-C011342,3,High Risk / Low Engagement
ACB-C011343,0,Premium / Multi-Product
ACB-C011344,1,Stable Core Customer
ACB-C011345,0,Premium / Multi-Product
ACB-C011346,1,Stable Core Customer
ACB-C011347,3,High Risk / Low Engagement
ACB-C011348,2,Developing / Building Credit
ACB-C011349,3,High Risk / Low Engagement
ACB-C011350,3,High Risk / Low Engagement
ACB-C011351,3,High Risk / Low Engagement
ACB-C011352,3,High Risk / Low Engagement
ACB-C011353,0,Premium / Multi-Product
ACB-C011354,3,High Risk / Low Engagement
ACB-C011355,0,Premium / Multi-Product
ACB-C011356,3,High Risk / Low Engagement
ACB-C011357,0,Premium / Multi-Product
ACB-C011358,0,Premium / Multi-Product
ACB-C011359,0,Premium / Multi-Product
ACB-C011360,1,Stable Core Customer
ACB-C011361,0,Premium / Multi-Product
ACB-C011362,3,High Risk / Low Engagement
ACB-C011363,0,Premium / Multi-Product
ACB-C011364,0,Premium / Multi-Product
ACB-C011365,0,Premium / Multi-Product
ACB-C011366,0,Premium / Multi-Product
ACB-C011367,1,Stable Core Customer
ACB-C011368,0,Premium / Multi-Product
ACB-C011369,0,Premium / Multi-Product
ACB-C011370,1,Stable Core Customer
ACB-C011371,0,Premium / Multi-Product
ACB-C011372,1,Stable Core Customer
ACB-C011373,0,Premium / Multi-Product
ACB-C011374,1,Stable Core Customer
ACB-C011375,1,Stable Core Customer
ACB-C011376,0,Premium / Multi-Product
ACB-C011377,1,Stable Core Customer
ACB-C011378,1,Stable Core Customer
ACB-C011379,3,High Risk / Low Engagement
ACB-C011380,0,Premium / Multi-Product
ACB-C011381,0,Premium / Multi-Product
ACB-C011382,0,Premium / Multi-Product
ACB-C011383,1,Stable Core Customer
ACB-C011384,0,Premium / Multi-Product
ACB-C011385,0,Premium / Multi-Product
ACB-C011386,3,High Risk / Low Engagement
ACB-C011387,0,Premium / Multi-Product
ACB-C011388,0,Premium / Multi-Product
ACB-C011389,2,Developing / Building Credit
ACB-C011390,1,Stable Core Customer
ACB-C011391,0,Premium / Multi-Product
ACB-C011392,2,Developing / Building Credit
ACB-C011393,0,Premium / Multi-Product
ACB-C011394,3,High Risk / Low Engagement
ACB-C011395,1,Stable Core Customer
ACB-C011396,0,Premium / Multi-Product
ACB-C011397,1,Stable Core Customer
ACB-C011398,1,Stable Core Customer
ACB-C011399,0,Premium / Multi-Product
ACB-C011400,0,Premium / Multi-Product
ACB-C011401,3,High Risk / Low Engagement
ACB-C011402,0,Premium / Multi-Product
ACB-C011403,0,Premium / Multi-Product
ACB-C011404,1,Stable Core Customer
ACB-C011405,1,Stable Core Customer
ACB-C011406,3,High Risk / Low Engagement
ACB-C011407,1,Stable Core Customer
ACB-C011408,3,High Risk / Low Engagement
ACB-C011409,0,Premium / Multi-Product
ACB-C011410,3,High Risk / Low Engagement
ACB-C011411,1,Stable Core Customer
ACB-C011412,0,Premium / Multi-Product
ACB-C011413,2,Developing / Building Credit
ACB-C011414,3,High Risk / Low Engagement
ACB-C011415,0,Premium / Multi-Product
ACB-C011416,3,High Risk / Low Engagement
ACB-C011417,1,Stable Core Customer
ACB-C011418,0,Premium / Multi-Product
ACB-C011419,1,Stable Core Customer
ACB-C011420,1,Stable Core Customer
ACB-C011421,3,High Risk / Low Engagement
ACB-C011422,1,Stable Core Customer
ACB-C011423,0,Premium / Multi-Product
ACB-C011424,3,High Risk / Low Engagement
ACB-C011425,0,Premium / Multi-Product
ACB-C011426,1,Stable Core Customer
ACB-C011427,3,High Risk / Low Engagement
ACB-C011428,2,Developing / Building Credit
ACB-C011429,0,Premium / Multi-Product
ACB-C011430,0,Premium / Multi-Product
ACB-C011431,0,Premium / Multi-Product
ACB-C011432,3,High Risk / Low Engagement
ACB-C011433,0,Premium / Multi-Product
ACB-C011434,3,High Risk / Low Engagement
ACB-C011435,0,Premium / Multi-Product
ACB-C011436,0,Premium / Multi-Product
ACB-C011437,1,Stable Core Customer
ACB-C011438,1,Stable Core Customer
ACB-C011439,0,Premium / Multi-Product
ACB-C011440,1,Stable Core Customer
ACB-C011441,3,High Risk / Low Engagement
ACB-C011442,0,Premium / Multi-Product
ACB-C011443,0,Premium / Multi-Product
ACB-C011444,1,Stable Core Customer
ACB-C011445,2,Developing / Building Credit
ACB-C011446,3,High Risk / Low Engagement
ACB-C011447,3,High Risk / Low Engagement
ACB-C011448,3,High Risk / Low Engagement
ACB-C011449,0,Premium / Multi-Product
ACB-C011450,1,Stable Core Customer
ACB-C011451,0,Premium / Multi-Product
ACB-C011452,0,Premium / Multi-Product
ACB-C011453,1,Stable Core Customer
ACB-C011454,3,High Risk / Low Engagement
ACB-C011455,3,High Risk / Low Engagement
ACB-C011456,3,High Risk / Low Engagement
ACB-C011457,1,Stable Core Customer
ACB-C011458,0,Premium / Multi-Product
ACB-C011459,3,High Risk / Low Engagement
ACB-C011460,3,High Risk / Low Engagement
ACB-C011461,0,Premium / Multi-Product
ACB-C011462,0,Premium / Multi-Product
ACB-C011463,2,Developing / Building Credit
ACB-C011464,0,Premium / Multi-Product
ACB-C011465,1,Stable Core Customer
ACB-C011466,3,High Risk / Low Engagement
ACB-C011467,0,Premium / Multi-Product
ACB-C011468,2,Developing / Building Credit
ACB-C011469,0,Premium / Multi-Product
ACB-C011470,3,High Risk / Low Engagement
ACB-C011471,0,Premium / Multi-Product
ACB-C011472,0,Premium / Multi-Product
ACB-C011473,0,Premium / Multi-Product
ACB-C011474,0,Premium / Multi-Product
ACB-C011475,3,High Risk / Low Engagement
ACB-C011476,1,Stable Core Customer
ACB-C011477,3,High Risk / Low Engagement
ACB-C011478,0,Premium / Multi-Product
ACB-C011479,1,Stable Core Customer
ACB-C011480,0,Premium / Multi-Product
ACB-C011481,2,Developing / Building Credit
ACB-C011482,1,Stable Core Customer
ACB-C011483,0,Premium / Multi-Product
ACB-C011484,3,High Risk / Low Engagement
ACB-C011485,0,Premium / Multi-Product
ACB-C011486,3,High Risk / Low Engagement
ACB-C011487,2,Developing / Building Credit
ACB-C011488,0,Premium / Multi-Product
ACB-C011489,0,Premium / Multi-Product
ACB-C011490,1,Stable Core Customer
ACB-C011491,0,Premium / Multi-Product
ACB-C011492,0,Premium / Multi-Product
ACB-C011493,0,Premium / Multi-Product
ACB-C011494,0,Premium / Multi-Product
ACB-C011495,2,Developing / Building Credit
ACB-C011496,0,Premium / Multi-Product
ACB-C011497,0,Premium / Multi-Product
ACB-C011498,1,Stable Core Customer
ACB-C011499,3,High Risk / Low Engagement
ACB-C011500,0,Premium / Multi-Product
ACB-C011501,0,Premium / Multi-Product
ACB-C011502,0,Premium / Multi-Product
ACB-C011503,0,Premium / Multi-Product
ACB-C011504,3,High Risk / Low Engagement
ACB-C011505,0,Premium / Multi-Product
ACB-C011506,1,Stable Core Customer
ACB-C011507,0,Premium / Multi-Product
ACB-C011508,1,Stable Core Customer
ACB-C011509,1,Stable Core Customer
ACB-C011510,3,High Risk / Low Engagement
ACB-C011511,0,Premium / Multi-Product
ACB-C011512,1,Stable Core Customer
ACB-C011513,1,Stable Core Customer
ACB-C011514,3,High Risk / Low Engagement
ACB-C011515,0,Premium / Multi-Product
ACB-C011516,0,Premium / Multi-Product
ACB-C011517,1,Stable Core Customer
ACB-C011518,0,Premium / Multi-Product
ACB-C011519,2,Developing / Building Credit
ACB-C011520,1,Stable Core Customer
ACB-C011521,3,High Risk / Low Engagement
ACB-C011522,3,High Risk / Low Engagement
ACB-C011523,0,Premium / Multi-Product
ACB-C011524,0,Premium / Multi-Product
ACB-C011525,0,Premium / Multi-Product
ACB-C011526,3,High Risk / Low Engagement
ACB-C011527,0,Premium / Multi-Product
ACB-C011528,0,Premium / Multi-Product
ACB-C011529,0,Premium / Multi-Product
ACB-C011530,3,High Risk / Low Engagement
ACB-C011531,0,Premium / Multi-Product
ACB-C011532,3,High Risk / Low Engagement
ACB-C011533,0,Premium / Multi-Product
ACB-C011534,0,Premium / Multi-Product
ACB-C011535,1,Stable Core Customer
ACB-C011536,3,High Risk / Low Engagement
ACB-C011537,3,High Risk / Low Engagement
ACB-C011538,0,Premium / Multi-Product
ACB-C011539,0,Premium / Multi-Product
ACB-C011540,3,High Risk / Low Engagement
ACB-C011541,0,Premium / Multi-Product
ACB-C011542,3,High Risk / Low Engagement
ACB-C011543,3,High Risk / Low Engagement
ACB-C011544,0,Premium / Multi-Product
ACB-C011545,0,Premium / Multi-Product
ACB-C011546,3,High Risk / Low Engagement
ACB-C011547,3,High Risk / Low Engagement
ACB-C011548,1,Stable Core Customer
ACB-C011549,3,High Risk / Low Engagement
ACB-C011550,1,Stable Core Customer
ACB-C011551,0,Premium / Multi-Product
ACB-C011552,0,Premium / Multi-Product
ACB-C011553,0,Premium / Multi-Product
ACB-C011554,0,Premium / Multi-Product
ACB-C011555,0,Premium / Multi-Product
ACB-C011556,1,Stable Core Customer
ACB-C011557,1,Stable Core Customer
ACB-C011558,3,High Risk / Low Engagement
ACB-C011559,1,Stable Core Customer
ACB-C011560,1,Stable Core Customer
ACB-C011561,0,Premium / Multi-Product
ACB-C011562,3,High Risk / Low Engagement
ACB-C011563,0,Premium / Multi-Product
ACB-C011564,2,Developing / Building Credit
ACB-C011565,3,High Risk / Low Engagement
ACB-C011566,3,High Risk / Low Engagement
ACB-C011567,3,High Risk / Low Engagement
ACB-C011568,3,High Risk / Low Engagement
ACB-C011569,3,High Risk / Low Engagement
ACB-C011570,3,High Risk / Low Engagement
ACB-C011571,0,Premium / Multi-Product
ACB-C011572,2,Developing / Building Credit
ACB-C011573,0,Premium / Multi-Product
ACB-C011574,0,Premium / Multi-Product
ACB-C011575,2,Developing / Building Credit
ACB-C011576,0,Premium / Multi-Product
ACB-C011577,0,Premium / Multi-Product
ACB-C011578,0,Premium / Multi-Product
ACB-C011579,0,Premium / Multi-Product
ACB-C011580,1,Stable Core Customer
ACB-C011581,0,Premium / Multi-Product
ACB-C011582,1,Stable Core Customer
ACB-C011583,3,High Risk / Low Engagement
ACB-C011584,0,Premium / Multi-Product
ACB-C011585,1,Stable Core Customer
ACB-C011586,0,Premium / Multi-Product
ACB-C011587,0,Premium / Multi-Product
ACB-C011588,0,Premium / Multi-Product
ACB-C011589,0,Premium / Multi-Product
ACB-C011590,1,Stable Core Customer
ACB-C011591,0,Premium / Multi-Product
ACB-C011592,0,Premium / Multi-Product
ACB-C011593,0,Premium / Multi-Product
ACB-C011594,1,Stable Core Customer
ACB-C011595,3,High Risk / Low Engagement
ACB-C011596,1,Stable Core Customer
ACB-C011597,3,High Risk / Low Engagement
ACB-C011598,3,High Risk / Low Engagement
ACB-C011599,2,Developing / Building Credit
ACB-C011600,1,Stable Core Customer
ACB-C011601,3,High Risk / Low Engagement
ACB-C011602,0,Premium / Multi-Product
ACB-C011603,2,Developing / Building Credit
ACB-C011604,3,High Risk / Low Engagement
ACB-C011605,0,Premium / Multi-Product
ACB-C011606,3,High Risk / Low Engagement
ACB-C011607,3,High Risk / Low Engagement
ACB-C011608,0,Premium / Multi-Product
ACB-C011609,1,Stable Core Customer
ACB-C011610,0,Premium / Multi-Product
ACB-C011611,1,Stable Core Customer
ACB-C011612,0,Premium / Multi-Product
ACB-C011613,1,Stable Core Customer
ACB-C011614,0,Premium / Multi-Product
ACB-C011615,0,Premium / Multi-Product
ACB-C011616,1,Stable Core Customer
ACB-C011617,0,Premium / Multi-Product
ACB-C011618,3,High Risk / Low Engagement
ACB-C011619,3,High Risk / Low Engagement
ACB-C011620,0,Premium / Multi-Product
ACB-C011621,3,High Risk / Low Engagement
ACB-C011622,0,Premium / Multi-Product
ACB-C011623,1,Stable Core Customer
ACB-C011624,0,Premium / Multi-Product
ACB-C011625,0,Premium / Multi-Product
ACB-C011626,0,Premium / Multi-Product
ACB-C011627,0,Premium / Multi-Product
ACB-C011628,0,Premium / Multi-Product
ACB-C011629,3,High Risk / Low Engagement
ACB-C011630,0,Premium / Multi-Product
ACB-C011631,3,High Risk / Low Engagement
ACB-C011632,1,Stable Core Customer
ACB-C011633,0,Premium / Multi-Product
ACB-C011634,3,High Risk / Low Engagement
ACB-C011635,1,Stable Core Customer
ACB-C011636,2,Developing / Building Credit
ACB-C011637,0,Premium / Multi-Product
ACB-C011638,3,High Risk / Low Engagement
ACB-C011639,3,High Risk / Low Engagement
ACB-C011640,1,Stable Core Customer
ACB-C011641,0,Premium / Multi-Product
ACB-C011642,0,Premium / Multi-Product
ACB-C011643,2,Developing / Building Credit
ACB-C011644,2,Developing / Building Credit
ACB-C011645,0,Premium / Multi-Product
ACB-C011646,0,Premium / Multi-Product
ACB-C011647,0,Premium / Multi-Product
ACB-C011648,2,Developing / Building Credit
ACB-C011649,0,Premium / Multi-Product
ACB-C011650,1,Stable Core Customer
ACB-C011651,0,Premium / Multi-Product
ACB-C011652,1,Stable Core Customer
ACB-C011653,0,Premium / Multi-Product
ACB-C011654,0,Premium / Multi-Product
ACB-C011655,3,High Risk / Low Engagement
ACB-C011656,0,Premium / Multi-Product
ACB-C011657,3,High Risk / Low Engagement
ACB-C011658,1,Stable Core Customer
ACB-C011659,1,Stable Core Customer
ACB-C011660,3,High Risk / Low Engagement
ACB-C011661,2,Developing / Building Credit
ACB-C011662,3,High Risk / Low Engagement
ACB-C011663,3,High Risk / Low Engagement
ACB-C011664,1,Stable Core Customer
ACB-C011665,0,Premium / Multi-Product
ACB-C011666,0,Premium / Multi-Product
ACB-C011667,1,Stable Core Customer
ACB-C011668,3,High Risk / Low Engagement
ACB-C011669,0,Premium / Multi-Product
ACB-C011670,0,Premium / Multi-Product
ACB-C011671,1,Stable Core Customer
ACB-C011672,0,Premium / Multi-Product
ACB-C011673,1,Stable Core Customer
ACB-C011674,0,Premium / Multi-Product
ACB-C011675,2,Developing / Building Credit
ACB-C011676,0,Premium / Multi-Product
ACB-C011677,1,Stable Core Customer
ACB-C011678,3,High Risk / Low Engagement
ACB-C011679,0,Premium / Multi-Product
ACB-C011680,0,Premium / Multi-Product
ACB-C011681,0,Premium / Multi-Product
ACB-C011682,3,High Risk / Low Engagement
ACB-C011683,0,Premium / Multi-Product
ACB-C011684,0,Premium / Multi-Product
ACB-C011685,0,Premium / Multi-Product
ACB-C011686,1,Stable Core Customer
ACB-C011687,2,Developing / Building Credit
ACB-C011688,0,Premium / Multi-Product
ACB-C011689,1,Stable Core Customer
ACB-C011690,1,Stable Core Customer
ACB-C011691,0,Premium / Multi-Product
ACB-C011692,0,Premium / Multi-Product
ACB-C011693,3,High Risk / Low Engagement
ACB-C011694,3,High Risk / Low Engagement
ACB-C011695,3,High Risk / Low Engagement
ACB-C011696,0,Premium / Multi-Product
ACB-C011697,0,Premium / Multi-Product
ACB-C011698,0,Premium / Multi-Product
ACB-C011699,0,Premium / Multi-Product
ACB-C011700,0,Premium / Multi-Product
ACB-C011701,0,Premium / Multi-Product
ACB-C011702,3,High Risk / Low Engagement
ACB-C011703,0,Premium / Multi-Product
ACB-C011704,1,Stable Core Customer
ACB-C011705,1,Stable Core Customer
ACB-C011706,0,Premium / Multi-Product
ACB-C011707,3,High Risk / Low Engagement
ACB-C011708,0,Premium / Multi-Product
ACB-C011709,0,Premium / Multi-Product
ACB-C011710,1,Stable Core Customer
ACB-C011711,0,Premium / Multi-Product
ACB-C011712,3,High Risk / Low Engagement
ACB-C011713,0,Premium / Multi-Product
ACB-C011714,0,Premium / Multi-Product
ACB-C011715,0,Premium / Multi-Product
ACB-C011716,1,Stable Core Customer
ACB-C011717,0,Premium / Multi-Product
ACB-C011718,3,High Risk / Low Engagement
ACB-C011719,1,Stable Core Customer
ACB-C011720,0,Premium / Multi-Product
ACB-C011721,0,Premium / Multi-Product
ACB-C011722,3,High Risk / Low Engagement
ACB-C011723,1,Stable Core Customer
ACB-C011724,0,Premium / Multi-Product
ACB-C011725,0,Premium / Multi-Product
ACB-C011726,1,Stable Core Customer
ACB-C011727,0,Premium / Multi-Product
ACB-C011728,1,Stable Core Customer
ACB-C011729,0,Premium / Multi-Product
ACB-C011730,2,Developing / Building Credit
ACB-C011731,3,High Risk / Low Engagement
ACB-C011732,0,Premium / Multi-Product
ACB-C011733,0,Premium / Multi-Product
ACB-C011734,2,Developing / Building Credit
ACB-C011735,1,Stable Core Customer
ACB-C011736,1,Stable Core Customer
ACB-C011737,2,Developing / Building Credit
ACB-C011738,0,Premium / Multi-Product
ACB-C011739,1,Stable Core Customer
ACB-C011740,3,High Risk / Low Engagement
ACB-C011741,3,High Risk / Low Engagement
ACB-C011742,0,Premium / Multi-Product
ACB-C011743,3,High Risk / Low Engagement
ACB-C011744,1,Stable Core Customer
ACB-C011745,0,Premium / Multi-Product
ACB-C011746,0,Premium / Multi-Product
ACB-C011747,3,High Risk / Low Engagement
ACB-C011748,2,Developing / Building Credit
ACB-C011749,0,Premium / Multi-Product
ACB-C011750,1,Stable Core Customer
ACB-C011751,0,Premium / Multi-Product
ACB-C011752,0,Premium / Multi-Product
ACB-C011753,1,Stable Core Customer
ACB-C011754,0,Premium / Multi-Product
ACB-C011755,1,Stable Core Customer
ACB-C011756,1,Stable Core Customer
ACB-C011757,3,High Risk / Low Engagement
ACB-C011758,0,Premium / Multi-Product
ACB-C011759,1,Stable Core Customer
ACB-C011760,3,High Risk / Low Engagement
ACB-C011761,0,Premium / Multi-Product
ACB-C011762,0,Premium / Multi-Product
ACB-C011763,3,High Risk / Low Engagement
ACB-C011764,0,Premium / Multi-Product
ACB-C011765,1,Stable Core Customer
ACB-C011766,3,High Risk / Low Engagement
ACB-C011767,0,Premium / Multi-Product
ACB-C011768,0,Premium / Multi-Product
ACB-C011769,3,High Risk / Low Engagement
ACB-C011770,0,Premium / Multi-Product
ACB-C011771,1,Stable Core Customer
ACB-C011772,0,Premium / Multi-Product
ACB-C011773,1,Stable Core Customer
ACB-C011774,0,Premium / Multi-Product
ACB-C011775,0,Premium / Multi-Product
ACB-C011776,1,Stable Core Customer
ACB-C011777,3,High Risk / Low Engagement
ACB-C011778,1,Stable Core Customer
ACB-C011779,3,High Risk / Low Engagement
ACB-C011780,0,Premium / Multi-Product
ACB-C011781,0,Premium / Multi-Product
ACB-C011782,3,High Risk / Low Engagement
ACB-C011783,0,Premium / Multi-Product
ACB-C011784,1,Stable Core Customer
ACB-C011785,0,Premium / Multi-Product
ACB-C011786,1,Stable Core Customer
ACB-C011787,1,Stable Core Customer
ACB-C011788,0,Premium / Multi-Product
ACB-C011789,3,High Risk / Low Engagement
ACB-C011790,1,Stable Core Customer
ACB-C011791,0,Premium / Multi-Product
ACB-C011792,0,Premium / Multi-Product
ACB-C011793,0,Premium / Multi-Product
ACB-C011794,3,High Risk / Low Engagement
ACB-C011795,3,High Risk / Low Engagement
ACB-C011796,0,Premium / Multi-Product
ACB-C011797,3,High Risk / Low Engagement
ACB-C011798,3,High Risk / Low Engagement
ACB-C011799,2,Developing / Building Credit
ACB-C011800,0,Premium / Multi-Product
ACB-C011801,1,Stable Core Customer
ACB-C011802,3,High Risk / Low Engagement
ACB-C011803,0,Premium / Multi-Product
ACB-C011804,3,High Risk / Low Engagement
ACB-C011805,0,Premium / Multi-Product
ACB-C011806,2,Developing / Building Credit
ACB-C011807,3,High Risk / Low Engagement
ACB-C011808,0,Premium / Multi-Product
ACB-C011809,1,Stable Core Customer
ACB-C011810,1,Stable Core Customer
ACB-C011811,3,High Risk / Low Engagement
ACB-C011812,0,Premium / Multi-Product
ACB-C011813,0,Premium / Multi-Product
ACB-C011814,0,Premium / Multi-Product
ACB-C011815,2,Developing / Building Credit
ACB-C011816,3,High Risk / Low Engagement
ACB-C011817,3,High Risk / Low Engagement
ACB-C011818,0,Premium / Multi-Product
ACB-C011819,0,Premium / Multi-Product
ACB-C011820,0,Premium / Multi-Product
ACB-C011821,0,Premium / Multi-Product
ACB-C011822,0,Premium / Multi-Product
ACB-C011823,0,Premium / Multi-Product
ACB-C011824,3,High Risk / Low Engagement
ACB-C011825,3,High Risk / Low Engagement
ACB-C011826,3,High Risk / Low Engagement
ACB-C011827,0,Premium / Multi-Product
ACB-C011828,3,High Risk / Low Engagement
ACB-C011829,2,Developing / Building Credit
ACB-C011830,1,Stable Core Customer
ACB-C011831,3,High Risk / Low Engagement
ACB-C011832,2,Developing / Building Credit
ACB-C011833,3,High Risk / Low Engagement
ACB-C011834,1,Stable Core Customer
ACB-C011835,3,High Risk / Low Engagement
ACB-C011836,0,Premium / Multi-Product
ACB-C011837,3,High Risk / Low Engagement
ACB-C011838,0,Premium / Multi-Product
ACB-C011839,0,Premium / Multi-Product
ACB-C011840,1,Stable Core Customer
ACB-C011841,3,High Risk / Low Engagement
ACB-C011842,1,Stable Core Customer
ACB-C011843,3,High Risk / Low Engagement
ACB-C011844,1,Stable Core Customer
ACB-C011845,3,High Risk / Low Engagement
ACB-C011846,1,Stable Core Customer
ACB-C011847,0,Premium / Multi-Product
ACB-C011848,0,Premium / Multi-Product
ACB-C011849,3,High Risk / Low Engagement
ACB-C011850,3,High Risk / Low Engagement
ACB-C011851,3,High Risk / Low Engagement
ACB-C011852,1,Stable Core Customer
ACB-C011853,0,Premium / Multi-Product
ACB-C011854,3,High Risk / Low Engagement
ACB-C011855,3,High Risk / Low Engagement
ACB-C011856,0,Premium / Multi-Product
ACB-C011857,0,Premium / Multi-Product
ACB-C011858,1,Stable Core Customer
ACB-C011859,0,Premium / Multi-Product
ACB-C011860,1,Stable Core Customer
ACB-C011861,0,Premium / Multi-Product
ACB-C011862,0,Premium / Multi-Product
ACB-C011863,3,High Risk / Low Engagement
ACB-C011864,1,Stable Core Customer
ACB-C011865,0,Premium / Multi-Product
ACB-C011866,0,Premium / Multi-Product
ACB-C011867,1,Stable Core Customer
ACB-C011868,0,Premium / Multi-Product
ACB-C011869,1,Stable Core Customer
ACB-C011870,0,Premium / Multi-Product
ACB-C011871,3,High Risk / Low Engagement
ACB-C011872,0,Premium / Multi-Product
ACB-C011873,0,Premium / Multi-Product
ACB-C011874,3,High Risk / Low Engagement
ACB-C011875,0,Premium / Multi-Product
ACB-C011876,3,High Risk / Low Engagement
ACB-C011877,1,Stable Core Customer
ACB-C011878,0,Premium / Multi-Product
ACB-C011879,0,Premium / Multi-Product
ACB-C011880,1,Stable Core Customer
ACB-C011881,0,Premium / Multi-Product
ACB-C011882,1,Stable Core Customer
ACB-C011883,0,Premium / Multi-Product
ACB-C011884,3,High Risk / Low Engagement
ACB-C011885,3,High Risk / Low Engagement
ACB-C011886,0,Premium / Multi-Product
ACB-C011887,3,High Risk / Low Engagement
ACB-C011888,0,Premium / Multi-Product
ACB-C011889,0,Premium / Multi-Product
ACB-C011890,3,High Risk / Low Engagement
ACB-C011891,0,Premium / Multi-Product
ACB-C011892,0,Premium / Multi-Product
ACB-C011893,0,Premium / Multi-Product
ACB-C011894,3,High Risk / Low Engagement
ACB-C011895,3,High Risk / Low Engagement
ACB-C011896,0,Premium / Multi-Product
ACB-C011897,0,Premium / Multi-Product
ACB-C011898,1,Stable Core Customer
ACB-C011899,1,Stable Core Customer
ACB-C011900,0,Premium / Multi-Product
ACB-C011901,3,High Risk / Low Engagement
ACB-C011902,0,Premium / Multi-Product
ACB-C011903,0,Premium / Multi-Product
ACB-C011904,0,Premium / Multi-Product
ACB-C011905,1,Stable Core Customer
ACB-C011906,3,High Risk / Low Engagement
ACB-C011907,0,Premium / Multi-Product
ACB-C011908,3,High Risk / Low Engagement
ACB-C011909,0,Premium / Multi-Product
ACB-C011910,0,Premium / Multi-Product
ACB-C011911,3,High Risk / Low Engagement
ACB-C011912,0,Premium / Multi-Product
ACB-C011913,0,Premium / Multi-Product
ACB-C011914,3,High Risk / Low Engagement
ACB-C011915,1,Stable Core Customer
ACB-C011916,3,High Risk / Low Engagement
ACB-C011917,3,High Risk / Low Engagement
ACB-C011918,1,Stable Core Customer
ACB-C011919,0,Premium / Multi-Product
ACB-C011920,0,Premium / Multi-Product
ACB-C011921,0,Premium / Multi-Product
ACB-C011922,0,Premium / Multi-Product
ACB-C011923,3,High Risk / Low Engagement
ACB-C011924,0,Premium / Multi-Product
ACB-C011925,0,Premium / Multi-Product
ACB-C011926,3,High Risk / Low Engagement
ACB-C011927,0,Premium / Multi-Product
ACB-C011928,0,Premium / Multi-Product
ACB-C011929,0,Premium / Multi-Product
ACB-C011930,0,Premium / Multi-Product
ACB-C011931,1,Stable Core Customer
ACB-C011932,1,Stable Core Customer
ACB-C011933,3,High Risk / Low Engagement
ACB-C011934,0,Premium / Multi-Product
ACB-C011935,0,Premium / Multi-Product
ACB-C011936,3,High Risk / Low Engagement
ACB-C011937,3,High Risk / Low Engagement
ACB-C011938,1,Stable Core Customer
ACB-C011939,0,Premium / Multi-Product
ACB-C011940,3,High Risk / Low Engagement
ACB-C011941,3,High Risk / Low Engagement
ACB-C011942,1,Stable Core Customer
ACB-C011943,0,Premium / Multi-Product
ACB-C011944,3,High Risk / Low Engagement
ACB-C011945,0,Premium / Multi-Product
ACB-C011946,0,Premium / Multi-Product
ACB-C011947,3,High Risk / Low Engagement
ACB-C011948,0,Premium / Multi-Product
ACB-C011949,1,Stable Core Customer
ACB-C011950,1,Stable Core Customer
ACB-C011951,1,Stable Core Customer
ACB-C011952,1,Stable Core Customer
ACB-C011953,0,Premium / Multi-Product
ACB-C011954,3,High Risk / Low Engagement
ACB-C011955,3,High Risk / Low Engagement
ACB-C011956,3,High Risk / Low Engagement
ACB-C011957,3,High Risk / Low Engagement
ACB-C011958,0,Premium / Multi-Product
ACB-C011959,0,Premium / Multi-Product
ACB-C011960,0,Premium / Multi-Product
ACB-C011961,2,Developing / Building Credit
ACB-C011962,3,High Risk / Low Engagement
ACB-C011963,0,Premium / Multi-Product
ACB-C011964,0,Premium / Multi-Product
ACB-C011965,3,High Risk / Low Engagement
ACB-C011966,3,High Risk / Low Engagement
ACB-C011967,0,Premium / Multi-Product
ACB-C011968,2,Developing / Building Credit
ACB-C011969,1,Stable Core Customer
ACB-C011970,0,Premium / Multi-Product
ACB-C011971,0,Premium / Multi-Product
ACB-C011972,1,Stable Core Customer
ACB-C011973,0,Premium / Multi-Product
ACB-C011974,3,High Risk / Low Engagement
ACB-C011975,0,Premium / Multi-Product
ACB-C011976,1,Stable Core Customer
ACB-C011977,1,Stable Core Customer
ACB-C011978,3,High Risk / Low Engagement
ACB-C011979,0,Premium / Multi-Product
ACB-C011980,0,Premium / Multi-Product
ACB-C011981,1,Stable Core Customer
ACB-C011982,3,High Risk / Low Engagement
ACB-C011983,1,Stable Core Customer
ACB-C011984,3,High Risk / Low Engagement
ACB-C011985,3,High Risk / Low Engagement
ACB-C011986,1,Stable Core Customer
ACB-C011987,0,Premium / Multi-Product
ACB-C011988,1,Stable Core Customer
ACB-C011989,1,Stable Core Customer
ACB-C011990,3,High Risk / Low Engagement
ACB-C011991,0,Premium / Multi-Product
ACB-C011992,0,Premium / Multi-Product
ACB-C011993,1,Stable Core Customer
ACB-C011994,1,Stable Core Customer
ACB-C011995,0,Premium / Multi-Product
ACB-C011996,3,High Risk / Low Engagement
ACB-C011997,0,Premium / Multi-Product
ACB-C011998,0,Premium / Multi-Product
ACB-C011999,3,High Risk / Low Engagement
ACB-C012000,1,Stable Core Customer
ACB-C012001,3,High Risk / Low Engagement
ACB-C012002,3,High Risk / Low Engagement
ACB-C012003,0,Premium / Multi-Product
ACB-C012004,1,Stable Core Customer
ACB-C012005,3,High Risk / Low Engagement
ACB-C012006,0,Premium / Multi-Product
ACB-C012007,3,High Risk / Low Engagement
ACB-C012008,0,Premium / Multi-Product
ACB-C012009,0,Premium / Multi-Product
ACB-C012010,0,Premium / Multi-Product
ACB-C012011,0,Premium / Multi-Product
ACB-C012012,3,High Risk / Low Engagement
ACB-C012013,0,Premium / Multi-Product
ACB-C012014,0,Premium / Multi-Product
ACB-C012015,3,High Risk / Low Engagement
ACB-C012016,1,Stable Core Customer
ACB-C012017,0,Premium / Multi-Product
ACB-C012018,0,Premium / Multi-Product
ACB-C012019,0,Premium / Multi-Product
ACB-C012020,0,Premium / Multi-Product
ACB-C012021,0,Premium / Multi-Product
ACB-C012022,0,Premium / Multi-Product
ACB-C012023,0,Premium / Multi-Product
ACB-C012024,0,Premium / Multi-Product
ACB-C012025,0,Premium / Multi-Product
ACB-C012026,0,Premium / Multi-Product
ACB-C012027,1,Stable Core Customer
ACB-C012028,1,Stable Core Customer
ACB-C012029,2,Developing / Building Credit
ACB-C012030,1,Stable Core Customer
ACB-C012031,3,High Risk / Low Engagement
ACB-C012032,0,Premium / Multi-Product
ACB-C012033,0,Premium / Multi-Product
ACB-C012034,1,Stable Core Customer
ACB-C012035,1,Stable Core Customer
ACB-C012036,3,High Risk / Low Engagement
ACB-C012037,0,Premium / Multi-Product
ACB-C012038,0,Premium / Multi-Product
ACB-C012039,0,Premium / Multi-Product
ACB-C012040,0,Premium / Multi-Product
ACB-C012041,3,High Risk / Low Engagement
ACB-C012042,3,High Risk / Low Engagement
ACB-C012043,1,Stable Core Customer
ACB-C012044,1,Stable Core Customer
ACB-C012045,1,Stable Core Customer
ACB-C012046,3,High Risk / Low Engagement
ACB-C012047,0,Premium / Multi-Product
ACB-C012048,3,High Risk / Low Engagement
ACB-C012049,1,Stable Core Customer
ACB-C012050,3,High Risk / Low Engagement
ACB-C012051,3,High Risk / Low Engagement
ACB-C012052,0,Premium / Multi-Product
ACB-C012053,1,Stable Core Customer
ACB-C012054,1,Stable Core Customer
ACB-C012055,0,Premium / Multi-Product
ACB-C012056,1,Stable Core Customer
ACB-C012057,1,Stable Core Customer
ACB-C012058,0,Premium / Multi-Product
ACB-C012059,0,Premium / Multi-Product
ACB-C012060,3,High Risk / Low Engagement
ACB-C012061,3,High Risk / Low Engagement
ACB-C012062,0,Premium / Multi-Product
ACB-C012063,1,Stable Core Customer
ACB-C012064,0,Premium / Multi-Product
ACB-C012065,0,Premium / Multi-Product
ACB-C012066,0,Premium / Multi-Product
ACB-C012067,3,High Risk / Low Engagement
ACB-C012068,0,Premium / Multi-Product
ACB-C012069,1,Stable Core Customer
ACB-C012070,1,Stable Core Customer
ACB-C012071,1,Stable Core Customer
ACB-C012072,1,Stable Core Customer
ACB-C012073,1,Stable Core Customer
ACB-C012074,0,Premium / Multi-Product
ACB-C012075,1,Stable Core Customer
ACB-C012076,1,Stable Core Customer
ACB-C012077,1,Stable Core Customer
ACB-C012078,1,Stable Core Customer
ACB-C012079,3,High Risk / Low Engagement
ACB-C012080,0,Premium / Multi-Product
ACB-C012081,2,Developing / Building Credit
ACB-C012082,0,Premium / Multi-Product
ACB-C012083,3,High Risk / Low Engagement
ACB-C012084,3,High Risk / Low Engagement
ACB-C012085,3,High Risk / Low Engagement
ACB-C012086,0,Premium / Multi-Product
ACB-C012087,3,High Risk / Low Engagement
ACB-C012088,3,High Risk / Low Engagement
ACB-C012089,0,Premium / Multi-Product
ACB-C012090,3,High Risk / Low Engagement
ACB-C012091,1,Stable Core Customer
ACB-C012092,3,High Risk / Low Engagement
ACB-C012093,3,High Risk / Low Engagement
ACB-C012094,1,Stable Core Customer
ACB-C012095,3,High Risk / Low Engagement
ACB-C012096,1,Stable Core Customer
ACB-C012097,3,High Risk / Low Engagement
ACB-C012098,0,Premium / Multi-Product
ACB-C012099,3,High Risk / Low Engagement
ACB-C012100,3,High Risk / Low Engagement
ACB-C012101,0,Premium / Multi-Product
ACB-C012102,3,High Risk / Low Engagement
ACB-C012103,1,Stable Core Customer
ACB-C012104,0,Premium / Multi-Product
ACB-C012105,0,Premium / Multi-Product
ACB-C012106,1,Stable Core Customer
ACB-C012107,0,Premium / Multi-Product
ACB-C012108,1,Stable Core Customer
ACB-C012109,1,Stable Core Customer
ACB-C012110,1,Stable Core Customer
ACB-C012111,1,Stable Core Customer
ACB-C012112,2,Developing / Building Credit
ACB-C012113,2,Developing / Building Credit
ACB-C012114,0,Premium / Multi-Product
ACB-C012115,3,High Risk / Low Engagement
ACB-C012116,0,Premium / Multi-Product
ACB-C012117,3,High Risk / Low Engagement
ACB-C012118,0,Premium / Multi-Product
ACB-C012119,3,High Risk / Low Engagement
ACB-C012120,0,Premium / Multi-Product
ACB-C012121,3,High Risk / Low Engagement
ACB-C012122,0,Premium / Multi-Product
ACB-C012123,0,Premium / Multi-Product
ACB-C012124,0,Premium / Multi-Product
ACB-C012125,0,Premium / Multi-Product
ACB-C012126,3,High Risk / Low Engagement
ACB-C012127,1,Stable Core Customer
ACB-C012128,3,High Risk / Low Engagement
ACB-C012129,3,High Risk / Low Engagement
ACB-C012130,0,Premium / Multi-Product
ACB-C012131,0,Premium / Multi-Product
ACB-C012132,3,High Risk / Low Engagement
ACB-C012133,0,Premium / Multi-Product
ACB-C012134,0,Premium / Multi-Product
ACB-C012135,1,Stable Core Customer
ACB-C012136,2,Developing / Building Credit
ACB-C012137,0,Premium / Multi-Product
ACB-C012138,0,Premium / Multi-Product
ACB-C012139,3,High Risk / Low Engagement
ACB-C012140,1,Stable Core Customer
ACB-C012141,3,High Risk / Low Engagement
ACB-C012142,0,Premium / Multi-Product
ACB-C012143,0,Premium / Multi-Product
ACB-C012144,3,High Risk / Low Engagement
ACB-C012145,1,Stable Core Customer
ACB-C012146,0,Premium / Multi-Product
ACB-C012147,0,Premium / Multi-Product
ACB-C012148,3,High Risk / Low Engagement
ACB-C012149,1,Stable Core Customer
ACB-C012150,1,Stable Core Customer
ACB-C012151,0,Premium / Multi-Product
ACB-C012152,0,Premium / Multi-Product
ACB-C012153,0,Premium / Multi-Product
ACB-C012154,3,High Risk / Low Engagement
ACB-C012155,1,Stable Core Customer
ACB-C012156,0,Premium / Multi-Product
ACB-C012157,1,Stable Core Customer
ACB-C012158,1,Stable Core Customer
ACB-C012159,2,Developing / Building Credit
ACB-C012160,0,Premium / Multi-Product
ACB-C012161,1,Stable Core Customer
ACB-C012162,0,Premium / Multi-Product
ACB-C012163,3,High Risk / Low Engagement
ACB-C012164,1,Stable Core Customer
ACB-C012165,0,Premium / Multi-Product
ACB-C012166,2,Developing / Building Credit
ACB-C012167,1,Stable Core Customer
ACB-C012168,0,Premium / Multi-Product
ACB-C012169,0,Premium / Multi-Product
ACB-C012170,0,Premium / Multi-Product
ACB-C012171,0,Premium / Multi-Product
ACB-C012172,3,High Risk / Low Engagement
ACB-C012173,0,Premium / Multi-Product
ACB-C012174,0,Premium / Multi-Product
ACB-C012175,0,Premium / Multi-Product
ACB-C012176,1,Stable Core Customer
ACB-C012177,1,Stable Core Customer
ACB-C012178,3,High Risk / Low Engagement
ACB-C012179,0,Premium / Multi-Product
ACB-C012180,0,Premium / Multi-Product
ACB-C012181,2,Developing / Building Credit
ACB-C012182,3,High Risk / Low Engagement
ACB-C012183,3,High Risk / Low Engagement
ACB-C012184,0,Premium / Multi-Product
ACB-C012185,0,Premium / Multi-Product
ACB-C012186,3,High Risk / Low Engagement
ACB-C012187,1,Stable Core Customer
ACB-C012188,0,Premium / Multi-Product
ACB-C012189,1,Stable Core Customer
ACB-C012190,1,Stable Core Customer
ACB-C012191,1,Stable Core Customer
ACB-C012192,3,High Risk / Low Engagement
ACB-C012193,3,High Risk / Low Engagement
ACB-C012194,3,High Risk / Low Engagement
ACB-C012195,0,Premium / Multi-Product
ACB-C012196,3,High Risk / Low Engagement
ACB-C012197,3,High Risk / Low Engagement
ACB-C012198,1,Stable Core Customer
ACB-C012199,3,High Risk / Low Engagement
ACB-C012200,3,High Risk / Low Engagement
ACB-C012201,3,High Risk / Low Engagement
ACB-C012202,0,Premium / Multi-Product
ACB-C012203,0,Premium / Multi-Product
ACB-C012204,0,Premium / Multi-Product
ACB-C012205,0,Premium / Multi-Product
ACB-C012206,1,Stable Core Customer
ACB-C012207,1,Stable Core Customer
ACB-C012208,1,Stable Core Customer
ACB-C012209,1,Stable Core Customer
ACB-C012210,1,Stable Core Customer
ACB-C012211,1,Stable Core Customer
ACB-C012212,0,Premium / Multi-Product
ACB-C012213,0,Premium / Multi-Product
ACB-C012214,3,High Risk / Low Engagement
ACB-C012215,3,High Risk / Low Engagement
ACB-C012216,1,Stable Core Customer
ACB-C012217,0,Premium / Multi-Product
ACB-C012218,0,Premium / Multi-Product
ACB-C012219,1,Stable Core Customer
ACB-C012220,3,High Risk / Low Engagement
ACB-C012221,0,Premium / Multi-Product
ACB-C012222,0,Premium / Multi-Product
ACB-C012223,1,Stable Core Customer
ACB-C012224,1,Stable Core Customer
ACB-C012225,3,High Risk / Low Engagement
ACB-C012226,0,Premium / Multi-Product
ACB-C012227,1,Stable Core Customer
ACB-C012228,1,Stable Core Customer
ACB-C012229,3,High Risk / Low Engagement
ACB-C012230,2,Developing / Building Credit
ACB-C012231,0,Premium / Multi-Product
ACB-C012232,1,Stable Core Customer
ACB-C012233,1,Stable Core Customer
ACB-C012234,0,Premium / Multi-Product
ACB-C012235,1,Stable Core Customer
ACB-C012236,3,High Risk / Low Engagement
ACB-C012237,3,High Risk / Low Engagement
ACB-C012238,0,Premium / Multi-Product
ACB-C012239,3,High Risk / Low Engagement
ACB-C012240,3,High Risk / Low Engagement
ACB-C012241,1,Stable Core Customer
ACB-C012242,0,Premium / Multi-Product
ACB-C012243,3,High Risk / Low Engagement
ACB-C012244,1,Stable Core Customer
ACB-C012245,1,Stable Core Customer
ACB-C012246,0,Premium / Multi-Product
ACB-C012247,2,Developing / Building Credit
ACB-C012248,1,Stable Core Customer
ACB-C012249,3,High Risk / Low Engagement
ACB-C012250,0,Premium / Multi-Product
ACB-C012251,3,High Risk / Low Engagement
ACB-C012252,0,Premium / Multi-Product
ACB-C012253,3,High Risk / Low Engagement
ACB-C012254,3,High Risk / Low Engagement
ACB-C012255,1,Stable Core Customer
ACB-C012256,0,Premium / Multi-Product
ACB-C012257,0,Premium / Multi-Product
ACB-C012258,3,High Risk / Low Engagement
ACB-C012259,0,Premium / Multi-Product
ACB-C012260,1,Stable Core Customer
ACB-C012261,0,Premium / Multi-Product
ACB-C012262,3,High Risk / Low Engagement
ACB-C012263,1,Stable Core Customer
ACB-C012264,3,High Risk / Low Engagement
ACB-C012265,1,Stable Core Customer
ACB-C012266,0,Premium / Multi-Product
ACB-C012267,3,High Risk / Low Engagement
ACB-C012268,3,High Risk / Low Engagement
ACB-C012269,3,High Risk / Low Engagement
ACB-C012270,1,Stable Core Customer
ACB-C012271,3,High Risk / Low Engagement
ACB-C012272,1,Stable Core Customer
ACB-C012273,0,Premium / Multi-Product
ACB-C012274,3,High Risk / Low Engagement
ACB-C012275,0,Premium / Multi-Product
ACB-C012276,0,Premium / Multi-Product
ACB-C012277,1,Stable Core Customer
ACB-C012278,1,Stable Core Customer
ACB-C012279,3,High Risk / Low Engagement
ACB-C012280,0,Premium / Multi-Product
ACB-C012281,3,High Risk / Low Engagement
ACB-C012282,3,High Risk / Low Engagement
ACB-C012283,1,Stable Core Customer
ACB-C012284,1,Stable Core Customer
ACB-C012285,1,Stable Core Customer
ACB-C012286,3,High Risk / Low Engagement
ACB-C012287,0,Premium / Multi-Product
ACB-C012288,3,High Risk / Low Engagement
ACB-C012289,3,High Risk / Low Engagement
ACB-C012290,1,Stable Core Customer
ACB-C012291,0,Premium / Multi-Product
ACB-C012292,1,Stable Core Customer
ACB-C012293,2,Developing / Building Credit
ACB-C012294,3,High Risk / Low Engagement
ACB-C012295,1,Stable Core Customer
ACB-C012296,0,Premium / Multi-Product
ACB-C012297,3,High Risk / Low Engagement
ACB-C012298,0,Premium / Multi-Product
ACB-C012299,1,Stable Core Customer
ACB-C012300,1,Stable Core Customer
ACB-C012301,0,Premium / Multi-Product
ACB-C012302,1,Stable Core Customer
ACB-C012303,2,Developing / Building Credit
ACB-C012304,0,Premium / Multi-Product
ACB-C012305,2,Developing / Building Credit
ACB-C012306,1,Stable Core Customer
ACB-C012307,3,High Risk / Low Engagement
ACB-C012308,0,Premium / Multi-Product
ACB-C012309,1,Stable Core Customer
ACB-C012310,3,High Risk / Low Engagement
ACB-C012311,0,Premium / Multi-Product
ACB-C012312,0,Premium / Multi-Product
ACB-C012313,0,Premium / Multi-Product
ACB-C012314,0,Premium / Multi-Product
ACB-C012315,1,Stable Core Customer
ACB-C012316,0,Premium / Multi-Product
ACB-C012317,1,Stable Core Customer
ACB-C012318,0,Premium / Multi-Product
ACB-C012319,1,Stable Core Customer
ACB-C012320,1,Stable Core Customer
ACB-C012321,3,High Risk / Low Engagement
ACB-C012322,0,Premium / Multi-Product
ACB-C012323,2,Developing / Building Credit
ACB-C012324,0,Premium / Multi-Product
ACB-C012325,0,Premium / Multi-Product
ACB-C012326,0,Premium / Multi-Product
ACB-C012327,0,Premium / Multi-Product
ACB-C012328,0,Premium / Multi-Product
ACB-C012329,0,Premium / Multi-Product
ACB-C012330,2,Developing / Building Credit
ACB-C012331,3,High Risk / Low Engagement
ACB-C012332,3,High Risk / Low Engagement
ACB-C012333,0,Premium / Multi-Product
ACB-C012334,1,Stable Core Customer
ACB-C012335,3,High Risk / Low Engagement
ACB-C012336,1,Stable Core Customer
ACB-C012337,3,High Risk / Low Engagement
ACB-C012338,1,Stable Core Customer
ACB-C012339,1,Stable Core Customer
ACB-C012340,3,High Risk / Low Engagement
ACB-C012341,3,High Risk / Low Engagement
ACB-C012342,3,High Risk / Low Engagement
ACB-C012343,3,High Risk / Low Engagement
ACB-C012344,3,High Risk / Low Engagement
ACB-C012345,0,Premium / Multi-Product
ACB-C012346,1,Stable Core Customer
ACB-C012347,1,Stable Core Customer
ACB-C012348,3,High Risk / Low Engagement
ACB-C012349,0,Premium / Multi-Product
ACB-C012350,1,Stable Core Customer
ACB-C012351,1,Stable Core Customer
ACB-C012352,1,Stable Core Customer
ACB-C012353,1,Stable Core Customer
ACB-C012354,1,Stable Core Customer
ACB-C012355,0,Premium / Multi-Product
ACB-C012356,0,Premium / Multi-Product
ACB-C012357,0,Premium / Multi-Product
ACB-C012358,3,High Risk / Low Engagement
ACB-C012359,1,Stable Core Customer
ACB-C012360,3,High Risk / Low Engagement
ACB-C012361,1,Stable Core Customer
ACB-C012362,0,Premium / Multi-Product
ACB-C012363,3,High Risk / Low Engagement
ACB-C012364,3,High Risk / Low Engagement
ACB-C012365,2,Developing / Building Credit
ACB-C012366,0,Premium / Multi-Product
ACB-C012367,3,High Risk / Low Engagement
ACB-C012368,1,Stable Core Customer
ACB-C012369,3,High Risk / Low Engagement
ACB-C012370,0,Premium / Multi-Product
ACB-C012371,0,Premium / Multi-Product
ACB-C012372,0,Premium / Multi-Product
ACB-C012373,1,Stable Core Customer
ACB-C012374,0,Premium / Multi-Product
ACB-C012375,3,High Risk / Low Engagement
ACB-C012376,0,Premium / Multi-Product
ACB-C012377,3,High Risk / Low Engagement
ACB-C012378,1,Stable Core Customer
ACB-C012379,0,Premium / Multi-Product
ACB-C012380,0,Premium / Multi-Product
ACB-C012381,1,Stable Core Customer
ACB-C012382,1,Stable Core Customer
ACB-C012383,0,Premium / Multi-Product
ACB-C012384,0,Premium / Multi-Product
ACB-C012385,0,Premium / Multi-Product
ACB-C012386,0,Premium / Multi-Product
ACB-C012387,0,Premium / Multi-Product
ACB-C012388,3,High Risk / Low Engagement
ACB-C012389,0,Premium / Multi-Product
ACB-C012390,1,Stable Core Customer
ACB-C012391,0,Premium / Multi-Product
ACB-C012392,3,High Risk / Low Engagement
ACB-C012393,3,High Risk / Low Engagement
ACB-C012394,3,High Risk / Low Engagement
ACB-C012395,3,High Risk / Low Engagement
ACB-C012396,3,High Risk / Low Engagement
ACB-C012397,0,Premium / Multi-Product
ACB-C012398,0,Premium / Multi-Product
ACB-C012399,0,Premium / Multi-Product
ACB-C012400,0,Premium / Multi-Product
ACB-C012401,0,Premium / Multi-Product
ACB-C012402,1,Stable Core Customer
ACB-C012403,3,High Risk / Low Engagement
ACB-C012404,1,Stable Core Customer
ACB-C012405,3,High Risk / Low Engagement
ACB-C012406,2,Developing / Building Credit
ACB-C012407,1,Stable Core Customer
ACB-C012408,3,High Risk / Low Engagement
ACB-C012409,0,Premium / Multi-Product
ACB-C012410,1,Stable Core Customer
ACB-C012411,3,High Risk / Low Engagement
ACB-C012412,3,High Risk / Low Engagement
ACB-C012413,0,Premium / Multi-Product
ACB-C012414,3,High Risk / Low Engagement
ACB-C012415,3,High Risk / Low Engagement
ACB-C012416,0,Premium / Multi-Product
ACB-C012417,0,Premium / Multi-Product
ACB-C012418,0,Premium / Multi-Product
ACB-C012419,1,Stable Core Customer
ACB-C012420,2,Developing / Building Credit
ACB-C012421,3,High Risk / Low Engagement
ACB-C012422,1,Stable Core Customer
ACB-C012423,0,Premium / Multi-Product
ACB-C012424,1,Stable Core Customer
ACB-C012425,1,Stable Core Customer
ACB-C012426,0,Premium / Multi-Product
ACB-C012427,1,Stable Core Customer
ACB-C012428,0,Premium / Multi-Product
ACB-C012429,1,Stable Core Customer
ACB-C012430,3,High Risk / Low Engagement
ACB-C012431,1,Stable Core Customer
ACB-C012432,0,Premium / Multi-Product
ACB-C012433,0,Premium / Multi-Product
ACB-C012434,0,Premium / Multi-Product
ACB-C012435,0,Premium / Multi-Product
ACB-C012436,1,Stable Core Customer
ACB-C012437,0,Premium / Multi-Product
ACB-C012438,1,Stable Core Customer
ACB-C012439,0,Premium / Multi-Product
ACB-C012440,0,Premium / Multi-Product
ACB-C012441,1,Stable Core Customer
ACB-C012442,1,Stable Core Customer
ACB-C012443,2,Developing / Building Credit
ACB-C012444,3,High Risk / Low Engagement
ACB-C012445,1,Stable Core Customer
ACB-C012446,3,High Risk / Low Engagement
ACB-C012447,0,Premium / Multi-Product
ACB-C012448,1,Stable Core Customer
ACB-C012449,0,Premium / Multi-Product
ACB-C012450,3,High Risk / Low Engagement
ACB-C012451,0,Premium / Multi-Product
ACB-C012452,3,High Risk / Low Engagement
ACB-C012453,0,Premium / Multi-Product
ACB-C012454,0,Premium / Multi-Product
ACB-C012455,0,Premium / Multi-Product
ACB-C012456,1,Stable Core Customer
ACB-C012457,3,High Risk / Low Engagement
ACB-C012458,0,Premium / Multi-Product
ACB-C012459,1,Stable Core Customer
ACB-C012460,0,Premium / Multi-Product
ACB-C012461,0,Premium / Multi-Product
ACB-C012462,3,High Risk / Low Engagement
ACB-C012463,1,Stable Core Customer
ACB-C012464,0,Premium / Multi-Product
ACB-C012465,3,High Risk / Low Engagement
ACB-C012466,0,Premium / Multi-Product
ACB-C012467,3,High Risk / Low Engagement
ACB-C012468,3,High Risk / Low Engagement
ACB-C012469,3,High Risk / Low Engagement
ACB-C012470,0,Premium / Multi-Product
ACB-C012471,0,Premium / Multi-Product
ACB-C012472,2,Developing / Building Credit
ACB-C012473,3,High Risk / Low Engagement
ACB-C012474,1,Stable Core Customer
ACB-C012475,0,Premium / Multi-Product
ACB-C012476,0,Premium / Multi-Product
ACB-C012477,0,Premium / Multi-Product
ACB-C012478,0,Premium / Multi-Product
ACB-C012479,1,Stable Core Customer
ACB-C012480,0,Premium / Multi-Product
ACB-C012481,3,High Risk / Low Engagement
ACB-C012482,3,High Risk / Low Engagement
ACB-C012483,3,High Risk / Low Engagement
ACB-C012484,0,Premium / Multi-Product
ACB-C012485,3,High Risk / Low Engagement
ACB-C012486,1,Stable Core Customer
ACB-C012487,3,High Risk / Low Engagement
ACB-C012488,0,Premium / Multi-Product
ACB-C012489,1,Stable Core Customer
ACB-C012490,1,Stable Core Customer
ACB-C012491,1,Stable Core Customer
ACB-C012492,0,Premium / Multi-Product
ACB-C012493,0,Premium / Multi-Product
ACB-C012494,0,Premium / Multi-Product
ACB-C012495,1,Stable Core Customer
ACB-C012496,3,High Risk / Low Engagement
ACB-C012497,1,Stable Core Customer
ACB-C012498,0,Premium / Multi-Product
ACB-C012499,2,Developing / Building Credit
ACB-C012500,0,Premium / Multi-Product
ACB-C012501,2,Developing / Building Credit
ACB-C012502,1,Stable Core Customer
ACB-C012503,3,High Risk / Low Engagement
ACB-C012504,3,High Risk / Low Engagement
ACB-C012505,1,Stable Core Customer
ACB-C012506,0,Premium / Multi-Product
ACB-C012507,1,Stable Core Customer
ACB-C012508,0,Premium / Multi-Product
ACB-C012509,1,Stable Core Customer
ACB-C012510,0,Premium / Multi-Product
ACB-C012511,1,Stable Core Customer
ACB-C012512,0,Premium / Multi-Product
ACB-C012513,1,Stable Core Customer
ACB-C012514,1,Stable Core Customer
ACB-C012515,3,High Risk / Low Engagement
ACB-C012516,3,High Risk / Low Engagement
ACB-C012517,3,High Risk / Low Engagement
ACB-C012518,0,Premium / Multi-Product
ACB-C012519,1,Stable Core Customer
ACB-C012520,1,Stable Core Customer
ACB-C012521,3,High Risk / Low Engagement
ACB-C012522,3,High Risk / Low Engagement
ACB-C012523,0,Premium / Multi-Product
ACB-C012524,1,Stable Core Customer
ACB-C012525,1,Stable Core Customer
ACB-C012526,2,Developing / Building Credit
ACB-C012527,3,High Risk / Low Engagement
ACB-C012528,3,High Risk / Low Engagement
ACB-C012529,0,Premium / Multi-Product
ACB-C012530,0,Premium / Multi-Product
ACB-C012531,0,Premium / Multi-Product
ACB-C012532,3,High Risk / Low Engagement
ACB-C012533,3,High Risk / Low Engagement
ACB-C012534,1,Stable Core Customer
ACB-C012535,1,Stable Core Customer
ACB-C012536,3,High Risk / Low Engagement
ACB-C012537,0,Premium / Multi-Product
ACB-C012538,3,High Risk / Low Engagement
ACB-C012539,1,Stable Core Customer
ACB-C012540,0,Premium / Multi-Product
ACB-C012541,1,Stable Core Customer
ACB-C012542,0,Premium / Multi-Product
ACB-C012543,1,Stable Core Customer
ACB-C012544,0,Premium / Multi-Product
ACB-C012545,3,High Risk / Low Engagement
ACB-C012546,0,Premium / Multi-Product
ACB-C012547,1,Stable Core Customer
ACB-C012548,0,Premium / Multi-Product
ACB-C012549,0,Premium / Multi-Product
ACB-C012550,0,Premium / Multi-Product
ACB-C012551,1,Stable Core Customer
ACB-C012552,3,High Risk / Low Engagement
ACB-C012553,3,High Risk / Low Engagement
ACB-C012554,0,Premium / Multi-Product
ACB-C012555,3,High Risk / Low Engagement
ACB-C012556,1,Stable Core Customer
ACB-C012557,3,High Risk / Low Engagement
ACB-C012558,0,Premium / Multi-Product
ACB-C012559,0,Premium / Multi-Product
ACB-C012560,3,High Risk / Low Engagement
ACB-C012561,1,Stable Core Customer
ACB-C012562,1,Stable Core Customer
ACB-C012563,0,Premium / Multi-Product
ACB-C012564,0,Premium / Multi-Product
ACB-C012565,1,Stable Core Customer
ACB-C012566,3,High Risk / Low Engagement
ACB-C012567,1,Stable Core Customer
ACB-C012568,3,High Risk / Low Engagement
ACB-C012569,1,Stable Core Customer
ACB-C012570,3,High Risk / Low Engagement
ACB-C012571,0,Premium / Multi-Product
ACB-C012572,0,Premium / Multi-Product
ACB-C012573,0,Premium / Multi-Product
ACB-C012574,1,Stable Core Customer
ACB-C012575,0,Premium / Multi-Product
ACB-C012576,3,High Risk / Low Engagement
ACB-C012577,2,Developing / Building Credit
ACB-C012578,3,High Risk / Low Engagement
ACB-C012579,3,High Risk / Low Engagement
ACB-C012580,3,High Risk / Low Engagement
ACB-C012581,2,Developing / Building Credit
ACB-C012582,3,High Risk / Low Engagement
ACB-C012583,3,High Risk / Low Engagement
ACB-C012584,3,High Risk / Low Engagement
ACB-C012585,1,Stable Core Customer
ACB-C012586,1,Stable Core Customer
ACB-C012587,3,High Risk / Low Engagement
ACB-C012588,1,Stable Core Customer
ACB-C012589,3,High Risk / Low Engagement
ACB-C012590,1,Stable Core Customer
ACB-C012591,2,Developing / Building Credit
ACB-C012592,1,Stable Core Customer
ACB-C012593,3,High Risk / Low Engagement
ACB-C012594,0,Premium / Multi-Product
ACB-C012595,3,High Risk / Low Engagement
ACB-C012596,0,Premium / Multi-Product
ACB-C012597,3,High Risk / Low Engagement
ACB-C012598,1,Stable Core Customer
ACB-C012599,1,Stable Core Customer
ACB-C012600,3,High Risk / Low Engagement
ACB-C012601,3,High Risk / Low Engagement
ACB-C012602,1,Stable Core Customer
ACB-C012603,3,High Risk / Low Engagement
ACB-C012604,1,Stable Core Customer
ACB-C012605,0,Premium / Multi-Product
ACB-C012606,0,Premium / Multi-Product
ACB-C012607,1,Stable Core Customer
ACB-C012608,0,Premium / Multi-Product
ACB-C012609,0,Premium / Multi-Product
ACB-C012610,0,Premium / Multi-Product
ACB-C012611,1,Stable Core Customer
ACB-C012612,3,High Risk / Low Engagement
ACB-C012613,3,High Risk / Low Engagement
ACB-C012614,0,Premium / Multi-Product
ACB-C012615,3,High Risk / Low Engagement
ACB-C012616,0,Premium / Multi-Product
ACB-C012617,1,Stable Core Customer
ACB-C012618,1,Stable Core Customer
ACB-C012619,0,Premium / Multi-Product
ACB-C012620,0,Premium / Multi-Product
ACB-C012621,3,High Risk / Low Engagement
ACB-C012622,3,High Risk / Low Engagement
ACB-C012623,0,Premium / Multi-Product
ACB-C012624,1,Stable Core Customer
ACB-C012625,3,High Risk / Low Engagement
ACB-C012626,3,High Risk / Low Engagement
ACB-C012627,1,Stable Core Customer
ACB-C012628,0,Premium / Multi-Product
ACB-C012629,3,High Risk / Low Engagement
ACB-C012630,3,High Risk / Low Engagement
ACB-C012631,1,Stable Core Customer
ACB-C012632,0,Premium / Multi-Product
ACB-C012633,2,Developing / Building Credit
ACB-C012634,3,High Risk / Low Engagement
ACB-C012635,0,Premium / Multi-Product
ACB-C012636,3,High Risk / Low Engagement
ACB-C012637,0,Premium / Multi-Product
ACB-C012638,0,Premium / Multi-Product
ACB-C012639,1,Stable Core Customer
ACB-C012640,1,Stable Core Customer
ACB-C012641,0,Premium / Multi-Product
ACB-C012642,0,Premium / Multi-Product
ACB-C012643,3,High Risk / Low Engagement
ACB-C012644,1,Stable Core Customer
ACB-C012645,3,High Risk / Low Engagement
ACB-C012646,3,High Risk / Low Engagement
ACB-C012647,0,Premium / Multi-Product
ACB-C012648,3,High Risk / Low Engagement
ACB-C012649,1,Stable Core Customer
ACB-C012650,0,Premium / Multi-Product
ACB-C012651,0,Premium / Multi-Product
ACB-C012652,0,Premium / Multi-Product
ACB-C012653,0,Premium / Multi-Product
ACB-C012654,3,High Risk / Low Engagement
ACB-C012655,0,Premium / Multi-Product
ACB-C012656,3,High Risk / Low Engagement
ACB-C012657,3,High Risk / Low Engagement
ACB-C012658,0,Premium / Multi-Product
ACB-C012659,0,Premium / Multi-Product
ACB-C012660,1,Stable Core Customer
ACB-C012661,0,Premium / Multi-Product
ACB-C012662,3,High Risk / Low Engagement
ACB-C012663,3,High Risk / Low Engagement
ACB-C012664,1,Stable Core Customer
ACB-C012665,0,Premium / Multi-Product
ACB-C012666,3,High Risk / Low Engagement
ACB-C012667,1,Stable Core Customer
ACB-C012668,3,High Risk / Low Engagement
ACB-C012669,0,Premium / Multi-Product
ACB-C012670,3,High Risk / Low Engagement
ACB-C012671,0,Premium / Multi-Product
ACB-C012672,1,Stable Core Customer
ACB-C012673,0,Premium / Multi-Product
ACB-C012674,3,High Risk / Low Engagement
ACB-C012675,0,Premium / Multi-Product
ACB-C012676,1,Stable Core Customer
ACB-C012677,0,Premium / Multi-Product
ACB-C012678,1,Stable Core Customer
ACB-C012679,0,Premium / Multi-Product
ACB-C012680,0,Premium / Multi-Product
ACB-C012681,0,Premium / Multi-Product
ACB-C012682,1,Stable Core Customer
ACB-C012683,1,Stable Core Customer
ACB-C012684,3,High Risk / Low Engagement
ACB-C012685,3,High Risk / Low Engagement
ACB-C012686,0,Premium / Multi-Product
ACB-C012687,0,Premium / Multi-Product
ACB-C012688,0,Premium / Multi-Product
ACB-C012689,0,Premium / Multi-Product
ACB-C012690,0,Premium / Multi-Product
ACB-C012691,1,Stable Core Customer
ACB-C012692,1,Stable Core Customer
ACB-C012693,1,Stable Core Customer
ACB-C012694,1,Stable Core Customer
ACB-C012695,0,Premium / Multi-Product
ACB-C012696,0,Premium / Multi-Product
ACB-C012697,0,Premium / Multi-Product
ACB-C012698,0,Premium / Multi-Product
ACB-C012699,0,Premium / Multi-Product
ACB-C012700,0,Premium / Multi-Product
ACB-C012701,1,Stable Core Customer
ACB-C012702,2,Developing / Building Credit
ACB-C012703,1,Stable Core Customer
ACB-C012704,0,Premium / Multi-Product
ACB-C012705,1,Stable Core Customer
ACB-C012706,0,Premium / Multi-Product
ACB-C012707,3,High Risk / Low Engagement
ACB-C012708,3,High Risk / Low Engagement
ACB-C012709,0,Premium / Multi-Product
ACB-C012710,0,Premium / Multi-Product
ACB-C012711,0,Premium / Multi-Product
ACB-C012712,3,High Risk / Low Engagement
ACB-C012713,3,High Risk / Low Engagement
ACB-C012714,0,Premium / Multi-Product
ACB-C012715,1,Stable Core Customer
ACB-C012716,0,Premium / Multi-Product
ACB-C012717,0,Premium / Multi-Product
ACB-C012718,0,Premium / Multi-Product
ACB-C012719,1,Stable Core Customer
ACB-C012720,0,Premium / Multi-Product
ACB-C012721,1,Stable Core Customer
ACB-C012722,3,High Risk / Low Engagement
ACB-C012723,0,Premium / Multi-Product
ACB-C012724,1,Stable Core Customer
ACB-C012725,3,High Risk / Low Engagement
ACB-C012726,1,Stable Core Customer
ACB-C012727,0,Premium / Multi-Product
ACB-C012728,0,Premium / Multi-Product
ACB-C012729,3,High Risk / Low Engagement
ACB-C012730,0,Premium / Multi-Product
ACB-C012731,1,Stable Core Customer
ACB-C012732,1,Stable Core Customer
ACB-C012733,1,Stable Core Customer
ACB-C012734,0,Premium / Multi-Product
ACB-C012735,0,Premium / Multi-Product
ACB-C012736,1,Stable Core Customer
ACB-C012737,0,Premium / Multi-Product
ACB-C012738,0,Premium / Multi-Product
ACB-C012739,3,High Risk / Low Engagement
ACB-C012740,1,Stable Core Customer
ACB-C012741,2,Developing / Building Credit
ACB-C012742,0,Premium / Multi-Product
ACB-C012743,0,Premium / Multi-Product
ACB-C012744,1,Stable Core Customer
ACB-C012745,1,Stable Core Customer
ACB-C012746,0,Premium / Multi-Product
ACB-C012747,0,Premium / Multi-Product
ACB-C012748,3,High Risk / Low Engagement
ACB-C012749,2,Developing / Building Credit
ACB-C012750,0,Premium / Multi-Product
ACB-C012751,3,High Risk / Low Engagement
ACB-C012752,3,High Risk / Low Engagement
ACB-C012753,3,High Risk / Low Engagement
ACB-C012754,3,High Risk / Low Engagement
ACB-C012755,0,Premium / Multi-Product
ACB-C012756,3,High Risk / Low Engagement
ACB-C012757,3,High Risk / Low Engagement
ACB-C012758,0,Premium / Multi-Product
ACB-C012759,1,Stable Core Customer
ACB-C012760,1,Stable Core Customer
ACB-C012761,3,High Risk / Low Engagement
ACB-C012762,0,Premium / Multi-Product
ACB-C012763,3,High Risk / Low Engagement
ACB-C012764,1,Stable Core Customer
ACB-C012765,0,Premium / Multi-Product
ACB-C012766,3,High Risk / Low Engagement
ACB-C012767,1,Stable Core Customer
ACB-C012768,0,Premium / Multi-Product
ACB-C012769,0,Premium / Multi-Product
ACB-C012770,3,High Risk / Low Engagement
ACB-C012771,0,Premium / Multi-Product
ACB-C012772,3,High Risk / Low Engagement
ACB-C012773,1,Stable Core Customer
ACB-C012774,1,Stable Core Customer
ACB-C012775,3,High Risk / Low Engagement
ACB-C012776,1,Stable Core Customer
ACB-C012777,0,Premium / Multi-Product
ACB-C012778,2,Developing / Building Credit
ACB-C012779,3,High Risk / Low Engagement
ACB-C012780,0,Premium / Multi-Product
ACB-C012781,3,High Risk / Low Engagement
ACB-C012782,0,Premium / Multi-Product
ACB-C012783,2,Developing / Building Credit
ACB-C012784,1,Stable Core Customer
ACB-C012785,1,Stable Core Customer
ACB-C012786,3,High Risk / Low Engagement
ACB-C012787,0,Premium / Multi-Product
ACB-C012788,1,Stable Core Customer
ACB-C012789,1,Stable Core Customer
ACB-C012790,3,High Risk / Low Engagement
ACB-C012791,0,Premium / Multi-Product
ACB-C012792,1,Stable Core Customer
ACB-C012793,3,High Risk / Low Engagement
ACB-C012794,0,Premium / Multi-Product
ACB-C012795,0,Premium / Multi-Product
ACB-C012796,3,High Risk / Low Engagement
ACB-C012797,3,High Risk / Low Engagement
ACB-C012798,3,High Risk / Low Engagement
ACB-C012799,1,Stable Core Customer
ACB-C012800,1,Stable Core Customer
ACB-C012801,0,Premium / Multi-Product
ACB-C012802,0,Premium / Multi-Product
ACB-C012803,0,Premium / Multi-Product
ACB-C012804,0,Premium / Multi-Product
ACB-C012805,0,Premium / Multi-Product
ACB-C012806,0,Premium / Multi-Product
ACB-C012807,1,Stable Core Customer
ACB-C012808,0,Premium / Multi-Product
ACB-C012809,3,High Risk / Low Engagement
ACB-C012810,0,Premium / Multi-Product
ACB-C012811,0,Premium / Multi-Product
ACB-C012812,0,Premium / Multi-Product
ACB-C012813,1,Stable Core Customer
ACB-C012814,0,Premium / Multi-Product
ACB-C012815,0,Premium / Multi-Product
ACB-C012816,0,Premium / Multi-Product
ACB-C012817,3,High Risk / Low Engagement
ACB-C012818,1,Stable Core Customer
ACB-C012819,1,Stable Core Customer
ACB-C012820,0,Premium / Multi-Product
ACB-C012821,1,Stable Core Customer
ACB-C012822,3,High Risk / Low Engagement
ACB-C012823,3,High Risk / Low Engagement
ACB-C012824,2,Developing / Building Credit
ACB-C012825,1,Stable Core Customer
ACB-C012826,1,Stable Core Customer
ACB-C012827,3,High Risk / Low Engagement
ACB-C012828,0,Premium / Multi-Product
ACB-C012829,3,High Risk / Low Engagement
ACB-C012830,3,High Risk / Low Engagement
ACB-C012831,0,Premium / Multi-Product
ACB-C012832,0,Premium / Multi-Product
ACB-C012833,3,High Risk / Low Engagement
ACB-C012834,1,Stable Core Customer
ACB-C012835,0,Premium / Multi-Product
ACB-C012836,3,High Risk / Low Engagement
ACB-C012837,3,High Risk / Low Engagement
ACB-C012838,1,Stable Core Customer
ACB-C012839,3,High Risk / Low Engagement
ACB-C012840,1,Stable Core Customer
ACB-C012841,0,Premium / Multi-Product
ACB-C012842,3,High Risk / Low Engagement
ACB-C012843,3,High Risk / Low Engagement
ACB-C012844,1,Stable Core Customer
ACB-C012845,1,Stable Core Customer
ACB-C012846,3,High Risk / Low Engagement
ACB-C012847,1,Stable Core Customer
ACB-C012848,1,Stable Core Customer
ACB-C012849,3,High Risk / Low Engagement
ACB-C012850,0,Premium / Multi-Product
ACB-C012851,0,Premium / Multi-Product
ACB-C012852,1,Stable Core Customer
ACB-C012853,1,Stable Core Customer
ACB-C012854,3,High Risk / Low Engagement
ACB-C012855,0,Premium / Multi-Product
ACB-C012856,1,Stable Core Customer
ACB-C012857,3,High Risk / Low Engagement
ACB-C012858,0,Premium / Multi-Product
ACB-C012859,0,Premium / Multi-Product
ACB-C012860,1,Stable Core Customer
ACB-C012861,0,Premium / Multi-Product
ACB-C012862,0,Premium / Multi-Product
ACB-C012863,0,Premium / Multi-Product
ACB-C012864,1,Stable Core Customer
ACB-C012865,3,High Risk / Low Engagement
ACB-C012866,0,Premium / Multi-Product
ACB-C012867,3,High Risk / Low Engagement
ACB-C012868,0,Premium / Multi-Product
ACB-C012869,3,High Risk / Low Engagement
ACB-C012870,2,Developing / Building Credit
ACB-C012871,0,Premium / Multi-Product
ACB-C012872,3,High Risk / Low Engagement
ACB-C012873,3,High Risk / Low Engagement
ACB-C012874,2,Developing / Building Credit
ACB-C012875,2,Developing / Building Credit
ACB-C012876,0,Premium / Multi-Product
ACB-C012877,2,Developing / Building Credit
ACB-C012878,1,Stable Core Customer
ACB-C012879,3,High Risk / Low Engagement
ACB-C012880,0,Premium / Multi-Product
ACB-C012881,3,High Risk / Low Engagement
ACB-C012882,3,High Risk / Low Engagement
ACB-C012883,0,Premium / Multi-Product
ACB-C012884,1,Stable Core Customer
ACB-C012885,1,Stable Core Customer
ACB-C012886,3,High Risk / Low Engagement
ACB-C012887,0,Premium / Multi-Product
ACB-C012888,0,Premium / Multi-Product
ACB-C012889,1,Stable Core Customer
ACB-C012890,1,Stable Core Customer
ACB-C012891,0,Premium / Multi-Product
ACB-C012892,3,High Risk / Low Engagement
ACB-C012893,1,Stable Core Customer
ACB-C012894,1,Stable Core Customer
ACB-C012895,3,High Risk / Low Engagement
ACB-C012896,1,Stable Core Customer
ACB-C012897,0,Premium / Multi-Product
ACB-C012898,0,Premium / Multi-Product
ACB-C012899,1,Stable Core Customer
ACB-C012900,1,Stable Core Customer
ACB-C012901,1,Stable Core Customer
ACB-C012902,0,Premium / Multi-Product
ACB-C012903,0,Premium / Multi-Product
ACB-C012904,3,High Risk / Low Engagement
ACB-C012905,1,Stable Core Customer
ACB-C012906,0,Premium / Multi-Product
ACB-C012907,0,Premium / Multi-Product
ACB-C012908,0,Premium / Multi-Product
ACB-C012909,1,Stable Core Customer
ACB-C012910,2,Developing / Building Credit
ACB-C012911,3,High Risk / Low Engagement
ACB-C012912,0,Premium / Multi-Product
ACB-C012913,3,High Risk / Low Engagement
ACB-C012914,0,Premium / Multi-Product
ACB-C012915,0,Premium / Multi-Product
ACB-C012916,3,High Risk / Low Engagement
ACB-C012917,3,High Risk / Low Engagement
ACB-C012918,1,Stable Core Customer
ACB-C012919,0,Premium / Multi-Product
ACB-C012920,1,Stable Core Customer
ACB-C012921,0,Premium / Multi-Product
ACB-C012922,0,Premium / Multi-Product
ACB-C012923,3,High Risk / Low Engagement
ACB-C012924,1,Stable Core Customer
ACB-C012925,2,Developing / Building Credit
ACB-C012926,0,Premium / Multi-Product
ACB-C012927,1,Stable Core Customer
ACB-C012928,0,Premium / Multi-Product
ACB-C012929,1,Stable Core Customer
ACB-C012930,0,Premium / Multi-Product
ACB-C012931,3,High Risk / Low Engagement
ACB-C012932,0,Premium / Multi-Product
ACB-C012933,0,Premium / Multi-Product
ACB-C012934,0,Premium / Multi-Product
ACB-C012935,1,Stable Core Customer
ACB-C012936,3,High Risk / Low Engagement
ACB-C012937,1,Stable Core Customer
ACB-C012938,0,Premium / Multi-Product
ACB-C012939,1,Stable Core Customer
ACB-C012940,1,Stable Core Customer
ACB-C012941,3,High Risk / Low Engagement
ACB-C012942,0,Premium / Multi-Product
ACB-C012943,3,High Risk / Low Engagement
ACB-C012944,3,High Risk / Low Engagement
ACB-C012945,3,High Risk / Low Engagement
ACB-C012946,3,High Risk / Low Engagement
ACB-C012947,0,Premium / Multi-Product
ACB-C012948,0,Premium / Multi-Product
ACB-C012949,1,Stable Core Customer
ACB-C012950,0,Premium / Multi-Product
ACB-C012951,0,Premium / Multi-Product
ACB-C012952,1,Stable Core Customer
ACB-C012953,3,High Risk / Low Engagement
ACB-C012954,1,Stable Core Customer
ACB-C012955,3,High Risk / Low Engagement
ACB-C012956,1,Stable Core Customer
ACB-C012957,0,Premium / Multi-Product
ACB-C012958,0,Premium / Multi-Product
ACB-C012959,0,Premium / Multi-Product
ACB-C012960,3,High Risk / Low Engagement
ACB-C012961,3,High Risk / Low Engagement
ACB-C012962,1,Stable Core Customer
ACB-C012963,3,High Risk / Low Engagement
ACB-C012964,0,Premium / Multi-Product
ACB-C012965,0,Premium / Multi-Product
ACB-C012966,1,Stable Core Customer
ACB-C012967,1,Stable Core Customer
ACB-C012968,0,Premium / Multi-Product
ACB-C012969,0,Premium / Multi-Product
ACB-C012970,2,Developing / Building Credit
ACB-C012971,1,Stable Core Customer
ACB-C012972,1,Stable Core Customer
ACB-C012973,0,Premium / Multi-Product
ACB-C012974,2,Developing / Building Credit
ACB-C012975,0,Premium / Multi-Product
ACB-C012976,1,Stable Core Customer
ACB-C012977,0,Premium / Multi-Product
ACB-C012978,0,Premium / Multi-Product
ACB-C012979,1,Stable Core Customer
ACB-C012980,3,High Risk / Low Engagement
ACB-C012981,3,High Risk / Low Engagement
ACB-C012982,3,High Risk / Low Engagement
ACB-C012983,0,Premium / Multi-Product
ACB-C012984,1,Stable Core Customer
ACB-C012985,3,High Risk / Low Engagement
ACB-C012986,0,Premium / Multi-Product
ACB-C012987,3,High Risk / Low Engagement
ACB-C012988,0,Premium / Multi-Product
ACB-C012989,0,Premium / Multi-Product
ACB-C012990,0,Premium / Multi-Product
ACB-C012991,3,High Risk / Low Engagement
ACB-C012992,3,High Risk / Low Engagement
ACB-C012993,0,Premium / Multi-Product
ACB-C012994,3,High Risk / Low Engagement
ACB-C012995,1,Stable Core Customer
ACB-C012996,0,Premium / Multi-Product
ACB-C012997,1,Stable Core Customer
ACB-C012998,0,Premium / Multi-Product
ACB-C012999,1,Stable Core Customer
ACB-C013000,0,Premium / Multi-Product
ACB-C013001,0,Premium / Multi-Product
ACB-C013002,0,Premium / Multi-Product
ACB-C013003,1,Stable Core Customer
ACB-C013004,3,High Risk / Low Engagement
ACB-C013005,0,Premium / Multi-Product
ACB-C013006,3,High Risk / Low Engagement
ACB-C013007,1,Stable Core Customer
ACB-C013008,0,Premium / Multi-Product
ACB-C013009,1,Stable Core Customer
ACB-C013010,0,Premium / Multi-Product
ACB-C013011,1,Stable Core Customer
ACB-C013012,0,Premium / Multi-Product
ACB-C013013,1,Stable Core Customer
ACB-C013014,1,Stable Core Customer
ACB-C013015,0,Premium / Multi-Product
ACB-C013016,3,High Risk / Low Engagement
ACB-C013017,3,High Risk / Low Engagement
ACB-C013018,1,Stable Core Customer
ACB-C013019,0,Premium / Multi-Product
ACB-C013020,0,Premium / Multi-Product
ACB-C013021,0,Premium / Multi-Product
ACB-C013022,0,Premium / Multi-Product
ACB-C013023,1,Stable Core Customer
ACB-C013024,1,Stable Core Customer
ACB-C013025,3,High Risk / Low Engagement
ACB-C013026,0,Premium / Multi-Product
ACB-C013027,3,High Risk / Low Engagement
ACB-C013028,0,Premium / Multi-Product
ACB-C013029,3,High Risk / Low Engagement
ACB-C013030,2,Developing / Building Credit
ACB-C013031,2,Developing / Building Credit
ACB-C013032,1,Stable Core Customer
ACB-C013033,0,Premium / Multi-Product
ACB-C013034,3,High Risk / Low Engagement
ACB-C013035,1,Stable Core Customer
ACB-C013036,0,Premium / Multi-Product
ACB-C013037,0,Premium / Multi-Product
ACB-C013038,1,Stable Core Customer
ACB-C013039,3,High Risk / Low Engagement
ACB-C013040,0,Premium / Multi-Product
ACB-C013041,0,Premium / Multi-Product
ACB-C013042,1,Stable Core Customer
ACB-C013043,1,Stable Core Customer
ACB-C013044,0,Premium / Multi-Product
ACB-C013045,1,Stable Core Customer
ACB-C013046,0,Premium / Multi-Product
ACB-C013047,0,Premium / Multi-Product
ACB-C013048,3,High Risk / Low Engagement
ACB-C013049,1,Stable Core Customer
ACB-C013050,0,Premium / Multi-Product
ACB-C013051,0,Premium / Multi-Product
ACB-C013052,1,Stable Core Customer
ACB-C013053,3,High Risk / Low Engagement
ACB-C013054,0,Premium / Multi-Product
ACB-C013055,1,Stable Core Customer
ACB-C013056,3,High Risk / Low Engagement
ACB-C013057,1,Stable Core Customer
ACB-C013058,1,Stable Core Customer
ACB-C013059,1,Stable Core Customer
ACB-C013060,1,Stable Core Customer
ACB-C013061,1,Stable Core Customer
ACB-C013062,0,Premium / Multi-Product
ACB-C013063,0,Premium / Multi-Product
ACB-C013064,1,Stable Core Customer
ACB-C013065,0,Premium / Multi-Product
ACB-C013066,1,Stable Core Customer
ACB-C013067,0,Premium / Multi-Product
ACB-C013068,1,Stable Core Customer
ACB-C013069,1,Stable Core Customer
ACB-C013070,3,High Risk / Low Engagement
ACB-C013071,1,Stable Core Customer
ACB-C013072,3,High Risk / Low Engagement
ACB-C013073,2,Developing / Building Credit
ACB-C013074,1,Stable Core Customer
ACB-C013075,1,Stable Core Customer
ACB-C013076,3,High Risk / Low Engagement
ACB-C013077,3,High Risk / Low Engagement
ACB-C013078,0,Premium / Multi-Product
ACB-C013079,0,Premium / Multi-Product
ACB-C013080,2,Developing / Building Credit
ACB-C013081,3,High Risk / Low Engagement
ACB-C013082,0,Premium / Multi-Product
ACB-C013083,0,Premium / Multi-Product
ACB-C013084,1,Stable Core Customer
ACB-C013085,3,High Risk / Low Engagement
ACB-C013086,0,Premium / Multi-Product
ACB-C013087,3,High Risk / Low Engagement
ACB-C013088,3,High Risk / Low Engagement
ACB-C013089,1,Stable Core Customer
ACB-C013090,0,Premium / Multi-Product
ACB-C013091,3,High Risk / Low Engagement
ACB-C013092,0,Premium / Multi-Product
ACB-C013093,0,Premium / Multi-Product
ACB-C013094,0,Premium / Multi-Product
ACB-C013095,3,High Risk / Low Engagement
ACB-C013096,1,Stable Core Customer
ACB-C013097,0,Premium / Multi-Product
ACB-C013098,0,Premium / Multi-Product
ACB-C013099,1,Stable Core Customer
ACB-C013100,3,High Risk / Low Engagement
ACB-C013101,0,Premium / Multi-Product
ACB-C013102,0,Premium / Multi-Product
ACB-C013103,0,Premium / Multi-Product
ACB-C013104,3,High Risk / Low Engagement
ACB-C013105,0,Premium / Multi-Product
ACB-C013106,0,Premium / Multi-Product
ACB-C013107,1,Stable Core Customer
ACB-C013108,0,Premium / Multi-Product
ACB-C013109,0,Premium / Multi-Product
ACB-C013110,3,High Risk / Low Engagement
ACB-C013111,3,High Risk / Low Engagement
ACB-C013112,3,High Risk / Low Engagement
ACB-C013113,3,High Risk / Low Engagement
ACB-C013114,1,Stable Core Customer
ACB-C013115,3,High Risk / Low Engagement
ACB-C013116,0,Premium / Multi-Product
ACB-C013117,3,High Risk / Low Engagement
ACB-C013118,0,Premium / Multi-Product
ACB-C013119,3,High Risk / Low Engagement
ACB-C013120,2,Developing / Building Credit
ACB-C013121,0,Premium / Multi-Product
ACB-C013122,0,Premium / Multi-Product
ACB-C013123,0,Premium / Multi-Product
ACB-C013124,0,Premium / Multi-Product
ACB-C013125,0,Premium / Multi-Product
ACB-C013126,0,Premium / Multi-Product
ACB-C013127,0,Premium / Multi-Product
ACB-C013128,0,Premium / Multi-Product
ACB-C013129,3,High Risk / Low Engagement
ACB-C013130,1,Stable Core Customer
ACB-C013131,1,Stable Core Customer
ACB-C013132,0,Premium / Multi-Product
ACB-C013133,3,High Risk / Low Engagement
ACB-C013134,2,Developing / Building Credit
ACB-C013135,1,Stable Core Customer
ACB-C013136,0,Premium / Multi-Product
ACB-C013137,3,High Risk / Low Engagement
ACB-C013138,0,Premium / Multi-Product
ACB-C013139,0,Premium / Multi-Product
ACB-C013140,3,High Risk / Low Engagement
ACB-C013141,0,Premium / Multi-Product
ACB-C013142,0,Premium / Multi-Product
ACB-C013143,0,Premium / Multi-Product
ACB-C013144,1,Stable Core Customer
ACB-C013145,0,Premium / Multi-Product
ACB-C013146,1,Stable Core Customer
ACB-C013147,0,Premium / Multi-Product
ACB-C013148,1,Stable Core Customer
ACB-C013149,0,Premium / Multi-Product
ACB-C013150,2,Developing / Building Credit
ACB-C013151,3,High Risk / Low Engagement
ACB-C013152,0,Premium / Multi-Product
ACB-C013153,3,High Risk / Low Engagement
ACB-C013154,3,High Risk / Low Engagement
ACB-C013155,0,Premium / Multi-Product
ACB-C013156,3,High Risk / Low Engagement
ACB-C013157,0,Premium / Multi-Product
ACB-C013158,3,High Risk / Low Engagement
ACB-C013159,0,Premium / Multi-Product
ACB-C013160,0,Premium / Multi-Product
ACB-C013161,1,Stable Core Customer
ACB-C013162,2,Developing / Building Credit
ACB-C013163,0,Premium / Multi-Product
ACB-C013164,0,Premium / Multi-Product
ACB-C013165,2,Developing / Building Credit
ACB-C013166,0,Premium / Multi-Product
ACB-C013167,0,Premium / Multi-Product
ACB-C013168,3,High Risk / Low Engagement
ACB-C013169,0,Premium / Multi-Product
ACB-C013170,0,Premium / Multi-Product
ACB-C013171,1,Stable Core Customer
ACB-C013172,3,High Risk / Low Engagement
ACB-C013173,0,Premium / Multi-Product
ACB-C013174,3,High Risk / Low Engagement
ACB-C013175,3,High Risk / Low Engagement
ACB-C013176,0,Premium / Multi-Product
ACB-C013177,0,Premium / Multi-Product
ACB-C013178,0,Premium / Multi-Product
ACB-C013179,0,Premium / Multi-Product
ACB-C013180,3,High Risk / Low Engagement
ACB-C013181,0,Premium / Multi-Product
ACB-C013182,3,High Risk / Low Engagement
ACB-C013183,2,Developing / Building Credit
ACB-C013184,1,Stable Core Customer
ACB-C013185,1,Stable Core Customer
ACB-C013186,0,Premium / Multi-Product
ACB-C013187,3,High Risk / Low Engagement
ACB-C013188,3,High Risk / Low Engagement
ACB-C013189,3,High Risk / Low Engagement
ACB-C013190,1,Stable Core Customer
ACB-C013191,1,Stable Core Customer
ACB-C013192,1,Stable Core Customer
ACB-C013193,2,Developing / Building Credit
ACB-C013194,0,Premium / Multi-Product
ACB-C013195,0,Premium / Multi-Product
ACB-C013196,3,High Risk / Low Engagement
ACB-C013197,1,Stable Core Customer
ACB-C013198,0,Premium / Multi-Product
ACB-C013199,3,High Risk / Low Engagement
ACB-C013200,3,High Risk / Low Engagement
ACB-C013201,3,High Risk / Low Engagement
ACB-C013202,1,Stable Core Customer
ACB-C013203,0,Premium / Multi-Product
ACB-C013204,3,High Risk / Low Engagement
ACB-C013205,1,Stable Core Customer
ACB-C013206,1,Stable Core Customer
ACB-C013207,1,Stable Core Customer
ACB-C013208,1,Stable Core Customer
ACB-C013209,1,Stable Core Customer
ACB-C013210,2,Developing / Building Credit
ACB-C013211,3,High Risk / Low Engagement
ACB-C013212,0,Premium / Multi-Product
ACB-C013213,0,Premium / Multi-Product
ACB-C013214,3,High Risk / Low Engagement
ACB-C013215,0,Premium / Multi-Product
ACB-C013216,3,High Risk / Low Engagement
ACB-C013217,0,Premium / Multi-Product
ACB-C013218,1,Stable Core Customer
ACB-C013219,0,Premium / Multi-Product
ACB-C013220,1,Stable Core Customer
ACB-C013221,1,Stable Core Customer
ACB-C013222,0,Premium / Multi-Product
ACB-C013223,1,Stable Core Customer
ACB-C013224,0,Premium / Multi-Product
ACB-C013225,0,Premium / Multi-Product
ACB-C013226,3,High Risk / Low Engagement
ACB-C013227,0,Premium / Multi-Product
ACB-C013228,1,Stable Core Customer
ACB-C013229,1,Stable Core Customer
ACB-C013230,1,Stable Core Customer
ACB-C013231,3,High Risk / Low Engagement
ACB-C013232,0,Premium / Multi-Product
ACB-C013233,0,Premium / Multi-Product
ACB-C013234,3,High Risk / Low Engagement
ACB-C013235,0,Premium / Multi-Product
ACB-C013236,3,High Risk / Low Engagement
ACB-C013237,2,Developing / Building Credit
ACB-C013238,3,High Risk / Low Engagement
ACB-C013239,0,Premium / Multi-Product
ACB-C013240,0,Premium / Multi-Product
ACB-C013241,1,Stable Core Customer
ACB-C013242,0,Premium / Multi-Product
ACB-C013243,3,High Risk / Low Engagement
ACB-C013244,1,Stable Core Customer
ACB-C013245,2,Developing / Building Credit
ACB-C013246,2,Developing / Building Credit
ACB-C013247,0,Premium / Multi-Product
ACB-C013248,0,Premium / Multi-Product
ACB-C013249,0,Premium / Multi-Product
ACB-C013250,0,Premium / Multi-Product
ACB-C013251,3,High Risk / Low Engagement
ACB-C013252,2,Developing / Building Credit
ACB-C013253,0,Premium / Multi-Product
ACB-C013254,3,High Risk / Low Engagement
ACB-C013255,1,Stable Core Customer
ACB-C013256,3,High Risk / Low Engagement
ACB-C013257,0,Premium / Multi-Product
ACB-C013258,3,High Risk / Low Engagement
ACB-C013259,0,Premium / Multi-Product
ACB-C013260,1,Stable Core Customer
ACB-C013261,3,High Risk / Low Engagement
ACB-C013262,1,Stable Core Customer
ACB-C013263,3,High Risk / Low Engagement
ACB-C013264,0,Premium / Multi-Product
ACB-C013265,0,Premium / Multi-Product
ACB-C013266,3,High Risk / Low Engagement
ACB-C013267,0,Premium / Multi-Product
ACB-C013268,1,Stable Core Customer
ACB-C013269,0,Premium / Multi-Product
ACB-C013270,0,Premium / Multi-Product
ACB-C013271,1,Stable Core Customer
ACB-C013272,0,Premium / Multi-Product
ACB-C013273,3,High Risk / Low Engagement
ACB-C013274,3,High Risk / Low Engagement
ACB-C013275,3,High Risk / Low Engagement
ACB-C013276,3,High Risk / Low Engagement
ACB-C013277,1,Stable Core Customer
ACB-C013278,0,Premium / Multi-Product
ACB-C013279,0,Premium / Multi-Product
ACB-C013280,0,Premium / Multi-Product
ACB-C013281,1,Stable Core Customer
ACB-C013282,3,High Risk / Low Engagement
ACB-C013283,3,High Risk / Low Engagement
ACB-C013284,0,Premium / Multi-Product
ACB-C013285,3,High Risk / Low Engagement
ACB-C013286,2,Developing / Building Credit
ACB-C013287,1,Stable Core Customer
ACB-C013288,3,High Risk / Low Engagement
ACB-C013289,0,Premium / Multi-Product
ACB-C013290,0,Premium / Multi-Product
ACB-C013291,1,Stable Core Customer
ACB-C013292,0,Premium / Multi-Product
ACB-C013293,1,Stable Core Customer
ACB-C013294,0,Premium / Multi-Product
ACB-C013295,3,High Risk / Low Engagement
ACB-C013296,1,Stable Core Customer
ACB-C013297,3,High Risk / Low Engagement
ACB-C013298,0,Premium / Multi-Product
ACB-C013299,0,Premium / Multi-Product
ACB-C013300,0,Premium / Multi-Product
ACB-C013301,0,Premium / Multi-Product
ACB-C013302,1,Stable Core Customer
ACB-C013303,3,High Risk / Low Engagement
ACB-C013304,3,High Risk / Low Engagement
ACB-C013305,3,High Risk / Low Engagement
ACB-C013306,0,Premium / Multi-Product
ACB-C013307,0,Premium / Multi-Product
ACB-C013308,0,Premium / Multi-Product
ACB-C013309,1,Stable Core Customer
ACB-C013310,1,Stable Core Customer
ACB-C013311,1,Stable Core Customer
ACB-C013312,1,Stable Core Customer
ACB-C013313,0,Premium / Multi-Product
ACB-C013314,0,Premium / Multi-Product
ACB-C013315,1,Stable Core Customer
ACB-C013316,3,High Risk / Low Engagement
ACB-C013317,3,High Risk / Low Engagement
ACB-C013318,1,Stable Core Customer
ACB-C013319,3,High Risk / Low Engagement
ACB-C013320,1,Stable Core Customer
ACB-C013321,3,High Risk / Low Engagement
ACB-C013322,2,Developing / Building Credit
ACB-C013323,3,High Risk / Low Engagement
ACB-C013324,1,Stable Core Customer
ACB-C013325,2,Developing / Building Credit
ACB-C013326,1,Stable Core Customer
ACB-C013327,0,Premium / Multi-Product
ACB-C013328,3,High Risk / Low Engagement
ACB-C013329,3,High Risk / Low Engagement
ACB-C013330,3,High Risk / Low Engagement
ACB-C013331,3,High Risk / Low Engagement
ACB-C013332,2,Developing / Building Credit
ACB-C013333,0,Premium / Multi-Product
ACB-C013334,0,Premium / Multi-Product
ACB-C013335,0,Premium / Multi-Product
ACB-C013336,1,Stable Core Customer
ACB-C013337,0,Premium / Multi-Product
ACB-C013338,0,Premium / Multi-Product
ACB-C013339,1,Stable Core Customer
ACB-C013340,0,Premium / Multi-Product
ACB-C013341,0,Premium / Multi-Product
ACB-C013342,0,Premium / Multi-Product
ACB-C013343,3,High Risk / Low Engagement
ACB-C013344,3,High Risk / Low Engagement
ACB-C013345,0,Premium / Multi-Product
ACB-C013346,3,High Risk / Low Engagement
ACB-C013347,0,Premium / Multi-Product
ACB-C013348,0,Premium / Multi-Product
ACB-C013349,3,High Risk / Low Engagement
ACB-C013350,0,Premium / Multi-Product
ACB-C013351,3,High Risk / Low Engagement
ACB-C013352,0,Premium / Multi-Product
ACB-C013353,0,Premium / Multi-Product
ACB-C013354,3,High Risk / Low Engagement
ACB-C013355,3,High Risk / Low Engagement
ACB-C013356,3,High Risk / Low Engagement
ACB-C013357,0,Premium / Multi-Product
ACB-C013358,0,Premium / Multi-Product
ACB-C013359,3,High Risk / Low Engagement
ACB-C013360,2,Developing / Building Credit
ACB-C013361,3,High Risk / Low Engagement
ACB-C013362,1,Stable Core Customer
ACB-C013363,2,Developing / Building Credit
ACB-C013364,1,Stable Core Customer
ACB-C013365,3,High Risk / Low Engagement
ACB-C013366,1,Stable Core Customer
ACB-C013367,3,High Risk / Low Engagement
ACB-C013368,0,Premium / Multi-Product
ACB-C013369,3,High Risk / Low Engagement
ACB-C013370,0,Premium / Multi-Product
ACB-C013371,0,Premium / Multi-Product
ACB-C013372,0,Premium / Multi-Product
ACB-C013373,3,High Risk / Low Engagement
ACB-C013374,0,Premium / Multi-Product
ACB-C013375,0,Premium / Multi-Product
ACB-C013376,0,Premium / Multi-Product
ACB-C013377,2,Developing / Building Credit
ACB-C013378,0,Premium / Multi-Product
ACB-C013379,0,Premium / Multi-Product
ACB-C013380,2,Developing / Building Credit
ACB-C013381,2,Developing / Building Credit
ACB-C013382,1,Stable Core Customer
ACB-C013383,0,Premium / Multi-Product
ACB-C013384,2,Developing / Building Credit
ACB-C013385,1,Stable Core Customer
ACB-C013386,0,Premium / Multi-Product
ACB-C013387,3,High Risk / Low Engagement
ACB-C013388,0,Premium / Multi-Product
ACB-C013389,0,Premium / Multi-Product
ACB-C013390,1,Stable Core Customer
ACB-C013391,3,High Risk / Low Engagement
ACB-C013392,0,Premium / Multi-Product
ACB-C013393,3,High Risk / Low Engagement
ACB-C013394,1,Stable Core Customer
ACB-C013395,0,Premium / Multi-Product
ACB-C013396,0,Premium / Multi-Product
ACB-C013397,0,Premium / Multi-Product
ACB-C013398,2,Developing / Building Credit
ACB-C013399,0,Premium / Multi-Product
ACB-C013400,1,Stable Core Customer
ACB-C013401,0,Premium / Multi-Product
ACB-C013402,0,Premium / Multi-Product
ACB-C013403,3,High Risk / Low Engagement
ACB-C013404,1,Stable Core Customer
ACB-C013405,0,Premium / Multi-Product
ACB-C013406,3,High Risk / Low Engagement
ACB-C013407,0,Premium / Multi-Product
ACB-C013408,0,Premium / Multi-Product
ACB-C013409,3,High Risk / Low Engagement
ACB-C013410,0,Premium / Multi-Product
ACB-C013411,0,Premium / Multi-Product
ACB-C013412,3,High Risk / Low Engagement
ACB-C013413,2,Developing / Building Credit
ACB-C013414,3,High Risk / Low Engagement
ACB-C013415,0,Premium / Multi-Product
ACB-C013416,0,Premium / Multi-Product
ACB-C013417,0,Premium / Multi-Product
ACB-C013418,3,High Risk / Low Engagement
ACB-C013419,3,High Risk / Low Engagement
ACB-C013420,0,Premium / Multi-Product
ACB-C013421,0,Premium / Multi-Product
ACB-C013422,3,High Risk / Low Engagement
ACB-C013423,0,Premium / Multi-Product
ACB-C013424,0,Premium / Multi-Product
ACB-C013425,1,Stable Core Customer
ACB-C013426,0,Premium / Multi-Product
ACB-C013427,3,High Risk / Low Engagement
ACB-C013428,3,High Risk / Low Engagement
ACB-C013429,3,High Risk / Low Engagement
ACB-C013430,0,Premium / Multi-Product
ACB-C013431,0,Premium / Multi-Product
ACB-C013432,1,Stable Core Customer
ACB-C013433,0,Premium / Multi-Product
ACB-C013434,1,Stable Core Customer
ACB-C013435,3,High Risk / Low Engagement
ACB-C013436,2,Developing / Building Credit
ACB-C013437,3,High Risk / Low Engagement
ACB-C013438,3,High Risk / Low Engagement
ACB-C013439,1,Stable Core Customer
ACB-C013440,1,Stable Core Customer
ACB-C013441,0,Premium / Multi-Product
ACB-C013442,1,Stable Core Customer
ACB-C013443,0,Premium / Multi-Product
ACB-C013444,0,Premium / Multi-Product
ACB-C013445,0,Premium / Multi-Product
ACB-C013446,3,High Risk / Low Engagement
ACB-C013447,0,Premium / Multi-Product
ACB-C013448,3,High Risk / Low Engagement
ACB-C013449,1,Stable Core Customer
ACB-C013450,0,Premium / Multi-Product
ACB-C013451,0,Premium / Multi-Product
ACB-C013452,1,Stable Core Customer
ACB-C013453,0,Premium / Multi-Product
ACB-C013454,3,High Risk / Low Engagement
ACB-C013455,0,Premium / Multi-Product
ACB-C013456,3,High Risk / Low Engagement
ACB-C013457,1,Stable Core Customer
ACB-C013458,0,Premium / Multi-Product
ACB-C013459,3,High Risk / Low Engagement
ACB-C013460,0,Premium / Multi-Product
ACB-C013461,1,Stable Core Customer
ACB-C013462,0,Premium / Multi-Product
ACB-C013463,3,High Risk / Low Engagement
ACB-C013464,0,Premium / Multi-Product
ACB-C013465,0,Premium / Multi-Product
ACB-C013466,3,High Risk / Low Engagement
ACB-C013467,1,Stable Core Customer
ACB-C013468,2,Developing / Building Credit
ACB-C013469,0,Premium / Multi-Product
ACB-C013470,1,Stable Core Customer
ACB-C013471,0,Premium / Multi-Product
ACB-C013472,1,Stable Core Customer
ACB-C013473,0,Premium / Multi-Product
ACB-C013474,0,Premium / Multi-Product
ACB-C013475,0,Premium / Multi-Product
ACB-C013476,0,Premium / Multi-Product
ACB-C013477,3,High Risk / Low Engagement
ACB-C013478,1,Stable Core Customer
ACB-C013479,0,Premium / Multi-Product
ACB-C013480,0,Premium / Multi-Product
ACB-C013481,1,Stable Core Customer
ACB-C013482,2,Developing / Building Credit
ACB-C013483,3,High Risk / Low Engagement
ACB-C013484,1,Stable Core Customer
ACB-C013485,3,High Risk / Low Engagement
ACB-C013486,3,High Risk / Low Engagement
ACB-C013487,0,Premium / Multi-Product
ACB-C013488,0,Premium / Multi-Product
ACB-C013489,0,Premium / Multi-Product
ACB-C013490,3,High Risk / Low Engagement
ACB-C013491,0,Premium / Multi-Product
ACB-C013492,1,Stable Core Customer
ACB-C013493,1,Stable Core Customer
ACB-C013494,1,Stable Core Customer
ACB-C013495,1,Stable Core Customer
ACB-C013496,1,Stable Core Customer
ACB-C013497,0,Premium / Multi-Product
ACB-C013498,0,Premium / Multi-Product
ACB-C013499,1,Stable Core Customer
ACB-C013500,0,Premium / Multi-Product
ACB-C013501,3,High Risk / Low Engagement
ACB-C013502,1,Stable Core Customer
ACB-C013503,1,Stable Core Customer
ACB-C013504,0,Premium / Multi-Product
ACB-C013505,1,Stable Core Customer
ACB-C013506,3,High Risk / Low Engagement
ACB-C013507,0,Premium / Multi-Product
ACB-C013508,0,Premium / Multi-Product
ACB-C013509,3,High Risk / Low Engagement
ACB-C013510,0,Premium / Multi-Product
ACB-C013511,1,Stable Core Customer
ACB-C013512,0,Premium / Multi-Product
ACB-C013513,3,High Risk / Low Engagement
ACB-C013514,3,High Risk / Low Engagement
ACB-C013515,0,Premium / Multi-Product
ACB-C013516,1,Stable Core Customer
ACB-C013517,3,High Risk / Low Engagement
ACB-C013518,0,Premium / Multi-Product
ACB-C013519,0,Premium / Multi-Product
ACB-C013520,1,Stable Core Customer
ACB-C013521,1,Stable Core Customer
ACB-C013522,3,High Risk / Low Engagement
ACB-C013523,0,Premium / Multi-Product
ACB-C013524,0,Premium / Multi-Product
ACB-C013525,0,Premium / Multi-Product
ACB-C013526,3,High Risk / Low Engagement
ACB-C013527,3,High Risk / Low Engagement
ACB-C013528,0,Premium / Multi-Product
ACB-C013529,3,High Risk / Low Engagement
ACB-C013530,1,Stable Core Customer
ACB-C013531,3,High Risk / Low Engagement
ACB-C013532,0,Premium / Multi-Product
ACB-C013533,1,Stable Core Customer
ACB-C013534,0,Premium / Multi-Product
ACB-C013535,1,Stable Core Customer
ACB-C013536,3,High Risk / Low Engagement
ACB-C013537,3,High Risk / Low Engagement
ACB-C013538,1,Stable Core Customer
ACB-C013539,1,Stable Core Customer
ACB-C013540,3,High Risk / Low Engagement
ACB-C013541,1,Stable Core Customer
ACB-C013542,3,High Risk / Low Engagement
ACB-C013543,3,High Risk / Low Engagement
ACB-C013544,1,Stable Core Customer
ACB-C013545,3,High Risk / Low Engagement
ACB-C013546,0,Premium / Multi-Product
ACB-C013547,1,Stable Core Customer
ACB-C013548,0,Premium / Multi-Product
ACB-C013549,0,Premium / Multi-Product
ACB-C013550,1,Stable Core Customer
ACB-C013551,0,Premium / Multi-Product
ACB-C013552,0,Premium / Multi-Product
ACB-C013553,1,Stable Core Customer
ACB-C013554,1,Stable Core Customer
ACB-C013555,0,Premium / Multi-Product
ACB-C013556,3,High Risk / Low Engagement
ACB-C013557,1,Stable Core Customer
ACB-C013558,0,Premium / Multi-Product
ACB-C013559,3,High Risk / Low Engagement
ACB-C013560,1,Stable Core Customer
ACB-C013561,0,Premium / Multi-Product
ACB-C013562,1,Stable Core Customer
ACB-C013563,0,Premium / Multi-Product
ACB-C013564,3,High Risk / Low Engagement
ACB-C013565,0,Premium / Multi-Product
ACB-C013566,2,Developing / Building Credit
ACB-C013567,1,Stable Core Customer
ACB-C013568,1,Stable Core Customer
ACB-C013569,3,High Risk / Low Engagement
ACB-C013570,3,High Risk / Low Engagement
ACB-C013571,3,High Risk / Low Engagement
ACB-C013572,0,Premium / Multi-Product
ACB-C013573,1,Stable Core Customer
ACB-C013574,1,Stable Core Customer
ACB-C013575,0,Premium / Multi-Product
ACB-C013576,0,Premium / Multi-Product
ACB-C013577,1,Stable Core Customer
ACB-C013578,3,High Risk / Low Engagement
ACB-C013579,0,Premium / Multi-Product
ACB-C013580,0,Premium / Multi-Product
ACB-C013581,3,High Risk / Low Engagement
ACB-C013582,1,Stable Core Customer
ACB-C013583,0,Premium / Multi-Product
ACB-C013584,1,Stable Core Customer
ACB-C013585,0,Premium / Multi-Product
ACB-C013586,1,Stable Core Customer
ACB-C013587,0,Premium / Multi-Product
ACB-C013588,1,Stable Core Customer
ACB-C013589,1,Stable Core Customer
ACB-C013590,0,Premium / Multi-Product
ACB-C013591,1,Stable Core Customer
ACB-C013592,3,High Risk / Low Engagement
ACB-C013593,1,Stable Core Customer
ACB-C013594,0,Premium / Multi-Product
ACB-C013595,3,High Risk / Low Engagement
ACB-C013596,0,Premium / Multi-Product
ACB-C013597,0,Premium / Multi-Product
ACB-C013598,3,High Risk / Low Engagement
ACB-C013599,1,Stable Core Customer
ACB-C013600,3,High Risk / Low Engagement
ACB-C013601,3,High Risk / Low Engagement
ACB-C013602,1,Stable Core Customer
ACB-C013603,0,Premium / Multi-Product
ACB-C013604,1,Stable Core Customer
ACB-C013605,0,Premium / Multi-Product
ACB-C013606,2,Developing / Building Credit
ACB-C013607,0,Premium / Multi-Product
ACB-C013608,0,Premium / Multi-Product
ACB-C013609,0,Premium / Multi-Product
ACB-C013610,1,Stable Core Customer
ACB-C013611,0,Premium / Multi-Product
ACB-C013612,2,Developing / Building Credit
ACB-C013613,0,Premium / Multi-Product
ACB-C013614,0,Premium / Multi-Product
ACB-C013615,0,Premium / Multi-Product
ACB-C013616,1,Stable Core Customer
ACB-C013617,3,High Risk / Low Engagement
ACB-C013618,1,Stable Core Customer
ACB-C013619,1,Stable Core Customer
ACB-C013620,2,Developing / Building Credit
ACB-C013621,1,Stable Core Customer
ACB-C013622,1,Stable Core Customer
ACB-C013623,0,Premium / Multi-Product
ACB-C013624,0,Premium / Multi-Product
ACB-C013625,2,Developing / Building Credit
ACB-C013626,3,High Risk / Low Engagement
ACB-C013627,3,High Risk / Low Engagement
ACB-C013628,1,Stable Core Customer
ACB-C013629,0,Premium / Multi-Product
ACB-C013630,3,High Risk / Low Engagement
ACB-C013631,3,High Risk / Low Engagement
ACB-C013632,3,High Risk / Low Engagement
ACB-C013633,1,Stable Core Customer
ACB-C013634,0,Premium / Multi-Product
ACB-C013635,0,Premium / Multi-Product
ACB-C013636,0,Premium / Multi-Product
ACB-C013637,3,High Risk / Low Engagement
ACB-C013638,1,Stable Core Customer
ACB-C013639,1,Stable Core Customer
ACB-C013640,0,Premium / Multi-Product
ACB-C013641,0,Premium / Multi-Product
ACB-C013642,0,Premium / Multi-Product
ACB-C013643,1,Stable Core Customer
ACB-C013644,0,Premium / Multi-Product
ACB-C013645,0,Premium / Multi-Product
ACB-C013646,0,Premium / Multi-Product
ACB-C013647,0,Premium / Multi-Product
ACB-C013648,1,Stable Core Customer
ACB-C013649,3,High Risk / Low Engagement
ACB-C013650,1,Stable Core Customer
ACB-C013651,0,Premium / Multi-Product
ACB-C013652,1,Stable Core Customer
ACB-C013653,0,Premium / Multi-Product
ACB-C013654,3,High Risk / Low Engagement
ACB-C013655,1,Stable Core Customer
ACB-C013656,0,Premium / Multi-Product
ACB-C013657,0,Premium / Multi-Product
ACB-C013658,0,Premium / Multi-Product
ACB-C013659,0,Premium / Multi-Product
ACB-C013660,0,Premium / Multi-Product
ACB-C013661,0,Premium / Multi-Product
ACB-C013662,0,Premium / Multi-Product
ACB-C013663,3,High Risk / Low Engagement
ACB-C013664,3,High Risk / Low Engagement
ACB-C013665,1,Stable Core Customer
ACB-C013666,0,Premium / Multi-Product
ACB-C013667,1,Stable Core Customer
ACB-C013668,0,Premium / Multi-Product
ACB-C013669,1,Stable Core Customer
ACB-C013670,0,Premium / Multi-Product
ACB-C013671,0,Premium / Multi-Product
ACB-C013672,0,Premium / Multi-Product
ACB-C013673,1,Stable Core Customer
ACB-C013674,3,High Risk / Low Engagement
ACB-C013675,2,Developing / Building Credit
ACB-C013676,3,High Risk / Low Engagement
ACB-C013677,3,High Risk / Low Engagement
ACB-C013678,3,High Risk / Low Engagement
ACB-C013679,1,Stable Core Customer
ACB-C013680,0,Premium / Multi-Product
ACB-C013681,1,Stable Core Customer
ACB-C013682,3,High Risk / Low Engagement
ACB-C013683,1,Stable Core Customer
ACB-C013684,1,Stable Core Customer
ACB-C013685,3,High Risk / Low Engagement
ACB-C013686,3,High Risk / Low Engagement
ACB-C013687,1,Stable Core Customer
ACB-C013688,1,Stable Core Customer
ACB-C013689,0,Premium / Multi-Product
ACB-C013690,1,Stable Core Customer
ACB-C013691,3,High Risk / Low Engagement
ACB-C013692,3,High Risk / Low Engagement
ACB-C013693,1,Stable Core Customer
ACB-C013694,0,Premium / Multi-Product
ACB-C013695,3,High Risk / Low Engagement
ACB-C013696,0,Premium / Multi-Product
ACB-C013697,0,Premium / Multi-Product
ACB-C013698,1,Stable Core Customer
ACB-C013699,2,Developing / Building Credit
ACB-C013700,3,High Risk / Low Engagement
ACB-C013701,1,Stable Core Customer
ACB-C013702,3,High Risk / Low Engagement
ACB-C013703,0,Premium / Multi-Product
ACB-C013704,3,High Risk / Low Engagement
ACB-C013705,0,Premium / Multi-Product
ACB-C013706,1,Stable Core Customer
ACB-C013707,0,Premium / Multi-Product
ACB-C013708,1,Stable Core Customer
ACB-C013709,3,High Risk / Low Engagement
ACB-C013710,3,High Risk / Low Engagement
ACB-C013711,0,Premium / Multi-Product
ACB-C013712,0,Premium / Multi-Product
ACB-C013713,0,Premium / Multi-Product
ACB-C013714,0,Premium / Multi-Product
ACB-C013715,1,Stable Core Customer
ACB-C013716,1,Stable Core Customer
ACB-C013717,0,Premium / Multi-Product
ACB-C013718,1,Stable Core Customer
ACB-C013719,1,Stable Core Customer
ACB-C013720,1,Stable Core Customer
ACB-C013721,0,Premium / Multi-Product
ACB-C013722,0,Premium / Multi-Product
ACB-C013723,1,Stable Core Customer
ACB-C013724,0,Premium / Multi-Product
ACB-C013725,0,Premium / Multi-Product
ACB-C013726,3,High Risk / Low Engagement
ACB-C013727,3,High Risk / Low Engagement
ACB-C013728,1,Stable Core Customer
ACB-C013729,3,High Risk / Low Engagement
ACB-C013730,0,Premium / Multi-Product
ACB-C013731,3,High Risk / Low Engagement
ACB-C013732,3,High Risk / Low Engagement
ACB-C013733,1,Stable Core Customer
ACB-C013734,1,Stable Core Customer
ACB-C013735,3,High Risk / Low Engagement
ACB-C013736,0,Premium / Multi-Product
ACB-C013737,0,Premium / Multi-Product
ACB-C013738,0,Premium / Multi-Product
ACB-C013739,1,Stable Core Customer
ACB-C013740,1,Stable Core Customer
ACB-C013741,1,Stable Core Customer
ACB-C013742,0,Premium / Multi-Product
ACB-C013743,0,Premium / Multi-Product
ACB-C013744,0,Premium / Multi-Product
ACB-C013745,3,High Risk / Low Engagement
ACB-C013746,3,High Risk / Low Engagement
ACB-C013747,1,Stable Core Customer
ACB-C013748,0,Premium / Multi-Product
ACB-C013749,3,High Risk / Low Engagement
ACB-C013750,3,High Risk / Low Engagement
ACB-C013751,3,High Risk / Low Engagement
ACB-C013752,3,High Risk / Low Engagement
ACB-C013753,0,Premium / Multi-Product
ACB-C013754,0,Premium / Multi-Product
ACB-C013755,1,Stable Core Customer
ACB-C013756,0,Premium / Multi-Product
ACB-C013757,3,High Risk / Low Engagement
ACB-C013758,0,Premium / Multi-Product
ACB-C013759,3,High Risk / Low Engagement
ACB-C013760,3,High Risk / Low Engagement
ACB-C013761,1,Stable Core Customer
ACB-C013762,0,Premium / Multi-Product
ACB-C013763,1,Stable Core Customer
ACB-C013764,1,Stable Core Customer
ACB-C013765,3,High Risk / Low Engagement
ACB-C013766,3,High Risk / Low Engagement
ACB-C013767,0,Premium / Multi-Product
ACB-C013768,1,Stable Core Customer
ACB-C013769,0,Premium / Multi-Product
ACB-C013770,0,Premium / Multi-Product
ACB-C013771,2,Developing / Building Credit
ACB-C013772,1,Stable Core Customer
ACB-C013773,1,Stable Core Customer
ACB-C013774,0,Premium / Multi-Product
ACB-C013775,0,Premium / Multi-Product
ACB-C013776,0,Premium / Multi-Product
ACB-C013777,3,High Risk / Low Engagement
ACB-C013778,0,Premium / Multi-Product
ACB-C013779,3,High Risk / Low Engagement
ACB-C013780,0,Premium / Multi-Product
ACB-C013781,0,Premium / Multi-Product
ACB-C013782,3,High Risk / Low Engagement
ACB-C013783,0,Premium / Multi-Product
ACB-C013784,0,Premium / Multi-Product
ACB-C013785,1,Stable Core Customer
ACB-C013786,3,High Risk / Low Engagement
ACB-C013787,0,Premium / Multi-Product
ACB-C013788,0,Premium / Multi-Product
ACB-C013789,0,Premium / Multi-Product
ACB-C013790,3,High Risk / Low Engagement
ACB-C013791,1,Stable Core Customer
ACB-C013792,3,High Risk / Low Engagement
ACB-C013793,3,High Risk / Low Engagement
ACB-C013794,0,Premium / Multi-Product
ACB-C013795,0,Premium / Multi-Product
ACB-C013796,0,Premium / Multi-Product
ACB-C013797,0,Premium / Multi-Product
ACB-C013798,1,Stable Core Customer
ACB-C013799,0,Premium / Multi-Product
ACB-C013800,0,Premium / Multi-Product
ACB-C013801,0,Premium / Multi-Product
ACB-C013802,1,Stable Core Customer
ACB-C013803,3,High Risk / Low Engagement
ACB-C013804,0,Premium / Multi-Product
ACB-C013805,0,Premium / Multi-Product
ACB-C013806,1,Stable Core Customer
ACB-C013807,0,Premium / Multi-Product
ACB-C013808,2,Developing / Building Credit
ACB-C013809,2,Developing / Building Credit
ACB-C013810,2,Developing / Building Credit
ACB-C013811,0,Premium / Multi-Product
ACB-C013812,0,Premium / Multi-Product
ACB-C013813,0,Premium / Multi-Product
ACB-C013814,3,High Risk / Low Engagement
ACB-C013815,2,Developing / Building Credit
ACB-C013816,3,High Risk / Low Engagement
ACB-C013817,1,Stable Core Customer
ACB-C013818,1,Stable Core Customer
ACB-C013819,3,High Risk / Low Engagement
ACB-C013820,1,Stable Core Customer
ACB-C013821,1,Stable Core Customer
ACB-C013822,0,Premium / Multi-Product
ACB-C013823,3,High Risk / Low Engagement
ACB-C013824,0,Premium / Multi-Product
ACB-C013825,3,High Risk / Low Engagement
ACB-C013826,3,High Risk / Low Engagement
ACB-C013827,0,Premium / Multi-Product
ACB-C013828,3,High Risk / Low Engagement
ACB-C013829,0,Premium / Multi-Product
ACB-C013830,0,Premium / Multi-Product
ACB-C013831,0,Premium / Multi-Product
ACB-C013832,0,Premium / Multi-Product
ACB-C013833,0,Premium / Multi-Product
ACB-C013834,0,Premium / Multi-Product
ACB-C013835,0,Premium / Multi-Product
ACB-C013836,0,Premium / Multi-Product
ACB-C013837,3,High Risk / Low Engagement
ACB-C013838,3,High Risk / Low Engagement
ACB-C013839,0,Premium / Multi-Product
ACB-C013840,0,Premium / Multi-Product
ACB-C013841,3,High Risk / Low Engagement
ACB-C013842,0,Premium / Multi-Product
ACB-C013843,3,High Risk / Low Engagement
ACB-C013844,0,Premium / Multi-Product
ACB-C013845,1,Stable Core Customer
ACB-C013846,3,High Risk / Low Engagement
ACB-C013847,1,Stable Core Customer
ACB-C013848,1,Stable Core Customer
ACB-C013849,3,High Risk / Low Engagement
ACB-C013850,0,Premium / Multi-Product
ACB-C013851,0,Premium / Multi-Product
ACB-C013852,1,Stable Core Customer
ACB-C013853,0,Premium / Multi-Product
ACB-C013854,1,Stable Core Customer
ACB-C013855,1,Stable Core Customer
ACB-C013856,3,High Risk / Low Engagement
ACB-C013857,0,Premium / Multi-Product
ACB-C013858,0,Premium / Multi-Product
ACB-C013859,0,Premium / Multi-Product
ACB-C013860,1,Stable Core Customer
ACB-C013861,1,Stable Core Customer
ACB-C013862,0,Premium / Multi-Product
ACB-C013863,1,Stable Core Customer
ACB-C013864,3,High Risk / Low Engagement
ACB-C013865,0,Premium / Multi-Product
ACB-C013866,0,Premium / Multi-Product
ACB-C013867,1,Stable Core Customer
ACB-C013868,1,Stable Core Customer
ACB-C013869,2,Developing / Building Credit
ACB-C013870,1,Stable Core Customer
ACB-C013871,1,Stable Core Customer
ACB-C013872,0,Premium / Multi-Product
ACB-C013873,3,High Risk / Low Engagement
ACB-C013874,0,Premium / Multi-Product
ACB-C013875,0,Premium / Multi-Product
ACB-C013876,1,Stable Core Customer
ACB-C013877,0,Premium / Multi-Product
ACB-C013878,0,Premium / Multi-Product
ACB-C013879,0,Premium / Multi-Product
ACB-C013880,3,High Risk / Low Engagement
ACB-C013881,0,Premium / Multi-Product
ACB-C013882,1,Stable Core Customer
ACB-C013883,0,Premium / Multi-Product
ACB-C013884,3,High Risk / Low Engagement
ACB-C013885,0,Premium / Multi-Product
ACB-C013886,3,High Risk / Low Engagement
ACB-C013887,3,High Risk / Low Engagement
ACB-C013888,3,High Risk / Low Engagement
ACB-C013889,0,Premium / Multi-Product
ACB-C013890,1,Stable Core Customer
ACB-C013891,0,Premium / Multi-Product
ACB-C013892,2,Developing / Building Credit
ACB-C013893,0,Premium / Multi-Product
ACB-C013894,3,High Risk / Low Engagement
ACB-C013895,3,High Risk / Low Engagement
ACB-C013896,0,Premium / Multi-Product
ACB-C013897,0,Premium / Multi-Product
ACB-C013898,1,Stable Core Customer
ACB-C013899,3,High Risk / Low Engagement
ACB-C013900,1,Stable Core Customer
ACB-C013901,0,Premium / Multi-Product
ACB-C013902,0,Premium / Multi-Product
ACB-C013903,1,Stable Core Customer
ACB-C013904,0,Premium / Multi-Product
ACB-C013905,0,Premium / Multi-Product
ACB-C013906,1,Stable Core Customer
ACB-C013907,2,Developing / Building Credit
ACB-C013908,0,Premium / Multi-Product
ACB-C013909,0,Premium / Multi-Product
ACB-C013910,0,Premium / Multi-Product
ACB-C013911,1,Stable Core Customer
ACB-C013912,1,Stable Core Customer
ACB-C013913,0,Premium / Multi-Product
ACB-C013914,0,Premium / Multi-Product
ACB-C013915,0,Premium / Multi-Product
ACB-C013916,0,Premium / Multi-Product
ACB-C013917,3,High Risk / Low Engagement
ACB-C013918,0,Premium / Multi-Product
ACB-C013919,0,Premium / Multi-Product
ACB-C013920,3,High Risk / Low Engagement
ACB-C013921,0,Premium / Multi-Product
ACB-C013922,0,Premium / Multi-Product
ACB-C013923,1,Stable Core Customer
ACB-C013924,3,High Risk / Low Engagement
ACB-C013925,3,High Risk / Low Engagement
ACB-C013926,3,High Risk / Low Engagement
ACB-C013927,3,High Risk / Low Engagement
ACB-C013928,3,High Risk / Low Engagement
ACB-C013929,1,Stable Core Customer
ACB-C013930,3,High Risk / Low Engagement
ACB-C013931,0,Premium / Multi-Product
ACB-C013932,0,Premium / Multi-Product
ACB-C013933,1,Stable Core Customer
ACB-C013934,0,Premium / Multi-Product
ACB-C013935,3,High Risk / Low Engagement
ACB-C013936,0,Premium / Multi-Product
ACB-C013937,1,Stable Core Customer
ACB-C013938,0,Premium / Multi-Product
ACB-C013939,1,Stable Core Customer
ACB-C013940,0,Premium / Multi-Product
ACB-C013941,1,Stable Core Customer
ACB-C013942,0,Premium / Multi-Product
ACB-C013943,1,Stable Core Customer
ACB-C013944,3,High Risk / Low Engagement
ACB-C013945,1,Stable Core Customer
ACB-C013946,3,High Risk / Low Engagement
ACB-C013947,1,Stable Core Customer
ACB-C013948,1,Stable Core Customer
ACB-C013949,3,High Risk / Low Engagement
ACB-C013950,0,Premium / Multi-Product
ACB-C013951,3,High Risk / Low Engagement
ACB-C013952,0,Premium / Multi-Product
ACB-C013953,0,Premium / Multi-Product
ACB-C013954,1,Stable Core Customer
ACB-C013955,0,Premium / Multi-Product
ACB-C013956,3,High Risk / Low Engagement
ACB-C013957,0,Premium / Multi-Product
ACB-C013958,3,High Risk / Low Engagement
ACB-C013959,3,High Risk / Low Engagement
ACB-C013960,3,High Risk / Low Engagement
ACB-C013961,0,Premium / Multi-Product
ACB-C013962,3,High Risk / Low Engagement
ACB-C013963,0,Premium / Multi-Product
ACB-C013964,1,Stable Core Customer
ACB-C013965,3,High Risk / Low Engagement
ACB-C013966,3,High Risk / Low Engagement
ACB-C013967,1,Stable Core Customer
ACB-C013968,0,Premium / Multi-Product
ACB-C013969,3,High Risk / Low Engagement
ACB-C013970,2,Developing / Building Credit
ACB-C013971,0,Premium / Multi-Product
ACB-C013972,1,Stable Core Customer
ACB-C013973,0,Premium / Multi-Product
ACB-C013974,3,High Risk / Low Engagement
ACB-C013975,1,Stable Core Customer
ACB-C013976,0,Premium / Multi-Product
ACB-C013977,3,High Risk / Low Engagement
ACB-C013978,0,Premium / Multi-Product
ACB-C013979,0,Premium / Multi-Product
ACB-C013980,1,Stable Core Customer
ACB-C013981,0,Premium / Multi-Product
ACB-C013982,3,High Risk / Low Engagement
ACB-C013983,1,Stable Core Customer
ACB-C013984,0,Premium / Multi-Product
ACB-C013985,3,High Risk / Low Engagement
ACB-C013986,1,Stable Core Customer
ACB-C013987,2,Developing / Building Credit
ACB-C013988,1,Stable Core Customer
ACB-C013989,1,Stable Core Customer
ACB-C013990,0,Premium / Multi-Product
ACB-C013991,0,Premium / Multi-Product
ACB-C013992,2,Developing / Building Credit
ACB-C013993,3,High Risk / Low Engagement
ACB-C013994,0,Premium / Multi-Product
ACB-C013995,3,High Risk / Low Engagement
ACB-C013996,0,Premium / Multi-Product
ACB-C013997,0,Premium / Multi-Product
ACB-C013998,1,Stable Core Customer
ACB-C013999,0,Premium / Multi-Product
ACB-C014000,1,Stable Core Customer
ACB-C014001,1,Stable Core Customer
ACB-C014002,3,High Risk / Low Engagement
ACB-C014003,0,Premium / Multi-Product
ACB-C014004,3,High Risk / Low Engagement
ACB-C014005,0,Premium / Multi-Product
ACB-C014006,0,Premium / Multi-Product
ACB-C014007,0,Premium / Multi-Product
ACB-C014008,0,Premium / Multi-Product
ACB-C014009,0,Premium / Multi-Product
ACB-C014010,0,Premium / Multi-Product
ACB-C014011,2,Developing / Building Credit
ACB-C014012,0,Premium / Multi-Product
ACB-C014013,1,Stable Core Customer
ACB-C014014,0,Premium / Multi-Product
ACB-C014015,0,Premium / Multi-Product
ACB-C014016,0,Premium / Multi-Product
ACB-C014017,0,Premium / Multi-Product
ACB-C014018,3,High Risk / Low Engagement
ACB-C014019,0,Premium / Multi-Product
ACB-C014020,0,Premium / Multi-Product
ACB-C014021,0,Premium / Multi-Product
ACB-C014022,3,High Risk / Low Engagement
ACB-C014023,1,Stable Core Customer
ACB-C014024,3,High Risk / Low Engagement
ACB-C014025,0,Premium / Multi-Product
ACB-C014026,3,High Risk / Low Engagement
ACB-C014027,0,Premium / Multi-Product
ACB-C014028,0,Premium / Multi-Product
ACB-C014029,1,Stable Core Customer
ACB-C014030,3,High Risk / Low Engagement
ACB-C014031,3,High Risk / Low Engagement
ACB-C014032,3,High Risk / Low Engagement
ACB-C014033,0,Premium / Multi-Product
ACB-C014034,0,Premium / Multi-Product
ACB-C014035,1,Stable Core Customer
ACB-C014036,1,Stable Core Customer
ACB-C014037,1,Stable Core Customer
ACB-C014038,0,Premium / Multi-Product
ACB-C014039,3,High Risk / Low Engagement
ACB-C014040,0,Premium / Multi-Product
ACB-C014041,1,Stable Core Customer
ACB-C014042,0,Premium / Multi-Product
ACB-C014043,0,Premium / Multi-Product
ACB-C014044,0,Premium / Multi-Product
ACB-C014045,0,Premium / Multi-Product
ACB-C014046,3,High Risk / Low Engagement
ACB-C014047,0,Premium / Multi-Product
ACB-C014048,0,Premium / Multi-Product
ACB-C014049,0,Premium / Multi-Product
ACB-C014050,0,Premium / Multi-Product
ACB-C014051,0,Premium / Multi-Product
ACB-C014052,0,Premium / Multi-Product
ACB-C014053,0,Premium / Multi-Product
ACB-C014054,0,Premium / Multi-Product
ACB-C014055,3,High Risk / Low Engagement
ACB-C014056,0,Premium / Multi-Product
ACB-C014057,0,Premium / Multi-Product
ACB-C014058,0,Premium / Multi-Product
ACB-C014059,1,Stable Core Customer
ACB-C014060,0,Premium / Multi-Product
ACB-C014061,0,Premium / Multi-Product
ACB-C014062,1,Stable Core Customer
ACB-C014063,3,High Risk / Low Engagement
ACB-C014064,3,High Risk / Low Engagement
ACB-C014065,3,High Risk / Low Engagement
ACB-C014066,0,Premium / Multi-Product
ACB-C014067,0,Premium / Multi-Product
ACB-C014068,0,Premium / Multi-Product
ACB-C014069,3,High Risk / Low Engagement
ACB-C014070,1,Stable Core Customer
ACB-C014071,3,High Risk / Low Engagement
ACB-C014072,0,Premium / Multi-Product
ACB-C014073,3,High Risk / Low Engagement
ACB-C014074,1,Stable Core Customer
ACB-C014075,3,High Risk / Low Engagement
ACB-C014076,3,High Risk / Low Engagement
ACB-C014077,1,Stable Core Customer
ACB-C014078,1,Stable Core Customer
ACB-C014079,1,Stable Core Customer
ACB-C014080,1,Stable Core Customer
ACB-C014081,3,High Risk / Low Engagement
ACB-C014082,0,Premium / Multi-Product
ACB-C014083,1,Stable Core Customer
ACB-C014084,3,High Risk / Low Engagement
ACB-C014085,3,High Risk / Low Engagement
ACB-C014086,0,Premium / Multi-Product
ACB-C014087,3,High Risk / Low Engagement
ACB-C014088,3,High Risk / Low Engagement
ACB-C014089,0,Premium / Multi-Product
ACB-C014090,0,Premium / Multi-Product
ACB-C014091,1,Stable Core Customer
ACB-C014092,0,Premium / Multi-Product
ACB-C014093,3,High Risk / Low Engagement
ACB-C014094,0,Premium / Multi-Product
ACB-C014095,1,Stable Core Customer
ACB-C014096,3,High Risk / Low Engagement
ACB-C014097,0,Premium / Multi-Product
ACB-C014098,1,Stable Core Customer
ACB-C014099,0,Premium / Multi-Product
ACB-C014100,3,High Risk / Low Engagement
ACB-C014101,3,High Risk / Low Engagement
ACB-C014102,3,High Risk / Low Engagement
ACB-C014103,3,High Risk / Low Engagement
ACB-C014104,1,Stable Core Customer
ACB-C014105,0,Premium / Multi-Product
ACB-C014106,0,Premium / Multi-Product
ACB-C014107,3,High Risk / Low Engagement
ACB-C014108,1,Stable Core Customer
ACB-C014109,3,High Risk / Low Engagement
ACB-C014110,0,Premium / Multi-Product
ACB-C014111,3,High Risk / Low Engagement
ACB-C014112,0,Premium / Multi-Product
ACB-C014113,3,High Risk / Low Engagement
ACB-C014114,1,Stable Core Customer
ACB-C014115,0,Premium / Multi-Product
ACB-C014116,1,Stable Core Customer
ACB-C014117,0,Premium / Multi-Product
ACB-C014118,0,Premium / Multi-Product
ACB-C014119,0,Premium / Multi-Product
ACB-C014120,0,Premium / Multi-Product
ACB-C014121,0,Premium / Multi-Product
ACB-C014122,3,High Risk / Low Engagement
ACB-C014123,0,Premium / Multi-Product
ACB-C014124,0,Premium / Multi-Product
ACB-C014125,3,High Risk / Low Engagement
ACB-C014126,3,High Risk / Low Engagement
ACB-C014127,3,High Risk / Low Engagement
ACB-C014128,3,High Risk / Low Engagement
ACB-C014129,0,Premium / Multi-Product
ACB-C014130,0,Premium / Multi-Product
ACB-C014131,1,Stable Core Customer
ACB-C014132,2,Developing / Building Credit
ACB-C014133,1,Stable Core Customer
ACB-C014134,0,Premium / Multi-Product
ACB-C014135,1,Stable Core Customer
ACB-C014136,3,High Risk / Low Engagement
ACB-C014137,0,Premium / Multi-Product
ACB-C014138,0,Premium / Multi-Product
ACB-C014139,3,High Risk / Low Engagement
ACB-C014140,1,Stable Core Customer
ACB-C014141,3,High Risk / Low Engagement
ACB-C014142,1,Stable Core Customer
ACB-C014143,0,Premium / Multi-Product
ACB-C014144,1,Stable Core Customer
ACB-C014145,0,Premium / Multi-Product
ACB-C014146,2,Developing / Building Credit
ACB-C014147,3,High Risk / Low Engagement
ACB-C014148,0,Premium / Multi-Product
ACB-C014149,3,High Risk / Low Engagement
ACB-C014150,0,Premium / Multi-Product
ACB-C014151,0,Premium / Multi-Product
ACB-C014152,0,Premium / Multi-Product
ACB-C014153,3,High Risk / Low Engagement
ACB-C014154,3,High Risk / Low Engagement
ACB-C014155,0,Premium / Multi-Product
ACB-C014156,3,High Risk / Low Engagement
ACB-C014157,1,Stable Core Customer
ACB-C014158,3,High Risk / Low Engagement
ACB-C014159,1,Stable Core Customer
ACB-C014160,0,Premium / Multi-Product
ACB-C014161,1,Stable Core Customer
ACB-C014162,1,Stable Core Customer
ACB-C014163,1,Stable Core Customer
ACB-C014164,0,Premium / Multi-Product
ACB-C014165,0,Premium / Multi-Product
ACB-C014166,1,Stable Core Customer
ACB-C014167,0,Premium / Multi-Product
ACB-C014168,0,Premium / Multi-Product
ACB-C014169,3,High Risk / Low Engagement
ACB-C014170,1,Stable Core Customer
ACB-C014171,0,Premium / Multi-Product
ACB-C014172,1,Stable Core Customer
ACB-C014173,3,High Risk / Low Engagement
ACB-C014174,0,Premium / Multi-Product
ACB-C014175,0,Premium / Multi-Product
ACB-C014176,0,Premium / Multi-Product
ACB-C014177,3,High Risk / Low Engagement
ACB-C014178,0,Premium / Multi-Product
ACB-C014179,1,Stable Core Customer
ACB-C014180,1,Stable Core Customer
ACB-C014181,0,Premium / Multi-Product
ACB-C014182,0,Premium / Multi-Product
ACB-C014183,3,High Risk / Low Engagement
ACB-C014184,0,Premium / Multi-Product
ACB-C014185,0,Premium / Multi-Product
ACB-C014186,0,Premium / Multi-Product
ACB-C014187,0,Premium / Multi-Product
ACB-C014188,0,Premium / Multi-Product
ACB-C014189,0,Premium / Multi-Product
ACB-C014190,3,High Risk / Low Engagement
ACB-C014191,0,Premium / Multi-Product
ACB-C014192,0,Premium / Multi-Product
ACB-C014193,1,Stable Core Customer
ACB-C014194,3,High Risk / Low Engagement
ACB-C014195,3,High Risk / Low Engagement
ACB-C014196,0,Premium / Multi-Product
ACB-C014197,1,Stable Core Customer
ACB-C014198,1,Stable Core Customer
ACB-C014199,1,Stable Core Customer
ACB-C014200,0,Premium / Multi-Product
ACB-C014201,1,Stable Core Customer
ACB-C014202,2,Developing / Building Credit
ACB-C014203,0,Premium / Multi-Product
ACB-C014204,1,Stable Core Customer
ACB-C014205,1,Stable Core Customer
ACB-C014206,0,Premium / Multi-Product
ACB-C014207,1,Stable Core Customer
ACB-C014208,0,Premium / Multi-Product
ACB-C014209,0,Premium / Multi-Product
ACB-C014210,3,High Risk / Low Engagement
ACB-C014211,3,High Risk / Low Engagement
ACB-C014212,2,Developing / Building Credit
ACB-C014213,0,Premium / Multi-Product
ACB-C014214,2,Developing / Building Credit
ACB-C014215,0,Premium / Multi-Product
ACB-C014216,1,Stable Core Customer
ACB-C014217,3,High Risk / Low Engagement
ACB-C014218,3,High Risk / Low Engagement
ACB-C014219,3,High Risk / Low Engagement
ACB-C014220,0,Premium / Multi-Product
ACB-C014221,3,High Risk / Low Engagement
ACB-C014222,0,Premium / Multi-Product
ACB-C014223,3,High Risk / Low Engagement
ACB-C014224,0,Premium / Multi-Product
ACB-C014225,1,Stable Core Customer
ACB-C014226,3,High Risk / Low Engagement
ACB-C014227,0,Premium / Multi-Product
ACB-C014228,3,High Risk / Low Engagement
ACB-C014229,3,High Risk / Low Engagement
ACB-C014230,3,High Risk / Low Engagement
ACB-C014231,0,Premium / Multi-Product
ACB-C014232,0,Premium / Multi-Product
ACB-C014233,3,High Risk / Low Engagement
ACB-C014234,2,Developing / Building Credit
ACB-C014235,0,Premium / Multi-Product
ACB-C014236,1,Stable Core Customer
ACB-C014237,3,High Risk / Low Engagement
ACB-C014238,0,Premium / Multi-Product
ACB-C014239,0,Premium / Multi-Product
ACB-C014240,1,Stable Core Customer
ACB-C014241,0,Premium / Multi-Product
ACB-C014242,1,Stable Core Customer
ACB-C014243,3,High Risk / Low Engagement
ACB-C014244,3,High Risk / Low Engagement
ACB-C014245,3,High Risk / Low Engagement
ACB-C014246,0,Premium / Multi-Product
ACB-C014247,1,Stable Core Customer
ACB-C014248,0,Premium / Multi-Product
ACB-C014249,0,Premium / Multi-Product
ACB-C014250,0,Premium / Multi-Product
ACB-C014251,0,Premium / Multi-Product
ACB-C014252,1,Stable Core Customer
ACB-C014253,1,Stable Core Customer
ACB-C014254,0,Premium / Multi-Product
ACB-C014255,3,High Risk / Low Engagement
ACB-C014256,2,Developing / Building Credit
ACB-C014257,3,High Risk / Low Engagement
ACB-C014258,3,High Risk / Low Engagement
ACB-C014259,0,Premium / Multi-Product
ACB-C014260,0,Premium / Multi-Product
ACB-C014261,0,Premium / Multi-Product
ACB-C014262,1,Stable Core Customer
ACB-C014263,3,High Risk / Low Engagement
ACB-C014264,1,Stable Core Customer
ACB-C014265,0,Premium / Multi-Product
ACB-C014266,1,Stable Core Customer
ACB-C014267,3,High Risk / Low Engagement
ACB-C014268,1,Stable Core Customer
ACB-C014269,0,Premium / Multi-Product
ACB-C014270,0,Premium / Multi-Product
ACB-C014271,0,Premium / Multi-Product
ACB-C014272,3,High Risk / Low Engagement
ACB-C014273,3,High Risk / Low Engagement
ACB-C014274,0,Premium / Multi-Product
ACB-C014275,0,Premium / Multi-Product
ACB-C014276,0,Premium / Multi-Product
ACB-C014277,0,Premium / Multi-Product
ACB-C014278,1,Stable Core Customer
ACB-C014279,1,Stable Core Customer
ACB-C014280,3,High Risk / Low Engagement
ACB-C014281,0,Premium / Multi-Product
ACB-C014282,0,Premium / Multi-Product
ACB-C014283,1,Stable Core Customer
ACB-C014284,0,Premium / Multi-Product
ACB-C014285,1,Stable Core Customer
ACB-C014286,3,High Risk / Low Engagement
ACB-C014287,3,High Risk / Low Engagement
ACB-C014288,1,Stable Core Customer
ACB-C014289,3,High Risk / Low Engagement
ACB-C014290,1,Stable Core Customer
ACB-C014291,0,Premium / Multi-Product
ACB-C014292,0,Premium / Multi-Product
ACB-C014293,3,High Risk / Low Engagement
ACB-C014294,2,Developing / Building Credit
ACB-C014295,0,Premium / Multi-Product
ACB-C014296,0,Premium / Multi-Product
ACB-C014297,1,Stable Core Customer
ACB-C014298,1,Stable Core Customer
ACB-C014299,1,Stable Core Customer
ACB-C014300,0,Premium / Multi-Product
ACB-C014301,0,Premium / Multi-Product
ACB-C014302,0,Premium / Multi-Product
ACB-C014303,1,Stable Core Customer
ACB-C014304,1,Stable Core Customer
ACB-C014305,1,Stable Core Customer
ACB-C014306,1,Stable Core Customer
ACB-C014307,1,Stable Core Customer
ACB-C014308,0,Premium / Multi-Product
ACB-C014309,0,Premium / Multi-Product
ACB-C014310,3,High Risk / Low Engagement
ACB-C014311,0,Premium / Multi-Product
ACB-C014312,0,Premium / Multi-Product
ACB-C014313,0,Premium / Multi-Product
ACB-C014314,0,Premium / Multi-Product
ACB-C014315,0,Premium / Multi-Product
ACB-C014316,1,Stable Core Customer
ACB-C014317,0,Premium / Multi-Product
ACB-C014318,3,High Risk / Low Engagement
ACB-C014319,1,Stable Core Customer
ACB-C014320,3,High Risk / Low Engagement
ACB-C014321,1,Stable Core Customer
ACB-C014322,0,Premium / Multi-Product
ACB-C014323,3,High Risk / Low Engagement
ACB-C014324,2,Developing / Building Credit
ACB-C014325,0,Premium / Multi-Product
ACB-C014326,3,High Risk / Low Engagement
ACB-C014327,0,Premium / Multi-Product
ACB-C014328,1,Stable Core Customer
ACB-C014329,1,Stable Core Customer
ACB-C014330,1,Stable Core Customer
ACB-C014331,1,Stable Core Customer
ACB-C014332,0,Premium / Multi-Product
ACB-C014333,3,High Risk / Low Engagement
ACB-C014334,0,Premium / Multi-Product
ACB-C014335,1,Stable Core Customer
ACB-C014336,0,Premium / Multi-Product
ACB-C014337,0,Premium / Multi-Product
ACB-C014338,1,Stable Core Customer
ACB-C014339,2,Developing / Building Credit
ACB-C014340,1,Stable Core Customer
ACB-C014341,0,Premium / Multi-Product
ACB-C014342,1,Stable Core Customer
ACB-C014343,3,High Risk / Low Engagement
ACB-C014344,3,High Risk / Low Engagement
ACB-C014345,1,Stable Core Customer
ACB-C014346,3,High Risk / Low Engagement
ACB-C014347,1,Stable Core Customer
ACB-C014348,0,Premium / Multi-Product
ACB-C014349,0,Premium / Multi-Product
ACB-C014350,0,Premium / Multi-Product
ACB-C014351,0,Premium / Multi-Product
ACB-C014352,0,Premium / Multi-Product
ACB-C014353,3,High Risk / Low Engagement
ACB-C014354,1,Stable Core Customer
ACB-C014355,3,High Risk / Low Engagement
ACB-C014356,0,Premium / Multi-Product
ACB-C014357,3,High Risk / Low Engagement
ACB-C014358,0,Premium / Multi-Product
ACB-C014359,0,Premium / Multi-Product
ACB-C014360,3,High Risk / Low Engagement
ACB-C014361,3,High Risk / Low Engagement
ACB-C014362,1,Stable Core Customer
ACB-C014363,0,Premium / Multi-Product
ACB-C014364,0,Premium / Multi-Product
ACB-C014365,3,High Risk / Low Engagement
ACB-C014366,3,High Risk / Low Engagement
ACB-C014367,0,Premium / Multi-Product
ACB-C014368,3,High Risk / Low Engagement
ACB-C014369,1,Stable Core Customer
ACB-C014370,0,Premium / Multi-Product
ACB-C014371,3,High Risk / Low Engagement
ACB-C014372,1,Stable Core Customer
ACB-C014373,3,High Risk / Low Engagement
ACB-C014374,1,Stable Core Customer
ACB-C014375,0,Premium / Multi-Product
ACB-C014376,0,Premium / Multi-Product
ACB-C014377,0,Premium / Multi-Product
ACB-C014378,0,Premium / Multi-Product
ACB-C014379,1,Stable Core Customer
ACB-C014380,0,Premium / Multi-Product
ACB-C014381,1,Stable Core Customer
ACB-C014382,0,Premium / Multi-Product
ACB-C014383,2,Developing / Building Credit
ACB-C014384,1,Stable Core Customer
ACB-C014385,0,Premium / Multi-Product
ACB-C014386,0,Premium / Multi-Product
ACB-C014387,1,Stable Core Customer
ACB-C014388,1,Stable Core Customer
ACB-C014389,1,Stable Core Customer
ACB-C014390,0,Premium / Multi-Product
ACB-C014391,0,Premium / Multi-Product
ACB-C014392,0,Premium / Multi-Product
ACB-C014393,1,Stable Core Customer
ACB-C014394,3,High Risk / Low Engagement
ACB-C014395,0,Premium / Multi-Product
ACB-C014396,3,High Risk / Low Engagement
ACB-C014397,3,High Risk / Low Engagement
ACB-C014398,1,Stable Core Customer
ACB-C014399,3,High Risk / Low Engagement
ACB-C014400,3,High Risk / Low Engagement
ACB-C014401,1,Stable Core Customer
ACB-C014402,1,Stable Core Customer
ACB-C014403,2,Developing / Building Credit
ACB-C014404,1,Stable Core Customer
ACB-C014405,3,High Risk / Low Engagement
ACB-C014406,0,Premium / Multi-Product
ACB-C014407,1,Stable Core Customer
ACB-C014408,2,Developing / Building Credit
ACB-C014409,0,Premium / Multi-Product
ACB-C014410,3,High Risk / Low Engagement
ACB-C014411,1,Stable Core Customer
ACB-C014412,0,Premium / Multi-Product
ACB-C014413,3,High Risk / Low Engagement
ACB-C014414,3,High Risk / Low Engagement
ACB-C014415,1,Stable Core Customer
ACB-C014416,0,Premium / Multi-Product
ACB-C014417,3,High Risk / Low Engagement
ACB-C014418,2,Developing / Building Credit
ACB-C014419,3,High Risk / Low Engagement
ACB-C014420,3,High Risk / Low Engagement
ACB-C014421,0,Premium / Multi-Product
ACB-C014422,1,Stable Core Customer
ACB-C014423,0,Premium / Multi-Product
ACB-C014424,0,Premium / Multi-Product
ACB-C014425,0,Premium / Multi-Product
ACB-C014426,0,Premium / Multi-Product
ACB-C014427,1,Stable Core Customer
ACB-C014428,0,Premium / Multi-Product
ACB-C014429,1,Stable Core Customer
ACB-C014430,0,Premium / Multi-Product
ACB-C014431,0,Premium / Multi-Product
ACB-C014432,0,Premium / Multi-Product
ACB-C014433,0,Premium / Multi-Product
ACB-C014434,3,High Risk / Low Engagement
ACB-C014435,0,Premium / Multi-Product
ACB-C014436,3,High Risk / Low Engagement
ACB-C014437,1,Stable Core Customer
ACB-C014438,0,Premium / Multi-Product
ACB-C014439,2,Developing / Building Credit
ACB-C014440,3,High Risk / Low Engagement
ACB-C014441,0,Premium / Multi-Product
ACB-C014442,0,Premium / Multi-Product
ACB-C014443,0,Premium / Multi-Product
ACB-C014444,0,Premium / Multi-Product
ACB-C014445,0,Premium / Multi-Product
ACB-C014446,0,Premium / Multi-Product
ACB-C014447,0,Premium / Multi-Product
ACB-C014448,0,Premium / Multi-Product
ACB-C014449,3,High Risk / Low Engagement
ACB-C014450,0,Premium / Multi-Product
ACB-C014451,1,Stable Core Customer
ACB-C014452,1,Stable Core Customer
ACB-C014453,1,Stable Core Customer
ACB-C014454,0,Premium / Multi-Product
ACB-C014455,1,Stable Core Customer
ACB-C014456,3,High Risk / Low Engagement
ACB-C014457,1,Stable Core Customer
ACB-C014458,1,Stable Core Customer
ACB-C014459,0,Premium / Multi-Product
ACB-C014460,3,High Risk / Low Engagement
ACB-C014461,0,Premium / Multi-Product
ACB-C014462,0,Premium / Multi-Product
ACB-C014463,1,Stable Core Customer
ACB-C014464,1,Stable Core Customer
ACB-C014465,1,Stable Core Customer
ACB-C014466,3,High Risk / Low Engagement
ACB-C014467,3,High Risk / Low Engagement
ACB-C014468,3,High Risk / Low Engagement
ACB-C014469,1,Stable Core Customer
ACB-C014470,0,Premium / Multi-Product
ACB-C014471,0,Premium / Multi-Product
ACB-C014472,0,Premium / Multi-Product
ACB-C014473,1,Stable Core Customer
ACB-C014474,0,Premium / Multi-Product
ACB-C014475,3,High Risk / Low Engagement
ACB-C014476,3,High Risk / Low Engagement
ACB-C014477,0,Premium / Multi-Product
ACB-C014478,0,Premium / Multi-Product
ACB-C014479,0,Premium / Multi-Product
ACB-C014480,3,High Risk / Low Engagement
ACB-C014481,0,Premium / Multi-Product
ACB-C014482,3,High Risk / Low Engagement
ACB-C014483,0,Premium / Multi-Product
ACB-C014484,1,Stable Core Customer
ACB-C014485,1,Stable Core Customer
ACB-C014486,0,Premium / Multi-Product
ACB-C014487,1,Stable Core Customer
ACB-C014488,3,High Risk / Low Engagement
ACB-C014489,3,High Risk / Low Engagement
ACB-C014490,1,Stable Core Customer
ACB-C014491,1,Stable Core Customer
ACB-C014492,1,Stable Core Customer
ACB-C014493,0,Premium / Multi-Product
ACB-C014494,1,Stable Core Customer
ACB-C014495,0,Premium / Multi-Product
ACB-C014496,3,High Risk / Low Engagement
ACB-C014497,0,Premium / Multi-Product
ACB-C014498,3,High Risk / Low Engagement
ACB-C014499,0,Premium / Multi-Product
ACB-C014500,0,Premium / Multi-Product
ACB-C014501,3,High Risk / Low Engagement
ACB-C014502,0,Premium / Multi-Product
ACB-C014503,3,High Risk / Low Engagement
ACB-C014504,3,High Risk / Low Engagement
ACB-C014505,3,High Risk / Low Engagement
ACB-C014506,0,Premium / Multi-Product
ACB-C014507,0,Premium / Multi-Product
ACB-C014508,0,Premium / Multi-Product
ACB-C014509,2,Developing / Building Credit
ACB-C014510,1,Stable Core Customer
ACB-C014511,3,High Risk / Low Engagement
ACB-C014512,1,Stable Core Customer
ACB-C014513,0,Premium / Multi-Product
ACB-C014514,2,Developing / Building Credit
ACB-C014515,0,Premium / Multi-Product
ACB-C014516,0,Premium / Multi-Product
ACB-C014517,0,Premium / Multi-Product
ACB-C014518,1,Stable Core Customer
ACB-C014519,0,Premium / Multi-Product
ACB-C014520,1,Stable Core Customer
ACB-C014521,0,Premium / Multi-Product
ACB-C014522,0,Premium / Multi-Product
ACB-C014523,0,Premium / Multi-Product
ACB-C014524,3,High Risk / Low Engagement
ACB-C014525,1,Stable Core Customer
ACB-C014526,1,Stable Core Customer
ACB-C014527,2,Developing / Building Credit
ACB-C014528,0,Premium / Multi-Product
ACB-C014529,0,Premium / Multi-Product
ACB-C014530,0,Premium / Multi-Product
ACB-C014531,3,High Risk / Low Engagement
ACB-C014532,0,Premium / Multi-Product
ACB-C014533,0,Premium / Multi-Product
ACB-C014534,0,Premium / Multi-Product
ACB-C014535,3,High Risk / Low Engagement
ACB-C014536,3,High Risk / Low Engagement
ACB-C014537,1,Stable Core Customer
ACB-C014538,1,Stable Core Customer
ACB-C014539,0,Premium / Multi-Product
ACB-C014540,0,Premium / Multi-Product
ACB-C014541,0,Premium / Multi-Product
ACB-C014542,0,Premium / Multi-Product
ACB-C014543,3,High Risk / Low Engagement
ACB-C014544,0,Premium / Multi-Product
ACB-C014545,0,Premium / Multi-Product
ACB-C014546,3,High Risk / Low Engagement
ACB-C014547,0,Premium / Multi-Product
ACB-C014548,0,Premium / Multi-Product
ACB-C014549,0,Premium / Multi-Product
ACB-C014550,0,Premium / Multi-Product
ACB-C014551,0,Premium / Multi-Product
ACB-C014552,3,High Risk / Low Engagement
ACB-C014553,0,Premium / Multi-Product
ACB-C014554,2,Developing / Building Credit
ACB-C014555,0,Premium / Multi-Product
ACB-C014556,0,Premium / Multi-Product
ACB-C014557,3,High Risk / Low Engagement
ACB-C014558,0,Premium / Multi-Product
ACB-C014559,0,Premium / Multi-Product
ACB-C014560,0,Premium / Multi-Product
ACB-C014561,3,High Risk / Low Engagement
ACB-C014562,3,High Risk / Low Engagement
ACB-C014563,0,Premium / Multi-Product
ACB-C014564,3,High Risk / Low Engagement
ACB-C014565,1,Stable Core Customer
ACB-C014566,0,Premium / Multi-Product
ACB-C014567,1,Stable Core Customer
ACB-C014568,1,Stable Core Customer
ACB-C014569,3,High Risk / Low Engagement
ACB-C014570,0,Premium / Multi-Product
ACB-C014571,3,High Risk / Low Engagement
ACB-C014572,0,Premium / Multi-Product
ACB-C014573,0,Premium / Multi-Product
ACB-C014574,1,Stable Core Customer
ACB-C014575,0,Premium / Multi-Product
ACB-C014576,0,Premium / Multi-Product
ACB-C014577,2,Developing / Building Credit
ACB-C014578,0,Premium / Multi-Product
ACB-C014579,3,High Risk / Low Engagement
ACB-C014580,0,Premium / Multi-Product
ACB-C014581,2,Developing / Building Credit
ACB-C014582,3,High Risk / Low Engagement
ACB-C014583,0,Premium / Multi-Product
ACB-C014584,0,Premium / Multi-Product
ACB-C014585,0,Premium / Multi-Product
ACB-C014586,1,Stable Core Customer
ACB-C014587,3,High Risk / Low Engagement
ACB-C014588,0,Premium / Multi-Product
ACB-C014589,0,Premium / Multi-Product
ACB-C014590,1,Stable Core Customer
ACB-C014591,0,Premium / Multi-Product
ACB-C014592,0,Premium / Multi-Product
ACB-C014593,0,Premium / Multi-Product
ACB-C014594,0,Premium / Multi-Product
ACB-C014595,2,Developing / Building Credit
ACB-C014596,0,Premium / Multi-Product
ACB-C014597,0,Premium / Multi-Product
ACB-C014598,1,Stable Core Customer
ACB-C014599,1,Stable Core Customer
ACB-C014600,1,Stable Core Customer
ACB-C014601,3,High Risk / Low Engagement
ACB-C014602,0,Premium / Multi-Product
ACB-C014603,0,Premium / Multi-Product
ACB-C014604,0,Premium / Multi-Product
ACB-C014605,2,Developing / Building Credit
ACB-C014606,0,Premium / Multi-Product
ACB-C014607,1,Stable Core Customer
ACB-C014608,1,Stable Core Customer
ACB-C014609,3,High Risk / Low Engagement
ACB-C014610,3,High Risk / Low Engagement
ACB-C014611,1,Stable Core Customer
ACB-C014612,3,High Risk / Low Engagement
ACB-C014613,0,Premium / Multi-Product
ACB-C014614,1,Stable Core Customer
ACB-C014615,1,Stable Core Customer
ACB-C014616,1,Stable Core Customer
ACB-C014617,1,Stable Core Customer
ACB-C014618,0,Premium / Multi-Product
ACB-C014619,0,Premium / Multi-Product
ACB-C014620,0,Premium / Multi-Product
ACB-C014621,1,Stable Core Customer
ACB-C014622,0,Premium / Multi-Product
ACB-C014623,0,Premium / Multi-Product
ACB-C014624,0,Premium / Multi-Product
ACB-C014625,3,High Risk / Low Engagement
ACB-C014626,0,Premium / Multi-Product
ACB-C014627,0,Premium / Multi-Product
ACB-C014628,1,Stable Core Customer
ACB-C014629,0,Premium / Multi-Product
ACB-C014630,0,Premium / Multi-Product
ACB-C014631,3,High Risk / Low Engagement
ACB-C014632,3,High Risk / Low Engagement
ACB-C014633,1,Stable Core Customer
ACB-C014634,0,Premium / Multi-Product
ACB-C014635,0,Premium / Multi-Product
ACB-C014636,2,Developing / Building Credit
ACB-C014637,3,High Risk / Low Engagement
ACB-C014638,0,Premium / Multi-Product
ACB-C014639,3,High Risk / Low Engagement
ACB-C014640,3,High Risk / Low Engagement
ACB-C014641,0,Premium / Multi-Product
ACB-C014642,1,Stable Core Customer
ACB-C014643,3,High Risk / Low Engagement
ACB-C014644,3,High Risk / Low Engagement
ACB-C014645,0,Premium / Multi-Product
ACB-C014646,3,High Risk / Low Engagement
ACB-C014647,1,Stable Core Customer
ACB-C014648,0,Premium / Multi-Product
ACB-C014649,3,High Risk / Low Engagement
ACB-C014650,0,Premium / Multi-Product
ACB-C014651,3,High Risk / Low Engagement
ACB-C014652,3,High Risk / Low Engagement
ACB-C014653,1,Stable Core Customer
ACB-C014654,0,Premium / Multi-Product
ACB-C014655,0,Premium / Multi-Product
ACB-C014656,3,High Risk / Low Engagement
ACB-C014657,1,Stable Core Customer
ACB-C014658,1,Stable Core Customer
ACB-C014659,1,Stable Core Customer
ACB-C014660,1,Stable Core Customer
ACB-C014661,0,Premium / Multi-Product
ACB-C014662,0,Premium / Multi-Product
ACB-C014663,2,Developing / Building Credit
ACB-C014664,0,Premium / Multi-Product
ACB-C014665,3,High Risk / Low Engagement
ACB-C014666,1,Stable Core Customer
ACB-C014667,0,Premium / Multi-Product
ACB-C014668,2,Developing / Building Credit
ACB-C014669,3,High Risk / Low Engagement
ACB-C014670,3,High Risk / Low Engagement
ACB-C014671,0,Premium / Multi-Product
ACB-C014672,0,Premium / Multi-Product
ACB-C014673,0,Premium / Multi-Product
ACB-C014674,3,High Risk / Low Engagement
ACB-C014675,0,Premium / Multi-Product
ACB-C014676,3,High Risk / Low Engagement
ACB-C014677,0,Premium / Multi-Product
ACB-C014678,0,Premium / Multi-Product
ACB-C014679,1,Stable Core Customer
ACB-C014680,3,High Risk / Low Engagement
ACB-C014681,1,Stable Core Customer
ACB-C014682,1,Stable Core Customer
ACB-C014683,3,High Risk / Low Engagement
ACB-C014684,0,Premium / Multi-Product
ACB-C014685,1,Stable Core Customer
ACB-C014686,1,Stable Core Customer
ACB-C014687,0,Premium / Multi-Product
ACB-C014688,2,Developing / Building Credit
ACB-C014689,0,Premium / Multi-Product
ACB-C014690,0,Premium / Multi-Product
ACB-C014691,1,Stable Core Customer
ACB-C014692,3,High Risk / Low Engagement
ACB-C014693,3,High Risk / Low Engagement
ACB-C014694,3,High Risk / Low Engagement
ACB-C014695,3,High Risk / Low Engagement
ACB-C014696,3,High Risk / Low Engagement
ACB-C014697,1,Stable Core Customer
ACB-C014698,3,High Risk / Low Engagement
ACB-C014699,3,High Risk / Low Engagement
ACB-C014700,3,High Risk / Low Engagement
ACB-C014701,3,High Risk / Low Engagement
ACB-C014702,3,High Risk / Low Engagement
ACB-C014703,3,High Risk / Low Engagement
ACB-C014704,0,Premium / Multi-Product
ACB-C014705,0,Premium / Multi-Product
ACB-C014706,3,High Risk / Low Engagement
ACB-C014707,1,Stable Core Customer
ACB-C014708,1,Stable Core Customer
ACB-C014709,2,Developing / Building Credit
ACB-C014710,0,Premium / Multi-Product
ACB-C014711,0,Premium / Multi-Product
ACB-C014712,0,Premium / Multi-Product
ACB-C014713,1,Stable Core Customer
ACB-C014714,0,Premium / Multi-Product
ACB-C014715,2,Developing / Building Credit
ACB-C014716,3,High Risk / Low Engagement
ACB-C014717,0,Premium / Multi-Product
ACB-C014718,0,Premium / Multi-Product
ACB-C014719,3,High Risk / Low Engagement
ACB-C014720,1,Stable Core Customer
ACB-C014721,3,High Risk / Low Engagement
ACB-C014722,0,Premium / Multi-Product
ACB-C014723,0,Premium / Multi-Product
ACB-C014724,0,Premium / Multi-Product
ACB-C014725,3,High Risk / Low Engagement
ACB-C014726,1,Stable Core Customer
ACB-C014727,1,Stable Core Customer
ACB-C014728,0,Premium / Multi-Product
ACB-C014729,0,Premium / Multi-Product
ACB-C014730,0,Premium / Multi-Product
ACB-C014731,1,Stable Core Customer
ACB-C014732,1,Stable Core Customer
ACB-C014733,1,Stable Core Customer
ACB-C014734,3,High Risk / Low Engagement
ACB-C014735,1,Stable Core Customer
ACB-C014736,1,Stable Core Customer
ACB-C014737,1,Stable Core Customer
ACB-C014738,0,Premium / Multi-Product
ACB-C014739,1,Stable Core Customer
ACB-C014740,3,High Risk / Low Engagement
ACB-C014741,3,High Risk / Low Engagement
ACB-C014742,0,Premium / Multi-Product
ACB-C014743,3,High Risk / Low Engagement
ACB-C014744,0,Premium / Multi-Product
ACB-C014745,0,Premium / Multi-Product
ACB-C014746,1,Stable Core Customer
ACB-C014747,0,Premium / Multi-Product
ACB-C014748,0,Premium / Multi-Product
ACB-C014749,1,Stable Core Customer
ACB-C014750,0,Premium / Multi-Product
ACB-C014751,2,Developing / Building Credit
ACB-C014752,1,Stable Core Customer
ACB-C014753,2,Developing / Building Credit
ACB-C014754,0,Premium / Multi-Product
ACB-C014755,0,Premium / Multi-Product
ACB-C014756,0,Premium / Multi-Product
ACB-C014757,0,Premium / Multi-Product
ACB-C014758,3,High Risk / Low Engagement
ACB-C014759,1,Stable Core Customer
ACB-C014760,0,Premium / Multi-Product
ACB-C014761,0,Premium / Multi-Product
ACB-C014762,1,Stable Core Customer
ACB-C014763,3,High Risk / Low Engagement
ACB-C014764,0,Premium / Multi-Product
ACB-C014765,3,High Risk / Low Engagement
ACB-C014766,1,Stable Core Customer
ACB-C014767,0,Premium / Multi-Product
ACB-C014768,3,High Risk / Low Engagement
ACB-C014769,0,Premium / Multi-Product
ACB-C014770,0,Premium / Multi-Product
ACB-C014771,0,Premium / Multi-Product
ACB-C014772,0,Premium / Multi-Product
ACB-C014773,3,High Risk / Low Engagement
ACB-C014774,1,Stable Core Customer
ACB-C014775,1,Stable Core Customer
ACB-C014776,2,Developing / Building Credit
ACB-C014777,0,Premium / Multi-Product
ACB-C014778,1,Stable Core Customer
ACB-C014779,3,High Risk / Low Engagement
ACB-C014780,1,Stable Core Customer
ACB-C014781,3,High Risk / Low Engagement
ACB-C014782,2,Developing / Building Credit
ACB-C014783,0,Premium / Multi-Product
ACB-C014784,3,High Risk / Low Engagement
ACB-C014785,0,Premium / Multi-Product
ACB-C014786,3,High Risk / Low Engagement
ACB-C014787,0,Premium / Multi-Product
ACB-C014788,0,Premium / Multi-Product
ACB-C014789,0,Premium / Multi-Product
ACB-C014790,0,Premium / Multi-Product
ACB-C014791,2,Developing / Building Credit
ACB-C014792,3,High Risk / Low Engagement
ACB-C014793,3,High Risk / Low Engagement
ACB-C014794,3,High Risk / Low Engagement
ACB-C014795,0,Premium / Multi-Product
ACB-C014796,1,Stable Core Customer
ACB-C014797,1,Stable Core Customer
ACB-C014798,1,Stable Core Customer
ACB-C014799,0,Premium / Multi-Product
ACB-C014800,0,Premium / Multi-Product
ACB-C014801,3,High Risk / Low Engagement
ACB-C014802,3,High Risk / Low Engagement
ACB-C014803,3,High Risk / Low Engagement
ACB-C014804,1,Stable Core Customer
ACB-C014805,1,Stable Core Customer
ACB-C014806,3,High Risk / Low Engagement
ACB-C014807,3,High Risk / Low Engagement
ACB-C014808,0,Premium / Multi-Product
ACB-C014809,2,Developing / Building Credit
ACB-C014810,3,High Risk / Low Engagement
ACB-C014811,3,High Risk / Low Engagement
ACB-C014812,1,Stable Core Customer
ACB-C014813,0,Premium / Multi-Product
ACB-C014814,1,Stable Core Customer
ACB-C014815,1,Stable Core Customer
ACB-C014816,1,Stable Core Customer
ACB-C014817,0,Premium / Multi-Product
ACB-C014818,0,Premium / Multi-Product
ACB-C014819,0,Premium / Multi-Product
ACB-C014820,0,Premium / Multi-Product
ACB-C014821,0,Premium / Multi-Product
ACB-C014822,0,Premium / Multi-Product
ACB-C014823,0,Premium / Multi-Product
ACB-C014824,1,Stable Core Customer
ACB-C014825,1,Stable Core Customer
ACB-C014826,1,Stable Core Customer
ACB-C014827,3,High Risk / Low Engagement
ACB-C014828,0,Premium / Multi-Product
ACB-C014829,3,High Risk / Low Engagement
ACB-C014830,0,Premium / Multi-Product
ACB-C014831,0,Premium / Multi-Product
ACB-C014832,2,Developing / Building Credit
ACB-C014833,0,Premium / Multi-Product
ACB-C014834,0,Premium / Multi-Product
ACB-C014835,3,High Risk / Low Engagement
ACB-C014836,1,Stable Core Customer
ACB-C014837,0,Premium / Multi-Product
ACB-C014838,0,Premium / Multi-Product
ACB-C014839,0,Premium / Multi-Product
ACB-C014840,3,High Risk / Low Engagement
ACB-C014841,0,Premium / Multi-Product
ACB-C014842,0,Premium / Multi-Product
ACB-C014843,1,Stable Core Customer
ACB-C014844,1,Stable Core Customer
ACB-C014845,0,Premium / Multi-Product
ACB-C014846,3,High Risk / Low Engagement
ACB-C014847,0,Premium / Multi-Product
ACB-C014848,3,High Risk / Low Engagement
ACB-C014849,3,High Risk / Low Engagement
ACB-C014850,1,Stable Core Customer
ACB-C014851,3,High Risk / Low Engagement
ACB-C014852,0,Premium / Multi-Product
ACB-C014853,3,High Risk / Low Engagement
ACB-C014854,1,Stable Core Customer
ACB-C014855,0,Premium / Multi-Product
ACB-C014856,3,High Risk / Low Engagement
ACB-C014857,0,Premium / Multi-Product
ACB-C014858,3,High Risk / Low Engagement
ACB-C014859,0,Premium / Multi-Product
ACB-C014860,3,High Risk / Low Engagement
ACB-C014861,1,Stable Core Customer
ACB-C014862,3,High Risk / Low Engagement
ACB-C014863,0,Premium / Multi-Product
ACB-C014864,0,Premium / Multi-Product
ACB-C014865,3,High Risk / Low Engagement
ACB-C014866,3,High Risk / Low Engagement
ACB-C014867,0,Premium / Multi-Product
ACB-C014868,0,Premium / Multi-Product
ACB-C014869,0,Premium / Multi-Product
ACB-C014870,0,Premium / Multi-Product
ACB-C014871,3,High Risk / Low Engagement
ACB-C014872,1,Stable Core Customer
ACB-C014873,1,Stable Core Customer
ACB-C014874,1,Stable Core Customer
ACB-C014875,0,Premium / Multi-Product
ACB-C014876,2,Developing / Building Credit
ACB-C014877,3,High Risk / Low Engagement
ACB-C014878,1,Stable Core Customer
ACB-C014879,0,Premium / Multi-Product
ACB-C014880,0,Premium / Multi-Product
ACB-C014881,1,Stable Core Customer
ACB-C014882,2,Developing / Building Credit
ACB-C014883,3,High Risk / Low Engagement
ACB-C014884,2,Developing / Building Credit
ACB-C014885,0,Premium / Multi-Product
ACB-C014886,3,High Risk / Low Engagement
ACB-C014887,0,Premium / Multi-Product
ACB-C014888,3,High Risk / Low Engagement
ACB-C014889,0,Premium / Multi-Product
ACB-C014890,0,Premium / Multi-Product
ACB-C014891,0,Premium / Multi-Product
ACB-C014892,0,Premium / Multi-Product
ACB-C014893,3,High Risk / Low Engagement
ACB-C014894,3,High Risk / Low Engagement
ACB-C014895,1,Stable Core Customer
ACB-C014896,1,Stable Core Customer
ACB-C014897,0,Premium / Multi-Product
ACB-C014898,3,High Risk / Low Engagement
ACB-C014899,3,High Risk / Low Engagement
ACB-C014900,3,High Risk / Low Engagement
ACB-C014901,1,Stable Core Customer
ACB-C014902,0,Premium / Multi-Product
ACB-C014903,1,Stable Core Customer
ACB-C014904,1,Stable Core Customer
ACB-C014905,0,Premium / Multi-Product
ACB-C014906,1,Stable Core Customer
ACB-C014907,0,Premium / Multi-Product
ACB-C014908,0,Premium / Multi-Product
ACB-C014909,0,Premium / Multi-Product
ACB-C014910,1,Stable Core Customer
ACB-C014911,0,Premium / Multi-Product
ACB-C014912,0,Premium / Multi-Product
ACB-C014913,3,High Risk / Low Engagement
ACB-C014914,0,Premium / Multi-Product
ACB-C014915,3,High Risk / Low Engagement
ACB-C014916,0,Premium / Multi-Product
ACB-C014917,0,Premium / Multi-Product
ACB-C014918,0,Premium / Multi-Product
ACB-C014919,3,High Risk / Low Engagement
ACB-C014920,0,Premium / Multi-Product
ACB-C014921,0,Premium / Multi-Product
ACB-C014922,3,High Risk / Low Engagement
ACB-C014923,0,Premium / Multi-Product
ACB-C014924,0,Premium / Multi-Product
ACB-C014925,3,High Risk / Low Engagement
ACB-C014926,1,Stable Core Customer
ACB-C014927,0,Premium / Multi-Product
ACB-C014928,3,High Risk / Low Engagement
ACB-C014929,1,Stable Core Customer
ACB-C014930,2,Developing / Building Credit
ACB-C014931,1,Stable Core Customer
ACB-C014932,2,Developing / Building Credit
ACB-C014933,0,Premium / Multi-Product
ACB-C014934,3,High Risk / Low Engagement
ACB-C014935,1,Stable Core Customer
ACB-C014936,1,Stable Core Customer
ACB-C014937,0,Premium / Multi-Product
ACB-C014938,0,Premium / Multi-Product
ACB-C014939,1,Stable Core Customer
ACB-C014940,0,Premium / Multi-Product
ACB-C014941,3,High Risk / Low Engagement
ACB-C014942,3,High Risk / Low Engagement
ACB-C014943,0,Premium / Multi-Product
ACB-C014944,1,Stable Core Customer
ACB-C014945,3,High Risk / Low Engagement
ACB-C014946,1,Stable Core Customer
ACB-C014947,0,Premium / Multi-Product
ACB-C014948,3,High Risk / Low Engagement
ACB-C014949,1,Stable Core Customer
ACB-C014950,3,High Risk / Low Engagement
ACB-C014951,3,High Risk / Low Engagement
ACB-C014952,1,Stable Core Customer
ACB-C014953,0,Premium / Multi-Product
ACB-C014954,0,Premium / Multi-Product
ACB-C014955,3,High Risk / Low Engagement
ACB-C014956,1,Stable Core Customer
ACB-C014957,0,Premium / Multi-Product
ACB-C014958,0,Premium / Multi-Product
ACB-C014959,1,Stable Core Customer
ACB-C014960,3,High Risk / Low Engagement
ACB-C014961,0,Premium / Multi-Product
ACB-C014962,1,Stable Core Customer
ACB-C014963,1,Stable Core Customer
ACB-C014964,1,Stable Core Customer
ACB-C014965,1,Stable Core Customer
ACB-C014966,1,Stable Core Customer
ACB-C014967,0,Premium / Multi-Product
ACB-C014968,0,Premium / Multi-Product
ACB-C014969,1,Stable Core Customer
ACB-C014970,0,Premium / Multi-Product
ACB-C014971,3,High Risk / Low Engagement
ACB-C014972,3,High Risk / Low Engagement
ACB-C014973,0,Premium / Multi-Product
ACB-C014974,2,Developing / Building Credit
ACB-C014975,0,Premium / Multi-Product
ACB-C014976,0,Premium / Multi-Product
ACB-C014977,1,Stable Core Customer
ACB-C014978,0,Premium / Multi-Product
ACB-C014979,1,Stable Core Customer
ACB-C014980,0,Premium / Multi-Product
ACB-C014981,3,High Risk / Low Engagement
ACB-C014982,0,Premium / Multi-Product
ACB-C014983,0,Premium / Multi-Product
ACB-C014984,3,High Risk / Low Engagement
ACB-C014985,0,Premium / Multi-Product
ACB-C014986,3,High Risk / Low Engagement
ACB-C014987,3,High Risk / Low Engagement
ACB-C014988,3,High Risk / Low Engagement
ACB-C014989,0,Premium / Multi-Product
ACB-C014990,3,High Risk / Low Engagement
ACB-C014991,1,Stable Core Customer
ACB-C014992,3,High Risk / Low Engagement
ACB-C014993,3,High Risk / Low Engagement
ACB-C014994,1,Stable Core Customer
ACB-C014995,3,High Risk / Low Engagement
ACB-C014996,0,Premium / Multi-Product
ACB-C014997,0,Premium / Multi-Product
ACB-C014998,0,Premium / Multi-Product
ACB-C014999,0,Premium / Multi-Product
ACB-C015000,3,High Risk / Low Engagement
